game_id,game_date,season,week,data_split,home_team,away_team,HOME_WIN,HOME_ELO_PRE,AWAY_ELO_PRE,ELO_DIFF,HOME_WIN_PCT_PRE,AWAY_WIN_PCT_PRE,WIN_PCT_DIFF,HOME_FORM_3,AWAY_FORM_3,FORM_3_DIFF,HOME_FORM_5,AWAY_FORM_5,FORM_DIFF,HOME_FORM_10,AWAY_FORM_10,FORM_10_DIFF,HOME_POINT_GOAL_DIFF_PRE,AWAY_POINT_GOAL_DIFF_PRE,POINT_GOAL_DIFF,HOME_OFFENSE_PRE,AWAY_OFFENSE_PRE,OFFENSE_DIFF,HOME_DEFENSE_ALLOWED_PRE,AWAY_DEFENSE_ALLOWED_PRE,DEFENSE_DIFF,HOME_REST_DAYS,AWAY_REST_DAYS,REST_DIFF,HOME_OPPONENT_ELO_PRE,AWAY_OPPONENT_ELO_PRE,HOME_SCHEDULE_STRENGTH_LAST5,AWAY_SCHEDULE_STRENGTH_LAST5,SCHEDULE_STRENGTH_DIFF,HOME_ADVANTAGE
2021_02_NYG_WAS,2021-09-16,2021,2,TRAIN,WAS,NYG,1,1490.0,1490.0,0.0,0.0,0.0,0.0,0.0,0.0,0.0,0.0,0.0,0.0,0.0,0.0,0.0,-4.0,-14.0,10.0,16.0,13.0,3.0,20.0,27.0,7.0,4.0,4.0,0.0,1490.0,1490.0,1500.0,1500.0,0.0,1
2021_02_ATL_TB,2021-09-19,2021,2,TRAIN,TB,ATL,1,1510.0,1490.0,20.0,1.0,0.0,1.0,1.0,0.0,1.0,1.0,0.0,1.0,1.0,0.0,1.0,2.0,-26.0,28.0,31.0,6.0,25.0,29.0,32.0,3.0,10.0,7.0,3.0,1490.0,1510.0,1500.0,1500.0,0.0,1
2021_02_BUF_MIA,2021-09-19,2021,2,TRAIN,MIA,BUF,0,1510.0,1490.0,20.0,1.0,0.0,1.0,1.0,0.0,1.0,1.0,0.0,1.0,1.0,0.0,1.0,1.0,-7.0,8.0,17.0,16.0,1.0,16.0,23.0,7.0,7.0,7.0,0.0,1490.0,1510.0,1500.0,1500.0,0.0,1
2021_02_CIN_CHI,2021-09-19,2021,2,TRAIN,CHI,CIN,1,1490.0,1510.0,-20.0,0.0,1.0,-1.0,0.0,1.0,-1.0,0.0,1.0,-1.0,0.0,1.0,-1.0,-20.0,3.0,-23.0,14.0,27.0,-13.0,34.0,24.0,-10.0,7.0,7.0,0.0,1510.0,1490.0,1500.0,1500.0,0.0,1
2021_02_DAL_LAC,2021-09-19,2021,2,TRAIN,LAC,DAL,0,1510.0,1490.0,20.0,1.0,0.0,1.0,1.0,0.0,1.0,1.0,0.0,1.0,1.0,0.0,1.0,4.0,-2.0,6.0,20.0,29.0,-9.0,16.0,31.0,15.0,7.0,10.0,-3.0,1490.0,1510.0,1500.0,1500.0,0.0,1
2021_02_DEN_JAX,2021-09-19,2021,2,TRAIN,JAX,DEN,0,1490.0,1510.0,-20.0,0.0,1.0,-1.0,0.0,1.0,-1.0,0.0,1.0,-1.0,0.0,1.0,-1.0,-16.0,14.0,-30.0,21.0,27.0,-6.0,37.0,13.0,-24.0,7.0,7.0,0.0,1510.0,1490.0,1500.0,1500.0,0.0,1
2021_02_HOU_CLE,2021-09-19,2021,2,TRAIN,CLE,HOU,1,1490.0,1510.0,-20.0,0.0,1.0,-1.0,0.0,1.0,-1.0,0.0,1.0,-1.0,0.0,1.0,-1.0,-4.0,16.0,-20.0,29.0,37.0,-8.0,33.0,21.0,-12.0,7.0,7.0,0.0,1510.0,1490.0,1500.0,1500.0,0.0,1
2021_02_KC_BAL,2021-09-19,2021,2,TRAIN,BAL,KC,1,1490.0,1510.0,-20.0,0.0,1.0,-1.0,0.0,1.0,-1.0,0.0,1.0,-1.0,0.0,1.0,-1.0,-6.0,4.0,-10.0,27.0,33.0,-6.0,33.0,29.0,-4.0,6.0,7.0,-1.0,1510.0,1490.0,1500.0,1500.0,0.0,1
2021_02_LA_IND,2021-09-19,2021,2,TRAIN,IND,LA,0,1490.0,1510.0,-20.0,0.0,1.0,-1.0,0.0,1.0,-1.0,0.0,1.0,-1.0,0.0,1.0,-1.0,-12.0,20.0,-32.0,16.0,34.0,-18.0,28.0,14.0,-14.0,7.0,7.0,0.0,1510.0,1490.0,1500.0,1500.0,0.0,1
2021_02_LV_PIT,2021-09-19,2021,2,TRAIN,PIT,LV,0,1510.0,1510.0,0.0,1.0,1.0,0.0,1.0,1.0,0.0,1.0,1.0,0.0,1.0,1.0,0.0,7.0,6.0,1.0,23.0,33.0,-10.0,16.0,27.0,11.0,7.0,6.0,1.0,1510.0,1510.0,1500.0,1500.0,0.0,1
2021_02_MIN_ARI,2021-09-19,2021,2,TRAIN,ARI,MIN,1,1510.0,1490.0,20.0,1.0,0.0,1.0,1.0,0.0,1.0,1.0,0.0,1.0,1.0,0.0,1.0,25.0,-3.0,28.0,38.0,24.0,14.0,13.0,27.0,14.0,7.0,7.0,0.0,1490.0,1510.0,1500.0,1500.0,0.0,1
2021_02_NE_NYJ,2021-09-19,2021,2,TRAIN,NYJ,NE,0,1490.0,1490.0,0.0,0.0,0.0,0.0,0.0,0.0,0.0,0.0,0.0,0.0,0.0,0.0,0.0,-5.0,-1.0,-4.0,14.0,16.0,-2.0,19.0,17.0,-2.0,7.0,7.0,0.0,1490.0,1490.0,1500.0,1500.0,0.0,1
2021_02_NO_CAR,2021-09-19,2021,2,TRAIN,CAR,NO,1,1510.0,1510.0,0.0,1.0,1.0,0.0,1.0,1.0,0.0,1.0,1.0,0.0,1.0,1.0,0.0,5.0,35.0,-30.0,19.0,38.0,-19.0,14.0,3.0,-11.0,7.0,7.0,0.0,1510.0,1510.0,1500.0,1500.0,0.0,1
2021_02_SF_PHI,2021-09-19,2021,2,TRAIN,PHI,SF,0,1510.0,1510.0,0.0,1.0,1.0,0.0,1.0,1.0,0.0,1.0,1.0,0.0,1.0,1.0,0.0,26.0,8.0,18.0,32.0,41.0,-9.0,6.0,33.0,27.0,7.0,7.0,0.0,1510.0,1510.0,1500.0,1500.0,0.0,1
2021_02_TEN_SEA,2021-09-19,2021,2,TRAIN,SEA,TEN,0,1510.0,1490.0,20.0,1.0,0.0,1.0,1.0,0.0,1.0,1.0,0.0,1.0,1.0,0.0,1.0,12.0,-25.0,37.0,28.0,13.0,15.0,16.0,38.0,22.0,7.0,7.0,0.0,1490.0,1510.0,1500.0,1500.0,0.0,1
2021_02_DET_GB,2021-09-20,2021,2,TRAIN,GB,DET,1,1490.0,1490.0,0.0,0.0,0.0,0.0,0.0,0.0,0.0,0.0,0.0,0.0,0.0,0.0,0.0,-35.0,-8.0,-27.0,3.0,33.0,-30.0,38.0,41.0,3.0,8.0,8.0,0.0,1490.0,1490.0,1500.0,1500.0,0.0,1
2021_03_CAR_HOU,2021-09-23,2021,3,TRAIN,HOU,CAR,0,1499.4249887221547,1520.0,-20.575011277845306,0.5,1.0,-0.5,0.5,1.0,-0.5,0.5,1.0,-0.5,0.5,1.0,-0.5,3.0,12.0,-9.0,29.0,22.5,6.5,26.0,10.5,-15.5,4.0,4.0,0.0,1520.0,1499.4249887221547,1495.0,1505.0,-10.0,1
2021_03_ARI_JAX,2021-09-26,2021,3,TRAIN,JAX,ARI,0,1480.5750112778453,1519.4249887221547,-38.84997744430939,0.0,1.0,-1.0,0.0,1.0,-1.0,0.0,1.0,-1.0,0.0,1.0,-1.0,-13.0,13.0,-26.0,17.0,36.0,-19.0,30.0,23.0,-7.0,7.0,7.0,0.0,1519.4249887221547,1480.5750112778453,1505.0,1495.0,10.0,1
2021_03_ATL_NYG,2021-09-26,2021,3,TRAIN,NYG,ATL,0,1480.0,1480.5750112778453,-0.5750112778453058,0.0,0.0,0.0,0.0,0.0,0.0,0.0,0.0,0.0,0.0,0.0,0.0,-7.5,-24.5,17.0,21.0,15.5,5.5,28.5,40.0,11.5,10.0,7.0,3.0,1480.5750112778453,1480.0,1495.0,1505.0,-10.0,1
2021_03_BAL_DET,2021-09-26,2021,3,TRAIN,DET,BAL,0,1480.0,1500.5750112778453,-20.575011277845306,0.0,0.5,-0.5,0.0,0.5,-0.5,0.0,0.5,-0.5,0.0,0.5,-0.5,-13.0,-2.5,-10.5,25.0,31.5,-6.5,38.0,34.0,-4.0,6.0,7.0,-1.0,1500.5750112778453,1480.0,1495.0,1505.0,-10.0,1
2021_03_CHI_CLE,2021-09-26,2021,3,TRAIN,CLE,CHI,1,1500.5750112778453,1500.5750112778453,0.0,0.5,0.5,0.0,0.5,0.5,0.0,0.5,0.5,0.0,0.5,0.5,0.0,3.0,-8.5,11.5,30.0,17.0,13.0,27.0,25.5,-1.5,7.0,7.0,0.0,1500.5750112778453,1500.5750112778453,1505.0,1505.0,0.0,1
2021_03_CIN_PIT,2021-09-26,2021,3,TRAIN,PIT,CIN,0,1500.0,1499.4249887221547,0.5750112778453058,0.5,0.5,0.0,0.5,0.5,0.0,0.5,0.5,0.0,0.5,0.5,0.0,-1.0,0.0,-1.0,20.0,22.0,-2.0,21.0,22.0,1.0,7.0,7.0,0.0,1499.4249887221547,1500.0,1505.0,1495.0,10.0,1
2021_03_GB_SF,2021-09-26,2021,3,TRAIN,SF,GB,0,1520.0,1500.0,20.0,1.0,0.5,0.5,1.0,0.5,0.5,1.0,0.5,0.5,1.0,0.5,0.5,7.0,-8.5,15.5,29.0,19.0,10.0,22.0,27.5,5.5,7.0,6.0,1.0,1500.0,1520.0,1505.0,1495.0,10.0,1
2021_03_IND_TEN,2021-09-26,2021,3,TRAIN,TEN,IND,1,1500.5750112778453,1480.5750112778453,20.0,0.5,0.0,0.5,0.5,0.0,0.5,0.5,0.0,0.5,0.5,0.0,0.5,-11.0,-7.5,-3.5,23.0,20.0,3.0,34.0,27.5,-6.5,7.0,7.0,0.0,1480.5750112778453,1500.5750112778453,1505.0,1505.0,0.0,1
2021_03_LAC_KC,2021-09-26,2021,3,TRAIN,KC,LAC,0,1499.4249887221547,1499.4249887221547,0.0,0.5,0.5,0.0,0.5,0.5,0.0,0.5,0.5,0.0,0.5,0.5,0.0,1.5,0.5,1.0,34.0,18.5,15.5,32.5,18.0,-14.5,7.0,7.0,0.0,1499.4249887221547,1499.4249887221547,1495.0,1495.0,0.0,1
2021_03_MIA_LV,2021-09-26,2021,3,TRAIN,LV,MIA,1,1520.0,1499.4249887221547,20.575011277845306,1.0,0.5,0.5,1.0,0.5,0.5,1.0,0.5,0.5,1.0,0.5,0.5,7.5,-17.0,24.5,29.5,8.5,21.0,22.0,25.5,3.5,7.0,7.0,0.0,1499.4249887221547,1520.0,1505.0,1495.0,10.0,1
2021_03_NO_NE,2021-09-26,2021,3,TRAIN,NE,NO,0,1500.0,1500.0,0.0,0.5,0.5,0.0,0.5,0.5,0.0,0.5,0.5,0.0,0.5,0.5,0.0,9.0,8.0,1.0,20.5,22.5,-2.0,11.5,14.5,3.0,7.0,7.0,0.0,1500.0,1500.0,1495.0,1505.0,-10.0,1
2021_03_NYJ_DEN,2021-09-26,2021,3,TRAIN,DEN,NYJ,1,1519.4249887221547,1480.0,39.424988722154694,1.0,0.0,1.0,1.0,0.0,1.0,1.0,0.0,1.0,1.0,0.0,1.0,12.0,-12.0,24.0,25.0,10.0,15.0,13.0,22.0,9.0,7.0,7.0,0.0,1480.0,1519.4249887221547,1495.0,1495.0,0.0,1
2021_03_SEA_MIN,2021-09-26,2021,3,TRAIN,MIN,SEA,1,1480.5750112778453,1499.4249887221547,-18.84997744430939,0.0,0.5,-0.5,0.0,0.5,-0.5,0.0,0.5,-0.5,0.0,0.5,-0.5,-2.0,4.5,-6.5,28.5,29.0,-0.5,30.5,24.5,-6.0,7.0,7.0,0.0,1499.4249887221547,1480.5750112778453,1505.0,1495.0,10.0,1
2021_03_TB_LA,2021-09-26,2021,3,TRAIN,LA,TB,1,1519.4249887221547,1519.4249887221547,0.0,1.0,1.0,0.0,1.0,1.0,0.0,1.0,1.0,0.0,1.0,1.0,0.0,11.5,12.5,-1.0,30.5,39.5,-9.0,19.0,27.0,8.0,7.0,7.0,0.0,1519.4249887221547,1519.4249887221547,1495.0,1495.0,0.0,1
2021_03_WAS_BUF,2021-09-26,2021,3,TRAIN,BUF,WAS,1,1500.5750112778453,1500.0,0.5750112778453058,0.5,0.5,0.0,0.5,0.5,0.0,0.5,0.5,0.0,0.5,0.5,0.0,14.0,-1.5,15.5,25.5,23.0,2.5,11.5,24.5,13.0,7.0,10.0,-3.0,1500.0,1500.5750112778453,1505.0,1495.0,10.0,1
2021_03_PHI_DAL,2021-09-27,2021,3,TRAIN,DAL,PHI,1,1500.5750112778453,1500.0,0.5750112778453058,0.5,0.5,0.0,0.5,0.5,0.0,0.5,0.5,0.0,0.5,0.5,0.0,0.5,10.0,-9.5,24.5,21.5,3.0,24.0,11.5,-12.5,8.0,8.0,0.0,1500.0,1500.5750112778453,1505.0,1505.0,0.0,1
2021_04_JAX_CIN,2021-09-30,2021,4,TRAIN,CIN,JAX,1,1509.4415388620023,1471.6885662525876,37.752972609414655,0.6666666666666666,0.0,0.6666666666666666,0.6666666666666666,0.0,0.6666666666666666,0.6666666666666666,0.0,0.6666666666666666,0.6666666666666666,0.0,0.6666666666666666,4.666666666666667,-12.666666666666666,17.333333333333332,22.666666666666668,17.666666666666668,5.0,18.0,30.333333333333332,12.333333333333332,4.0,4.0,0.0,1471.6885662525876,1509.4415388620023,1496.6666666666667,1509.8083295740516,-13.141662907384898,1
2021_04_ARI_LA,2021-10-03,2021,4,TRAIN,LA,ARI,0,1529.4249887221547,1528.3114337474124,1.1135549747423283,1.0,1.0,0.0,1.0,1.0,0.0,1.0,1.0,0.0,1.0,1.0,0.0,11.0,12.666666666666666,-1.666666666666666,31.666666666666668,34.333333333333336,-2.666666666666668,20.666666666666668,21.666666666666668,1.0,7.0,7.0,0.0,1528.3114337474124,1529.4249887221547,1503.141662907385,1490.1916704259484,12.949992481436539,1
2021_04_BAL_DEN,2021-10-03,2021,4,TRAIN,DEN,BAL,0,1528.2950918418035,1509.9835061508386,18.311585690964876,1.0,0.6666666666666666,0.33333333333333337,1.0,0.6666666666666666,0.33333333333333337,1.0,0.6666666666666666,0.33333333333333337,1.0,0.6666666666666666,0.33333333333333337,16.666666666666668,-1.0,17.666666666666668,25.333333333333332,27.333333333333332,-2.0,8.666666666666666,28.333333333333332,19.666666666666664,7.0,7.0,0.0,1509.9835061508386,1528.2950918418035,1490.0,1496.6666666666667,-6.6666666666667425,1
2021_04_CAR_DAL,2021-10-03,2021,4,TRAIN,DAL,CAR,1,1510.5584611379977,1529.4084948729933,-18.850033734995577,0.6666666666666666,1.0,-0.33333333333333337,0.6666666666666666,1.0,-0.33333333333333337,0.6666666666666666,1.0,-0.33333333333333337,0.6666666666666666,1.0,-0.33333333333333337,7.0,13.0,-6.0,30.0,23.0,7.0,23.0,10.0,-13.0,6.0,10.0,-4.0,1529.4084948729933,1510.5584611379977,1503.3333333333333,1503.141662907385,0.19167042594835948,1
2021_04_CLE_MIN,2021-10-03,2021,4,TRAIN,MIN,CLE,0,1491.1170255281338,1510.5750112778453,-19.457985749711497,0.3333333333333333,0.6666666666666666,-0.3333333333333333,0.3333333333333333,0.6666666666666666,-0.3333333333333333,0.3333333333333333,0.6666666666666666,-0.3333333333333333,0.3333333333333333,0.6666666666666666,-0.3333333333333333,3.0,8.666666666666666,-5.666666666666666,29.0,28.666666666666668,0.33333333333333215,26.0,20.0,-6.0,7.0,7.0,0.0,1510.5750112778453,1491.1170255281338,1503.141662907385,1503.5250037592816,-0.38334085189671896,1
2021_04_DET_CHI,2021-10-03,2021,4,TRAIN,CHI,DET,1,1490.5750112778453,1470.5915051270067,19.983506150838593,0.3333333333333333,0.0,0.3333333333333333,0.3333333333333333,0.0,0.3333333333333333,0.3333333333333333,0.0,0.3333333333333333,0.3333333333333333,0.0,0.3333333333333333,-12.333333333333334,-9.333333333333334,-3.0,13.333333333333334,22.333333333333332,-8.999999999999998,25.666666666666668,31.666666666666668,6.0,7.0,7.0,0.0,1470.5915051270067,1490.5750112778453,1503.5250037592816,1496.858337092615,6.666666666666515,1
2021_04_HOU_BUF,2021-10-03,2021,4,TRAIN,BUF,HOU,1,1510.5584611379977,1490.0164938491614,20.541967288836304,0.6666666666666666,0.3333333333333333,0.3333333333333333,0.6666666666666666,0.3333333333333333,0.3333333333333333,0.6666666666666666,0.3333333333333333,0.3333333333333333,0.6666666666666666,0.3333333333333333,0.3333333333333333,16.666666666666668,-3.0,19.666666666666668,31.333333333333332,22.333333333333332,9.0,14.666666666666666,25.333333333333332,10.666666666666666,7.0,10.0,-3.0,1490.0164938491614,1510.5584611379977,1503.3333333333333,1503.3333333333333,0.0,1
2021_04_IND_MIA,2021-10-03,2021,4,TRAIN,MIA,IND,0,1490.0164938491614,1471.1500225556906,18.866471293470795,0.3333333333333333,0.0,0.3333333333333333,0.3333333333333333,0.0,0.3333333333333333,0.3333333333333333,0.0,0.3333333333333333,0.3333333333333333,0.0,0.3333333333333333,-12.333333333333334,-8.0,-4.333333333333334,15.0,18.666666666666668,-3.666666666666668,27.333333333333332,26.666666666666668,-0.6666666666666643,7.0,7.0,0.0,1471.1500225556906,1490.0164938491614,1503.3333333333333,1503.5250037592816,-0.19167042594835948,1
2021_04_KC_PHI,2021-10-03,2021,4,TRAIN,PHI,KC,0,1490.0165501398476,1489.4249887221547,0.5915614176929012,0.3333333333333333,0.3333333333333333,0.0,0.3333333333333333,0.3333333333333333,0.0,0.3333333333333333,0.3333333333333333,0.0,0.3333333333333333,0.3333333333333333,0.0,0.0,-1.0,1.0,21.333333333333332,30.666666666666668,-9.333333333333336,21.333333333333332,31.666666666666668,10.333333333333336,6.0,7.0,-1.0,1489.4249887221547,1490.0165501398476,1503.5250037592816,1496.4749962407184,7.050007518563234,1
2021_04_NYG_NO,2021-10-03,2021,4,TRAIN,NO,NYG,0,1510.0,1470.0165501398476,39.983449860152405,0.6666666666666666,0.0,0.6666666666666666,0.6666666666666666,0.0,0.6666666666666666,0.6666666666666666,0.0,0.6666666666666666,0.6666666666666666,0.0,0.6666666666666666,10.333333333333334,-6.0,16.333333333333336,24.333333333333332,18.666666666666668,5.666666666666664,14.0,24.666666666666668,10.666666666666668,7.0,7.0,0.0,1470.0165501398476,1510.0,1503.3333333333333,1490.1916704259484,13.141662907384898,1
2021_04_PIT_GB,2021-10-03,2021,4,TRAIN,GB,PIT,1,1510.5750112778453,1489.9834498601524,20.5915614176929,0.6666666666666666,0.3333333333333333,0.3333333333333333,0.6666666666666666,0.3333333333333333,0.3333333333333333,0.6666666666666666,0.3333333333333333,0.3333333333333333,0.6666666666666666,0.3333333333333333,0.3333333333333333,-5.0,-5.333333333333333,0.33333333333333304,22.666666666666668,16.666666666666668,6.0,27.666666666666668,22.0,-5.666666666666668,7.0,7.0,0.0,1489.9834498601524,1510.5750112778453,1503.3333333333333,1503.141662907385,0.19167042594835948,1
2021_04_SEA_SF,2021-10-03,2021,4,TRAIN,SF,SEA,0,1509.4249887221547,1488.8829744718662,20.542014250288503,0.6666666666666666,0.3333333333333333,0.3333333333333333,0.6666666666666666,0.3333333333333333,0.3333333333333333,0.6666666666666666,0.3333333333333333,0.3333333333333333,0.6666666666666666,0.3333333333333333,0.3333333333333333,4.0,-1.3333333333333333,5.333333333333333,28.666666666666668,25.0,3.666666666666668,24.666666666666668,26.333333333333332,1.6666666666666643,7.0,7.0,0.0,1488.8829744718662,1509.4249887221547,1503.3333333333333,1490.1916704259484,13.141662907384898,1
2021_04_TB_NE,2021-10-03,2021,4,TRAIN,NE,TB,0,1490.0,1509.4249887221547,-19.424988722154694,0.3333333333333333,0.6666666666666666,-0.3333333333333333,0.3333333333333333,0.6666666666666666,-0.3333333333333333,0.3333333333333333,0.6666666666666666,-0.3333333333333333,0.3333333333333333,0.6666666666666666,-0.3333333333333333,1.0,5.0,-4.0,18.0,34.333333333333336,-16.333333333333336,17.0,29.333333333333332,12.333333333333332,7.0,7.0,0.0,1509.4249887221547,1490.0,1496.6666666666667,1503.141662907385,-6.474996240718156,1
2021_04_TEN_NYJ,2021-10-03,2021,4,TRAIN,NYJ,TEN,1,1471.1298968803512,1510.0,-38.870103119648775,0.0,0.6666666666666666,-0.6666666666666666,0.0,0.6666666666666666,-0.6666666666666666,0.0,0.6666666666666666,-0.6666666666666666,0.0,0.6666666666666666,-0.6666666666666666,-16.666666666666668,-4.333333333333333,-12.333333333333336,6.666666666666667,23.666666666666668,-17.0,23.333333333333332,28.0,4.666666666666668,7.0,7.0,0.0,1510.0,1471.1298968803512,1503.141662907385,1496.858337092615,6.283325814769796,1
2021_04_WAS_ATL,2021-10-03,2021,4,TRAIN,ATL,WAS,0,1490.5584611379977,1490.0165501398476,0.5419109981501151,0.3333333333333333,0.3333333333333333,0.0,0.3333333333333333,0.3333333333333333,0.0,0.3333333333333333,0.3333333333333333,0.0,0.3333333333333333,0.3333333333333333,0.0,-15.333333333333334,-8.333333333333334,-7.0,16.0,22.333333333333332,-6.333333333333332,31.333333333333332,30.666666666666668,-0.6666666666666643,7.0,7.0,0.0,1490.0165501398476,1490.5584611379977,1496.6666666666667,1496.858337092615,-0.19167042594835948,1
2021_04_LV_LAC,2021-10-04,2021,4,TRAIN,LAC,LV,1,1509.4249887221547,1529.4084948729933,-19.983506150838593,0.6666666666666666,1.0,-0.33333333333333337,0.6666666666666666,1.0,-0.33333333333333337,0.6666666666666666,1.0,-0.33333333333333337,0.6666666666666666,1.0,-0.33333333333333337,2.3333333333333335,6.0,-3.6666666666666665,22.333333333333332,30.0,-7.666666666666668,20.0,24.0,4.0,8.0,8.0,0.0,1529.4084948729933,1509.4249887221547,1496.4749962407184,1503.141662907385,-6.666666666666515,1
2021_05_LA_SEA,2021-10-07,2021,5,TRAIN,SEA,LA,0,1499.473533185664,1519.3929381433375,-19.91940495767335,0.5,0.75,-0.25,0.3333333333333333,0.6666666666666666,-0.3333333333333333,0.5,0.75,-0.25,0.5,0.75,-0.25,0.75,4.0,-3.25,25.75,28.75,-3.0,25.0,24.75,-0.25,4.0,4.0,0.0,1519.3929381433375,1499.473533185664,1495.0,1509.4341056173917,-14.434105617391651,1
2021_05_BUF_KC,2021-10-10,2021,5,TRAIN,KC,BUF,0,1499.442015211976,1519.967903771145,-20.52588855916906,0.5,0.75,-0.25,0.3333333333333333,1.0,-0.6666666666666667,0.5,0.75,-0.25,0.5,0.75,-0.25,2.25,22.5,-20.25,33.5,33.5,0.0,31.25,11.0,-20.25,7.0,7.0,0.0,1519.967903771145,1499.442015211976,1494.8603847155005,1500.0041234622904,-5.14373874678995,1
2021_05_CHI_LV,2021-10-10,2021,5,TRAIN,LV,CHI,0,1518.8339567579378,1500.0004731627898,18.83348359514798,0.75,0.5,0.25,0.6666666666666666,0.6666666666666666,0.0,0.75,0.5,0.25,0.75,0.5,0.25,1.0,-6.75,7.75,26.0,16.0,10.0,25.0,22.75,-2.25,6.0,7.0,-1.0,1500.0004731627898,1518.8339567579378,1504.7124943610775,1495.291629101213,9.420865259864513,1
2021_05_CLE_LAC,2021-10-10,2021,5,TRAIN,LAC,CLE,1,1519.9995268372102,1520.0155502255411,-0.016023388330950183,0.75,0.75,0.0,0.6666666666666666,1.0,-0.33333333333333337,0.75,0.75,0.0,0.75,0.75,0.0,5.25,8.25,-3.0,23.75,25.0,-1.25,18.5,16.75,-1.75,6.0,7.0,-1.0,1520.0155502255411,1519.9995268372102,1504.708370898787,1500.4230092014948,4.285361697292274,1
2021_05_DEN_PIT,2021-10-10,2021,5,TRAIN,PIT,DEN,1,1480.5754296704877,1517.768529512759,-37.193099842271295,0.25,0.75,-0.5,0.0,0.6666666666666666,-0.6666666666666666,0.25,0.75,-0.5,0.25,0.75,-0.5,-6.5,8.5,-15.0,16.75,20.75,-4.0,23.25,12.25,-11.0,7.0,7.0,0.0,1517.768529512759,1480.5754296704877,1505.0,1494.9958765377096,10.004123462290408,1
2021_05_DET_MIN,2021-10-10,2021,5,TRAIN,MIN,DET,1,1481.676486580438,1461.1660432420622,20.510443338375808,0.25,0.0,0.25,0.3333333333333333,0.0,0.3333333333333333,0.25,0.0,0.25,0.25,0.0,0.25,0.5,-9.5,10.0,23.5,20.25,3.25,23.0,29.75,6.75,7.0,7.0,0.0,1461.1660432420622,1481.676486580438,1505.0,1495.2875056389225,9.71249436107746,1
2021_05_GB_CIN,2021-10-10,2021,5,TRAIN,CIN,GB,0,1518.3591775652087,1519.98303146751,-1.6238539023013345,0.75,0.75,0.0,0.6666666666666666,1.0,-0.33333333333333337,0.75,0.75,0.0,0.75,0.75,0.0,4.25,-1.25,5.5,23.0,23.75,-0.75,18.75,25.0,6.25,10.0,7.0,3.0,1519.98303146751,1518.3591775652087,1490.4221415631469,1499.995862465038,-9.573720901891193,1
2021_05_MIA_TB,2021-10-10,2021,5,TRAIN,TB,MIA,1,1518.8664744330495,1479.4740062636138,39.39246816943569,0.75,0.25,0.5,0.6666666666666666,0.0,0.6666666666666666,0.75,0.25,0.5,0.75,0.25,0.5,4.25,-11.75,16.0,30.5,15.5,15.0,26.25,27.25,1.0,7.0,7.0,0.0,1479.4740062636138,1518.8664744330495,1499.8562471805387,1495.2875056389225,4.568741541616191,1
2021_05_NE_HOU,2021-10-10,2021,5,TRAIN,HOU,NE,0,1480.607051216014,1480.5585142891052,0.04853692690880962,0.25,0.25,0.0,0.0,0.3333333333333333,-0.3333333333333333,0.25,0.25,0.0,0.25,0.25,0.0,-12.25,0.25,-12.5,16.75,17.75,-1.0,29.0,17.5,-11.5,7.0,7.0,0.0,1480.5585142891052,1480.607051216014,1505.1396152844995,1499.8562471805387,5.283368103960811,1
2021_05_NO_WAS,2021-10-10,2021,5,TRAIN,WAS,NO,0,1500.032147579525,1498.8542374200981,1.1779101594268013,0.5,0.5,0.0,0.6666666666666666,0.3333333333333333,0.3333333333333333,0.5,0.5,0.0,0.5,0.5,0.0,-5.25,6.25,-11.5,25.25,23.5,1.75,30.5,17.25,-13.25,7.0,7.0,0.0,1498.8542374200981,1500.032147579525,1495.2833681039608,1495.004137534962,0.27923056899885523,1
2021_05_NYG_DAL,2021-10-10,2021,5,TRAIN,DAL,NYG,1,1521.1004770037025,1481.1623127197495,39.93816428395303,0.75,0.25,0.5,1.0,0.3333333333333333,0.6666666666666667,0.75,0.25,0.5,0.75,0.25,0.5,7.25,-3.0,10.25,31.5,20.75,10.75,24.25,23.75,-0.5,7.0,7.0,0.0,1481.1623127197495,1521.1004770037025,1509.8521237182483,1495.1437528194613,14.708370898787052,1
2021_05_NYJ_ATL,2021-10-10,2021,5,TRAIN,ATL,NYJ,1,1480.5428636983204,1482.2440239320085,-1.7011602336881424,0.25,0.25,0.0,0.3333333333333333,0.3333333333333333,0.0,0.25,0.25,0.0,0.25,0.25,0.0,-12.5,-11.75,-0.75,19.5,11.75,7.75,32.0,23.5,-8.5,7.0,7.0,0.0,1482.2440239320085,1480.5428636983204,1495.004137534962,1504.8562471805387,-9.852109645576775,1
2021_05_PHI_CAR,2021-10-10,2021,5,TRAIN,CAR,PHI,0,1518.8664790072885,1479.9995236500263,38.86695535726221,0.75,0.25,0.5,0.6666666666666666,0.0,0.6666666666666666,0.75,0.25,0.5,0.75,0.25,0.5,7.75,-3.0,10.75,24.25,23.5,0.75,16.5,26.5,10.0,7.0,7.0,0.0,1479.9995236500263,1518.8664790072885,1504.995862465038,1500.0,4.995862465038044,1
2021_05_SF_ARI,2021-10-10,2021,5,TRAIN,ARI,SF,1,1538.3434843262296,1498.8344300083568,39.509054317872824,1.0,0.5,0.5,1.0,0.3333333333333333,0.6666666666666667,1.0,0.5,0.5,1.0,0.5,0.5,13.75,1.25,12.5,35.0,26.75,8.25,21.25,25.5,4.25,7.0,7.0,0.0,1498.8344300083568,1538.3434843262296,1500.0,1499.7207436179665,0.279256382033509,1
2021_05_TEN_JAX,2021-10-10,2021,5,TRAIN,JAX,TEN,0,1462.7709275493812,1498.8858729483427,-36.11494539896148,0.0,0.5,-0.5,0.0,0.6666666666666666,-0.6666666666666666,0.0,0.5,-0.5,0.0,0.5,-0.5,-10.25,-4.0,-6.25,18.5,23.75,-5.25,28.75,27.75,-1.0,10.0,7.0,3.0,1498.8858729483427,1462.7709275493812,1509.7166318960392,1490.426227039549,19.290404856490113,1
2021_05_IND_BAL,2021-10-11,2021,5,TRAIN,BAL,IND,1,1520.510068479883,1481.6925101412382,38.81755833864486,0.75,0.25,0.5,1.0,0.3333333333333333,0.6666666666666667,0.75,0.25,0.5,0.75,0.25,0.5,3.25,-3.5,6.75,26.25,20.75,5.5,23.0,24.25,1.25,8.0,8.0,0.0,1481.6925101412382,1520.510068479883,1504.573772960451,1500.1478762817517,4.425896678699246,1
2021_06_TB_PHI,2021-10-14,2021,6,TRAIN,PHI,TB,0,1491.1135612263065,1527.7375016294009,-36.623940403094366,0.4,0.8,-0.4,0.3333333333333333,0.6666666666666666,-0.3333333333333333,0.4,0.8,-0.4,0.4,0.8,-0.4,-1.8,9.0,-10.8,23.0,33.4,-10.399999999999999,24.8,24.4,-0.40000000000000213,4.0,4.0,0.0,1527.7375016294009,1491.1135612263065,1503.7732958014578,1495.7797989971536,7.993496804304186,1
2021_06_ARI_CLE,2021-10-17,2021,6,TRAIN,CLE,ARI,0,1510.0150890353525,1547.2111987991477,-37.19610976379522,0.6,1.0,-0.4,0.6666666666666666,1.0,-0.33333333333333337,0.6,1.0,-0.4,0.6,1.0,-0.4,5.6,12.4,-6.800000000000001,28.4,31.4,-3.0,22.8,19.0,-3.8000000000000007,7.0,7.0,0.0,1547.2111987991477,1510.0150890353525,1504.338312728638,1499.7668860016715,4.571426726966365,1
2021_06_CIN_DET,2021-10-17,2021,6,TRAIN,DET,CIN,0,1451.7556964362363,1508.4059154972424,-56.650219061006055,0.0,0.6,-0.6,0.0,0.6666666666666666,-0.6666666666666666,0.0,0.6,-0.6,0.0,0.6,-0.6,-8.0,2.8,-10.8,19.6,22.8,-3.1999999999999993,27.6,20.0,-7.600000000000001,7.0,7.0,0.0,1508.4059154972424,1451.7556964362363,1492.5653018272255,1496.3343195440195,-3.7690177167939964,1
2021_06_DAL_NE,2021-10-17,2021,6,TRAIN,NE,DAL,0,1490.5599112941507,1529.956000755683,-39.396089461532256,0.4,0.8,-0.4,0.3333333333333333,1.0,-0.6666666666666667,0.4,0.8,-0.4,0.4,0.8,-0.4,0.8,10.6,-9.799999999999999,19.2,34.0,-14.8,18.4,23.4,5.0,7.0,7.0,0.0,1529.956000755683,1490.5599112941507,1496.0064079876338,1504.1141615185486,-8.107753530914806,1
2021_06_GB_CHI,2021-10-17,2021,6,TRAIN,CHI,GB,0,1510.5420140753831,1529.9362935354764,-19.39427946009323,0.6,0.8,-0.20000000000000007,0.6666666666666666,1.0,-0.33333333333333337,0.6,0.8,-0.20000000000000007,0.6,0.8,-0.20000000000000007,-3.2,-0.4,-2.8000000000000003,16.8,24.0,-7.199999999999999,20.0,24.4,4.399999999999999,7.0,7.0,0.0,1529.9362935354764,1510.5420140753831,1500.0000946325579,1503.6685254850722,-3.668430852514348,1
2021_06_HOU_IND,2021-10-17,2021,6,TRAIN,IND,HOU,1,1472.805143579985,1470.6056542109686,2.199489369016419,0.2,0.2,0.0,0.3333333333333333,0.0,0.3333333333333333,0.2,0.2,0.0,0.2,0.2,0.0,-4.0,-10.4,6.4,21.6,17.8,3.8000000000000007,25.6,28.2,2.599999999999998,6.0,7.0,-1.0,1470.6056542109686,1472.805143579985,1504.220314721378,1500.2233950854206,3.9969196359572834,1
2021_06_KC_WAS,2021-10-17,2021,6,TRAIN,WAS,KC,0,1489.9982447297446,1490.032111408521,-0.033866678776348635,0.4,0.4,0.0,0.3333333333333333,0.3333333333333333,0.0,0.4,0.4,0.0,0.4,0.4,0.0,-6.4,-1.8,-4.6000000000000005,24.6,30.8,-6.199999999999999,31.0,32.6,1.6000000000000014,7.0,7.0,0.0,1490.032111408521,1489.9982447297446,1495.9975419671882,1499.8818885266296,-3.884346559441383,1
2021_06_LAC_BAL,2021-10-17,2021,6,TRAIN,BAL,LAC,1,1529.3974350411363,1529.9999880273988,-0.6025529862624808,0.8,0.8,0.0,1.0,1.0,0.0,0.8,0.8,0.0,0.8,0.8,0.0,3.8,5.2,-1.4000000000000004,27.2,28.4,-1.1999999999999993,23.4,23.2,-0.1999999999999993,6.0,7.0,-1.0,1529.9999880273988,1529.3974350411363,1499.9975203966083,1507.769806764138,-7.772286367529659,1
2021_06_LA_NYG,2021-10-17,2021,6,TRAIN,NYG,LA,0,1472.306788967769,1528.8202389382304,-56.51344997046135,0.2,0.8,-0.6000000000000001,0.3333333333333333,0.6666666666666666,-0.3333333333333333,0.2,0.8,-0.6000000000000001,0.2,0.8,-0.6000000000000001,-7.2,5.0,-12.2,20.6,28.2,-7.599999999999998,27.8,23.2,-4.600000000000001,7.0,10.0,-3.0,1528.8202389382304,1472.306788967769,1500.3350976563095,1507.4419911310463,-7.1068934747368075,1
2021_06_LV_DEN,2021-10-17,2021,6,TRAIN,DEN,LV,0,1506.7020966323973,1508.2924158453445,-1.590319212947179,0.6,0.6,0.0,0.3333333333333333,0.3333333333333333,0.0,0.6,0.6,0.0,0.6,0.6,0.0,5.2,-1.4,6.6,20.4,22.6,-2.200000000000003,15.2,24.0,8.8,7.0,7.0,0.0,1508.2924158453445,1506.7020966323973,1492.1117871642653,1503.7700901214198,-11.658302957154547,1
2021_06_MIA_JAX,2021-10-17,2021,6,TRAIN,JAX,MIA,1,1453.806671510846,1470.6029790672624,-16.796307556416423,0.0,0.2,-0.2,0.0,0.0,0.0,0.0,0.2,-0.2,0.0,0.2,-0.2,-11.8,-15.0,3.1999999999999993,18.6,15.8,2.8000000000000007,30.4,30.8,0.40000000000000213,7.0,7.0,0.0,1470.6029790672624,1453.806671510846,1507.5504801065,1500.003299397748,7.5471807087519664,1
2021_06_MIN_CAR,2021-10-17,2021,6,TRAIN,CAR,MIN,0,1507.7524414310083,1491.0868333862638,16.66560804474443,0.6,0.4,0.19999999999999996,0.3333333333333333,0.6666666666666666,-0.3333333333333333,0.6,0.4,0.19999999999999996,0.6,0.4,0.19999999999999996,5.6,0.8,4.8,23.0,22.6,0.3999999999999986,17.4,21.8,4.400000000000002,7.0,7.0,0.0,1491.0868333862638,1507.7524414310083,1499.9965947020357,1496.2332086484125,3.7633860536232078,1
2021_06_SEA_PIT,2021-10-17,2021,6,TRAIN,PIT,SEA,1,1491.6418625508493,1490.0462323907711,1.5956301600781444,0.4,0.4,0.0,0.3333333333333333,0.3333333333333333,0.0,0.4,0.4,0.0,0.4,0.4,0.0,-3.6,-1.2,-2.4000000000000004,18.8,24.0,-5.199999999999999,22.4,25.2,2.8000000000000007,7.0,10.0,-3.0,1490.0462323907711,1491.6418625508493,1507.5537059025519,1499.8785876286674,7.675118273884436,1
2021_06_BUF_TEN,2021-10-18,2021,6,TRAIN,TEN,BUF,1,1507.850128986878,1529.3778075746002,-21.52767858772222,0.6,0.8,-0.20000000000000007,0.6666666666666666,1.0,-0.33333333333333337,0.6,0.8,-0.20000000000000007,0.6,0.8,-0.20000000000000007,0.4,21.6,-21.200000000000003,26.4,34.4,-8.0,26.0,12.8,-13.2,8.0,8.0,0.0,1529.3778075746002,1507.850128986878,1484.8951671415157,1499.8917018122274,-14.996534670711753,1
2021_07_DEN_CLE,2021-10-21,2021,7,TRAIN,CLE,DEN,1,1501.081607562887,1496.7478693791354,4.3337381837516205,0.5,0.5,0.0,0.3333333333333333,0.0,0.3333333333333333,0.6,0.4,0.19999999999999996,0.5,0.5,0.0,0.8333333333333334,2.6666666666666665,-1.833333333333333,26.0,21.0,5.0,25.166666666666668,18.333333333333332,-6.833333333333336,4.0,4.0,0.0,1496.7478693791354,1501.081607562887,1513.7805524884675,1493.770270333334,20.010282155133382,1
2021_07_ATL_MIA,2021-10-24,2021,7,TRAIN,MIA,ATL,0,1460.119918737793,1490.5918266344768,-30.471907896683888,0.16666666666666666,0.4,-0.23333333333333336,0.0,0.6666666666666666,-0.6666666666666666,0.0,0.4,-0.4,0.16666666666666666,0.4,-0.23333333333333336,-13.0,-8.6,-4.4,16.5,21.0,-4.5,29.5,29.6,0.10000000000000142,7.0,14.0,-7.0,1490.5918266344768,1460.119918737793,1490.7646336999173,1492.4521148143713,-1.6874811144539308,1
2021_07_CAR_NYG,2021-10-24,2021,7,TRAIN,NYG,CAR,1,1463.9191816660518,1497.2731342257655,-33.35395255971366,0.16666666666666666,0.5,-0.33333333333333337,0.3333333333333333,0.0,0.3333333333333333,0.2,0.4,-0.2,0.16666666666666666,0.5,-0.33333333333333337,-10.5,3.6666666666666665,-14.166666666666666,19.0,23.833333333333332,-4.833333333333332,29.5,20.166666666666668,-9.333333333333332,7.0,7.0,0.0,1497.2731342257655,1463.9191816660518,1506.0991454439556,1498.2139613792885,7.885184064667101,1
2021_07_CHI_TB,2021-10-24,2021,7,TRAIN,TB,CHI,1,1536.6872669839465,1501.0996472336988,35.58761975024777,0.8333333333333334,0.5,0.33333333333333337,1.0,0.6666666666666666,0.33333333333333337,0.8,0.6,0.20000000000000007,0.8333333333333334,0.5,0.33333333333333337,8.5,-4.333333333333333,12.833333333333332,32.5,16.333333333333332,16.166666666666668,24.0,20.666666666666668,-3.333333333333332,10.0,7.0,3.0,1501.0996472336988,1536.6872669839465,1494.002511242415,1505.9873533396533,-11.984842097238243,1
2021_07_CIN_BAL,2021-10-24,2021,7,TRAIN,BAL,CIN,0,1539.4147778927975,1516.7896888539751,22.625089038822352,0.8333333333333334,0.6666666666666666,0.16666666666666674,1.0,0.6666666666666666,0.33333333333333337,1.0,0.6,0.4,0.8333333333333334,0.6666666666666666,0.16666666666666674,7.833333333333333,6.166666666666667,1.666666666666666,28.333333333333332,24.666666666666668,3.6666666666666643,20.5,18.5,-2.0,7.0,7.0,0.0,1516.7896888539751,1539.4147778927975,1505.997518002088,1486.6854588312667,19.312059170821385,1
2021_07_DET_LA,2021-10-24,2021,7,TRAIN,LA,DET,1,1537.2078462399477,1443.3719230795036,93.83592316044405,0.8333333333333334,0.0,0.8333333333333334,0.6666666666666666,0.0,0.6666666666666666,0.8,0.0,0.8,0.8333333333333334,0.0,0.8333333333333334,8.666666666666666,-10.5,19.166666666666664,29.833333333333332,18.166666666666668,11.666666666666664,21.166666666666668,28.666666666666668,7.5,7.0,7.0,0.0,1443.3719230795036,1537.2078462399477,1501.9033489246,1494.2464849266742,7.656863997925939,1
2021_07_HOU_ARI,2021-10-24,2021,7,TRAIN,ARI,HOU,1,1556.1446802716132,1460.6689597581885,95.47572051342468,1.0,0.16666666666666666,0.8333333333333334,1.0,0.0,1.0,1.0,0.0,1.0,1.0,0.16666666666666666,0.8333333333333334,14.166666666666666,-13.333333333333334,27.5,32.333333333333336,15.333333333333334,17.0,18.166666666666668,28.666666666666668,10.5,7.0,7.0,0.0,1460.6689597581885,1556.1446802716132,1501.769903808742,1494.7844238014175,6.9854800073244405,1
2021_07_IND_SF,2021-10-24,2021,7,TRAIN,SF,IND,0,1489.9667155354387,1482.7418380327651,7.2248775026735075,0.4,0.3333333333333333,0.06666666666666671,0.0,0.6666666666666666,-0.6666666666666666,0.4,0.4,0.0,0.4,0.3333333333333333,0.06666666666666671,-0.4,1.3333333333333333,-1.7333333333333334,23.4,23.166666666666668,0.23333333333333073,23.8,21.833333333333332,-1.9666666666666686,14.0,7.0,7.0,1482.7418380327651,1489.9667155354387,1507.445291759619,1498.3414455635716,9.10384619604747,1
2021_07_KC_TEN,2021-10-24,2021,7,TRAIN,TEN,KC,1,1518.4689536472497,1500.0311366471528,18.437817000096857,0.6666666666666666,0.5,0.16666666666666663,0.6666666666666666,0.6666666666666666,0.0,0.8,0.4,0.4,0.6666666666666666,0.5,0.16666666666666663,0.8333333333333334,1.5,-0.6666666666666666,27.666666666666668,30.833333333333332,-3.1666666666666643,26.833333333333332,29.333333333333332,2.5,6.0,7.0,-1.0,1500.0311366471528,1518.4689536472497,1490.7707286564357,1497.8815374725784,-7.110808816142708,1
2021_07_NYJ_NE,2021-10-24,2021,7,TRAIN,NE,NYJ,1,1481.6889869983595,1472.1950609958521,9.49392600250735,0.3333333333333333,0.2,0.1333333333333333,0.3333333333333333,0.3333333333333333,0.0,0.4,0.2,0.2,0.3333333333333333,0.2,0.1333333333333333,-0.3333333333333333,-10.8,10.466666666666667,20.833333333333332,13.4,7.433333333333332,21.166666666666668,24.2,3.0333333333333314,7.0,14.0,-7.0,1472.1950609958521,1481.6889869983595,1501.9976081387704,1499.993570484095,2.0040376546753578,1
2021_07_PHI_LV,2021-10-24,2021,7,TRAIN,LV,PHI,1,1518.2466430986065,1482.1637958717608,36.082847226845615,0.6666666666666666,0.3333333333333333,0.3333333333333333,0.3333333333333333,0.3333333333333333,0.0,0.6,0.2,0.39999999999999997,0.6666666666666666,0.3333333333333333,0.3333333333333333,0.5,-2.5,3.0,24.5,22.833333333333332,1.6666666666666679,24.0,25.333333333333332,1.3333333333333321,7.0,10.0,-3.0,1482.1637958717608,1518.2466430986065,1505.1105094478994,1509.3207961273379,-4.210286679438468,1
2021_07_WAS_GB,2021-10-24,2021,7,TRAIN,GB,WAS,1,1539.3786603771607,1479.9992194911126,59.37944088604809,0.8333333333333334,0.3333333333333333,0.5,1.0,0.3333333333333333,0.6666666666666667,1.0,0.4,0.6,0.8333333333333334,0.3333333333333333,0.5,1.3333333333333333,-8.333333333333334,9.666666666666668,24.0,22.666666666666668,1.3333333333333321,22.666666666666668,31.0,8.333333333333332,7.0,7.0,0.0,1479.9992194911126,1539.3786603771607,1505.776928300149,1494.0039642488923,11.772964051256622,1
2021_07_NO_SEA,2021-10-25,2021,7,TRAIN,SEA,NO,0,1480.092157995642,1508.8881402698785,-28.795982274236394,0.3333333333333333,0.6,-0.26666666666666666,0.3333333333333333,0.6666666666666666,-0.3333333333333333,0.2,0.6,-0.39999999999999997,0.3333333333333333,0.6,-0.26666666666666666,-1.5,7.2,-8.7,23.333333333333332,25.4,-2.0666666666666664,24.833333333333332,18.2,-6.633333333333333,8.0,15.0,-7.0,1508.8881402698785,1480.092157995642,1498.2069601388373,1496.0097395438745,2.1972205949628005,1
2021_08_GB_ARI,2021-10-28,2021,8,TRAIN,ARI,GB,0,1563.4638133492876,1547.686030948529,15.777782400758724,1.0,0.8571428571428571,0.1428571428571429,1.0,1.0,0.0,1.0,1.0,0.0,1.0,0.8571428571428571,0.1428571428571429,15.857142857142858,3.142857142857143,12.714285714285715,32.142857142857146,24.0,8.142857142857146,16.285714285714285,20.857142857142858,4.571428571428573,4.0,4.0,0.0,1547.686030948529,1563.4638133492876,1495.9036957603796,1503.7767721983714,-7.873076437991813,1
2021_08_CAR_ATL,2021-10-31,2021,8,TRAIN,ATL,CAR,0,1499.7170165461241,1486.3160686260244,13.400947920099725,0.5,0.42857142857142855,0.07142857142857145,0.6666666666666666,0.0,0.6666666666666666,0.6,0.2,0.39999999999999997,0.5,0.42857142857142855,0.07142857142857145,-6.833333333333333,0.0,-6.833333333333333,22.5,20.857142857142858,1.6428571428571423,29.333333333333332,20.857142857142858,-8.476190476190474,7.0,7.0,0.0,1486.3160686260244,1499.7170165461241,1484.4760985619298,1488.9977977124988,-4.52169915056902,1
2021_08_CIN_NYJ,2021-10-31,2021,8,TRAIN,NYJ,CIN,1,1462.4682501590257,1527.4399723158222,-64.97172215679643,0.16666666666666666,0.7142857142857143,-0.5476190476190477,0.3333333333333333,0.6666666666666666,-0.3333333333333333,0.2,0.8,-0.6000000000000001,0.16666666666666666,0.7142857142857143,-0.5476190476190477,-15.833333333333334,8.714285714285714,-24.547619047619047,13.333333333333334,27.0,-13.666666666666666,29.166666666666668,18.285714285714285,-10.880952380952383,7.0,7.0,0.0,1527.4399723158222,1462.4682501590257,1496.331367883767,1496.5684144098263,-0.2370465260594301,1
2021_08_DAL_MIN,2021-10-31,2021,8,TRAIN,MIN,DAL,0,1501.5661405915066,1538.826925051474,-37.260784459967454,0.5,0.8333333333333334,-0.33333333333333337,0.6666666666666666,1.0,-0.33333333333333337,0.6,1.0,-0.4,0.5,0.8333333333333334,-0.33333333333333337,1.6666666666666667,9.833333333333334,-8.166666666666668,24.5,34.166666666666664,-9.666666666666664,22.833333333333332,24.333333333333332,1.5,14.0,14.0,0.0,1538.826925051474,1501.5661405915066,1497.783696934614,1502.2261437773786,-4.442446842764639,1
2021_08_JAX_SEA,2021-10-31,2021,8,TRAIN,SEA,JAX,1,1470.9190803850765,1464.2897318403154,6.629348544761115,0.2857142857142857,0.16666666666666666,0.11904761904761904,0.0,0.3333333333333333,-0.3333333333333333,0.2,0.2,0.0,0.2857142857142857,0.16666666666666666,0.11904761904761904,-1.7142857142857142,-9.333333333333334,7.6190476190476195,21.428571428571427,19.333333333333332,2.095238095238095,23.142857142857142,28.666666666666668,5.5238095238095255,6.0,14.0,-8.0,1464.2897318403154,1470.9190803850765,1501.984588192813,1501.6710759199525,0.3135122728604074,1
2021_08_LA_HOU,2021-10-31,2021,8,TRAIN,HOU,LA,0,1453.349826680514,1544.5708395673644,-91.2210128868503,0.14285714285714285,0.8571428571428571,-0.7142857142857142,0.0,1.0,-1.0,0.0,0.8,-0.8,0.14285714285714285,0.8571428571428571,-0.7142857142857142,-15.142857142857142,8.714285714285714,-23.857142857142854,13.857142857142858,29.571428571428573,-15.714285714285715,29.0,20.857142857142858,-8.142857142857142,7.0,7.0,0.0,1544.5708395673644,1453.349826680514,1508.0133598557402,1492.5777335405007,15.43562631523946,1
2021_08_MIA_BUF,2021-10-31,2021,8,TRAIN,BUF,MIA,1,1518.7589829142285,1450.9947288261455,67.76425408808291,0.6666666666666666,0.14285714285714285,0.5238095238095237,0.6666666666666666,0.0,0.6666666666666666,0.8,0.0,0.8,0.6666666666666666,0.14285714285714285,0.5238095238095237,17.5,-11.428571428571429,28.92857142857143,33.833333333333336,18.142857142857142,15.690476190476193,16.333333333333332,29.571428571428573,13.23809523809524,13.0,7.0,6.0,1450.9947288261455,1518.7589829142285,1501.461727609603,1490.8829990268125,10.578728582790518,1
2021_08_NE_LAC,2021-10-31,2021,8,TRAIN,LAC,NE,0,1519.9826451757376,1491.415797835186,28.566847340551703,0.6666666666666666,0.42857142857142855,0.23809523809523808,0.6666666666666666,0.6666666666666666,0.0,0.6,0.4,0.19999999999999996,0.6666666666666666,0.42857142857142855,0.23809523809523808,-0.3333333333333333,5.571428571428571,-5.904761904761904,24.666666666666668,25.571428571428573,-0.9047619047619051,25.0,20.0,-5.0,14.0,7.0,7.0,1491.415797835186,1519.9826451757376,1513.6492937723651,1498.436620337941,15.212673434424232,1
2021_08_PHI_DET,2021-10-31,2021,8,TRAIN,DET,PHI,0,1436.008929752087,1473.1986258756729,-37.18969612358592,0.0,0.2857142857142857,-0.2857142857142857,0.0,0.3333333333333333,-0.3333333333333333,0.0,0.2,-0.2,0.0,0.2857142857142857,-0.2857142857142857,-10.285714285714286,-3.7142857142857144,-6.571428571428572,18.285714285714285,22.714285714285715,-4.428571428571431,28.571428571428573,26.428571428571427,-2.142857142857146,7.0,7.0,0.0,1473.1986258756729,1436.008929752087,1503.6880541746636,1510.9701247470591,-7.282070572395469,1
2021_08_PIT_CLE,2021-10-31,2021,8,TRAIN,CLE,PIT,0,1510.9568790198489,1501.5959369459783,9.360942073870547,0.5714285714285714,0.5,0.0714285714285714,0.3333333333333333,0.6666666666666666,-0.3333333333333333,0.6,0.4,0.19999999999999996,0.5714285714285714,0.5,0.0714285714285714,1.1428571428571428,-2.5,3.642857142857143,24.714285714285715,19.5,5.214285714285715,23.571428571428573,22.0,-1.571428571428573,10.0,14.0,-4.0,1501.5959369459783,1510.9568790198489,1511.1301263642945,1505.562952380706,5.567173983588418,1
2021_08_SF_CHI,2021-10-31,2021,8,TRAIN,CHI,SF,0,1492.120374014371,1479.7587968139806,12.361577200390457,0.42857142857142855,0.3333333333333333,0.09523809523809523,0.3333333333333333,0.0,0.3333333333333333,0.4,0.2,0.2,0.42857142857142855,0.3333333333333333,0.09523809523809523,-8.714285714285714,-2.3333333333333335,-6.38095238095238,14.428571428571429,22.5,-8.071428571428571,23.142857142857142,24.833333333333332,1.6904761904761898,7.0,7.0,0.0,1479.7587968139806,1492.120374014371,1511.3248067364425,1503.993659366172,7.331147370270401,1
2021_08_TB_NO,2021-10-31,2021,8,TRAIN,NO,TB,1,1518.061217880444,1545.6665402032743,-27.60532232283026,0.6666666666666666,0.8571428571428571,-0.19047619047619047,0.6666666666666666,1.0,-0.33333333333333337,0.6,0.8,-0.20000000000000007,0.6666666666666666,0.8571428571428571,-0.19047619047619047,6.5,12.285714285714286,-5.7857142857142865,23.333333333333332,33.285714285714285,-9.952380952380953,16.833333333333332,21.0,4.166666666666668,6.0,7.0,-1.0,1545.6665402032743,1518.061217880444,1492.028171143003,1496.2224406891548,-4.194269546151872,1
2021_08_TEN_IND,2021-10-31,2021,8,TRAIN,IND,TEN,0,1492.9497567542232,1527.938768232323,-34.989011478099656,0.42857142857142855,0.7142857142857143,-0.28571428571428575,0.6666666666666666,1.0,-0.33333333333333337,0.6,0.8,-0.20000000000000007,0.42857142857142855,0.7142857142857143,-0.28571428571428575,2.857142857142857,4.142857142857143,-1.285714285714286,24.142857142857142,27.571428571428573,-3.4285714285714306,21.285714285714285,23.428571428571427,2.1428571428571423,7.0,7.0,0.0,1527.938768232323,1492.9497567542232,1494.3347886706592,1488.7769559858662,5.557832684793084,1
2021_08_WAS_DEN,2021-10-31,2021,8,TRAIN,DEN,WAS,1,1486.8725979221736,1471.6918489197444,15.180749002429138,0.42857142857142855,0.2857142857142857,0.14285714285714285,0.0,0.0,0.0,0.2,0.2,0.0,0.42857142857142855,0.2857142857142857,0.14285714285714285,1.8571428571428572,-9.142857142857142,11.0,20.0,20.857142857142858,-0.8571428571428577,18.142857142857142,30.0,11.857142857142858,10.0,7.0,3.0,1471.6918489197444,1486.8725979221736,1495.9865918459116,1503.8796963243244,-7.893104478412852,1
2021_08_NYG_KC,2021-11-01,2021,8,TRAIN,KC,NYG,1,1490.5613220620796,1474.876247265793,15.685074796286699,0.42857142857142855,0.2857142857142857,0.14285714285714285,0.3333333333333333,0.3333333333333333,0.0,0.4,0.4,0.0,0.42857142857142855,0.2857142857142857,0.14285714285714285,-2.142857142857143,-5.857142857142857,3.714285714285714,26.857142857142858,19.857142857142858,7.0,29.0,25.714285714285715,-3.2857142857142847,8.0,8.0,0.0,1474.876247265793,1490.5613220620796,1503.5753282020282,1507.5537722891088,-3.978444087080561,1
2021_09_NYJ_IND,2021-11-04,2021,9,TRAIN,IND,NYJ,1,1483.9534307312372,1474.316788692582,9.636642038655282,0.375,0.2857142857142857,0.0892857142857143,0.6666666666666666,0.3333333333333333,0.3333333333333333,0.6,0.4,0.19999999999999996,0.375,0.2857142857142857,0.0892857142857143,2.125,-13.142857142857142,15.267857142857142,25.0,16.285714285714285,8.714285714285715,22.875,29.428571428571427,6.553571428571427,4.0,4.0,0.0,1474.316788692582,1483.9534307312372,1499.8075400615548,1503.8193623469313,-4.011822285376411,1
2021_09_ARI_SF,2021-11-07,2021,9,TRAIN,SF,ARI,0,1490.1144415488425,1553.0100041818837,-62.89556263304121,0.42857142857142855,0.875,-0.44642857142857145,0.3333333333333333,0.6666666666666666,-0.3333333333333333,0.2,0.8,-0.6000000000000001,0.42857142857142855,0.875,-0.44642857142857145,-0.42857142857142855,13.5,-13.928571428571429,24.0,30.75,-6.75,24.428571428571427,17.25,-7.178571428571427,7.0,10.0,-3.0,1553.0100041818837,1490.1144415488425,1500.4177341690463,1509.3258996945165,-8.908165525470167,1
2021_09_ATL_NO,2021-11-07,2021,9,TRAIN,NO,ATL,0,1528.8540951451873,1489.3314974228044,39.5225977223829,0.7142857142857143,0.42857142857142855,0.28571428571428575,1.0,0.6666666666666666,0.33333333333333337,0.8,0.6,0.20000000000000007,0.7142857142857143,0.42857142857142855,0.28571428571428575,6.857142857142857,-6.714285714285714,13.571428571428571,25.142857142857142,21.142857142857142,4.0,18.285714285714285,27.857142857142858,9.571428571428573,7.0,7.0,0.0,1489.3314974228044,1528.8540951451873,1499.1614791836578,1479.7393122871347,19.422166896523095,1
2021_09_BUF_JAX,2021-11-07,2021,9,TRAIN,JAX,BUF,1,1454.4805166766205,1526.8329321933304,-72.35241551670993,0.14285714285714285,0.7142857142857143,-0.5714285714285714,0.3333333333333333,0.6666666666666666,-0.3333333333333333,0.2,0.8,-0.6000000000000001,0.14285714285714285,0.7142857142857143,-0.5714285714285714,-11.428571428571429,17.142857142857142,-28.57142857142857,17.571428571428573,32.714285714285715,-15.142857142857142,29.0,15.571428571428571,-13.428571428571429,7.0,7.0,0.0,1526.8329321933304,1454.4805166766205,1493.8548919969676,1489.6606733748322,4.194218622135395,1
2021_09_CLE_CIN,2021-11-07,2021,9,TRAIN,CIN,CLE,0,1515.591433782266,1500.6875146250131,14.903919157252858,0.625,0.5,0.125,0.6666666666666666,0.3333333333333333,0.3333333333333333,0.6,0.4,0.19999999999999996,0.625,0.5,0.125,7.25,0.375,6.875,27.5,22.875,4.625,20.25,22.5,2.25,7.0,7.0,0.0,1500.6875146250131,1515.591433782266,1489.0620644416315,1511.3343114979211,-22.272247056289643,1
2021_09_DEN_DAL,2021-11-07,2021,9,TRAIN,DAL,DEN,0,1547.758566246812,1496.4359386886135,51.32262755819852,0.8571428571428571,0.5,0.3571428571428571,1.0,0.3333333333333333,0.6666666666666667,1.0,0.2,0.8,0.8571428571428571,0.5,0.3571428571428571,9.0,2.5,6.5,32.142857142857146,19.625,12.517857142857146,23.142857142857142,17.125,-6.017857142857142,7.0,7.0,0.0,1496.4359386886135,1547.758566246812,1500.53937189568,1494.3249616298604,6.214410265819652,1
2021_09_GB_KC,2021-11-07,2021,9,TRAIN,KC,GB,1,1500.1101757709569,1558.1398401159329,-58.02966434497603,0.5,0.875,-0.375,0.6666666666666666,1.0,-0.33333333333333337,0.6,1.0,-0.4,0.5,0.875,-0.375,-1.5,3.125,-4.625,26.0,24.0,2.0,27.5,20.875,-6.625,6.0,10.0,-4.0,1558.1398401159329,1500.1101757709569,1498.665579910756,1512.469534868229,-13.803954957473024,1
2021_09_HOU_MIA,2021-11-07,2021,9,TRAIN,MIA,HOU,1,1442.9207795470436,1445.9166659026264,-2.9958863555827975,0.125,0.125,0.0,0.0,0.0,0.0,0.0,0.0,0.0,0.125,0.125,0.0,-11.875,-15.25,3.375,17.25,14.875,2.375,29.125,30.125,1.0,7.0,7.0,0.0,1445.9166659026264,1442.9207795470436,1490.6347956096583,1512.9275277692132,-22.292732159554816,1
2021_09_LAC_PHI,2021-11-07,2021,9,TRAIN,PHI,LAC,0,1482.1322898481542,1509.1622730792299,-27.029983231075676,0.375,0.5714285714285714,-0.1964285714285714,0.3333333333333333,0.3333333333333333,0.0,0.4,0.6,-0.19999999999999996,0.375,0.5714285714285714,-0.1964285714285714,1.5,-0.7142857142857143,2.2142857142857144,25.375,24.571428571428573,0.803571428571427,23.875,25.285714285714285,1.4107142857142847,7.0,7.0,0.0,1509.1622730792299,1482.1322898481542,1498.0569084419076,1513.9324533394024,-15.87554489749482,1
2021_09_LV_NYG,2021-11-07,2021,9,TRAIN,NYG,LV,1,1465.3273935569157,1527.2118130946944,-61.88441953777874,0.25,0.7142857142857143,-0.4642857142857143,0.3333333333333333,0.6666666666666666,-0.3333333333333333,0.4,0.6,-0.19999999999999996,0.25,0.7142857142857143,-0.4642857142857143,-5.5,2.0,-7.5,19.5,25.714285714285715,-6.214285714285715,25.0,23.714285714285715,-1.2857142857142847,6.0,14.0,-8.0,1527.2118130946944,1465.3273935569157,1509.5510344459558,1499.5432686222516,10.007765823704176,1
2021_09_MIN_BAL,2021-11-07,2021,9,TRAIN,BAL,MIN,1,1528.7644944309504,1492.6344993961686,36.129995034781814,0.7142857142857143,0.42857142857142855,0.28571428571428575,0.6666666666666666,0.6666666666666666,0.0,0.8,0.6,0.20000000000000007,0.7142857142857143,0.42857142857142855,0.28571428571428575,3.2857142857142856,0.8571428571428571,2.4285714285714284,26.714285714285715,23.285714285714285,3.4285714285714306,23.428571428571427,22.428571428571427,-1.0,14.0,7.0,7.0,1492.6344993961686,1528.7644944309504,1507.3554557728833,1503.549081944909,3.806373827974312,1
2021_09_NE_CAR,2021-11-07,2021,9,TRAIN,CAR,NE,0,1496.701587749344,1502.2361699316937,-5.534582182349595,0.5,0.5,0.0,0.3333333333333333,0.6666666666666666,-0.3333333333333333,0.2,0.6,-0.39999999999999997,0.5,0.5,0.0,0.75,5.25,-4.5,20.625,25.75,-5.125,19.875,20.5,0.625,7.0,7.0,0.0,1502.2361699316937,1496.701587749344,1489.0562032772928,1502.4331493730883,-13.376946095795574,1
2021_09_TEN_LA,2021-11-07,2021,9,TRAIN,LA,TEN,0,1552.004000345252,1536.935094255309,15.068906089943084,0.875,0.75,0.125,1.0,1.0,0.0,0.8,0.8,0.0,0.875,0.75,0.125,9.625,4.0,5.625,30.625,28.375,2.25,21.0,24.375,3.375,7.0,7.0,0.0,1536.935094255309,1552.004000345252,1479.3627011321726,1491.2519050811418,-11.889203948969225,1
2021_09_CHI_PIT,2021-11-08,2021,9,TRAIN,PIT,CHI,1,1511.865301340814,1481.764729279509,30.100572061305,0.5714285714285714,0.375,0.1964285714285714,1.0,0.0,1.0,0.6,0.4,0.19999999999999996,0.5714285714285714,0.375,0.1964285714285714,-1.4285714285714286,-9.0,7.571428571428571,18.857142857142858,15.375,3.4821428571428577,20.285714285714285,24.375,4.089285714285715,8.0,8.0,0.0,1481.764729279509,1511.865301340814,1505.7543281846758,1507.1615638436697,-1.4072356589938408,1
2021_10_BAL_MIA,2021-11-11,2021,10,TRAIN,MIA,BAL,1,1453.007005950756,1537.728321954897,-84.72131600414104,0.2222222222222222,0.75,-0.5277777777777778,0.3333333333333333,0.6666666666666666,-0.3333333333333333,0.2,0.8,-0.6000000000000001,0.2222222222222222,0.75,-0.5277777777777778,-9.666666666666666,3.25,-12.916666666666666,17.22222222222222,27.625,-10.402777777777779,26.88888888888889,24.375,-2.5138888888888893,4.0,4.0,0.0,1537.728321954897,1453.007005950756,1485.5881242790456,1509.882355652117,-24.294231373071398,1
2021_10_ATL_DAL,2021-11-14,2021,10,TRAIN,DAL,ATL,1,1536.2920337313487,1500.4641677610587,35.82786597029008,0.75,0.5,0.25,0.6666666666666666,0.6666666666666666,0.0,0.8,0.6,0.20000000000000007,0.75,0.5,0.25,6.125,-5.625,11.75,30.125,21.875,8.25,24.0,27.5,3.5,7.0,7.0,0.0,1500.4641677610587,1536.2920337313487,1499.8265596334027,1489.5101313161722,10.316428317230475,1
2021_10_BUF_NYJ,2021-11-14,2021,10,TRAIN,NYJ,BUF,0,1464.5940824415106,1514.7800524477377,-50.18597000622708,0.25,0.625,-0.375,0.3333333333333333,0.3333333333333333,0.0,0.4,0.6,-0.19999999999999996,0.25,0.625,-0.375,-13.375,14.625,-28.0,18.0,29.375,-11.375,31.375,14.75,-16.625,10.0,7.0,3.0,1514.7800524477377,1464.5940824415106,1496.725050748748,1480.556776710156,16.16827403859179,1
2021_10_CAR_ARI,2021-11-14,2021,10,TRAIN,ARI,CAR,0,1561.2192435159513,1486.8608723566454,74.35837115930599,0.8888888888888888,0.4444444444444444,0.4444444444444444,0.6666666666666666,0.3333333333333333,0.3333333333333333,0.8,0.2,0.6000000000000001,0.8888888888888888,0.4444444444444444,0.4444444444444444,13.555555555555555,-1.3333333333333333,14.88888888888889,30.77777777777778,19.0,11.777777777777779,17.22222222222222,20.333333333333332,3.1111111111111107,7.0,7.0,0.0,1486.8608723566454,1561.2192435159513,1501.4637902598538,1487.391745036032,14.07204522382176,1
2021_10_CLE_NE,2021-11-14,2021,10,TRAIN,NE,CLE,1,1512.0768853243924,1511.1162209724364,0.9606643519559839,0.5555555555555556,0.5555555555555556,0.0,1.0,0.6666666666666666,0.33333333333333337,0.8,0.4,0.4,0.5555555555555556,0.5555555555555556,0.0,6.666666666666667,3.111111111111111,3.555555555555556,25.555555555555557,24.88888888888889,0.6666666666666679,18.88888888888889,21.77777777777778,2.8888888888888893,7.0,7.0,0.0,1511.1162209724364,1512.0768853243924,1499.888469178526,1516.2291931487475,-16.34072397022146,1
2021_10_JAX_IND,2021-11-14,2021,10,TRAIN,IND,JAX,1,1493.6761369823084,1466.5333964222132,27.142740560095262,0.4444444444444444,0.25,0.19444444444444442,0.6666666666666666,0.6666666666666666,0.0,0.6,0.4,0.19999999999999996,0.4444444444444444,0.25,0.19444444444444442,3.5555555555555554,-9.625,13.180555555555555,27.22222222222222,16.5,10.722222222222221,23.666666666666668,26.125,2.458333333333332,10.0,7.0,3.0,1466.5333964222132,1493.6761369823084,1496.667599030239,1495.3364806912027,1.3311183390362658,1
2021_10_KC_LV,2021-11-14,2021,10,TRAIN,LV,KC,0,1515.4492367925106,1511.7650439081533,3.684192884357344,0.625,0.5555555555555556,0.06944444444444442,0.6666666666666666,0.6666666666666666,0.0,0.4,0.6,-0.19999999999999996,0.625,0.5555555555555556,0.06944444444444442,0.875,-0.6666666666666666,1.5416666666666665,24.5,24.555555555555557,-0.055555555555557135,23.625,25.22222222222222,1.5972222222222214,7.0,7.0,0.0,1511.7650439081533,1515.4492367925106,1492.7237495892036,1512.290237905973,-19.566488316769437,1
2021_10_MIN_LAC,2021-11-14,2021,10,TRAIN,LAC,MIN,0,1518.3858534479007,1483.670671872222,34.71518157567857,0.625,0.375,0.25,0.3333333333333333,0.3333333333333333,0.0,0.6,0.4,0.19999999999999996,0.625,0.375,0.25,-0.25,0.375,-0.625,24.875,24.25,0.625,25.125,23.875,-1.25,7.0,7.0,0.0,1483.670671872222,1518.3858534479007,1510.473913564602,1509.416983086668,1.0569304779339745,1
2021_10_NO_TEN,2021-11-14,2021,10,TRAIN,TEN,NO,1,1547.3685404839234,1517.721424806933,29.647115676990325,0.7777777777777778,0.625,0.1527777777777778,1.0,0.6666666666666666,0.33333333333333337,1.0,0.6,0.4,0.7777777777777778,0.625,0.1527777777777778,4.888888888888889,5.75,-0.8611111111111107,28.333333333333332,25.125,3.208333333333332,23.444444444444443,19.375,-4.069444444444443,7.0,7.0,0.0,1517.721424806933,1547.3685404839234,1507.426725774122,1497.0277786682186,10.39894710590329,1
2021_10_PHI_DEN,2021-11-14,2021,10,TRAIN,DEN,PHI,0,1507.9024712040768,1472.9087094794834,34.99376172459347,0.5555555555555556,0.3333333333333333,0.22222222222222227,0.6666666666666666,0.3333333333333333,0.3333333333333333,0.4,0.4,0.0,0.5555555555555556,0.3333333333333333,0.22222222222222227,3.7777777777777777,1.0,2.7777777777777777,20.77777777777778,25.22222222222222,-4.444444444444443,17.0,24.22222222222222,7.222222222222221,7.0,7.0,0.0,1472.9087094794834,1507.9024712040768,1501.879973649055,1502.0043653133225,-0.12439166426747761,1
2021_10_SEA_GB,2021-11-14,2021,10,TRAIN,GB,SEA,1,1546.4849719787364,1480.7282955487715,65.75667642996495,0.7777777777777778,0.375,0.4027777777777778,0.6666666666666666,0.3333333333333333,0.3333333333333333,0.8,0.4,0.4,0.7777777777777778,0.375,0.4027777777777778,2.111111111111111,1.5,0.6111111111111112,22.11111111111111,22.625,-0.5138888888888893,20.0,21.125,1.125,7.0,14.0,-7.0,1480.7282955487715,1546.4849719787364,1514.4948800503898,1498.727532305307,15.767347745082816,1
2021_10_TB_WAS,2021-11-14,2021,10,TRAIN,WAS,TB,1,1462.1285081533044,1534.873662938531,-72.74515478522653,0.25,0.75,-0.5,0.0,0.6666666666666666,-0.6666666666666666,0.2,0.8,-0.6000000000000001,0.25,0.75,-0.5,-8.875,9.625,-18.5,19.5,32.5,-13.0,28.375,22.875,-5.5,14.0,14.0,0.0,1534.873662938531,1462.1285081533044,1501.1392136531902,1495.9496865208125,5.189527132377634,1
2021_10_LA_SF,2021-11-15,2021,10,TRAIN,SF,LA,1,1481.9052022147748,1541.5705541166376,-59.66535190186278,0.375,0.7777777777777778,-0.4027777777777778,0.3333333333333333,0.6666666666666666,-0.3333333333333333,0.2,0.8,-0.6000000000000001,0.375,0.7777777777777778,-0.4027777777777778,-2.125,7.222222222222222,-9.347222222222221,23.125,29.0,-5.875,25.25,21.77777777777778,-3.4722222222222214,8.0,8.0,0.0,1541.5705541166376,1481.9052022147748,1511.0197350054232,1481.0874332337519,29.93230177167129,1
2021_11_NE_ATL,2021-11-18,2021,11,TRAIN,ATL,NE,0,1491.491736855185,1522.0492352521544,-30.557498396969322,0.4444444444444444,0.6,-0.15555555555555556,0.3333333333333333,1.0,-0.6666666666666667,0.6,0.8,-0.20000000000000007,0.4444444444444444,0.6,-0.15555555555555556,-9.444444444444445,9.8,-19.244444444444447,19.77777777777778,27.5,-7.722222222222221,29.22222222222222,17.7,-11.522222222222222,4.0,4.0,0.0,1522.0492352521544,1491.491736855185,1498.7652280344723,1505.9903031298104,-7.22507509533807,1
2021_11_ARI_SEA,2021-11-21,2021,11,TRAIN,SEA,ARI,0,1472.5986457186023,1549.1111269880332,-76.51248126943096,0.3333333333333333,0.8,-0.46666666666666673,0.3333333333333333,0.3333333333333333,0.0,0.2,0.6,-0.39999999999999997,0.3333333333333333,0.8,-0.46666666666666673,-0.5555555555555556,9.8,-10.355555555555556,20.11111111111111,28.7,-8.588888888888889,20.666666666666668,18.9,-1.7666666666666693,7.0,7.0,0.0,1549.1111269880332,1472.5986457186023,1506.1395289566233,1499.0690787295116,7.070450227111678,1
2021_11_BAL_CHI,2021-11-21,2021,11,TRAIN,CHI,BAL,0,1472.6289322694129,1525.337055829461,-52.70812356004808,0.3333333333333333,0.6666666666666666,-0.3333333333333333,0.0,0.3333333333333333,-0.3333333333333333,0.2,0.6,-0.39999999999999997,0.3333333333333333,0.6666666666666666,-0.3333333333333333,-8.222222222222221,1.5555555555555556,-9.777777777777777,16.666666666666668,25.666666666666668,-9.0,24.88888888888889,24.11111111111111,-0.7777777777777786,13.0,10.0,3.0,1525.337055829461,1472.6289322694129,1515.416323086431,1494.8247384739072,20.591584612523775,1
2021_11_CIN_LV,2021-11-21,2021,11,TRAIN,LV,CIN,0,1505.3432011716454,1505.1627274348427,0.1804737368026963,0.5555555555555556,0.5555555555555556,0.0,0.3333333333333333,0.3333333333333333,0.0,0.4,0.4,0.0,0.5555555555555556,0.5555555555555556,0.0,-2.2222222222222223,3.6666666666666665,-5.888888888888889,23.333333333333332,26.22222222222222,-2.8888888888888893,25.555555555555557,22.555555555555557,-3.0,7.0,14.0,-7.0,1505.1627274348427,1505.3432011716454,1493.1917606264035,1494.8618541161165,-1.6700934897130537,1
2021_11_DAL_KC,2021-11-21,2021,11,TRAIN,KC,DAL,1,1521.8710795290185,1545.2644646372223,-23.393385108203802,0.6,0.7777777777777778,-0.1777777777777778,1.0,0.6666666666666666,0.33333333333333337,0.8,0.8,0.0,0.6,0.7777777777777778,-0.1777777777777778,2.1,9.88888888888889,-7.78888888888889,26.2,31.555555555555557,-5.355555555555558,24.1,21.666666666666668,-2.4333333333333336,7.0,7.0,0.0,1545.2644646372223,1521.8710795290185,1511.3865045102461,1494.0376942110156,17.348810299230536,1
2021_11_DET_CLE,2021-11-21,2021,11,TRAIN,CLE,DET,1,1501.1438710446744,1429.7146801380932,71.4291909065812,0.5,0.05555555555555555,0.4444444444444444,0.3333333333333333,0.16666666666666666,0.16666666666666666,0.4,0.1,0.30000000000000004,0.5,0.05555555555555555,0.4444444444444444,-1.0,-12.222222222222221,11.222222222222221,23.1,16.666666666666668,6.433333333333334,24.1,28.88888888888889,4.788888888888888,7.0,7.0,0.0,1429.7146801380932,1501.1438710446744,1514.6446648461838,1504.2979945088423,10.346670337341493,1
2021_11_GB_MIN,2021-11-21,2021,11,TRAIN,MIN,GB,1,1494.666543170257,1554.6146218089057,-59.94807863864867,0.4444444444444444,0.8,-0.3555555555555556,0.3333333333333333,0.6666666666666666,-0.3333333333333333,0.6,0.8,-0.20000000000000007,0.4444444444444444,0.8,-0.3555555555555556,1.1111111111111112,3.6,-2.488888888888889,24.555555555555557,21.6,2.9555555555555557,23.444444444444443,18.0,-5.444444444444443,7.0,7.0,0.0,1554.6146218089057,1494.666543170257,1510.9791515206791,1506.9687036471023,4.0104478735768225,1
2021_11_HOU_TEN,2021-11-21,2021,11,TRAIN,TEN,HOU,0,1556.5172929969322,1435.830439498914,120.68685349801808,0.8,0.1111111111111111,0.6888888888888889,1.0,0.0,1.0,1.0,0.0,1.0,0.8,0.1111111111111111,0.6888888888888889,4.6,-14.444444444444445,19.044444444444444,27.8,14.222222222222221,13.57777777777778,23.2,28.666666666666668,5.466666666666669,7.0,14.0,-7.0,1435.830439498914,1556.5172929969322,1518.4168252256322,1499.3999914510223,19.01683377460995,1
2021_11_IND_BUF,2021-11-21,2021,11,TRAIN,BUF,IND,0,1523.3455471975042,1502.8964915798272,20.449055617677004,0.6666666666666666,0.5,0.16666666666666663,0.6666666666666666,0.6666666666666666,0.0,0.6,0.8,-0.20000000000000007,0.6666666666666666,0.5,0.16666666666666663,16.11111111111111,3.8,12.31111111111111,31.11111111111111,26.8,4.31111111111111,15.0,23.0,8.0,7.0,7.0,0.0,1502.8964915798272,1523.3455471975042,1475.4722944286261,1485.8722646187052,-10.399970190079102,1
2021_11_MIA_NYJ,2021-11-21,2021,11,TRAIN,NYJ,MIA,0,1456.0285876917442,1465.398272076192,-9.369684384447737,0.2222222222222222,0.3,-0.07777777777777778,0.3333333333333333,0.6666666666666666,-0.3333333333333333,0.2,0.4,-0.2,0.2222222222222222,0.3,-0.07777777777777778,-15.0,-7.5,-7.5,17.88888888888889,17.7,0.18888888888889,32.888888888888886,25.2,-7.688888888888886,7.0,10.0,-3.0,1465.398272076192,1456.0285876917442,1497.6810612382953,1489.3604937834148,8.320567454880575,1
2021_11_NO_PHI,2021-11-21,2021,11,TRAIN,PHI,NO,1,1483.9125188021005,1508.5726722939244,-24.66015349182385,0.4,0.5555555555555556,-0.15555555555555556,0.6666666666666666,0.3333333333333333,0.3333333333333333,0.4,0.6,-0.19999999999999996,0.4,0.5555555555555556,-0.15555555555555556,2.6,4.888888888888889,-2.288888888888889,25.7,24.666666666666668,1.0333333333333314,23.1,19.77777777777778,-3.322222222222223,7.0,7.0,0.0,1508.5726722939244,1483.9125188021005,1499.8115637526803,1512.4981767370339,-12.686612984353587,1
2021_11_PIT_LAC,2021-11-21,2021,11,TRAIN,LAC,PIT,1,1507.3899821498658,1518.3616839924227,-10.971701842556968,0.5555555555555556,0.6111111111111112,-0.05555555555555558,0.3333333333333333,0.8333333333333334,-0.5,0.4,0.9,-0.5,0.5555555555555556,0.6111111111111112,-0.05555555555555558,-1.0,-0.8888888888888888,-0.11111111111111116,24.333333333333332,19.666666666666668,4.666666666666664,25.333333333333332,20.555555555555557,-4.777777777777775,7.0,7.0,0.0,1518.3616839924227,1507.3899821498658,1501.326348964448,1485.5223271964987,15.80402176794928,1
2021_11_SF_JAX,2021-11-21,2021,11,TRAIN,JAX,SF,0,1457.3130418246944,1493.6058239433353,-36.292782118640844,0.2222222222222222,0.4444444444444444,-0.2222222222222222,0.3333333333333333,0.6666666666666666,-0.3333333333333333,0.4,0.4,0.0,0.2222222222222222,0.4444444444444444,-0.2222222222222222,-9.222222222222221,0.4444444444444444,-9.666666666666666,16.555555555555557,24.0,-7.444444444444443,25.77777777777778,23.555555555555557,-2.2222222222222214,7.0,6.0,1.0,1493.6058239433353,1457.3130418246944,1492.1834003152642,1521.5572509343774,-29.373850619113227,1
2021_11_WAS_CAR,2021-11-21,2021,11,TRAIN,CAR,WAS,0,1498.9689888845635,1474.1922129432096,24.77677594135389,0.5,0.3333333333333333,0.16666666666666669,0.6666666666666666,0.3333333333333333,0.3333333333333333,0.4,0.2,0.2,0.5,0.3333333333333333,0.16666666666666669,1.2,-6.777777777777778,7.977777777777778,20.5,20.555555555555557,-0.055555555555557135,19.3,27.333333333333332,8.033333333333331,7.0,7.0,0.0,1474.1922129432096,1498.9689888845635,1503.635689009217,1510.0022540132968,-6.366565004079803,1
2021_11_NYG_TB,2021-11-22,2021,11,TRAIN,TB,NYG,1,1522.8099581486258,1477.0899698590995,45.71998828952633,0.6666666666666666,0.3333333333333333,0.3333333333333333,0.3333333333333333,0.6666666666666666,-0.3333333333333333,0.6,0.4,0.19999999999999996,0.6666666666666666,0.3333333333333333,0.3333333333333333,7.444444444444445,-4.111111111111111,11.555555555555555,31.0,19.88888888888889,11.11111111111111,23.555555555555557,24.0,0.44444444444444287,8.0,15.0,-7.0,1477.0899698590995,1522.8099581486258,1490.3753881514735,1512.9933970648945,-22.61800891342091,1
2021_12_BUF_NO,2021-11-25,2021,12,TRAIN,NO,BUF,0,1497.8640855334086,1512.7576547590054,-14.89356922559682,0.5,0.6,-0.09999999999999998,0.0,0.3333333333333333,-0.3333333333333333,0.4,0.4,0.0,0.5,0.6,-0.09999999999999998,3.3,11.9,-8.600000000000001,25.1,29.5,-4.399999999999999,21.8,17.6,-4.199999999999999,4.0,4.0,0.0,1512.7576547590054,1497.8640855334086,1509.274250981549,1476.1631897021964,33.1110612793525,1
2021_12_CHI_DET,2021-11-25,2021,12,TRAIN,DET,CHI,0,1421.7420933618885,1464.1344618938995,-42.392368532011005,0.05,0.3,-0.25,0.16666666666666666,0.0,0.16666666666666666,0.1,0.0,0.1,0.05,0.3,-0.25,-11.3,-7.7,-3.6000000000000005,16.0,16.3,-0.3000000000000007,27.3,24.0,-3.3000000000000007,4.0,4.0,0.0,1464.1344618938995,1421.7420933618885,1508.1914714016898,1516.7169429007358,-8.525471499046034,1
2021_12_LV_DAL,2021-11-25,2021,12,TRAIN,DAL,LV,0,1534.5921645491455,1495.338006720412,39.25415782873347,0.7,0.5,0.19999999999999996,0.3333333333333333,0.0,0.3333333333333333,0.6,0.4,0.19999999999999996,0.7,0.5,0.19999999999999996,7.9,-3.9,11.8,29.3,22.3,7.0,21.4,26.2,4.800000000000001,4.0,4.0,0.0,1495.338006720412,1534.5921645491455,1502.1794475728698,1494.224211480814,7.955236092055884,1
2021_12_ATL_JAX,2021-11-28,2021,12,TRAIN,JAX,ATL,0,1448.353849159463,1482.3689915305022,-34.015142371039246,0.2,0.4,-0.2,0.3333333333333333,0.3333333333333333,0.0,0.4,0.4,0.0,0.2,0.4,-0.2,-10.3,-11.0,0.6999999999999993,15.9,17.8,-1.9000000000000004,26.2,28.8,2.6000000000000014,7.0,10.0,-3.0,1482.3689915305022,1448.353849159463,1491.1273905142627,1506.7262702985015,-15.598879784238761,1
2021_12_CAR_MIA,2021-11-28,2021,12,TRAIN,MIA,CAR,1,1475.1286562401726,1488.257062393334,-13.12840615316145,0.36363636363636365,0.45454545454545453,-0.09090909090909088,1.0,0.3333333333333333,0.6666666666666667,0.6,0.4,0.19999999999999996,0.3,0.4,-0.10000000000000003,-6.181818181818182,0.5454545454545454,-6.727272727272727,18.272727272727273,20.545454545454547,-2.2727272727272734,24.454545454545453,20.0,-4.454545454545453,7.0,7.0,0.0,1488.257062393334,1475.1286562401726,1489.8048770195944,1500.2567649206062,-10.451887901011787,1
2021_12_CLE_BAL,2021-11-28,2021,12,TRAIN,BAL,CLE,1,1533.8315262049744,1509.116457820879,24.715068384095275,0.7,0.5454545454545454,0.15454545454545454,0.6666666666666666,0.6666666666666666,0.0,0.6,0.6,0.0,0.7,0.6,0.09999999999999998,1.7,-0.6363636363636364,2.3363636363636364,24.7,22.181818181818183,2.518181818181816,23.0,22.818181818181817,-0.18181818181818343,7.0,7.0,0.0,1509.116457820879,1533.8315262049744,1493.0120228995424,1491.145361113973,1.8666617855694767,1
2021_12_LAC_DEN,2021-11-28,2021,12,TRAIN,DEN,LAC,1,1496.8986618814597,1517.705668182509,-20.80700630104934,0.5,0.6,-0.09999999999999998,0.6666666666666666,0.6666666666666666,0.0,0.4,0.4,0.0,0.5,0.6,-0.09999999999999998,1.7,-0.5,2.2,20.0,26.0,-6.0,18.3,26.5,8.2,14.0,7.0,7.0,1517.705668182509,1496.8986618814597,1500.346629610854,1500.9955757178243,-0.6489461069702429,1
2021_12_LA_GB,2021-11-28,2021,12,TRAIN,GB,LA,1,1542.9060989925456,1529.8699323880771,13.036166604468463,0.7272727272727273,0.7,0.027272727272727337,0.3333333333333333,0.3333333333333333,0.0,0.6,0.6,0.0,0.8,0.7,0.10000000000000009,3.0,4.4,-1.4000000000000004,22.454545454545453,27.1,-4.645454545454548,19.454545454545453,22.7,3.245454545454546,7.0,13.0,-6.0,1529.8699323880771,1542.9060989925456,1503.793609466077,1477.5737670395742,26.219842426502737,1
2021_12_MIN_SF,2021-11-28,2021,12,TRAIN,SF,MIN,1,1502.5650166085668,1506.375065986617,-3.81004937805028,0.5,0.5,0.0,0.6666666666666666,0.6666666666666666,0.0,0.6,0.6,0.0,0.5,0.5,0.0,2.4,1.3,1.0999999999999999,24.6,25.5,-0.8999999999999986,22.2,24.2,2.0,7.0,7.0,0.0,1506.375065986617,1502.5650166085668,1505.3511624340704,1529.6688672340479,-24.31770479997749,1
2021_12_NYJ_HOU,2021-11-28,2021,12,TRAIN,HOU,NYJ,0,1449.170802949845,1446.2982035277635,2.872599422081521,0.2,0.2,0.0,0.3333333333333333,0.0,0.3333333333333333,0.2,0.2,0.0,0.2,0.2,0.0,-12.1,-14.2,2.0999999999999996,15.0,17.8,-2.8000000000000007,27.1,32.0,4.899999999999999,7.0,7.0,0.0,1446.2982035277635,1449.170802949845,1514.5917471925877,1494.6521429138697,19.93960427871798,1
2021_12_PHI_NYG,2021-11-28,2021,12,TRAIN,NYG,PHI,1,1468.3983533385026,1494.6211055626163,-26.22275222411372,0.3,0.45454545454545453,-0.15454545454545454,0.3333333333333333,0.6666666666666666,-0.3333333333333333,0.4,0.6,-0.19999999999999996,0.3,0.4,-0.10000000000000003,-5.7,3.3636363636363638,-9.063636363636364,18.9,27.0,-8.100000000000001,24.6,23.636363636363637,-0.9636363636363647,6.0,7.0,-1.0,1494.6211055626163,1468.3983533385026,1513.3352932938792,1495.9785978855848,17.3566954082944,1
2021_12_PIT_CIN,2021-11-28,2021,12,TRAIN,CIN,PIT,1,1515.167921886076,1508.0459979597795,7.121923926296631,0.6,0.55,0.04999999999999993,0.3333333333333333,0.5,-0.16666666666666669,0.6,0.7,-0.09999999999999998,0.6,0.55,0.04999999999999993,5.2,-1.2,6.4,26.8,21.4,5.400000000000002,21.6,22.6,1.0,7.0,7.0,0.0,1508.0459979597795,1515.167921886076,1491.9338880569437,1483.4466177239199,8.487270333023844,1
2021_12_TB_IND,2021-11-28,2021,12,TRAIN,IND,TB,0,1513.484384018326,1531.5015746692227,-18.017190650896737,0.5454545454545454,0.7,-0.15454545454545454,1.0,0.3333333333333333,0.6666666666666667,0.8,0.6,0.20000000000000007,0.6,0.7,-0.09999999999999998,5.818181818181818,8.7,-2.881818181818181,28.09090909090909,30.9,-2.8090909090909086,22.272727272727273,22.2,-0.07272727272727408,7.0,6.0,1.0,1531.5015746692227,1513.484384018326,1496.4202432160123,1489.8985808705706,6.521662345441655,1
2021_12_TEN_NE,2021-11-28,2021,12,TRAIN,NE,TEN,1,1531.1719805768373,1543.1769295460012,-12.004948969163934,0.6363636363636364,0.7272727272727273,-0.09090909090909094,1.0,0.6666666666666666,0.33333333333333337,1.0,0.8,0.19999999999999996,0.7,0.8,-0.10000000000000009,11.181818181818182,3.3636363636363638,7.818181818181818,27.272727272727273,26.454545454545453,0.8181818181818201,16.09090909090909,23.09090909090909,7.0,10.0,7.0,3.0,1543.1769295460012,1531.1719805768373,1498.297450349711,1499.707351610495,-1.409901260783954,1
2021_12_SEA_WAS,2021-11-29,2021,12,TRAIN,WAS,SEA,1,1484.904139434439,1464.7659290395889,20.138210394850148,0.4,0.3,0.10000000000000003,0.6666666666666666,0.3333333333333333,0.3333333333333333,0.4,0.2,0.2,0.4,0.3,0.10000000000000003,-5.5,-1.5,-4.0,21.2,19.4,1.8000000000000007,26.7,20.9,-5.800000000000001,8.0,8.0,0.0,1464.7659290395889,1484.904139434439,1510.0252043061898,1512.0831667255627,-2.0579624193728705,1
2021_13_DAL_NO,2021-12-02,2021,13,TRAIN,NO,DAL,0,1488.2924945329717,1523.4671220739076,-35.174627540935944,0.45454545454545453,0.6363636363636364,-0.18181818181818182,0.0,0.3333333333333333,-0.3333333333333333,0.2,0.4,-0.2,0.4,0.7,-0.29999999999999993,0.7272727272727273,6.909090909090909,-6.181818181818182,23.363636363636363,29.636363636363637,-6.272727272727273,22.636363636363637,22.727272727272727,0.09090909090908994,7.0,7.0,0.0,1523.4671220739076,1488.2924945329717,1515.8073503342216,1503.135066658122,12.672283676099596,1
2021_13_ARI_CHI,2021-12-05,2021,13,TRAIN,CHI,ARI,0,1472.920330669778,1556.9438436670466,-84.02351299726865,0.36363636363636365,0.8181818181818182,-0.4545454545454546,0.3333333333333333,0.6666666666666666,-0.3333333333333333,0.2,0.6,-0.39999999999999997,0.4,0.8,-0.4,-6.818181818181818,9.818181818181818,-16.636363636363637,16.272727272727273,28.181818181818183,-11.90909090909091,23.09090909090909,18.363636363636363,-4.727272727272727,10.0,14.0,-4.0,1556.9438436670466,1472.920330669778,1495.078102866018,1491.5857900661617,3.492312799856336,1
2021_13_BAL_PIT,2021-12-05,2021,13,TRAIN,PIT,BAL,1,1498.2509547019624,1543.121366820435,-44.870412118472586,0.5,0.7272727272727273,-0.2272727272727273,0.16666666666666666,0.6666666666666666,-0.5,0.5,0.6,-0.09999999999999998,0.45,0.8,-0.35000000000000003,-3.909090909090909,2.090909090909091,-6.0,20.363636363636363,23.90909090909091,-3.5454545454545467,24.272727272727273,21.818181818181817,-2.454545454545457,7.0,7.0,0.0,1543.121366820435,1498.2509547019624,1488.4709556229811,1488.8353168582385,-0.36436123525732,1
2021_13_DEN_KC,2021-12-05,2021,13,TRAIN,KC,DEN,1,1532.5433796170953,1507.49682073559,25.046558881505234,0.6363636363636364,0.5454545454545454,0.09090909090909094,1.0,0.6666666666666666,0.33333333333333337,0.8,0.6,0.20000000000000007,0.6,0.5,0.09999999999999998,2.8181818181818183,2.909090909090909,-0.09090909090909083,25.545454545454547,20.727272727272727,4.81818181818182,22.727272727272727,17.818181818181817,-4.90909090909091,14.0,7.0,7.0,1507.49682073559,1532.5433796170953,1522.4397484917417,1502.2292800782873,20.210468413454464,1
2021_13_IND_HOU,2021-12-05,2021,13,TRAIN,HOU,IND,0,1439.0881247762013,1504.002496095914,-64.9143713197127,0.18181818181818182,0.5,-0.3181818181818182,0.3333333333333333,0.6666666666666666,-0.3333333333333333,0.2,0.6,-0.39999999999999997,0.1,0.6,-0.5,-11.636363636363637,4.75,-16.386363636363637,14.909090909090908,28.333333333333332,-13.424242424242424,26.545454545454547,23.583333333333332,-2.9621212121212146,7.0,7.0,0.0,1504.002496095914,1439.0881247762013,1509.2903591821434,1504.7272150427689,4.563144139374572,1
2021_13_JAX_LA,2021-12-05,2021,13,TRAIN,LA,JAX,1,1520.244967445155,1439.3297675600252,80.91519988512982,0.6363636363636364,0.18181818181818182,0.45454545454545453,0.0,0.0,0.0,0.4,0.2,0.2,0.6,0.2,0.39999999999999997,3.272727272727273,-10.0,13.272727272727273,27.181818181818183,15.727272727272727,11.454545454545457,23.90909090909091,25.727272727272727,1.8181818181818166,7.0,7.0,0.0,1439.3297675600252,1520.244967445155,1491.6936290445294,1493.4805930069106,-1.7869639623811508,1
2021_13_LAC_CIN,2021-12-05,2021,13,TRAIN,CIN,LAC,0,1524.9629651438931,1507.1075093283787,17.85545581551446,0.6363636363636364,0.5454545454545454,0.09090909090909094,0.6666666666666666,0.3333333333333333,0.3333333333333333,0.6,0.4,0.19999999999999996,0.6,0.5,0.09999999999999998,7.545454545454546,-1.8181818181818181,9.363636363636363,28.09090909090909,24.818181818181817,3.2727272727272734,20.545454545454547,26.636363636363637,6.09090909090909,7.0,7.0,0.0,1507.1075093283787,1524.9629651438931,1503.1919483616523,1494.495821085889,8.696127275763274,1
2021_13_MIN_DET,2021-12-05,2021,13,TRAIN,DET,MIN,1,1412.95622458601,1496.2654083460359,-83.30918376002592,0.045454545454545456,0.45454545454545453,-0.40909090909090906,0.16666666666666666,0.6666666666666666,-0.5,0.1,0.4,-0.30000000000000004,0.05,0.5,-0.45,-10.454545454545455,0.45454545454545453,-10.90909090909091,15.818181818181818,25.545454545454547,-9.727272727272728,26.272727272727273,25.09090909090909,-1.1818181818181834,10.0,7.0,3.0,1496.2654083460359,1412.95622458601,1499.337180681021,1528.6313822695597,-29.294201588538726,1
2021_13_NYG_MIA,2021-12-05,2021,13,TRAIN,MIA,NYG,1,1485.5063424043087,1479.1516749294094,6.3546674748993155,0.4166666666666667,0.36363636363636365,0.05303030303030304,1.0,0.6666666666666666,0.33333333333333337,0.8,0.6,0.20000000000000007,0.4,0.4,0.0,-3.75,-4.636363636363637,0.8863636363636367,19.5,18.363636363636363,1.1363636363636367,23.25,23.0,-0.25,7.0,7.0,0.0,1479.1516749294094,1485.5063424043087,1489.337924171366,1506.4954666187564,-17.15754244739037,1
2021_13_PHI_NYJ,2021-12-05,2021,13,TRAIN,NYJ,PHI,0,1456.3808817014071,1483.8677839717095,-27.48690227030238,0.2727272727272727,0.4166666666666667,-0.14393939393939398,0.3333333333333333,0.6666666666666666,-0.3333333333333333,0.4,0.6,-0.19999999999999996,0.3,0.4,-0.10000000000000003,-12.272727272727273,2.5833333333333335,-14.856060606060607,18.09090909090909,25.333333333333332,-7.242424242424242,30.363636363636363,22.75,-7.613636363636363,7.0,7.0,0.0,1483.8677839717095,1456.3808817014071,1488.148506104167,1486.008939933564,2.1395661706028477,1
2021_13_SF_SEA,2021-12-05,2021,13,TRAIN,SEA,SF,1,1455.344905088643,1512.674674249148,-57.329769160505066,0.2727272727272727,0.5454545454545454,-0.2727272727272727,0.0,1.0,-1.0,0.2,0.8,-0.6000000000000001,0.2,0.5,-0.3,-1.5454545454545454,2.909090909090909,-4.454545454545455,19.0,25.454545454545453,-6.454545454545453,20.545454545454547,22.545454545454547,2.0,6.0,7.0,-1.0,1512.674674249148,1455.344905088643,1510.7356221022806,1510.0778080248408,0.6578140774397525,1
2021_13_TB_ATL,2021-12-05,2021,13,TRAIN,ATL,TB,0,1491.39307312994,1540.9834625916346,-49.59038946169471,0.45454545454545453,0.7272727272727273,-0.27272727272727276,0.3333333333333333,0.6666666666666666,-0.3333333333333333,0.4,0.6,-0.19999999999999996,0.5,0.7,-0.19999999999999996,-9.363636363636363,8.545454545454545,-17.909090909090907,18.09090909090909,31.545454545454547,-13.454545454545457,27.454545454545453,23.0,-4.454545454545453,7.0,7.0,0.0,1540.9834625916346,1491.39307312994,1504.3730563828356,1494.3727454289747,10.00031095386089,1
2021_13_WAS_LV,2021-12-05,2021,13,TRAIN,LV,WAS,0,1506.46304919565,1494.325163385385,12.137885810265061,0.5454545454545454,0.45454545454545453,0.09090909090909088,0.3333333333333333,1.0,-0.6666666666666667,0.4,0.6,-0.19999999999999996,0.5,0.5,0.0,-3.272727272727273,-4.818181818181818,1.5454545454545454,23.545454545454547,20.818181818181817,2.72727272727273,26.818181818181817,25.636363636363637,-1.1818181818181799,10.0,6.0,4.0,1494.325163385385,1506.46304919565,1499.8022250641636,1504.9719678324036,-5.169742768239985,1
2021_13_NE_BUF,2021-12-06,2021,13,TRAIN,BUF,NE,0,1522.3292457594423,1541.5173733384088,-19.188127578966487,0.6363636363636364,0.6666666666666666,-0.030303030303030276,0.6666666666666666,1.0,-0.33333333333333337,0.6,1.0,-0.4,0.7,0.7,0.0,13.090909090909092,12.166666666666666,0.9242424242424256,29.636363636363637,28.0,1.6363636363636367,16.545454545454547,15.833333333333334,-0.7121212121212128,11.0,8.0,3.0,1541.5173733384088,1522.3292457594423,1474.1659810115025,1512.4938240597407,-38.327843048238265,1
2021_14_PIT_MIN,2021-12-09,2021,14,TRAIN,MIN,PIT,1,1483.9124996115963,1509.5352963685514,-25.62279675695504,0.4166666666666667,0.5416666666666666,-0.12499999999999994,0.3333333333333333,0.3333333333333333,0.0,0.4,0.5,-0.09999999999999998,0.5,0.55,-0.050000000000000044,0.25,-3.5,3.75,25.666666666666668,20.333333333333332,5.333333333333336,25.416666666666668,23.833333333333332,-1.5833333333333357,4.0,4.0,0.0,1509.5352963685514,1483.9124996115963,1503.4572421764667,1494.9038531830984,8.553388993368344,1
2021_14_ATL_CAR,2021-12-12,2021,14,TRAIN,CAR,ATL,0,1477.879376229198,1482.8107848337677,-4.931408604569697,0.4166666666666667,0.4166666666666667,0.0,0.3333333333333333,0.3333333333333333,0.0,0.4,0.4,0.0,0.3,0.5,-0.2,-1.4166666666666667,-9.666666666666666,8.25,19.666666666666668,18.0,1.6666666666666679,21.083333333333332,27.666666666666668,6.583333333333336,14.0,7.0,7.0,1482.8107848337677,1477.879376229198,1502.4986598354303,1515.3065351759576,-12.80787534052729,1
2021_14_BAL_CLE,2021-12-12,2021,14,TRAIN,CLE,BAL,1,1499.8266172054184,1531.837025153846,-32.010407948427655,0.5,0.6666666666666666,-0.16666666666666663,0.3333333333333333,0.6666666666666666,-0.3333333333333333,0.4,0.6,-0.19999999999999996,0.5,0.7,-0.19999999999999996,-1.0833333333333333,1.8333333333333333,-2.9166666666666665,21.166666666666668,23.5,-2.333333333333332,22.25,21.666666666666668,-0.5833333333333321,14.0,7.0,7.0,1531.837025153846,1499.8266172054184,1498.5620924791408,1485.1275700278359,13.434522451304929,1
2021_14_BUF_TB,2021-12-12,2021,14,TRAIN,TB,BUF,1,1549.5657508878069,1512.8809636452136,36.6847872425933,0.75,0.5833333333333334,0.16666666666666663,1.0,0.3333333333333333,0.6666666666666667,0.6,0.4,0.19999999999999996,0.7,0.6,0.09999999999999998,8.916666666666666,11.666666666666666,-2.75,31.416666666666668,28.0,3.416666666666668,22.5,16.333333333333332,-6.166666666666668,7.0,6.0,1.0,1512.8809636452136,1549.5657508878069,1492.4314306082229,1492.2705099139553,0.16092069426758826,1
2021_14_CHI_GB,2021-12-12,2021,14,TRAIN,GB,CHI,1,1552.5310639354677,1465.2926517929338,87.23841214253389,0.75,0.3333333333333333,0.4166666666666667,0.6666666666666666,0.3333333333333333,0.3333333333333333,0.6,0.2,0.39999999999999997,0.8,0.3,0.5,3.4166666666666665,-7.166666666666667,10.583333333333334,23.583333333333332,16.75,6.833333333333332,20.166666666666668,23.916666666666668,3.75,14.0,7.0,7.0,1465.2926517929338,1552.5310639354677,1513.7677520454702,1499.1294182026381,14.638333842832026,1
2021_14_DAL_WAS,2021-12-12,2021,14,TRAIN,WAS,DAL,0,1504.674377761578,1532.4581597391018,-27.78378197752386,0.5,0.6666666666666666,-0.16666666666666663,1.0,0.3333333333333333,0.6666666666666667,0.8,0.4,0.4,0.5,0.7,-0.19999999999999996,-4.25,7.166666666666667,-11.416666666666668,20.5,29.416666666666668,-8.916666666666668,24.75,22.25,-2.5,7.0,10.0,-3.0,1532.4581597391018,1504.674377761578,1498.3888455961014,1500.480337446415,-2.0914918503135596,1
2021_14_DET_DEN,2021-12-12,2021,14,TRAIN,DEN,DET,1,1498.216472419457,1425.3091333204495,72.90733909900746,0.5,0.125,0.375,0.3333333333333333,0.3333333333333333,0.0,0.6,0.3,0.3,0.4,0.15,0.25,1.5833333333333333,-9.416666666666666,11.0,19.75,16.916666666666668,2.833333333333332,18.166666666666668,26.333333333333332,8.166666666666664,7.0,7.0,0.0,1425.3091333204495,1498.216472419457,1508.5216344891287,1491.1486931022387,17.372941386890034,1
2021_14_JAX_TEN,2021-12-12,2021,14,TRAIN,TEN,JAX,1,1532.8315367844298,1431.6174819055354,101.21405487889433,0.6666666666666666,0.16666666666666666,0.5,0.3333333333333333,0.0,0.3333333333333333,0.6,0.2,0.39999999999999997,0.7,0.2,0.49999999999999994,1.1666666666666667,-11.666666666666666,12.833333333333332,25.333333333333332,15.0,10.333333333333332,24.166666666666668,26.666666666666668,2.5,14.0,7.0,7.0,1431.6174819055354,1532.8315367844298,1505.935520396432,1503.3457704189263,2.589749977505562,1
2021_14_LV_KC,2021-12-12,2021,14,TRAIN,KC,LV,1,1541.8237279332284,1496.113834819457,45.709893113771386,0.6666666666666666,0.5,0.16666666666666663,1.0,0.3333333333333333,0.6666666666666667,1.0,0.2,0.8,0.7,0.4,0.29999999999999993,3.6666666666666665,-3.1666666666666665,6.833333333333333,25.25,22.833333333333332,2.416666666666668,21.583333333333332,26.0,4.416666666666668,7.0,7.0,0.0,1496.113834819457,1541.8237279332284,1520.2453219094098,1502.2344985668883,18.010823342521462,1
2021_14_NO_NYJ,2021-12-12,2021,14,TRAIN,NYJ,NO,0,1447.1703718987267,1479.3014568677775,-32.13108496905079,0.25,0.4166666666666667,-0.16666666666666669,0.3333333333333333,0.0,0.3333333333333333,0.2,0.0,0.2,0.3,0.4,-0.10000000000000003,-12.5,-0.16666666666666666,-12.333333333333334,18.083333333333332,22.833333333333332,-4.75,30.583333333333332,23.0,-7.583333333333332,7.0,10.0,-3.0,1479.3014568677775,1447.1703718987267,1479.4340684353442,1511.3674667083483,-31.93339827300406,1
2021_14_NYG_LAC,2021-12-12,2021,14,TRAIN,LAC,NYG,1,1517.6209786877275,1469.334556569122,48.286422118605515,0.5833333333333334,0.3333333333333333,0.25000000000000006,0.6666666666666666,0.3333333333333333,0.3333333333333333,0.6,0.4,0.19999999999999996,0.6,0.4,0.19999999999999996,-0.08333333333333333,-5.166666666666667,5.083333333333334,26.166666666666668,17.583333333333332,8.583333333333336,26.25,22.75,-3.5,7.0,7.0,0.0,1469.334556569122,1517.6209786877275,1501.2052545476304,1504.142108254465,-2.936853706834654,1
2021_14_SEA_HOU,2021-12-12,2021,14,TRAIN,HOU,SEA,0,1430.9350689769744,1466.9801737936089,-36.04510481663442,0.16666666666666666,0.3333333333333333,-0.16666666666666666,0.3333333333333333,0.3333333333333333,0.0,0.2,0.4,-0.2,0.1,0.3,-0.19999999999999998,-13.25,-0.8333333333333334,-12.416666666666666,13.666666666666666,19.916666666666668,-6.250000000000002,26.916666666666668,20.75,-6.166666666666668,7.0,7.0,0.0,1466.9801737936089,1430.9350689769744,1498.8619223470037,1511.4929288981343,-12.631006551130668,1
2021_14_SF_CIN,2021-12-12,2021,14,TRAIN,CIN,SF,0,1514.4494957845443,1501.039405544182,13.410090240362251,0.5833333333333334,0.5,0.08333333333333337,0.6666666666666666,0.6666666666666666,0.0,0.4,0.6,-0.19999999999999996,0.6,0.4,0.19999999999999996,5.333333333333333,2.0833333333333335,3.2499999999999996,27.583333333333332,25.25,2.333333333333332,22.25,23.166666666666668,0.9166666666666679,7.0,7.0,0.0,1501.039405544182,1514.4494957845443,1496.7304946487686,1502.7227142396953,-5.992219590926652,1
2021_14_LA_ARI,2021-12-13,2021,14,TRAIN,ARI,LA,0,1564.5715225438908,1527.9572530996447,36.61426944424602,0.8333333333333334,0.6666666666666666,0.16666666666666674,0.6666666666666666,0.3333333333333333,0.3333333333333333,0.6,0.4,0.19999999999999996,0.8,0.6,0.20000000000000007,9.916666666666666,5.5,4.416666666666666,28.583333333333332,28.0,0.5833333333333321,18.666666666666668,22.5,3.833333333333332,8.0,8.0,0.0,1527.9572530996447,1564.5715225438908,1494.0360642484793,1490.8851979406338,3.15086630784549,1
2021_15_KC_LAC,2021-12-16,2021,15,TRAIN,LAC,KC,0,1526.2400632449526,1550.5156300433812,-24.2755667984286,0.6153846153846154,0.6923076923076923,-0.07692307692307687,0.6666666666666666,1.0,-0.33333333333333337,0.6,1.0,-0.4,0.6,0.8,-0.20000000000000007,1.1538461538461537,6.384615384615385,-5.230769230769232,27.0,27.0,0.0,25.846153846153847,20.615384615384617,-5.23076923076923,4.0,4.0,0.0,1550.5156300433812,1526.2400632449526,1498.645707891824,1524.4928394201427,-25.84713152831864,1
2021_15_NE_IND,2021-12-18,2021,15,TRAIN,IND,NE,1,1512.155551895141,1550.9656554526375,-38.81010355749663,0.5384615384615384,0.6923076923076923,-0.15384615384615385,0.6666666666666666,1.0,-0.33333333333333337,0.8,1.0,-0.19999999999999996,0.7,0.8,-0.10000000000000009,6.769230769230769,11.538461538461538,-4.769230769230769,28.53846153846154,26.923076923076923,1.6153846153846168,21.76923076923077,15.384615384615385,-6.384615384615385,13.0,12.0,1.0,1550.9656554526375,1512.155551895141,1486.9570863515448,1512.9631441764818,-26.00605782493699,1
2021_15_ARI_DET,2021-12-19,2021,15,TRAIN,DET,ARI,1,1417.3773069132258,1553.5215631816031,-136.14425626837738,0.11538461538461539,0.7692307692307693,-0.6538461538461539,0.3333333333333333,0.6666666666666666,-0.3333333333333333,0.3,0.6,-0.3,0.15,0.7,-0.5499999999999999,-10.846153846153847,8.615384615384615,-19.46153846153846,16.384615384615383,28.153846153846153,-11.76923076923077,27.23076923076923,19.53846153846154,-7.69230769230769,7.0,6.0,1.0,1553.5215631816031,1417.3773069132258,1496.1522624109955,1490.0903086787025,6.061953732292977,1
2021_15_ATL_SF,2021-12-19,2021,15,TRAIN,SF,ATL,1,1511.425187413277,1492.6688570154113,18.756330397865668,0.5384615384615384,0.46153846153846156,0.07692307692307687,0.6666666666666666,0.6666666666666666,0.0,0.8,0.4,0.4,0.5,0.5,0.0,2.1538461538461537,-8.307692307692308,10.461538461538462,25.307692307692307,18.846153846153847,6.46153846153846,23.153846153846153,27.153846153846153,4.0,7.0,7.0,0.0,1492.6688570154113,1511.425187413277,1495.0106125602274,1505.1115913927597,-10.100978832532292,1
2021_15_CAR_BUF,2021-12-19,2021,15,TRAIN,BUF,CAR,1,1503.9329302547596,1468.0213040475544,35.911626207205245,0.5384615384615384,0.38461538461538464,0.1538461538461538,0.3333333333333333,0.0,0.3333333333333333,0.4,0.2,0.2,0.5,0.2,0.3,10.307692307692308,-1.9230769230769231,12.230769230769232,27.923076923076923,19.76923076923077,8.153846153846153,17.615384615384617,21.692307692307693,4.076923076923077,7.0,7.0,0.0,1468.0213040475544,1503.9329302547596,1511.2875567561925,1499.117413492959,12.170143263233513,1
2021_15_CIN_DEN,2021-12-19,2021,15,TRAIN,DEN,CIN,0,1506.1482988266807,1504.0637139154494,2.0845849112313317,0.5384615384615384,0.5384615384615384,0.0,0.6666666666666666,0.3333333333333333,0.3333333333333333,0.6,0.4,0.19999999999999996,0.4,0.5,-0.09999999999999998,3.6153846153846154,4.6923076923076925,-1.076923076923077,21.153846153846153,27.23076923076923,-6.076923076923077,17.53846153846154,22.53846153846154,5.0,7.0,7.0,0.0,1504.0637139154494,1506.1482988266807,1499.2450913692699,1504.4447257257998,-5.199634356529941,1
2021_15_DAL_NYG,2021-12-19,2021,15,TRAIN,NYG,DAL,0,1460.715472011897,1541.660178491631,-80.94470647973412,0.3076923076923077,0.6923076923076923,-0.3846153846153846,0.3333333333333333,0.6666666666666666,-0.3333333333333333,0.4,0.6,-0.19999999999999996,0.4,0.7,-0.29999999999999993,-6.0,7.153846153846154,-13.153846153846153,17.846153846153847,29.23076923076923,-11.384615384615383,23.846153846153847,22.076923076923077,-1.76923076923077,7.0,7.0,0.0,1541.660178491631,1460.715472011897,1509.5540395795947,1502.1280252610077,7.426014318587022,1
2021_15_GB_BAL,2021-12-19,2021,15,TRAIN,BAL,GB,0,1520.9182896611344,1560.0716119584395,-39.15332229730507,0.6153846153846154,0.7692307692307693,-0.15384615384615385,0.3333333333333333,0.6666666666666666,-0.3333333333333333,0.4,0.6,-0.19999999999999996,0.6,0.8,-0.20000000000000007,1.5384615384615385,4.3076923076923075,-2.769230769230769,23.384615384615383,25.23076923076923,-1.8461538461538467,21.846153846153847,20.923076923076923,-0.9230769230769234,7.0,7.0,0.0,1560.0716119584395,1520.9182896611344,1486.5659935896856,1494.1335197341991,-7.567526144513522,1
2021_15_HOU_JAX,2021-12-19,2021,15,TRAIN,JAX,HOU,0,1424.450951489414,1421.9688242879643,2.482127201449657,0.15384615384615385,0.15384615384615385,0.0,0.0,0.0,0.0,0.0,0.2,-0.2,0.2,0.1,0.1,-12.307692307692308,-13.76923076923077,1.4615384615384617,13.846153846153847,13.615384615384615,0.23076923076923173,26.153846153846153,27.384615384615383,1.23076923076923,7.0,7.0,0.0,1421.9688242879643,1424.450951489414,1504.5454913371461,1483.3437891922524,21.201702144893716,1
2021_15_NO_TB,2021-12-19,2021,15,TRAIN,TB,NO,0,1558.5137842782608,1488.379277439037,70.13450683922383,0.7692307692307693,0.46153846153846156,0.3076923076923077,1.0,0.3333333333333333,0.6666666666666667,0.8,0.2,0.6000000000000001,0.8,0.4,0.4,8.692307692307692,1.4615384615384615,7.23076923076923,31.53846153846154,23.384615384615383,8.153846153846157,22.846153846153847,21.923076923076923,-0.9230769230769234,7.0,7.0,0.0,1488.379277439037,1558.5137842782608,1491.3953797611766,1502.9352416035326,-11.539861842356004,1
2021_15_NYJ_MIA,2021-12-19,2021,15,TRAIN,MIA,NYJ,1,1495.3234607645961,1438.0925513274672,57.23090943712896,0.46153846153846156,0.23076923076923078,0.23076923076923078,1.0,0.3333333333333333,0.6666666666666667,1.0,0.2,0.8,0.5,0.3,0.2,-2.6153846153846154,-13.153846153846153,10.538461538461538,19.53846153846154,17.384615384615383,2.153846153846157,22.153846153846153,30.53846153846154,8.384615384615387,14.0,7.0,7.0,1438.0925513274672,1495.3234607645961,1481.4164625744022,1478.5036736626523,2.9127889117498853,1
2021_15_TEN_PIT,2021-12-19,2021,15,TRAIN,PIT,TEN,1,1498.799147105499,1539.9980672005513,-41.198920095052245,0.5,0.6923076923076923,-0.1923076923076923,0.3333333333333333,0.3333333333333333,0.0,0.3,0.6,-0.3,0.55,0.7,-0.1499999999999999,-3.8461538461538463,2.6153846153846154,-6.461538461538462,20.923076923076923,24.923076923076923,-4.0,24.76923076923077,22.307692307692307,-2.4615384615384635,10.0,7.0,3.0,1539.9980672005513,1498.799147105499,1495.3334072495159,1493.6690654266945,1.6643418228213704,1
2021_15_LV_CLE,2021-12-20,2021,15,TRAIN,CLE,LV,0,1510.74535269813,1487.4219327093042,23.32341998882589,0.5384615384615384,0.46153846153846156,0.07692307692307687,0.6666666666666666,0.3333333333333333,0.3333333333333333,0.6,0.2,0.39999999999999997,0.5,0.3,0.2,-0.8461538461538461,-5.923076923076923,5.0769230769230775,21.384615384615383,21.76923076923077,-0.3846153846153868,22.23076923076923,27.692307692307693,5.4615384615384635,8.0,8.0,0.0,1487.4219327093042,1510.74535269813,1504.6103101207145,1517.533765442151,-12.92345532143645,1
2021_15_MIN_CHI,2021-12-20,2021,15,TRAIN,CHI,MIN,0,1457.752103769962,1494.6486488746486,-36.89654510468654,0.3076923076923077,0.46153846153846156,-0.15384615384615385,0.3333333333333333,0.3333333333333333,0.0,0.2,0.6,-0.39999999999999997,0.3,0.5,-0.2,-7.769230769230769,0.8461538461538461,-8.615384615384615,17.76923076923077,26.46153846153846,-8.69230769230769,25.53846153846154,25.615384615384617,0.07692307692307665,8.0,11.0,-3.0,1494.6486488746486,1457.752103769962,1513.6838716269353,1499.6114025639868,14.072469062948585,1
2021_15_SEA_LA,2021-12-21,2021,15,TRAIN,LA,SEA,1,1539.0072124619323,1475.946418482619,63.0607939793133,0.6923076923076923,0.38461538461538464,0.30769230769230765,0.6666666666666666,0.6666666666666666,0.0,0.4,0.4,0.0,0.6,0.4,0.19999999999999996,5.615384615384615,0.7692307692307693,4.846153846153846,28.153846153846153,20.923076923076923,7.23076923076923,22.53846153846154,20.153846153846153,-2.384615384615387,8.0,9.0,-1.0,1475.946418482619,1539.0072124619323,1513.1295371133092,1504.8219963254662,8.307540787842981,1
2021_15_WAS_PHI,2021-12-21,2021,15,TRAIN,PHI,WAS,1,1493.07829377439,1495.4723590090487,-2.394065234658683,0.46153846153846156,0.46153846153846156,0.0,0.6666666666666666,0.6666666666666666,0.0,0.6,0.8,-0.20000000000000007,0.5,0.5,0.0,3.5384615384615383,-4.461538461538462,8.0,25.923076923076923,20.46153846153846,5.4615384615384635,22.384615384615383,24.923076923076923,2.53846153846154,16.0,9.0,7.0,1495.4723590090487,1493.07829377439,1490.083330323428,1507.505957959487,-17.422627636058905,1
2021_16_SF_TEN,2021-12-23,2021,16,TRAIN,TEN,SF,1,1528.8177938097176,1520.8858606623817,7.93193314733594,0.6428571428571429,0.5714285714285714,0.07142857142857151,0.3333333333333333,0.6666666666666666,-0.3333333333333333,0.4,0.8,-0.4,0.7,0.6,0.09999999999999998,2.0,3.2857142857142856,-1.2857142857142856,24.071428571428573,25.714285714285715,-1.6428571428571423,22.071428571428573,22.428571428571427,0.3571428571428541,4.0,4.0,0.0,1520.8858606623817,1528.8177938097176,1483.0280947787437,1485.230273139982,-2.2021783612383388,1
2021_16_CLE_GB,2021-12-25,2021,16,TRAIN,GB,CLE,1,1568.9494351218298,1500.0750572932454,68.87437782858433,0.7857142857142857,0.5,0.2857142857142857,1.0,0.3333333333333333,0.6666666666666667,0.8,0.4,0.4,0.8,0.4,0.4,4.071428571428571,-0.9285714285714286,5.0,25.642857142857142,20.857142857142858,4.785714285714285,21.571428571428573,21.785714285714285,0.21428571428571175,6.0,5.0,1.0,1500.0750572932454,1568.9494351218298,1498.2951425122349,1498.9764099061222,-0.6812673938873104,1
2021_16_IND_ARI,2021-12-25,2021,16,TRAIN,ARI,IND,0,1539.791982983014,1523.2679734237572,16.524009559256683,0.7142857142857143,0.5714285714285714,0.1428571428571429,0.3333333333333333,0.6666666666666666,-0.3333333333333333,0.4,0.8,-0.4,0.6,0.7,-0.09999999999999998,6.714285714285714,7.0,-0.2857142857142856,27.0,28.428571428571427,-1.428571428571427,20.285714285714285,21.428571428571427,1.1428571428571423,6.0,7.0,-1.0,1523.2679734237572,1539.791982983014,1475.5428817515792,1502.2868597035558,-26.743977951976603,1
2021_16_BAL_CIN,2021-12-26,2021,16,TRAIN,CIN,BAL,1,1514.1237123722603,1512.040466497744,2.083245874516251,0.5714285714285714,0.5714285714285714,0.0,0.3333333333333333,0.0,0.3333333333333333,0.6,0.4,0.19999999999999996,0.5,0.5,0.0,4.714285714285714,1.3571428571428572,3.357142857142857,26.357142857142858,23.857142857142858,2.5,21.642857142857142,22.5,0.8571428571428577,7.0,7.0,0.0,1512.040466497744,1514.1237123722603,1505.5368825661333,1507.9789147912222,-2.4420322250889512,1
2021_16_BUF_NE,2021-12-26,2021,16,TRAIN,NE,BUF,0,1539.8532339240212,1512.902975862095,26.950258061926206,0.6428571428571429,0.5714285714285714,0.07142857142857151,0.6666666666666666,0.3333333333333333,0.3333333333333333,0.8,0.4,0.4,0.8,0.5,0.30000000000000004,10.0,10.785714285714286,-0.7857142857142865,26.214285714285715,28.142857142857142,-1.928571428571427,16.214285714285715,17.357142857142858,1.1428571428571423,8.0,7.0,1.0,1512.902975862095,1539.8532339240212,1516.0539370056413,1511.9730010774012,4.080935928240024,1
2021_16_CHI_SEA,2021-12-26,2021,16,TRAIN,SEA,CHI,0,1467.7417819884292,1448.810097425526,18.93168456290323,0.35714285714285715,0.2857142857142857,0.07142857142857145,0.6666666666666666,0.0,0.6666666666666666,0.4,0.2,0.2,0.3,0.2,0.09999999999999998,0.0,-7.785714285714286,7.785714285714286,20.142857142857142,17.142857142857142,3.0,20.142857142857142,24.928571428571427,4.785714285714285,5.0,6.0,-1.0,1448.810097425526,1467.7417819884292,1503.3264444221054,1510.2405411337027,-6.914096711597267,1
2021_16_DEN_LV,2021-12-26,2021,16,TRAIN,LV,DEN,1,1498.0922281141889,1496.0883003698698,2.0039277443190713,0.5,0.5,0.0,0.3333333333333333,0.3333333333333333,0.0,0.4,0.4,0.0,0.4,0.4,0.0,-5.357142857142857,3.0,-8.357142857142858,21.357142857142858,20.357142857142858,1.0,26.714285714285715,17.357142857142858,-9.357142857142858,6.0,7.0,-1.0,1496.0883003698698,1498.0922281141889,1517.3298272001464,1490.5061209029973,26.8237062971491,1
2021_16_DET_ATL,2021-12-26,2021,16,TRAIN,ATL,DET,1,1483.2081837663065,1431.106887111815,52.101296654491534,0.42857142857142855,0.17857142857142858,0.24999999999999997,0.3333333333333333,0.6666666666666666,-0.3333333333333333,0.4,0.4,0.0,0.5,0.25,0.25,-9.0,-8.785714285714286,-0.21428571428571352,18.428571428571427,17.357142857142858,1.0714285714285694,27.428571428571427,26.142857142857142,-1.2857142857142847,7.0,7.0,0.0,1431.106887111815,1483.2081837663065,1500.1382221291453,1502.6563553771339,-2.518133247988544,1
2021_16_JAX_NYJ,2021-12-26,2021,16,TRAIN,NYJ,JAX,1,1429.7250505813352,1414.3795113411513,15.345539240183825,0.21428571428571427,0.14285714285714285,0.07142857142857142,0.0,0.0,0.0,0.2,0.0,0.2,0.2,0.2,0.0,-12.714285714285714,-12.428571428571429,-0.2857142857142847,17.857142857142858,14.0,3.8571428571428577,30.571428571428573,26.428571428571427,-4.142857142857146,7.0,7.0,0.0,1414.3795113411513,1429.7250505813352,1474.612355326024,1490.2040287982772,-15.591673472253206,1
2021_16_LAC_HOU,2021-12-26,2021,16,TRAIN,HOU,LAC,1,1432.0402644362268,1516.9376354295907,-84.8973709933639,0.21428571428571427,0.5714285714285714,-0.3571428571428571,0.3333333333333333,0.6666666666666666,-0.3333333333333333,0.4,0.6,-0.19999999999999996,0.2,0.5,-0.3,-11.785714285714286,0.6428571428571429,-12.428571428571429,14.785714285714286,27.071428571428573,-12.285714285714286,26.571428571428573,26.428571428571427,-0.1428571428571459,7.0,10.0,-3.0,1516.9376354295907,1432.0402644362268,1479.6498235807267,1512.014699526056,-32.36487594532923,1
2021_16_LA_MIN,2021-12-26,2021,16,TRAIN,MIN,LA,0,1503.5906552190847,1547.2118489561221,-43.6211937370374,0.5,0.7142857142857143,-0.2142857142857143,0.6666666666666666,1.0,-0.33333333333333337,0.6,0.6,0.0,0.6,0.7,-0.09999999999999998,1.3571428571428572,5.928571428571429,-4.571428571428571,25.785714285714285,27.571428571428573,-1.7857142857142883,24.428571428571427,21.642857142857142,-2.7857142857142847,6.0,5.0,1.0,1547.2118489561221,1503.5906552190847,1487.4846526283993,1500.931801958771,-13.447149330371758,1
2021_16_NYG_PHI,2021-12-26,2021,16,TRAIN,PHI,NYG,1,1503.1471994203273,1453.003991162223,50.14320825810432,0.5,0.2857142857142857,0.2142857142857143,0.6666666666666666,0.0,0.6666666666666666,0.8,0.2,0.6000000000000001,0.6,0.3,0.3,4.0,-6.642857142857143,10.642857142857142,26.0,17.0,9.0,22.0,23.642857142857142,1.6428571428571423,5.0,7.0,-2.0,1453.003991162223,1503.1471994203273,1487.345347509392,1512.443712658982,-25.09836514958988,1
2021_16_PIT_KC,2021-12-26,2021,16,TRAIN,KC,PIT,1,1559.818057858743,1509.9794204963328,49.83863736241028,0.7142857142857143,0.5357142857142857,0.1785714285714286,1.0,0.6666666666666666,0.33333333333333337,1.0,0.4,0.6,0.8,0.65,0.15000000000000002,6.357142857142857,-3.142857142857143,9.5,27.5,20.785714285714285,6.714285714285715,21.142857142857142,23.928571428571427,2.7857142857142847,10.0,7.0,3.0,1509.9794204963328,1559.818057858743,1518.1128840459464,1517.917967533705,0.19491651224143425,1
2021_16_TB_CAR,2021-12-26,2021,16,TRAIN,CAR,TB,0,1459.051258440219,1546.5221302065322,-87.47087176631317,0.35714285714285715,0.7142857142857143,-0.35714285714285715,0.0,0.6666666666666666,-0.6666666666666666,0.2,0.8,-0.6000000000000001,0.2,0.7,-0.49999999999999994,-3.0,7.428571428571429,-10.428571428571429,19.357142857142858,29.285714285714285,-9.928571428571427,22.357142857142858,21.857142857142858,-0.5,7.0,7.0,0.0,1546.5221302065322,1459.051258440219,1499.456765557572,1496.645533618323,2.8112319392489553,1
2021_16_WAS_DAL,2021-12-26,2021,16,TRAIN,DAL,WAS,1,1549.371659341305,1485.4034533631113,63.96820597819374,0.7142857142857143,0.42857142857142855,0.28571428571428575,1.0,0.3333333333333333,0.6666666666666667,0.6,0.6,0.0,0.7,0.4,0.29999999999999993,7.714285714285714,-4.857142857142857,12.571428571428571,28.642857142857142,20.214285714285715,8.428571428571427,20.928571428571427,25.071428571428573,4.142857142857146,7.0,5.0,2.0,1485.4034533631113,1549.371659341305,1494.1782861111753,1499.146884126659,-4.968598015483622,1
2021_16_MIA_NO,2021-12-27,2021,16,TRAIN,NO,MIA,0,1500.3709315107656,1503.6909615107281,-3.3200299999625713,0.5,0.5,0.0,0.6666666666666666,1.0,-0.33333333333333337,0.4,1.0,-0.6,0.5,0.6,-0.09999999999999998,2.0,-1.9285714285714286,3.928571428571429,22.357142857142858,20.357142857142858,2.0,20.357142857142858,22.285714285714285,1.928571428571427,8.0,8.0,0.0,1503.6909615107281,1500.3709315107656,1505.1642903624002,1479.8516396593702,25.31265070302993,1
2021_17_ARI_DAL,2022-01-02,2021,17,TRAIN,DAL,ARI,0,1557.551032172922,1529.3167420260613,28.234290146860758,0.7333333333333333,0.6666666666666666,0.06666666666666665,1.0,0.0,1.0,0.8,0.4,0.4,0.7,0.5,0.19999999999999996,10.0,5.866666666666666,4.133333333333334,30.466666666666665,26.266666666666666,4.199999999999999,20.466666666666665,20.4,-0.06666666666666643,7.0,8.0,-1.0,1529.3167420260613,1557.551032172922,1486.8847608779938,1482.8243019650017,4.06045891299209,1
2021_17_ATL_BUF,2022-01-02,2021,17,TRAIN,BUF,ATL,1,1523.6771146109318,1491.7197286115068,31.957385999425014,0.6,0.4666666666666667,0.1333333333333333,0.6666666666666666,0.6666666666666666,0.0,0.6,0.6,0.0,0.5,0.5,0.0,10.866666666666667,-8.133333333333333,19.0,28.466666666666665,18.533333333333335,9.93333333333333,17.6,26.666666666666668,9.066666666666666,7.0,7.0,0.0,1491.7197286115068,1523.6771146109318,1519.36434954624,1481.9497525010775,37.41459704516251,1
2021_17_CAR_NO,2022-01-02,2021,17,TRAIN,NO,CAR,1,1490.4664867471135,1451.516995392307,38.94949135480647,0.4666666666666667,0.3333333333333333,0.13333333333333336,0.6666666666666666,0.0,0.6666666666666666,0.4,0.0,0.4,0.4,0.2,0.2,0.7333333333333333,-4.533333333333333,5.266666666666667,21.066666666666666,18.466666666666665,2.6000000000000014,20.333333333333332,23.0,2.666666666666668,6.0,7.0,-1.0,1451.516995392307,1490.4664867471135,1509.1199789041257,1496.5173428956884,12.60263600843723,1
2021_17_DEN_LAC,2022-01-02,2021,17,TRAIN,LAC,DEN,1,1504.541592367754,1486.1459774071816,18.395614960572402,0.5333333333333333,0.4666666666666667,0.06666666666666665,0.3333333333333333,0.3333333333333333,0.0,0.4,0.4,0.0,0.4,0.4,0.0,-0.2,2.533333333333333,-2.7333333333333334,27.2,19.866666666666667,7.333333333333332,27.4,17.333333333333332,-10.066666666666666,7.0,7.0,0.0,1486.1459774071816,1504.541592367754,1494.7504156148166,1495.5428246299384,-0.7924090151218479,1
2021_17_DET_SEA,2022-01-02,2021,17,TRAIN,SEA,DET,1,1457.197422957026,1422.5953422666148,34.602080690411185,0.3333333333333333,0.16666666666666666,0.16666666666666666,0.3333333333333333,0.3333333333333333,0.0,0.4,0.4,0.0,0.3,0.25,0.04999999999999999,-0.06666666666666667,-8.466666666666667,8.4,20.4,17.266666666666666,3.133333333333333,20.466666666666665,25.733333333333334,5.266666666666669,7.0,7.0,0.0,1422.5953422666148,1457.197422957026,1483.266238509604,1499.0692179214602,-15.802979411856313,1
2021_17_HOU_SF,2022-01-02,2021,17,TRAIN,SF,HOU,1,1511.1141203947668,1444.4363074980636,66.67781289670324,0.5333333333333333,0.26666666666666666,0.26666666666666666,0.6666666666666666,0.6666666666666666,0.0,0.6,0.4,0.19999999999999996,0.6,0.3,0.3,2.8666666666666667,-10.2,13.066666666666666,25.133333333333333,16.533333333333335,8.599999999999998,22.266666666666666,26.733333333333334,4.466666666666669,10.0,7.0,3.0,1444.4363074980636,1511.1141203947668,1499.5312235369868,1471.7338920672582,27.797331469728533,1
2021_17_JAX_NE,2022-01-02,2021,17,TRAIN,NE,JAX,1,1529.0790951751844,1404.8209044770008,124.25819069818363,0.6,0.13333333333333333,0.4666666666666667,0.3333333333333333,0.0,0.3333333333333333,0.6,0.0,0.6,0.7,0.2,0.49999999999999994,8.533333333333333,-11.933333333333334,20.46666666666667,25.866666666666667,14.466666666666667,11.4,17.333333333333332,26.4,9.066666666666666,7.0,7.0,0.0,1404.8209044770008,1529.0790951751844,1516.4112879835727,1477.4278741258772,38.983413857695496,1
2021_17_KC_CIN,2022-01-02,2021,17,TRAIN,CIN,KC,1,1524.0637524546376,1568.3933453271407,-44.3295928725031,0.6,0.7333333333333333,-0.1333333333333333,0.6666666666666666,1.0,-0.33333333333333337,0.6,1.0,-0.4,0.6,0.9,-0.30000000000000004,5.733333333333333,7.666666666666667,-1.9333333333333336,27.333333333333332,28.066666666666666,-0.7333333333333343,21.6,20.4,-1.2000000000000028,7.0,7.0,0.0,1568.3933453271407,1524.0637524546376,1506.876335631353,1517.018920786711,-10.14258515535812,1
2021_17_LA_BAL,2022-01-02,2021,17,TRAIN,BAL,LA,0,1502.1004264153669,1555.9628857735024,-53.86245935813554,0.5333333333333333,0.7333333333333333,-0.19999999999999996,0.0,1.0,-1.0,0.2,0.8,-0.6000000000000001,0.4,0.7,-0.29999999999999993,-0.06666666666666667,6.0,-6.066666666666666,23.666666666666668,27.733333333333334,-4.066666666666666,23.733333333333334,21.733333333333334,-2.0,7.0,7.0,0.0,1555.9628857735024,1502.1004264153669,1516.277870811792,1505.268892559633,11.00897825215884,1
2021_17_LV_IND,2022-01-02,2021,17,TRAIN,IND,LV,0,1533.7432143807098,1508.034551076877,25.708663303832736,0.6,0.5333333333333333,0.06666666666666665,1.0,0.6666666666666666,0.33333333333333337,0.8,0.6,0.20000000000000007,0.8,0.5,0.30000000000000004,6.933333333333334,-4.733333333333333,11.666666666666668,28.0,21.066666666666666,6.933333333333334,21.066666666666666,25.8,4.733333333333334,8.0,7.0,1.0,1508.034551076877,1533.7432143807098,1516.9385770157157,1515.5149417871519,1.4236352285638532,1
2021_17_MIA_TEN,2022-01-02,2021,17,TRAIN,TEN,MIA,1,1538.5895340773325,1513.5954062743801,24.994127802952335,0.6666666666666666,0.5333333333333333,0.1333333333333333,0.6666666666666666,1.0,-0.33333333333333337,0.4,1.0,-0.6,0.7,0.7,0.0,2.066666666666667,-0.6666666666666666,2.7333333333333334,23.8,20.333333333333332,3.4666666666666686,21.733333333333334,21.0,-0.7333333333333343,10.0,6.0,4.0,1513.5954062743801,1538.5895340773325,1483.6609819498335,1472.380161570544,11.28082037928948,1
2021_17_MIN_GB,2022-01-02,2021,17,TRAIN,GB,MIN,1,1576.9926368098431,1494.8396184017045,82.15301840813868,0.8,0.4666666666666667,0.33333333333333337,1.0,0.6666666666666666,0.33333333333333337,0.8,0.4,0.4,0.8,0.5,0.30000000000000004,3.933333333333333,0.8,3.133333333333333,25.533333333333335,25.6,-0.06666666666666643,21.6,24.8,3.1999999999999993,8.0,7.0,1.0,1494.8396184017045,1576.9926368098431,1502.1644948611295,1486.0040980578424,16.160396803287085,1
2021_17_NYG_CHI,2022-01-02,2021,17,TRAIN,CHI,NYG,1,1459.3544564569293,1444.4372909362303,14.917165520698973,0.3333333333333333,0.26666666666666666,0.06666666666666665,0.3333333333333333,0.0,0.3333333333333333,0.4,0.2,0.2,0.2,0.3,-0.09999999999999998,-7.2,-7.8,0.5999999999999996,17.666666666666668,16.533333333333335,1.1333333333333329,24.866666666666667,24.333333333333332,-0.533333333333335,7.0,7.0,0.0,1444.4372909362303,1459.3544564569293,1498.721486365496,1508.511160913322,-9.789674547826053,1
2021_17_PHI_WAS,2022-01-02,2021,17,TRAIN,WAS,PHI,0,1477.2240805314943,1511.71389964632,-34.48981911482565,0.4,0.5333333333333333,-0.1333333333333333,0.0,1.0,-1.0,0.4,0.8,-0.4,0.4,0.6,-0.19999999999999996,-7.333333333333333,5.333333333333333,-12.666666666666666,19.8,26.533333333333335,-6.733333333333334,27.133333333333333,21.2,-5.933333333333334,7.0,7.0,0.0,1511.71389964632,1477.2240805314943,1509.2274182180072,1476.3656515010211,32.86176671698604,1
2021_17_TB_NYJ,2022-01-02,2021,17,TRAIN,NYJ,TB,0,1439.2836574454857,1554.0563932544442,-114.77273580895849,0.26666666666666666,0.7333333333333333,-0.4666666666666666,0.3333333333333333,0.6666666666666666,-0.3333333333333333,0.4,0.8,-0.4,0.3,0.7,-0.39999999999999997,-11.533333333333333,8.666666666666666,-20.2,18.4,29.466666666666665,-11.066666666666666,29.933333333333334,20.8,-9.133333333333333,7.0,7.0,0.0,1554.0563932544442,1439.2836574454857,1464.408603179016,1493.0377913345471,-28.62918815553121,1
2021_17_CLE_PIT,2022-01-03,2021,17,TRAIN,PIT,CLE,1,1501.4041330279351,1492.031855605232,9.372277422703064,0.5,0.4666666666666667,0.033333333333333326,0.3333333333333333,0.3333333333333333,0.0,0.4,0.4,0.0,0.55,0.4,0.15000000000000002,-4.666666666666667,-1.0,-3.666666666666667,20.066666666666666,20.933333333333334,-0.8666666666666671,24.733333333333334,21.933333333333334,-2.8000000000000007,8.0,9.0,-1.0,1492.031855605232,1501.4041330279351,1528.4035826754803,1510.3509198656095,18.052662809870753,1
2021_18_DAL_PHI,2022-01-08,2021,18,TRAIN,PHI,DAL,0,1520.7244508852718,1546.7401681666095,-26.01571728133763,0.5625,0.6875,-0.125,1.0,0.6666666666666666,0.33333333333333337,0.8,0.8,0.0,0.7,0.6,0.09999999999999998,5.25,9.1875,-3.9375,26.125,29.9375,-3.8125,20.875,20.75,-0.125,6.0,6.0,0.0,1546.7401681666095,1520.7244508852718,1470.095933148535,1493.6805079391238,-23.584574790588704,1
2021_18_KC_DEN,2022-01-08,2021,18,TRAIN,DEN,KC,0,1476.6749515563772,1557.1243159717408,-80.44936441536356,0.4375,0.6875,-0.25,0.0,0.6666666666666666,-0.6666666666666666,0.2,0.8,-0.6000000000000001,0.4,0.8,-0.4,1.0625,7.0,-5.9375,19.4375,28.25,-8.8125,18.375,21.25,2.875,6.0,6.0,0.0,1557.1243159717408,1476.6749515563772,1492.9100094669873,1512.778778350194,-19.868768883206712,1
2021_18_CAR_TB,2022-01-09,2021,18,TRAIN,TB,CAR,1,1560.8681084123255,1442.6333790006215,118.23472941170394,0.75,0.3125,0.4375,0.6666666666666666,0.0,0.6666666666666666,0.8,0.0,0.8,0.7,0.2,0.49999999999999994,8.375,-4.75,13.125,29.375,17.9375,11.4375,21.0,22.6875,1.6875,7.0,7.0,0.0,1442.6333790006215,1560.8681084123255,1478.197646019979,1499.7721976564692,-21.57455163649024,1
2021_18_CHI_MIN,2022-01-09,2021,18,TRAIN,MIN,CHI,1,1487.1610677871759,1468.925369549857,18.235698237318957,0.4375,0.375,0.0625,0.3333333333333333,0.6666666666666666,-0.3333333333333333,0.4,0.4,0.0,0.4,0.3,0.10000000000000003,-0.9375,-5.125,4.1875,24.625,18.375,6.25,25.5625,23.5,-2.0625,7.0,7.0,0.0,1468.925369549857,1487.1610677871759,1500.8896220980978,1503.2605258803644,-2.3709037822666232,1
2021_18_CIN_CLE,2022-01-09,2021,18,TRAIN,CLE,CIN,1,1482.3015460206236,1535.3327818100374,-53.03123578941381,0.4375,0.625,-0.1875,0.0,1.0,-1.0,0.2,0.6,-0.39999999999999997,0.4,0.6,-0.19999999999999996,-1.6875,5.5625,-7.25,20.5,27.75,-7.25,22.1875,22.1875,0.0,6.0,7.0,-1.0,1535.3327818100374,1482.3015460206236,1524.688810443578,1518.9458051048252,5.74300533875271,1
2021_18_GB_DET,2022-01-09,2021,18,TRAIN,DET,GB,1,1413.5879904399217,1584.6711874243717,-171.08319698445007,0.15625,0.8125,-0.65625,0.3333333333333333,1.0,-0.6666666666666667,0.4,1.0,-0.6,0.25,0.8,-0.55,-9.3125,5.375,-14.6875,18.0,26.25,-8.25,27.3125,20.875,-6.4375,7.0,7.0,0.0,1584.6711874243717,1413.5879904399217,1497.6818101340857,1502.199109907419,-4.517299773333207,1
2021_18_IND_JAX,2022-01-09,2021,18,TRAIN,JAX,IND,1,1398.2522741036457,1523.0046071176525,-124.75233301400681,0.125,0.5625,-0.4375,0.0,0.6666666666666666,-0.6666666666666666,0.0,0.6,-0.6,0.1,0.7,-0.6,-13.6875,6.3125,-20.0,14.1875,27.5,-13.3125,27.875,21.1875,-6.6875,7.0,7.0,0.0,1523.0046071176525,1398.2522741036457,1486.7698948548136,1513.8763777915906,-27.106482936776956,1
2021_18_LAC_LV,2022-01-09,2021,18,TRAIN,LV,LAC,1,1518.7731583399343,1514.0126182185584,4.760540121375925,0.5625,0.5625,0.0,1.0,0.3333333333333333,0.6666666666666667,0.6,0.6,0.0,0.5,0.5,0.0,-4.25,1.125,-5.375,21.1875,27.625,-6.4375,25.4375,26.5,1.0625,7.0,7.0,0.0,1514.0126182185584,1518.7731583399343,1515.3451517534645,1492.599878719961,22.74527303350351,1
2021_18_NE_MIA,2022-01-09,2021,18,TRAIN,MIA,NE,1,1504.313556669749,1535.6477255485395,-31.33416887879048,0.5,0.625,-0.125,0.6666666666666666,0.3333333333333333,0.3333333333333333,0.8,0.6,0.20000000000000007,0.7,0.8,-0.10000000000000009,-2.5625,10.5,-13.0625,19.25,27.375,-8.125,21.8125,16.875,-4.9375,7.0,7.0,0.0,1535.6477255485395,1504.313556669749,1488.8923508476619,1499.077121507936,-10.184770660274125,1
2021_18_NO_ATL,2022-01-09,2021,18,TRAIN,ATL,NO,0,1482.6369508700259,1499.350103138799,-16.71315226877323,0.4375,0.5,-0.0625,0.3333333333333333,0.6666666666666666,-0.3333333333333333,0.4,0.6,-0.19999999999999996,0.4,0.4,0.0,-8.5,1.1875,-9.6875,18.3125,20.875,-2.5625,26.8125,19.6875,-7.125,7.0,7.0,0.0,1499.350103138799,1482.6369508700259,1497.014405591371,1496.871847030786,0.14255856058503014,1
2021_18_NYJ_BUF,2022-01-09,2021,18,TRAIN,BUF,NYJ,1,1532.7598923524126,1432.4719422876044,100.28795006480823,0.625,0.25,0.375,1.0,0.3333333333333333,0.6666666666666667,0.6,0.2,0.39999999999999997,0.6,0.3,0.3,11.0625,-11.0625,22.125,28.5,18.75,9.75,17.4375,29.8125,12.375,7.0,7.0,0.0,1432.4719422876044,1532.7598923524126,1518.1354781618597,1485.3857212399357,32.74975692192402,1
2021_18_PIT_BAL,2022-01-09,2021,18,TRAIN,BAL,PIT,0,1493.6384110693505,1511.1344426125436,-17.496031543193112,0.5,0.53125,-0.03125,0.0,0.6666666666666666,-0.6666666666666666,0.0,0.6,-0.6,0.3,0.55,-0.25000000000000006,-0.125,-3.625,3.5,23.375,20.4375,2.9375,23.5,24.0625,0.5625,7.0,6.0,1.0,1511.1344426125436,1493.6384110693505,1525.6471564023166,1523.7763694193115,1.8707869830050186,1
2021_18_SEA_ARI,2022-01-09,2021,18,TRAIN,ARI,SEA,0,1540.127606032374,1466.2047747837191,73.9228312486548,0.6875,0.375,0.3125,0.3333333333333333,0.3333333333333333,0.0,0.4,0.6,-0.19999999999999996,0.5,0.4,0.09999999999999998,5.6875,1.3125,4.375,26.1875,22.3125,3.875,20.5,21.0,0.5,7.0,7.0,0.0,1466.2047747837191,1540.127606032374,1499.8147792558655,1470.8044790760391,29.010300179826345,1
2021_18_SF_LA,2022-01-09,2021,18,TRAIN,LA,SF,0,1564.4249011195188,1519.2181979875038,45.206703132015036,0.75,0.5625,0.1875,1.0,0.6666666666666666,0.33333333333333337,1.0,0.6,0.4,0.7,0.7,0.0,5.6875,3.6875,2.0,27.25,25.0,2.25,21.5625,21.3125,-0.25,7.0,7.0,0.0,1519.2181979875038,1564.4249011195188,1497.1077580441972,1487.143471839276,9.964286204921336,1
2021_18_TEN_HOU,2022-01-09,2021,18,TRAIN,HOU,TEN,0,1436.3322299053266,1547.8713836819636,-111.53915377663702,0.25,0.6875,-0.4375,0.6666666666666666,0.6666666666666666,0.0,0.4,0.6,-0.19999999999999996,0.3,0.7,-0.39999999999999997,-10.5625,3.875,-14.4375,15.9375,24.4375,-8.5,26.5,20.5625,-5.9375,7.0,7.0,0.0,1547.8713836819636,1436.3322299053266,1484.6970754406589,1499.2139753049269,-14.516899864267998,1
2021_18_WAS_NYG,2022-01-09,2021,18,TRAIN,NYG,WAS,0,1434.8663778433026,1468.2135292925425,-33.347151449239846,0.25,0.375,-0.125,0.0,0.0,0.0,0.0,0.2,-0.2,0.3,0.4,-0.10000000000000003,-8.9375,-7.125,-1.8125,15.6875,19.5625,-3.875,24.625,26.6875,2.0625,7.0,7.0,0.0,1468.2135292925425,1434.8663778433026,1501.4578310921847,1518.6170123393536,-17.159181247168817,1
2022_02_LAC_KC,2022-09-15,2022,2,TRAIN,KC,LAC,1,1573.7935579729226,1514.8532430656808,58.94031490724183,1.0,1.0,0.0,1.0,1.0,0.0,1.0,1.0,0.0,1.0,1.0,0.0,23.0,5.0,18.0,44.0,24.0,20.0,21.0,19.0,-2.0,4.0,4.0,0.0,1514.8532430656808,1573.7935579729226,1528.0314713984803,1528.636147555125,-0.6046761566447003,1
2022_02_ARI_LV,2022-09-18,2022,2,TRAIN,LV,ARI,0,1517.932533492812,1519.0872250485945,-1.1546915557826196,0.0,0.0,0.0,0.0,0.0,0.0,0.0,0.0,0.0,0.0,0.0,0.0,-5.0,-23.0,18.0,19.0,21.0,-2.0,24.0,44.0,20.0,7.0,7.0,0.0,1519.0872250485945,1517.932533492812,1504.1496290033676,1564.8493116230368,-60.69968261966915,1
2022_02_ATL_LA,2022-09-18,2022,2,TRAIN,LA,ATL,1,1542.7518696134375,1464.1430263713173,78.6088432421202,0.0,0.0,0.0,0.0,0.0,0.0,0.0,0.0,0.0,0.0,0.0,0.0,-21.0,-1.0,-20.0,10.0,26.0,-16.0,31.0,27.0,-4.0,10.0,7.0,3.0,1464.1430263713173,1542.7518696134375,1539.950956634221,1508.8694306535256,31.08152598069546,1
2022_02_CAR_NYG,2022-09-18,2022,2,TRAIN,NYG,CAR,1,1439.3730450422477,1427.5622782596906,11.810766782557039,1.0,0.0,1.0,1.0,0.0,1.0,1.0,0.0,1.0,1.0,0.0,1.0,1.0,-2.0,3.0,21.0,24.0,-3.0,20.0,26.0,6.0,7.0,7.0,0.0,1427.5622782596906,1439.3730450422477,1554.766954507078,1493.8161634938672,60.950791013210846,1
2022_02_CHI_GB,2022-09-18,2022,2,TRAIN,GB,CHI,1,1558.0261027201661,1471.4670389609855,86.55906375918062,0.0,1.0,-1.0,0.0,1.0,-1.0,0.0,1.0,-1.0,0.0,1.0,-1.0,-16.0,9.0,-25.0,7.0,19.0,-12.0,23.0,10.0,-13.0,7.0,7.0,0.0,1471.4670389609855,1558.0261027201661,1496.6366836435116,1530.5120580390817,-33.875374395570134,1
2022_02_CIN_DAL,2022-09-18,2022,2,TRAIN,DAL,CIN,1,1546.3264602092895,1513.7264413380287,32.60001887126077,0.0,0.0,0.0,0.0,0.0,0.0,0.0,0.0,0.0,0.0,0.0,0.0,-16.0,-3.0,-13.0,3.0,20.0,-17.0,19.0,23.0,4.0,7.0,7.0,0.0,1513.7264413380287,1546.3264602092895,1567.590594803209,1520.6312915849169,46.95930321829201,1
2022_02_HOU_DEN,2022-09-18,2022,2,TRAIN,DEN,HOU,1,1459.2190330143867,1431.7027824832733,27.51625053111343,0.0,0.5,-0.5,0.0,0.5,-0.5,0.0,0.5,-0.5,0.0,0.5,-0.5,-1.0,0.0,-1.0,16.0,20.0,-4.0,17.0,20.0,3.0,6.0,7.0,-1.0,1431.7027824832733,1459.2190330143867,1478.3009094176127,1509.5606956675306,-31.259786249917852,1
2022_02_IND_JAX,2022-09-18,2022,2,TRAIN,JAX,IND,1,1403.561085485299,1507.2945722644695,-103.73348677917056,0.0,0.5,-0.5,0.0,0.5,-0.5,0.0,0.5,-0.5,0.0,0.5,-0.5,-6.0,0.0,-6.0,22.0,20.0,2.0,28.0,20.0,-8.0,7.0,7.0,0.0,1507.2945722644695,1403.561085485299,1477.256657651824,1429.4366590802122,47.819998571611904,1
2022_02_MIA_BAL,2022-09-18,2022,2,TRAIN,BAL,MIA,0,1492.4634395717267,1525.4873685125701,-33.02392894084346,1.0,1.0,0.0,1.0,1.0,0.0,1.0,1.0,0.0,1.0,1.0,0.0,15.0,13.0,2.0,24.0,20.0,4.0,9.0,7.0,-2.0,7.0,7.0,0.0,1525.4873685125701,1492.4634395717267,1425.280878005796,1524.748292919788,-99.46741491399189,1
2022_02_NE_PIT,2022-09-18,2022,2,TRAIN,PIT,NE,0,1530.723014583682,1514.4739137057184,16.249100877963656,1.0,0.0,1.0,1.0,0.0,1.0,1.0,0.0,1.0,1.0,0.0,1.0,3.0,-13.0,16.0,23.0,7.0,16.0,20.0,20.0,0.0,7.0,7.0,0.0,1514.4739137057184,1530.723014583682,1523.8181643367939,1515.2129892985006,8.605175038293282,1
2022_02_NYJ_CLE,2022-09-18,2022,2,TRAIN,CLE,NYJ,0,1502.1647778439146,1416.9590005310465,85.20577731286812,1.0,0.0,1.0,1.0,0.0,1.0,1.0,0.0,1.0,1.0,0.0,1.0,2.0,-15.0,17.0,26.0,9.0,17.0,24.0,24.0,0.0,7.0,7.0,0.0,1416.9590005310465,1502.1647778439146,1435.910892609738,1484.1415620969772,-48.23066948723908,1
2022_02_SEA_SF,2022-09-18,2022,2,TRAIN,SF,SEA,1,1518.4947727716174,1488.0318323083072,30.462940463310133,0.0,1.0,-1.0,0.0,1.0,-1.0,0.0,1.0,-1.0,0.0,1.0,-1.0,-9.0,1.0,-10.0,10.0,17.0,-7.0,19.0,16.0,-3.0,7.0,6.0,1.0,1488.0318323083072,1518.4947727716174,1459.4497536935212,1468.9499559050812,-9.500202211560008,1
2022_02_TB_NO,2022-09-18,2022,2,TRAIN,NO,TB,0,1517.8440276375077,1577.256906562955,-59.41287892544733,1.0,1.0,0.0,1.0,1.0,0.0,1.0,1.0,0.0,1.0,1.0,0.0,1.0,16.0,-15.0,27.0,19.0,8.0,26.0,3.0,-23.0,7.0,7.0,0.0,1577.256906562955,1517.8440276375077,1473.1176233552994,1555.9927719690356,-82.8751486137362,1
2022_02_WAS_DET,2022-09-18,2022,2,TRAIN,DET,WAS,1,1420.5025889002354,1485.3917577202928,-64.88916882005742,0.0,1.0,-1.0,0.0,1.0,-1.0,0.0,1.0,-1.0,0.0,1.0,-1.0,-3.0,6.0,-9.0,35.0,28.0,7.0,38.0,22.0,-16.0,7.0,7.0,0.0,1485.3917577202928,1420.5025889002354,1511.4718470828457,1411.6961855537677,99.77566152907798,1
2022_02_MIN_PHI,2022-09-19,2022,2,TRAIN,PHI,MIN,1,1519.1185754885257,1508.7204414817234,10.398134006802366,1.0,1.0,0.0,1.0,1.0,0.0,1.0,1.0,0.0,1.0,1.0,0.0,3.0,16.0,-13.0,38.0,23.0,15.0,35.0,7.0,-28.0,8.0,8.0,0.0,1508.7204414817234,1519.1185754885257,1428.1493173059155,1570.109860558378,-141.96054325246246,1
2022_02_TEN_BUF,2022-09-19,2022,2,TRAIN,BUF,TEN,1,1550.3301280887245,1541.2171589488514,9.11296913987303,1.0,0.0,1.0,1.0,0.0,1.0,1.0,0.0,1.0,1.0,0.0,1.0,21.0,-1.0,22.0,31.0,20.0,11.0,10.0,21.0,11.0,11.0,8.0,3.0,1541.2171589488514,1550.3301280887245,1553.131041067941,1425.823249484021,127.30779158391988,1
2022_03_PIT_CLE,2022-09-22,2022,3,TRAIN,CLE,PIT,1,1489.7603695263565,1520.2556685591392,-30.49529903278267,0.5,0.5,0.0,0.5,0.5,0.0,0.5,0.5,0.0,0.5,0.5,0.0,0.5,0.0,0.5,28.0,18.5,9.5,27.5,18.5,-9.0,4.0,4.0,0.0,1520.2556685591392,1489.7603695263565,1426.4349465703922,1519.146039021256,-92.71109245086382,1
2022_03_ATL_SEA,2022-09-25,2022,3,TRAIN,SEA,ATL,0,1478.9063862678486,1456.3677378910536,22.53864837679498,0.5,0.0,0.5,0.5,0.0,0.5,0.5,0.0,0.5,0.5,0.0,0.5,-9.5,-2.5,-7.0,12.0,26.5,-14.5,21.5,29.0,7.5,7.0,7.0,0.0,1456.3677378910536,1478.9063862678486,1493.7223643383493,1525.8106501334814,-32.08828579513215,1
2022_03_BAL_NE,2022-09-25,2022,3,TRAIN,NE,BAL,0,1524.9412597302612,1483.4110924822637,41.5301672479975,0.5,0.5,0.0,0.5,0.5,0.0,0.5,0.5,0.0,0.5,0.5,0.0,-5.0,5.5,-10.5,12.0,31.0,-19.0,17.0,25.5,8.5,7.0,7.0,0.0,1483.4110924822637,1524.9412597302612,1522.9680019410912,1475.384123259183,47.58387868190812,1
2022_03_BUF_MIA,2022-09-25,2022,3,TRAIN,MIA,BUF,1,1534.539715602033,1560.067895885985,-25.528180283951997,1.0,1.0,0.0,1.0,1.0,0.0,1.0,1.0,0.0,1.0,1.0,0.0,8.5,27.5,-19.0,31.0,36.0,-5.0,22.5,8.5,-14.0,7.0,6.0,1.0,1560.067895885985,1534.539715602033,1508.6058662457572,1547.1741000083962,-38.56823376263901,1
2022_03_CIN_NYJ,2022-09-25,2022,3,TRAIN,NYJ,CIN,0,1429.3634088486046,1504.6620013153517,-75.2985924667471,0.5,0.0,0.5,0.5,0.0,0.5,0.5,0.0,0.5,0.5,0.0,0.5,-7.0,-3.0,-4.0,20.0,18.5,1.5,27.0,21.5,-5.5,7.0,7.0,0.0,1504.6620013153517,1429.3634088486046,1493.153169970446,1533.478875897103,-40.325705926657065,1
2022_03_DET_MIN,2022-09-25,2022,3,TRAIN,MIN,DET,1,1499.019634512551,1432.3488324497694,66.6708020627816,0.5,0.5,0.0,0.5,0.5,0.0,0.5,0.5,0.0,0.5,0.5,0.0,-0.5,3.0,-3.5,15.0,35.5,-20.5,15.5,32.5,17.0,6.0,7.0,-1.0,1432.3488324497694,1499.019634512551,1544.614218023452,1498.4318024015693,46.18241562188268,1
2022_03_GB_TB,2022-09-25,2022,3,TRAIN,TB,GB,0,1585.5633422988142,1565.5850300211957,19.978312277618443,1.0,0.5,0.5,1.0,0.5,0.5,1.0,0.5,0.5,1.0,0.5,0.5,13.0,0.5,12.5,19.5,17.0,2.5,6.5,16.5,10.0,7.0,7.0,0.0,1565.5850300211957,1585.5633422988142,1536.9183998032718,1484.0518613022487,52.866538501023115,1
2022_03_HOU_CHI,2022-09-25,2022,3,TRAIN,CHI,HOU,1,1463.908111659956,1422.4931121208024,41.41499953915354,0.5,0.25,0.25,0.5,0.25,0.25,0.5,0.25,0.25,0.5,0.25,0.25,-4.0,-3.5,-0.5,14.5,14.5,0.0,18.5,18.0,-0.5,7.0,7.0,0.0,1422.4931121208024,1463.908111659956,1544.269080379624,1484.3898643409586,59.87921603866539,1
2022_03_JAX_LAC,2022-09-25,2022,3,TRAIN,LAC,JAX,0,1506.5335929205987,1416.4611103218986,90.07248259870016,0.5,0.5,0.0,0.5,0.5,0.0,0.5,0.5,0.0,0.5,0.5,0.0,1.0,9.0,-8.0,24.0,23.0,1.0,23.0,14.0,-9.0,10.0,7.0,3.0,1416.4611103218986,1506.5335929205987,1551.2148527640238,1492.275614958147,58.93923780587693,1
2022_03_KC_IND,2022-09-25,2022,3,TRAIN,IND,KC,1,1494.3945474278698,1582.1132081180046,-87.71866069013481,0.25,1.0,-0.75,0.25,1.0,-0.75,0.25,1.0,-0.75,0.25,1.0,-0.75,-12.0,13.0,-25.0,10.0,35.5,-25.5,22.0,22.5,0.5,7.0,10.0,-3.0,1582.1132081180046,1494.3945474278698,1416.4988722827557,1521.4423572320807,-104.94348494932501,1
2022_03_LA_ARI,2022-09-25,2022,3,TRAIN,ARI,LA,0,1529.0539904764162,1550.5271580937012,-21.47316761728507,0.5,0.5,0.0,0.5,0.5,0.0,0.5,0.5,0.0,0.5,0.5,0.0,-8.5,-8.5,0.0,25.0,20.5,4.5,33.5,29.0,-4.5,7.0,7.0,0.0,1550.5271580937012,1529.0539904764162,1541.3909225579243,1502.0469915027693,39.34393105515505,1
2022_03_LV_TEN,2022-09-25,2022,3,TRAIN,TEN,LV,1,1531.4793911515908,1507.9657680649902,23.513623086600546,0.0,0.0,0.0,0.0,0.0,0.0,0.0,0.0,0.0,0.0,0.0,0.0,-17.5,-5.5,-12.0,13.5,21.0,-7.5,31.0,26.5,-4.5,6.0,7.0,-1.0,1507.9657680649902,1531.4793911515908,1488.0766887863729,1511.618427025981,-23.541738239608094,1
2022_03_NO_CAR,2022-09-25,2022,3,TRAIN,CAR,NO,1,1417.9020885689542,1509.5375919016485,-91.63550333269427,0.0,0.5,-0.5,0.0,0.5,-0.5,0.0,0.5,-0.5,0.0,0.5,-0.5,-2.5,-4.5,2.0,20.0,18.5,1.5,22.5,23.0,0.5,7.0,7.0,0.0,1509.5375919016485,1417.9020885689542,1466.5946042680575,1525.1872649591273,-58.592660691069796,1
2022_03_PHI_WAS,2022-09-25,2022,3,TRAIN,WAS,PHI,0,1473.545514170759,1528.819382457698,-55.273868286939205,0.5,1.0,-0.5,0.5,1.0,-0.5,0.5,1.0,-0.5,0.5,1.0,-0.5,-1.5,10.0,-11.5,27.5,31.0,-3.5,29.0,21.0,-8.0,7.0,6.0,1.0,1528.819382457698,1473.545514170759,1416.0993872270014,1468.4348793938193,-52.33549216681786,1
2022_03_SF_DEN,2022-09-25,2022,3,TRAIN,DEN,SF,1,1468.4287033768576,1527.620218812076,-59.191515435218435,0.5,0.5,0.0,0.5,0.5,0.0,0.5,0.5,0.0,0.5,0.5,0.0,3.0,5.5,-2.5,16.0,18.5,-2.5,13.0,13.0,0.0,7.0,7.0,0.0,1527.620218812076,1468.4287033768576,1455.001845950443,1473.7407930009142,-18.738947050471097,1
2022_03_DAL_NYG,2022-09-26,2022,3,TRAIN,NYG,DAL,0,1449.033234732984,1555.3909002319665,-106.35766549898244,1.0,0.5,0.5,1.0,0.5,0.5,1.0,0.5,0.5,1.0,0.5,0.5,2.0,-6.5,8.5,20.0,11.5,8.5,18.0,18.0,0.0,8.0,8.0,0.0,1555.3909002319665,1449.033234732984,1491.1646163833843,1540.6585180706188,-49.493901687234484,1
2022_04_MIA_CIN,2022-09-29,2022,4,TRAIN,CIN,MIA,1,1512.5280405158737,1545.273156287737,-32.74511577186331,0.3333333333333333,1.0,-0.6666666666666667,0.3333333333333333,1.0,-0.6666666666666667,0.3333333333333333,1.0,-0.6666666666666667,0.3333333333333333,1.0,-0.6666666666666667,3.0,6.333333333333333,-3.333333333333333,21.333333333333332,27.666666666666668,-6.333333333333336,18.333333333333332,21.333333333333332,3.0,4.0,4.0,0.0,1545.273156287737,1512.5280405158737,1498.7737202142705,1525.7598761258332,-26.98615591156272,1
2022_04_ARI_CAR,2022-10-02,2022,4,TRAIN,CAR,ARI,0,1430.4800683411297,1519.671252177983,-89.19118383685327,0.3333333333333333,0.3333333333333333,0.0,0.3333333333333333,0.3333333333333333,0.0,0.3333333333333333,0.3333333333333333,0.0,0.3333333333333333,0.3333333333333333,0.0,1.0,-8.333333333333334,9.333333333333334,20.666666666666668,20.666666666666668,0.0,19.666666666666668,29.0,9.333333333333332,7.0,7.0,0.0,1519.671252177983,1430.4800683411297,1480.9089334792545,1544.4363344031833,-63.52740092392878,1
2022_04_BUF_BAL,2022-10-02,2022,4,TRAIN,BAL,BUF,0,1494.6007660581565,1549.3344552002811,-54.733689142124604,0.6666666666666666,0.6666666666666666,0.0,0.6666666666666666,0.6666666666666666,0.0,0.6666666666666666,0.6666666666666666,0.0,0.6666666666666666,0.6666666666666666,0.0,7.333333333333333,17.666666666666668,-10.333333333333336,33.0,30.333333333333332,2.666666666666668,25.666666666666668,12.666666666666666,-13.000000000000002,7.0,7.0,0.0,1549.3344552002811,1494.6007660581565,1491.9031687495426,1542.9626385396084,-51.059469790065805,1
2022_04_CHI_NYG,2022-10-02,2022,4,TRAIN,NYG,CHI,1,1442.0022848236822,1472.721706090901,-30.719421267218877,0.6666666666666666,0.6666666666666666,0.0,0.6666666666666666,0.6666666666666666,0.0,0.6666666666666666,0.6666666666666666,0.0,0.6666666666666666,0.6666666666666666,0.0,-1.0,-1.6666666666666667,0.6666666666666667,18.666666666666668,17.333333333333332,1.3333333333333357,19.666666666666668,19.0,-0.6666666666666679,6.0,7.0,-1.0,1472.721706090901,1442.0022848236822,1512.5733776662448,1503.6770909600166,8.896286706228238,1
2022_04_CLE_ATL,2022-10-02,2022,4,TRAIN,ATL,CLE,1,1467.0155438714319,1500.6358477094486,-33.62030383801675,0.3333333333333333,0.6666666666666666,-0.3333333333333333,0.3333333333333333,0.6666666666666666,-0.3333333333333333,0.3333333333333333,0.6666666666666666,-0.3333333333333333,0.3333333333333333,0.6666666666666666,-0.3333333333333333,-0.3333333333333333,4.333333333333333,-4.666666666666666,26.666666666666668,28.333333333333332,-1.6666666666666643,27.0,24.0,-3.0,7.0,10.0,-3.0,1500.6358477094486,1467.0155438714319,1510.1758955116038,1457.7085205666415,52.46737494496233,1
2022_04_DEN_LV,2022-10-02,2022,4,TRAIN,LV,DEN,1,1498.6415131579333,1480.1160783611897,18.52543479674364,0.0,0.6666666666666666,-0.6666666666666666,0.0,0.6666666666666666,-0.6666666666666666,0.0,0.6666666666666666,-0.6666666666666666,0.0,0.6666666666666666,-0.6666666666666666,-4.333333333333333,2.3333333333333335,-6.666666666666666,21.333333333333332,14.333333333333334,6.999999999999998,25.666666666666668,12.0,-13.666666666666668,7.0,7.0,0.0,1480.1160783611897,1498.6415131579333,1518.2387484011842,1479.207970237654,39.03077816353016,1
2022_04_JAX_PHI,2022-10-02,2022,4,TRAIN,PHI,JAX,1,1537.2417600819915,1428.997044111597,108.24471597039451,1.0,0.6666666666666666,0.33333333333333337,1.0,0.6666666666666666,0.33333333333333337,1.0,0.6666666666666666,0.33333333333333337,1.0,0.6666666666666666,0.33333333333333337,12.0,15.333333333333334,-3.333333333333334,28.666666666666668,28.0,0.6666666666666679,16.666666666666668,12.666666666666666,-4.000000000000002,7.0,7.0,0.0,1428.997044111597,1537.2417600819915,1470.138424319466,1497.028274278964,-26.88984995949818,1
2022_04_KC_TB,2022-10-02,2022,4,TRAIN,TB,KC,0,1574.9889531821116,1569.6407740180368,5.348179164074736,0.6666666666666666,0.6666666666666666,0.0,0.6666666666666666,0.6666666666666666,0.0,0.6666666666666666,0.6666666666666666,0.0,0.6666666666666666,0.6666666666666666,0.0,8.0,7.666666666666667,0.33333333333333304,17.0,29.333333333333332,-12.333333333333332,9.0,21.666666666666668,12.666666666666668,7.0,7.0,0.0,1569.6407740180368,1574.9889531821116,1546.4739432092465,1512.426420630677,34.04752257856944,1
2022_04_LAC_HOU,2022-10-02,2022,4,TRAIN,HOU,LAC,0,1413.6795176898572,1493.9976591309003,-80.31814144104305,0.16666666666666666,0.3333333333333333,-0.16666666666666666,0.16666666666666666,0.3333333333333333,-0.16666666666666666,0.16666666666666666,0.3333333333333333,-0.16666666666666666,0.16666666666666666,0.3333333333333333,-0.16666666666666666,-3.3333333333333335,-8.666666666666666,5.333333333333332,16.333333333333332,19.333333333333332,-3.0,19.666666666666668,28.0,8.333333333333332,7.0,7.0,0.0,1493.9976591309003,1413.6795176898572,1477.5626134472911,1506.2969386166487,-28.73432516935759,1
2022_04_MIN_NO,2022-10-02,2022,4,TRAIN,NO,MIN,0,1496.959612129473,1507.1239066407386,-10.164294511265553,0.3333333333333333,0.6666666666666666,-0.3333333333333333,0.3333333333333333,0.6666666666666666,-0.3333333333333333,0.3333333333333333,0.6666666666666666,-0.3333333333333333,0.3333333333333333,0.6666666666666666,-0.3333333333333333,-5.666666666666667,1.0,-6.666666666666667,17.0,19.333333333333332,-2.333333333333332,22.666666666666668,18.333333333333332,-4.333333333333336,7.0,7.0,0.0,1507.1239066407386,1496.959612129473,1489.4255394957363,1507.1924228322243,-17.766883336488036,1
2022_04_NE_GB,2022-10-02,2022,4,TRAIN,GB,NE,1,1576.1594191378983,1513.7515861543684,62.40783298352994,0.6666666666666666,0.3333333333333333,0.3333333333333333,0.6666666666666666,0.3333333333333333,0.3333333333333333,0.6666666666666666,0.3333333333333333,0.3333333333333333,0.6666666666666666,0.3333333333333333,0.3333333333333333,1.0,-7.0,8.0,16.0,16.666666666666668,-0.6666666666666679,15.0,23.666666666666668,8.666666666666668,7.0,7.0,0.0,1513.7515861543684,1576.1594191378983,1517.889021634437,1509.7823654548156,8.106656179621496,1
2022_04_NYJ_PIT,2022-10-02,2022,4,TRAIN,PIT,NYJ,0,1509.380190376047,1421.4973696480827,87.88282072796437,0.3333333333333333,0.3333333333333333,0.0,0.3333333333333333,0.3333333333333333,0.0,0.3333333333333333,0.3333333333333333,0.0,0.3333333333333333,0.3333333333333333,0.0,-4.0,-9.666666666666666,5.666666666666666,18.0,17.333333333333332,0.6666666666666679,22.0,27.0,5.0,10.0,7.0,3.0,1421.4973696480827,1509.380190376047,1509.3508158562897,1496.9894470854144,12.361368770875288,1
2022_04_SEA_DET,2022-10-02,2022,4,TRAIN,DET,SEA,0,1424.2445603215817,1468.2585802874703,-44.014019965888565,0.3333333333333333,0.3333333333333333,0.0,0.3333333333333333,0.3333333333333333,0.0,0.3333333333333333,0.3333333333333333,0.0,0.3333333333333333,0.3333333333333333,0.0,0.6666666666666666,-7.666666666666667,8.333333333333334,31.666666666666668,15.666666666666666,16.0,31.0,23.333333333333332,-7.666666666666668,7.0,7.0,0.0,1468.2585802874703,1424.2445603215817,1498.6277464385632,1481.2708221892508,17.356924249312442,1
2022_04_TEN_IND,2022-10-02,2022,4,TRAIN,IND,TEN,0,1506.8669815278377,1540.8036460586477,-33.93666453081005,0.5,0.3333333333333333,0.16666666666666669,0.5,0.3333333333333333,0.16666666666666669,0.5,0.3333333333333333,0.16666666666666669,0.5,0.3333333333333333,0.16666666666666669,-7.0,-11.0,4.0,13.333333333333334,17.0,-3.666666666666666,20.333333333333332,28.0,7.666666666666668,7.0,7.0,0.0,1540.8036460586477,1506.8669815278377,1471.703650894505,1494.706381879245,-23.002730984740083,1
2022_04_WAS_DAL,2022-10-02,2022,4,TRAIN,DAL,WAS,1,1562.4218501412684,1465.1231365464655,97.29871359480285,0.6666666666666666,0.3333333333333333,0.3333333333333333,0.6666666666666666,0.3333333333333333,0.3333333333333333,0.6666666666666666,0.3333333333333333,0.3333333333333333,0.6666666666666666,0.3333333333333333,0.3333333333333333,-2.0,-6.333333333333333,4.333333333333333,15.333333333333334,21.0,-5.666666666666666,17.333333333333332,27.333333333333332,10.0,6.0,7.0,-1.0,1465.1231365464655,1562.4218501412684,1510.116756958074,1453.672718970567,56.44403798750682,1
2022_04_LA_SF,2022-10-03,2022,4,TRAIN,SF,LA,1,1515.932843827744,1559.9098963921344,-43.97705256439053,0.3333333333333333,0.6666666666666666,-0.3333333333333333,0.3333333333333333,0.6666666666666666,-0.3333333333333333,0.3333333333333333,0.6666666666666666,-0.3333333333333333,0.3333333333333333,0.6666666666666666,-0.3333333333333333,3.3333333333333335,-3.0,6.333333333333334,15.666666666666666,20.333333333333332,-4.666666666666666,12.333333333333334,23.333333333333332,10.999999999999998,8.0,8.0,0.0,1559.9098963921344,1515.932843827744,1471.970096459562,1511.049324493985,-39.07922803442307,1
2022_05_IND_DEN,2022-10-06,2022,5,TRAIN,DEN,IND,0,1470.6487784965318,1497.8406626182457,-27.191884121713883,0.5,0.375,0.125,0.6666666666666666,0.3333333333333333,0.3333333333333333,0.5,0.375,0.125,0.5,0.375,0.125,-0.5,-7.0,6.5,16.5,14.25,2.25,17.0,21.25,4.25,4.0,4.0,0.0,1497.8406626182457,1470.6487784965318,1484.066355967724,1488.9786496855409,-4.912293717816965,1
2022_05_ATL_TB,2022-10-09,2022,5,TRAIN,TB,ATL,1,1564.8350323690595,1477.9802048979432,86.85482747111632,0.5,0.5,0.0,0.3333333333333333,0.6666666666666666,-0.3333333333333333,0.5,0.5,0.0,0.5,0.5,0.0,3.5,0.5,3.0,20.5,25.75,-5.25,17.0,25.25,8.25,7.0,7.0,0.0,1477.9802048979432,1564.8350323690595,1552.265650911444,1507.7908835610651,44.4747673503789,1
2022_05_CHI_MIN,2022-10-09,2022,5,TRAIN,MIN,CHI,1,1516.8314381611615,1461.8398269563402,54.99161120482131,0.75,0.5,0.25,0.6666666666666666,0.3333333333333333,0.3333333333333333,0.75,0.5,0.25,0.75,0.5,0.25,1.5,-3.25,4.75,21.5,16.0,5.5,20.0,19.25,-0.75,7.0,7.0,0.0,1461.8398269563402,1516.8314381611615,1504.6342201565365,1488.258389425933,16.37583073060341,1
2022_05_CIN_BAL,2022-10-09,2022,5,TRAIN,BAL,CIN,1,1486.1632240841197,1523.467740002382,-37.30451591826227,0.5,0.5,0.0,0.3333333333333333,0.6666666666666666,-0.3333333333333333,0.5,0.5,0.0,0.5,0.5,0.0,4.75,5.25,-0.5,29.75,22.75,7.0,25.0,17.5,-7.5,7.0,10.0,-3.0,1523.467740002382,1486.1632240841197,1506.2609903622272,1510.398579232637,-4.1375888704099,1
2022_05_DAL_LA,2022-10-09,2022,5,TRAIN,LA,DAL,0,1548.6508518350572,1569.6923531528475,-21.041501317790335,0.5,0.75,-0.25,0.6666666666666666,1.0,-0.33333333333333337,0.5,0.75,-0.25,0.5,0.75,-0.25,-6.0,2.25,-8.25,17.5,17.75,-0.25,23.5,15.5,-8.0,6.0,7.0,-1.0,1569.6923531528475,1548.6508518350572,1512.2702043274246,1498.8683518551718,13.401852472252813,1
2022_05_DET_NE,2022-10-09,2022,5,TRAIN,NE,DET,1,1505.5287555983475,1415.5046520054007,90.02410359294686,0.25,0.25,0.0,0.3333333333333333,0.3333333333333333,0.0,0.25,0.25,0.0,0.25,0.25,0.0,-6.0,-0.25,-5.75,18.5,35.0,-16.5,24.5,35.25,10.75,7.0,7.0,0.0,1415.5046520054007,1505.5287555983475,1526.3766288755862,1491.03545490079,35.34117397479622,1
2022_05_HOU_JAX,2022-10-09,2022,5,TRAIN,JAX,HOU,0,1422.0155397675815,1405.9509403091358,16.064599458445628,0.5,0.125,0.375,0.6666666666666666,0.0,0.6666666666666666,0.5,0.125,0.375,0.5,0.125,0.375,9.5,-5.0,14.5,26.25,18.25,8.0,16.75,23.25,6.5,7.0,7.0,0.0,1405.9509403091358,1422.0155397675815,1507.081645729721,1481.6713748681934,25.41027086152758,1
2022_05_LAC_CLE,2022-10-09,2022,5,TRAIN,CLE,LAC,0,1489.6711866829373,1501.7262365116217,-12.055049828684332,0.5,0.5,0.0,0.3333333333333333,0.3333333333333333,0.0,0.5,0.5,0.0,0.5,0.5,0.0,2.5,-4.0,6.5,26.25,23.0,3.25,23.75,27.0,3.25,7.0,7.0,0.0,1501.7262365116217,1489.6711866829373,1460.035276392839,1483.1425833849507,-23.107306992111717,1
2022_05_MIA_NYJ,2022-10-09,2022,5,TRAIN,NYJ,MIA,1,1433.9742393050617,1534.3334568012287,-100.35921749616705,0.5,0.75,-0.25,0.6666666666666666,0.6666666666666666,0.0,0.5,0.75,-0.25,0.5,0.75,-0.25,-6.25,1.75,-8.0,19.0,24.5,-5.5,25.25,22.75,-2.5,7.0,10.0,-3.0,1534.3334568012287,1433.9742393050617,1500.0871329080726,1522.4519172233433,-22.364784315270754,1
2022_05_NYG_GB,2022-10-09,2022,5,TRAIN,GB,NYG,0,1584.3822496939192,1452.884163958243,131.4980857356761,0.75,0.75,0.0,1.0,0.6666666666666666,0.33333333333333337,0.75,0.75,0.0,0.75,0.75,0.0,1.5,1.25,0.25,18.75,19.0,-0.25,17.25,17.75,0.5,7.0,7.0,0.0,1452.884163958243,1584.3822496939192,1516.85466276442,1502.610459772409,14.244202992010969,1
2022_05_PHI_ARI,2022-10-09,2022,5,TRAIN,ARI,PHI,0,1527.1590681664138,1544.223264426007,-17.064196259593245,0.5,1.0,-0.5,0.6666666666666666,1.0,-0.33333333333333337,0.5,1.0,-0.5,0.5,1.0,-0.5,-3.75,11.0,-14.75,22.0,28.75,-6.75,25.75,17.75,-8.0,7.0,7.0,0.0,1544.223264426007,1527.1590681664138,1515.94726788767,1459.8530792674987,56.09418862017128,1
2022_05_PIT_BUF,2022-10-09,2022,5,TRAIN,BUF,PIT,1,1557.771997174318,1496.903320719068,60.8686764552499,0.75,0.25,0.5,0.6666666666666666,0.0,0.6666666666666666,0.75,0.25,0.5,0.75,0.25,0.5,14.0,-4.0,18.0,28.5,18.5,10.0,14.5,22.5,8.0,7.0,7.0,0.0,1496.903320719068,1557.771997174318,1530.8721704192455,1487.387454304238,43.484716115007586,1
2022_05_SEA_NO,2022-10-09,2022,5,TRAIN,NO,SEA,1,1487.2520806090502,1476.9984886036514,10.253592005398787,0.25,0.5,-0.25,0.0,0.3333333333333333,-0.3333333333333333,0.25,0.5,-0.25,0.25,0.5,-0.25,-5.0,-5.0,0.0,19.0,23.75,-4.75,24.0,28.75,4.75,7.0,7.0,0.0,1476.9984886036514,1487.2520806090502,1493.8501312819867,1467.0142567223334,26.835874559653348,1
2022_05_SF_CAR,2022-10-09,2022,5,TRAIN,CAR,SF,0,1422.9922523526989,1527.1918883848211,-104.19963603212227,0.25,0.5,-0.25,0.3333333333333333,0.6666666666666666,-0.3333333333333333,0.25,0.5,-0.25,0.25,0.5,-0.25,-1.75,6.25,-8.0,19.5,17.75,1.75,21.25,11.5,-9.75,7.0,6.0,1.0,1527.1918883848211,1422.9922523526989,1490.5995131539366,1493.9550464427052,-3.3555332887685836,1
2022_05_TEN_WAS,2022-10-09,2022,5,TRAIN,WAS,TEN,0,1457.8526335348863,1549.8299649682397,-91.97733143335336,0.25,0.5,-0.25,0.0,0.6666666666666666,-0.6666666666666666,0.25,0.5,-0.25,0.25,0.5,-0.25,-8.5,-6.5,-2.0,18.25,18.75,-0.5,26.75,25.25,-1.5,7.0,7.0,0.0,1549.8299649682397,1457.8526335348863,1480.8600017632425,1497.7465317913934,-16.8865300281509,1
2022_05_LV_KC,2022-10-10,2022,5,TRAIN,KC,LV,1,1579.794694831089,1508.1088130225912,71.6858818084977,0.75,0.25,0.5,0.6666666666666666,0.3333333333333333,0.3333333333333333,0.75,0.25,0.5,0.75,0.25,0.5,8.25,-1.0,9.25,32.25,24.0,8.25,24.0,25.0,1.0,8.0,8.0,0.0,1508.1088130225912,1579.794694831089,1528.0670537685355,1508.7080808911855,19.35897287734997,1
2022_06_WAS_CHI,2022-10-13,2022,6,TRAIN,CHI,WAS,0,1453.4095265043907,1450.439795707113,2.9697307972776343,0.4,0.2,0.2,0.3333333333333333,0.0,0.3333333333333333,0.4,0.2,0.2,0.4,0.2,0.2,-4.0,-7.6,3.5999999999999996,17.2,18.0,-0.8000000000000007,21.2,25.6,4.400000000000002,4.0,4.0,0.0,1450.439795707113,1453.4095265043907,1493.9729991729787,1494.653994404242,-0.6809952312632959,1
2022_06_ARI_SEA,2022-10-16,2022,6,TRAIN,SEA,ARI,1,1467.293525053871,1517.6498206723952,-50.3562956185242,0.4,0.4,0.0,0.3333333333333333,0.3333333333333333,0.0,0.4,0.4,0.0,0.4,0.4,0.0,-5.4,-3.6,-1.8000000000000003,25.4,21.0,4.399999999999999,30.8,24.6,-6.199999999999999,7.0,7.0,0.0,1517.6498206723952,1467.293525053871,1471.0618214996769,1521.6024671953373,-50.54064569566049,1
2022_06_BAL_NYG,2022-10-16,2022,6,TRAIN,NYG,BAL,1,1466.4980476732742,1497.2328271979943,-30.734779524720125,0.8,0.6,0.20000000000000007,0.6666666666666666,0.6666666666666666,0.0,0.8,0.6,0.20000000000000007,0.8,0.6,0.20000000000000007,2.0,4.2,-2.2,20.6,27.6,-7.0,18.6,23.4,4.799999999999997,7.0,7.0,0.0,1497.2328271979943,1466.4980476732742,1518.964817756711,1509.7023402902582,9.262477466452765,1
2022_06_BUF_KC,2022-10-16,2022,6,TRAIN,KC,BUF,0,1587.7601981947153,1566.0377625817378,21.722435612977506,0.8,0.8,0.0,0.6666666666666666,0.6666666666666666,0.0,0.8,0.8,0.0,0.8,0.8,0.0,6.8,18.2,-11.399999999999999,31.8,30.4,1.4000000000000021,25.0,12.2,-12.8,6.0,7.0,-1.0,1566.0377625817378,1587.7601981947153,1524.0754056193468,1524.07840047921,-0.002994859863065358,1
2022_06_CAR_LA,2022-10-16,2022,6,TRAIN,LA,CAR,1,1539.255735577172,1415.904560879703,123.35117469746888,0.4,0.2,0.2,0.3333333333333333,0.3333333333333333,0.0,0.4,0.2,0.2,0.4,0.2,0.2,-7.2,-5.8,-1.4000000000000004,16.0,18.6,-2.6000000000000014,23.2,24.4,1.1999999999999993,7.0,7.0,0.0,1415.904560879703,1539.255735577172,1523.7546340925091,1497.9179882001135,25.83664589239561,1
2022_06_CIN_NO,2022-10-16,2022,6,TRAIN,NO,CIN,0,1496.9570441588305,1512.3981368885075,-15.441092729676939,0.4,0.4,0.0,0.3333333333333333,0.6666666666666666,-0.3333333333333333,0.4,0.4,0.0,0.4,0.4,0.0,-2.6,3.8,-6.4,23.0,21.6,1.3999999999999986,25.6,17.8,-7.800000000000001,7.0,7.0,0.0,1512.3981368885075,1496.9570441588305,1490.4798027463198,1505.5515082029335,-15.0717054566137,1
2022_06_DAL_PHI,2022-10-16,2022,6,TRAIN,PHI,DAL,1,1553.7325119200257,1579.0874694107329,-25.354957490707193,1.0,0.8,0.19999999999999996,1.0,1.0,0.0,1.0,0.8,0.19999999999999996,1.0,0.8,0.19999999999999996,9.4,4.2,5.2,27.0,18.6,8.399999999999999,17.6,14.4,-3.200000000000001,7.0,7.0,0.0,1579.0874694107329,1553.7325119200257,1473.3142770472818,1508.8248518511489,-35.51057480386703,1
2022_06_JAX_IND,2022-10-16,2022,6,TRAIN,IND,JAX,1,1507.0596113636573,1411.5534926532573,95.50611871039996,0.5,0.4,0.09999999999999998,0.6666666666666666,0.3333333333333333,0.3333333333333333,0.5,0.4,0.09999999999999998,0.5,0.4,0.09999999999999998,-5.0,6.2,-11.2,13.8,22.2,-8.399999999999999,18.8,16.0,-2.8000000000000007,10.0,7.0,3.0,1411.5534926532573,1507.0596113636573,1485.3126754477391,1486.855504645604,-1.5428291978648758,1
2022_06_MIN_MIA,2022-10-16,2022,6,TRAIN,MIA,MIN,0,1521.5226317957756,1525.261738613111,-3.7391068173353688,0.6,0.8,-0.20000000000000007,0.3333333333333333,1.0,-0.6666666666666667,0.6,0.8,-0.20000000000000007,0.6,0.8,-0.20000000000000007,-3.2,2.6,-5.800000000000001,23.0,23.0,0.0,26.2,20.4,-5.800000000000001,7.0,7.0,0.0,1525.261738613111,1521.5226317957756,1504.756381639687,1496.0753415164972,8.68104012318986,1
2022_06_NE_CLE,2022-10-16,2022,6,TRAIN,CLE,NE,0,1480.0180197357058,1512.9941247658387,-32.976105030132885,0.4,0.4,0.0,0.3333333333333333,0.3333333333333333,0.0,0.4,0.4,0.0,0.4,0.4,0.0,1.6,1.0,0.6000000000000001,26.6,20.6,6.0,25.0,19.6,-5.399999999999999,7.0,7.0,0.0,1512.9941247658387,1480.0180197357058,1468.3734684165954,1504.202233501549,-35.8287650849536,1
2022_06_NYJ_GB,2022-10-16,2022,6,TRAIN,GB,NYJ,0,1570.7683659788881,1446.7850643105148,123.98330166837331,0.6,0.6,0.0,0.6666666666666666,0.6666666666666666,0.0,0.6,0.6,0.0,0.6,0.6,0.0,0.2,-0.4,0.6000000000000001,19.4,23.2,-3.8000000000000007,19.2,23.6,4.400000000000002,7.0,7.0,0.0,1446.7850643105148,1570.7683659788881,1504.0605630031846,1506.936397686704,-2.875834683519315,1
2022_06_SF_ATL,2022-10-16,2022,6,TRAIN,ATL,SF,1,1470.4292814340529,1534.279579857817,-63.850298423764116,0.4,0.6,-0.19999999999999996,0.6666666666666666,0.6666666666666666,0.0,0.4,0.6,-0.19999999999999996,0.4,0.6,-0.19999999999999996,-0.8,9.4,-10.200000000000001,23.6,21.6,2.0,24.4,12.2,-12.2,7.0,7.0,0.0,1534.279579857817,1470.4292814340529,1519.199713322664,1479.762487624704,39.43722569796,1
2022_06_TB_PIT,2022-10-16,2022,6,TRAIN,PIT,TB,1,1488.6375553116482,1572.3859558329498,-83.74840052130162,0.2,0.6,-0.39999999999999997,0.0,0.3333333333333333,-0.3333333333333333,0.2,0.6,-0.39999999999999997,0.2,0.6,-0.39999999999999997,-10.2,4.0,-14.2,15.4,20.6,-5.200000000000001,25.6,16.6,-9.0,7.0,7.0,0.0,1572.3859558329498,1488.6375553116482,1501.4643628782537,1537.4085617087437,-35.944198830489995,1
2022_06_DEN_LAC,2022-10-17,2022,6,TRAIN,LAC,DEN,1,1511.3794034588532,1461.4298297511202,49.94957370773295,0.6,0.4,0.19999999999999996,0.6666666666666666,0.3333333333333333,0.3333333333333333,0.6,0.4,0.19999999999999996,0.6,0.4,0.19999999999999996,-2.8,-1.0,-1.7999999999999998,24.4,15.0,9.399999999999999,27.2,16.0,-11.2,8.0,11.0,-3.0,1461.4298297511202,1511.3794034588532,1484.448304044548,1486.821217297828,-2.372913253280103,1
2022_07_NO_ARI,2022-10-20,2022,7,TRAIN,ARI,NO,1,1506.210514276119,1487.4011821535405,18.809332122578553,0.3333333333333333,0.3333333333333333,0.0,0.3333333333333333,0.3333333333333333,0.0,0.4,0.2,0.2,0.3333333333333333,0.3333333333333333,0.0,-4.666666666666667,-2.8333333333333335,-1.8333333333333335,19.0,23.5,-4.5,23.666666666666668,26.333333333333332,2.6666666666666643,4.0,4.0,0.0,1487.4011821535405,1506.210514276119,1502.0913098815042,1498.3359054529615,3.755404428542761,1
2022_07_ATL_CIN,2022-10-23,2022,7,TRAIN,CIN,ATL,1,1521.9539988937975,1482.2466272364284,39.707371657369094,0.5,0.5,0.0,0.6666666666666666,0.6666666666666666,0.0,0.6,0.6,0.0,0.5,0.5,0.0,3.8333333333333335,1.6666666666666667,2.166666666666667,23.0,24.333333333333332,-1.3333333333333321,19.166666666666668,22.666666666666668,3.5,7.0,7.0,0.0,1482.2466272364284,1521.9539988937975,1500.8166587177163,1524.2817431635224,-23.465084445806042,1
2022_07_CLE_BAL,2022-10-23,2022,7,TRAIN,BAL,CLE,1,1486.3505094567997,1470.964308507108,15.386200949691784,0.5,0.3333333333333333,0.16666666666666669,0.3333333333333333,0.0,0.3333333333333333,0.4,0.2,0.2,0.5,0.3333333333333333,0.16666666666666669,2.8333333333333335,-2.5,5.333333333333334,26.333333333333332,24.666666666666668,1.6666666666666643,23.5,27.166666666666668,3.666666666666668,7.0,7.0,0.0,1470.964308507108,1486.3505094567997,1517.9457742237537,1483.7901148478156,34.15565937593806,1
2022_07_DET_DAL,2022-10-23,2022,7,TRAIN,DAL,DET,1,1568.358987838608,1408.0392828379095,160.3197050006986,0.6666666666666666,0.2,0.4666666666666666,0.6666666666666666,0.0,0.6666666666666666,0.8,0.2,0.6000000000000001,0.6666666666666666,0.2,0.4666666666666666,2.0,-6.0,8.0,18.333333333333332,28.0,-9.666666666666668,16.333333333333332,34.0,17.666666666666668,7.0,14.0,-7.0,1408.0392828379095,1568.358987838608,1506.0532352745122,1493.9341150403015,12.11912023421064,1
2022_07_GB_WAS,2022-10-23,2022,7,TRAIN,WAS,GB,1,1460.5252693488271,1557.3439786130416,-96.81870926421448,0.3333333333333333,0.5,-0.16666666666666669,0.3333333333333333,0.3333333333333333,0.0,0.2,0.6,-0.39999999999999997,0.3333333333333333,0.5,-0.16666666666666669,-5.5,-2.6666666666666665,-2.8333333333333335,17.0,17.833333333333332,-0.8333333333333321,22.5,20.5,-2.0,10.0,7.0,3.0,1557.3439786130416,1460.5252693488271,1502.9966625943666,1494.090239136585,8.906423457781557,1
2022_07_HOU_LV,2022-10-23,2022,7,TRAIN,LV,HOU,1,1500.1433096589649,1416.41298742346,83.7303222355049,0.2,0.3,-0.09999999999999998,0.3333333333333333,0.3333333333333333,0.0,0.2,0.3,-0.09999999999999998,0.2,0.3,-0.09999999999999998,-1.0,-2.6,1.6,25.0,17.2,7.800000000000001,26.0,19.8,-6.199999999999999,13.0,14.0,-1.0,1416.41298742346,1500.1433096589649,1522.9254036791663,1469.7402078480711,53.18519583109514,1
2022_07_IND_TEN,2022-10-23,2022,7,TRAIN,TEN,IND,1,1557.242802796013,1514.3779324116063,42.864870384406686,0.6,0.5833333333333334,0.016666666666666607,1.0,0.6666666666666666,0.33333333333333337,0.6,0.6,0.0,0.6,0.5833333333333334,0.016666666666666607,-4.4,-3.0,-1.4000000000000004,19.2,17.166666666666668,2.0333333333333314,23.6,20.166666666666668,-3.4333333333333336,14.0,7.0,7.0,1514.3779324116063,1557.242802796013,1489.767752140092,1481.7360421623482,8.03170997774373,1
2022_07_KC_SF,2022-10-23,2022,7,TRAIN,SF,KC,0,1522.4622340554415,1577.135789636982,-54.67355558154054,0.5,0.6666666666666666,-0.16666666666666663,0.6666666666666666,0.6666666666666666,0.0,0.6,0.6,0.0,0.5,0.6666666666666666,-0.16666666666666663,5.5,5.0,0.5,20.333333333333332,29.833333333333332,-9.5,14.833333333333334,24.833333333333332,9.999999999999998,7.0,7.0,0.0,1577.135789636982,1522.4622340554415,1481.9583931728102,1531.6766638559984,-49.718270683188166,1
2022_07_NYG_JAX,2022-10-23,2022,7,TRAIN,JAX,NYG,0,1404.2351716053083,1477.3803654144688,-73.14519380916045,0.3333333333333333,0.8333333333333334,-0.5,0.0,1.0,-1.0,0.4,0.8,-0.4,0.3333333333333333,0.8333333333333334,-0.5,4.0,2.3333333333333335,1.6666666666666665,23.0,21.166666666666668,1.8333333333333321,19.0,18.833333333333332,-0.16666666666666785,7.0,7.0,0.0,1477.3803654144688,1404.2351716053083,1492.8160953879706,1507.4579922948944,-14.641896906923876,1
2022_07_NYJ_DEN,2022-10-23,2022,7,TRAIN,DEN,NYJ,0,1452.8576703332112,1460.2094516763614,-7.351781343150151,0.3333333333333333,0.6666666666666666,-0.3333333333333333,0.0,1.0,-1.0,0.4,0.8,-0.4,0.3333333333333333,0.6666666666666666,-0.3333333333333333,-1.3333333333333333,2.5,-3.833333333333333,15.166666666666666,23.833333333333332,-8.666666666666666,16.5,21.333333333333332,4.833333333333332,6.0,7.0,-1.0,1460.2094516763614,1452.8576703332112,1493.4369161060763,1524.261758463086,-30.82484235700963,1
2022_07_PIT_MIA,2022-10-23,2022,7,TRAIN,MIA,PIT,1,1511.6302477863126,1501.0024022975206,10.62784548879199,0.5,0.3333333333333333,0.16666666666666669,0.0,0.3333333333333333,-0.3333333333333333,0.4,0.2,0.2,0.5,0.3333333333333333,0.16666666666666669,-4.0,-8.166666666666666,4.166666666666666,21.833333333333332,16.166666666666668,5.666666666666664,25.833333333333332,24.333333333333332,-1.5,7.0,7.0,0.0,1501.0024022975206,1511.6302477863126,1504.8590707783517,1511.1779211774851,-6.318850399133453,1
2022_07_SEA_LAC,2022-10-23,2022,7,TRAIN,LAC,SEA,0,1519.9515628767622,1478.7328314501472,41.21873142661502,0.6666666666666666,0.5,0.16666666666666663,1.0,0.6666666666666666,0.33333333333333337,0.6,0.4,0.19999999999999996,0.6666666666666666,0.5,0.16666666666666663,-1.8333333333333333,-2.8333333333333335,1.0000000000000002,23.5,24.333333333333332,-0.8333333333333321,25.333333333333332,27.166666666666668,1.8333333333333357,6.0,7.0,-1.0,1478.7328314501472,1519.9515628767622,1471.0070404837472,1480.8017944531398,-9.79475396939256,1
2022_07_TB_CAR,2022-10-23,2022,7,TRAIN,CAR,TB,1,1409.3128776894632,1560.0211088470774,-150.70823115761414,0.16666666666666666,0.5,-0.33333333333333337,0.0,0.3333333333333333,-0.3333333333333333,0.2,0.4,-0.2,0.16666666666666666,0.5,-0.33333333333333337,-7.166666666666667,3.0,-10.166666666666668,17.166666666666668,20.166666666666668,-3.0,24.333333333333332,17.166666666666668,-7.166666666666664,7.0,7.0,0.0,1560.0211088470774,1409.3128776894632,1507.0059026167744,1523.9375183772663,-16.931615760491923,1
2022_07_CHI_NE,2022-10-24,2022,7,TRAIN,NE,CHI,0,1522.0478359944366,1443.3240528626766,78.72378313176,0.5,0.3333333333333333,0.16666666666666669,0.6666666666666666,0.0,0.6666666666666666,0.6,0.2,0.39999999999999997,0.5,0.3333333333333333,0.16666666666666669,4.666666666666667,-4.166666666666667,8.833333333333334,23.5,15.5,8.0,18.833333333333332,19.666666666666668,0.8333333333333357,8.0,11.0,-3.0,1443.3240528626766,1522.0478359944366,1497.16323958899,1477.958546706585,19.204692882405197,1
2022_08_BAL_TB,2022-10-27,2022,8,TRAIN,TB,BAL,0,1545.936411225948,1495.9079482690574,50.02846295689051,0.42857142857142855,0.5714285714285714,-0.14285714285714285,0.3333333333333333,0.6666666666666666,-0.3333333333333333,0.2,0.6,-0.39999999999999997,0.42857142857142855,0.5714285714285714,-0.14285714285714285,0.0,2.857142857142857,-2.857142857142857,17.714285714285715,25.857142857142858,-8.142857142857142,17.714285714285715,23.0,5.285714285714285,4.0,4.0,0.0,1495.9079482690574,1545.936411225948,1502.2312883876573,1507.0411622226613,-4.809873835004055,1
2022_08_ARI_MIN,2022-10-30,2022,8,TRAIN,MIN,ARI,1,1535.154122622574,1515.6696664627934,19.48445615978062,0.8333333333333334,0.42857142857142855,0.4047619047619048,1.0,0.3333333333333333,0.6666666666666667,0.8,0.4,0.4,0.8333333333333334,0.42857142857142855,0.4047619047619048,3.5,-2.857142857142857,6.357142857142858,23.166666666666668,22.285714285714285,0.8809523809523832,19.666666666666668,25.142857142857142,5.4761904761904745,14.0,10.0,4.0,1515.6696664627934,1535.154122622574,1486.3578957639768,1495.9850396136499,-9.627143849673075,1
2022_08_CAR_ATL,2022-10-30,2022,8,TRAIN,ATL,CAR,1,1473.384547249611,1423.3975753105926,49.986971939018304,0.42857142857142855,0.2857142857142857,0.14285714285714285,0.3333333333333333,0.3333333333333333,0.0,0.6,0.4,0.19999999999999996,0.42857142857142855,0.2857142857142857,0.14285714285714285,-1.1428571428571428,-3.5714285714285716,2.428571428571429,23.285714285714285,17.714285714285715,5.571428571428569,24.428571428571427,21.285714285714285,-3.1428571428571423,7.0,7.0,0.0,1423.3975753105926,1473.384547249611,1520.1221690195944,1531.1355153777404,-11.01334635814601,1
2022_08_CHI_DAL,2022-10-30,2022,8,TRAIN,DAL,CHI,1,1574.0464393633026,1455.5519086509498,118.4945307123528,0.7142857142857143,0.42857142857142855,0.28571428571428575,0.6666666666666666,0.3333333333333333,0.3333333333333333,0.8,0.4,0.4,0.7142857142857143,0.42857142857142855,0.28571428571428575,4.285714285714286,-0.8571428571428571,5.142857142857142,19.142857142857142,18.0,1.1428571428571423,14.857142857142858,18.857142857142858,4.0,7.0,6.0,1.0,1455.5519086509498,1574.0464393633026,1484.9158035744883,1470.7628933614392,14.152910213049154,1
2022_08_DEN_JAX,2022-10-30,2022,8,TRAIN,JAX,DEN,0,1396.309897451005,1443.0692400339012,-46.759342582896124,0.2857142857142857,0.2857142857142857,0.0,0.0,0.0,0.0,0.2,0.2,0.0,0.2857142857142857,0.2857142857142857,0.0,2.5714285714285716,-2.142857142857143,4.714285714285714,22.142857142857142,14.285714285714286,7.857142857142856,19.571428571428573,16.428571428571427,-3.142857142857146,7.0,7.0,0.0,1443.0692400339012,1396.309897451005,1486.8332540179704,1499.138249944694,-12.304995926723677,1
2022_08_GB_BUF,2022-10-30,2022,8,TRAIN,BUF,GB,1,1576.662171139471,1544.6272727891267,32.03489835034429,0.8333333333333334,0.42857142857142855,0.4047619047619048,1.0,0.0,1.0,0.8,0.4,0.4,0.8333333333333334,0.42857142857142855,0.4047619047619048,15.833333333333334,-2.5714285714285716,18.404761904761905,29.333333333333332,18.285714285714285,11.047619047619047,13.5,20.857142857142858,7.357142857142858,14.0,7.0,7.0,1544.6272727891267,1576.662171139471,1531.004231904565,1491.9018852141535,39.10234669041142,1
2022_08_LV_NO,2022-10-30,2022,8,TRAIN,NO,LV,1,1477.9420299668661,1507.7789539142937,-29.836923947427522,0.2857142857142857,0.3333333333333333,-0.047619047619047616,0.3333333333333333,0.6666666666666666,-0.3333333333333333,0.2,0.4,-0.2,0.2857142857142857,0.3333333333333333,-0.047619047619047616,-3.5714285714285716,2.1666666666666665,-5.738095238095238,25.0,27.166666666666668,-2.166666666666668,28.571428571428573,25.0,-3.571428571428573,10.0,7.0,3.0,1507.7789539142937,1477.9420299668661,1484.126626995594,1505.378075363185,-21.25144836759091,1
2022_08_MIA_DET,2022-10-30,2022,8,TRAIN,DET,MIA,0,1402.351831313215,1521.3244491776854,-118.97261786447052,0.16666666666666666,0.5714285714285714,-0.40476190476190477,0.0,0.3333333333333333,-0.3333333333333333,0.2,0.4,-0.2,0.16666666666666666,0.5714285714285714,-0.40476190476190477,-8.0,-2.5714285714285716,-5.428571428571429,24.333333333333332,21.0,3.333333333333332,32.333333333333336,23.571428571428573,-8.761904761904763,7.0,7.0,0.0,1521.3244491776854,1402.351831313215,1505.311543191454,1506.5668633235105,-1.2553201320565677,1
2022_08_NE_NYJ,2022-10-30,2022,8,TRAIN,NYJ,NE,0,1469.9978819756714,1509.8199802061633,-39.822098230491974,0.7142857142857143,0.42857142857142855,0.28571428571428575,1.0,0.6666666666666666,0.33333333333333337,0.8,0.4,0.4,0.7142857142857143,0.42857142857142855,0.28571428571428575,3.142857142857143,1.2857142857142858,1.857142857142857,22.714285714285715,22.142857142857142,0.571428571428573,19.571428571428573,20.857142857142858,1.2857142857142847,7.0,6.0,1.0,1509.8199802061633,1469.9978819756714,1514.4003369609454,1479.683447244789,34.7168897161564,1
2022_08_NYG_SEA,2022-10-30,2022,8,TRAIN,SEA,NYG,1,1489.9136671097888,1485.305639568772,4.6080275410167815,0.5714285714285714,0.8571428571428571,-0.2857142857142857,0.6666666666666666,1.0,-0.33333333333333337,0.6,0.8,-0.20000000000000007,0.5714285714285714,0.8571428571428571,-0.2857142857142857,-0.42857142857142855,2.857142857142857,-3.2857142857142856,26.142857142857142,21.428571428571427,4.714285714285715,26.571428571428573,18.571428571428573,-8.0,7.0,7.0,0.0,1485.305639568772,1489.9136671097888,1481.0931524741686,1502.7925709640178,-21.699418489849222,1
2022_08_PIT_PHI,2022-10-30,2022,8,TRAIN,PHI,PIT,1,1564.4609934921505,1491.3082009061477,73.15279258600276,1.0,0.2857142857142857,0.7142857142857143,1.0,0.3333333333333333,0.6666666666666667,1.0,0.2,0.8,1.0,0.2857142857142857,0.7142857142857143,9.333333333333334,-7.857142857142857,17.19047619047619,26.833333333333332,15.285714285714286,11.547619047619046,17.5,23.142857142857142,5.642857142857142,14.0,7.0,7.0,1491.3082009061477,1564.4609934921505,1503.5019074682452,1510.6091879936039,-7.107280525358647,1
2022_08_SF_LA,2022-10-30,2022,8,TRAIN,LA,SF,0,1545.8474187674117,1514.0230035059296,31.824415261482045,0.5,0.42857142857142855,0.07142857142857145,0.3333333333333333,0.3333333333333333,0.0,0.6,0.4,0.19999999999999996,0.5,0.42857142857142855,0.07142857142857145,-3.6666666666666665,1.7142857142857142,-5.3809523809523805,17.333333333333332,20.714285714285715,-3.380952380952383,21.0,19.0,-2.0,14.0,7.0,7.0,1514.0230035059296,1545.8474187674117,1498.9453549416055,1499.7791846385453,-0.8338296969398016,1
2022_08_TEN_HOU,2022-10-30,2022,8,TRAIN,HOU,TEN,0,1408.7773431681312,1566.015274570833,-157.23793140270186,0.25,0.6666666666666666,-0.41666666666666663,0.3333333333333333,1.0,-0.6666666666666667,0.2,0.8,-0.6000000000000001,0.25,0.6666666666666666,-0.41666666666666663,-5.166666666666667,-2.1666666666666665,-3.0000000000000004,17.666666666666668,19.166666666666668,-1.5,22.833333333333332,21.333333333333332,-1.5,7.0,7.0,0.0,1566.015274570833,1408.7773431681312,1467.8567306463578,1507.4786887256091,-39.62195807925127,1
2022_08_WAS_IND,2022-10-30,2022,8,TRAIN,IND,WAS,0,1505.6054606367861,1473.241975172742,32.36348546404406,0.5,0.42857142857142855,0.07142857142857145,0.6666666666666666,0.6666666666666666,0.0,0.6,0.4,0.19999999999999996,0.5,0.42857142857142855,0.07142857142857145,-3.857142857142857,-4.428571428571429,0.5714285714285716,16.142857142857142,17.857142857142858,-1.7142857142857153,20.0,22.285714285714285,2.2857142857142847,7.0,7.0,0.0,1473.241975172742,1505.6054606367861,1512.472385624491,1530.3649405369276,-17.892554912436708,1
2022_08_CIN_CLE,2022-10-31,2022,8,TRAIN,CLE,CIN,1,1461.4068696948502,1530.816078880615,-69.40920918576467,0.2857142857142857,0.5714285714285714,-0.2857142857142857,0.0,0.6666666666666666,-0.6666666666666666,0.2,0.8,-0.6000000000000001,0.2857142857142857,0.5714285714285714,-0.2857142857142857,-2.5714285714285716,5.857142857142857,-8.428571428571429,24.0,24.714285714285715,-0.7142857142857153,26.571428571428573,18.857142857142858,-7.714285714285715,8.0,8.0,0.0,1530.816078880615,1461.4068696948502,1497.6684166329662,1488.000692123144,9.667724509822165,1
2022_09_PHI_HOU,2022-11-03,2022,9,TRAIN,HOU,PHI,0,1403.0174123167726,1572.3860583513854,-169.36864603461277,0.21428571428571427,1.0,-0.7857142857142857,0.3333333333333333,1.0,-0.6666666666666667,0.2,1.0,-0.8,0.21428571428571427,1.0,-0.7857142857142857,-5.428571428571429,11.142857142857142,-16.57142857142857,16.571428571428573,28.0,-11.428571428571427,22.0,16.857142857142858,-5.142857142857142,4.0,4.0,0.0,1572.3860583513854,1403.0174123167726,1489.2159789576472,1500.01945935313,-10.803480395482893,1
2022_09_BUF_NYJ,2022-11-06,2022,9,TRAIN,NYJ,BUF,1,1461.1390612048951,1585.7427367106602,-124.60367550576507,0.625,0.8571428571428571,-0.2321428571428571,0.6666666666666666,1.0,-0.33333333333333337,0.8,0.8,0.0,0.625,0.8571428571428571,-0.2321428571428571,2.125,15.0,-12.875,22.0,29.0,-7.0,19.875,14.0,-5.875,7.0,7.0,0.0,1585.7427367106602,1461.1390612048951,1515.4319327391077,1531.68625467262,-16.2543219335123,1
2022_09_CAR_CIN,2022-11-06,2022,9,TRAIN,CIN,CAR,1,1518.8444807878145,1414.8264703390653,104.01801044874924,0.5,0.25,0.25,0.6666666666666666,0.3333333333333333,0.3333333333333333,0.6,0.2,0.39999999999999997,0.5,0.25,0.25,2.75,-3.5,6.25,23.25,19.75,3.5,20.5,23.25,2.75,6.0,7.0,-1.0,1414.8264703390653,1518.8444807878145,1494.4093842923933,1523.904906447333,-29.495522154939636,1
2022_09_GB_DET,2022-11-06,2022,9,TRAIN,DET,GB,1,1395.6482884235602,1535.5467072179374,-139.89841879437722,0.14285714285714285,0.375,-0.23214285714285715,0.0,0.0,0.0,0.0,0.2,-0.2,0.14285714285714285,0.375,-0.23214285714285715,-7.428571428571429,-3.5,-3.928571428571429,24.714285714285715,18.125,6.589285714285715,32.142857142857146,21.625,-10.517857142857146,7.0,7.0,0.0,1535.5467072179374,1395.6482884235602,1512.4980814829325,1490.1216509822848,22.376430500647757,1
2022_09_IND_NE,2022-11-06,2022,9,TRAIN,NE,IND,1,1518.6788009769396,1494.6766494786257,24.00215149831388,0.5,0.4375,0.0625,0.6666666666666666,0.3333333333333333,0.3333333333333333,0.6,0.4,0.19999999999999996,0.5,0.4375,0.0625,1.75,-3.5,5.25,22.125,16.125,6.0,20.375,19.625,-0.75,7.0,7.0,0.0,1494.6766494786257,1518.6788009769396,1477.0008051434704,1490.6981390354383,-13.6973338919679,1
2022_09_LAC_ATL,2022-11-06,2022,9,TRAIN,ATL,LAC,0,1481.9556522211383,1508.7707272171206,-26.815074995982286,0.5,0.5714285714285714,-0.0714285714285714,0.6666666666666666,0.6666666666666666,0.0,0.6,0.6,0.0,0.5,0.5714285714285714,-0.0714285714285714,-0.625,-3.5714285714285716,2.9464285714285716,25.0,23.428571428571427,1.571428571428573,25.625,27.0,1.375,7.0,14.0,-7.0,1508.7707272171206,1481.9556522211383,1509.0204068281432,1451.994895179192,57.025511648951124,1
2022_09_LA_TB,2022-11-06,2022,9,TRAIN,TB,LA,1,1534.506346392576,1534.9339916492668,-0.4276452566907665,0.375,0.42857142857142855,-0.05357142857142855,0.0,0.3333333333333333,-0.3333333333333333,0.2,0.4,-0.2,0.375,0.42857142857142855,-0.05357142857142855,-0.625,-5.571428571428571,4.946428571428571,18.25,16.857142857142858,1.3928571428571423,18.875,22.428571428571427,3.553571428571427,10.0,7.0,3.0,1534.9339916492668,1534.506346392576,1488.2958720372299,1508.921350368528,-20.625478331298154,1
2022_09_LV_JAX,2022-11-06,2022,9,TRAIN,JAX,LV,1,1387.6476722546772,1496.9222831458678,-109.2746108911906,0.25,0.2857142857142857,-0.0357142857142857,0.0,0.3333333333333333,-0.3333333333333333,0.0,0.4,-0.4,0.25,0.2857142857142857,-0.0357142857142857,1.75,-1.5714285714285714,3.321428571428571,21.5,23.285714285714285,-1.7857142857142847,19.75,24.857142857142858,5.107142857142858,7.0,7.0,0.0,1496.9222831458678,1387.6476722546772,1474.1403834406308,1497.149036346839,-23.008652906208226,1
2022_09_MIA_CHI,2022-11-06,2022,9,TRAIN,CHI,MIA,0,1448.8360950461729,1528.0279920673402,-79.19189702116728,0.375,0.625,-0.25,0.3333333333333333,0.6666666666666666,-0.3333333333333333,0.2,0.4,-0.2,0.375,0.625,-0.25,-3.25,-1.75,-1.5,19.375,22.25,-2.875,22.625,24.0,1.375,7.0,7.0,0.0,1528.0279920673402,1448.8360950461729,1501.0735588099392,1475.0236504089564,26.04990840098276,1
2022_09_MIN_WAS,2022-11-06,2022,9,TRAIN,WAS,MIN,0,1484.1707863309025,1544.593902078521,-60.42311574761857,0.5,0.8571428571428571,-0.3571428571428571,1.0,1.0,0.0,0.6,1.0,-0.4,0.5,0.8571428571428571,-0.3571428571428571,-3.75,4.142857142857143,-7.892857142857143,17.75,24.714285714285715,-6.964285714285715,21.5,20.571428571428573,-0.928571428571427,7.0,7.0,0.0,1544.593902078521,1484.1707863309025,1525.7221561727451,1485.6681139588304,40.05404221391473,1
2022_09_SEA_ARI,2022-11-06,2022,9,TRAIN,ARI,SEA,0,1506.2298870068464,1499.7810451919931,6.448841814853267,0.375,0.625,-0.25,0.3333333333333333,1.0,-0.6666666666666667,0.4,0.8,-0.4,0.375,0.625,-0.25,-3.5,1.375,-4.875,22.75,26.25,-3.5,26.25,24.875,-1.375,7.0,7.0,0.0,1499.7810451919931,1506.2298870068464,1492.9104325194244,1486.8807328097123,6.029699709712077,1
2022_09_TEN_KC,2022-11-06,2022,9,TRAIN,KC,TEN,1,1585.575020186494,1571.7752054221917,13.799814764302255,0.7142857142857143,0.7142857142857143,0.0,0.6666666666666666,1.0,-0.33333333333333337,0.6,1.0,-0.4,0.7142857142857143,0.7142857142857143,0.0,7.285714285714286,-0.8571428571428571,8.142857142857142,31.857142857142858,18.857142857142858,13.0,24.571428571428573,19.714285714285715,-4.857142857142858,14.0,7.0,7.0,1571.7752054221917,1585.575020186494,1533.1984620539504,1479.1681317414902,54.03033031246014,1
2022_09_BAL_NO,2022-11-07,2022,9,TRAIN,NO,BAL,0,1488.798700735292,1507.3380131024294,-18.539312367137427,0.375,0.625,-0.25,0.3333333333333333,0.6666666666666666,-0.3333333333333333,0.4,0.6,-0.19999999999999996,0.375,0.625,-0.25,-0.125,3.125,-3.25,24.875,26.0,-1.125,25.0,22.875,-2.125,8.0,11.0,-3.0,1507.3380131024294,1488.798700735292,1502.102000064662,1511.2401925217987,-9.13819245713671,1
2022_10_ATL_CAR,2022-11-10,2022,10,TRAIN,CAR,ATL,1,1407.733993914933,1472.725923289961,-64.9919293750279,0.2222222222222222,0.4444444444444444,-0.2222222222222222,0.3333333333333333,0.3333333333333333,0.0,0.2,0.4,-0.2,0.2222222222222222,0.4444444444444444,-0.2222222222222222,-5.444444444444445,-0.8888888888888888,-4.555555555555555,19.88888888888889,24.11111111111111,-4.222222222222221,25.333333333333332,25.0,-0.33333333333333215,4.0,4.0,0.0,1472.725923289961,1407.733993914933,1523.7395521692993,1510.6473827296772,13.092169439622012,1
2022_10_ARI_LA,2022-11-13,2022,10,TRAIN,LA,ARI,0,1524.9216830355683,1496.0442957318048,28.8773873037635,0.375,0.3333333333333333,0.041666666666666685,0.3333333333333333,0.3333333333333333,0.0,0.2,0.2,0.0,0.375,0.3333333333333333,0.041666666666666685,-5.25,-4.222222222222222,-1.0277777777777777,16.375,22.555555555555557,-6.180555555555557,21.625,26.77777777777778,5.152777777777779,7.0,7.0,0.0,1496.0442957318048,1524.9216830355683,1510.01182155176,1506.770627889597,3.241193662162914,1
2022_10_CLE_MIA,2022-11-13,2022,10,TRAIN,MIA,CLE,1,1535.7873354592953,1473.3784677876506,62.40886767164466,0.6666666666666666,0.375,0.29166666666666663,1.0,0.3333333333333333,0.6666666666666667,0.6,0.2,0.39999999999999997,0.6666666666666666,0.375,0.29166666666666663,-1.2222222222222223,0.125,-1.3472222222222223,23.666666666666668,25.0,-1.3333333333333321,24.88888888888889,24.875,-0.013888888888889284,7.0,13.0,-6.0,1473.3784677876506,1535.7873354592953,1462.2852613150162,1499.7804986972615,-37.49523738224525,1
2022_10_DAL_GB,2022-11-13,2022,10,TRAIN,GB,DAL,1,1521.7244804910413,1580.7622529680796,-59.03777247703829,0.3333333333333333,0.75,-0.4166666666666667,0.0,0.6666666666666666,-0.6666666666666666,0.0,0.8,-0.8,0.3333333333333333,0.75,-0.4166666666666667,-3.7777777777777777,6.25,-10.027777777777779,17.11111111111111,22.875,-5.763888888888889,20.88888888888889,16.625,-4.263888888888889,7.0,14.0,-7.0,1580.7622529680796,1521.7244804910413,1466.5009914361233,1486.2195383580815,-19.71854692195825,1
2022_10_DEN_TEN,2022-11-13,2022,10,TRAIN,TEN,DEN,1,1562.172187281157,1451.731465230229,110.44072205092789,0.625,0.375,0.25,0.6666666666666666,0.3333333333333333,0.3333333333333333,0.8,0.2,0.6000000000000001,0.625,0.375,0.25,-1.125,-1.375,0.25,18.625,15.125,3.5,19.75,16.5,-3.25,7.0,14.0,-7.0,1451.731465230229,1562.172187281157,1494.6899821657912,1472.8761856724798,21.81379649331143,1
2022_10_DET_CHI,2022-11-13,2022,10,TRAIN,CHI,DET,0,1441.0767516542178,1409.4705151504563,31.606236503761465,0.3333333333333333,0.25,0.08333333333333331,0.3333333333333333,0.3333333333333333,0.0,0.2,0.2,0.0,0.3333333333333333,0.25,0.08333333333333331,-3.2222222222222223,-5.75,2.5277777777777777,20.77777777777778,23.5,-2.7222222222222214,24.0,29.25,5.25,7.0,7.0,0.0,1409.4705151504563,1441.0767516542178,1518.2787002586708,1519.8034960240097,-1.5247957653389221,1
2022_10_HOU_NYG,2022-11-13,2022,10,TRAIN,NYG,HOU,1,1475.4382614865676,1397.5395699420455,77.89869154452208,0.75,0.1875,0.5625,0.6666666666666666,0.0,0.6666666666666666,0.8,0.2,0.6000000000000001,0.75,0.1875,0.5625,0.75,-6.25,7.0,20.375,16.625,3.75,19.625,22.875,3.25,14.0,10.0,4.0,1397.5395699420455,1475.4382614865676,1489.6971243395824,1510.9115682959332,-21.214443956350806,1
2022_10_IND_LV,2022-11-13,2022,10,TRAIN,LV,IND,0,1483.8768697405646,1485.3663900036843,-1.4895202631196298,0.25,0.3888888888888889,-0.1388888888888889,0.3333333333333333,0.0,0.3333333333333333,0.4,0.4,0.0,0.25,0.3888888888888889,-0.1388888888888889,-2.25,-5.666666666666667,3.416666666666667,22.875,14.666666666666666,8.208333333333334,25.125,20.333333333333332,-4.791666666666668,7.0,7.0,0.0,1485.3663900036843,1483.8768697405646,1468.3826925674564,1486.2731700190966,-17.89047745164021,1
2022_10_JAX_KC,2022-11-13,2022,10,TRAIN,KC,JAX,1,1595.1780383275286,1400.6930856599804,194.4849526675482,0.75,0.3333333333333333,0.4166666666666667,0.6666666666666666,0.3333333333333333,0.3333333333333333,0.8,0.2,0.6000000000000001,0.75,0.3333333333333333,0.4166666666666667,6.75,2.3333333333333335,4.416666666666666,30.375,22.11111111111111,8.26388888888889,23.625,19.77777777777778,-3.8472222222222214,7.0,7.0,0.0,1400.6930856599804,1595.1780383275286,1548.6745936528146,1466.0764880534061,82.59810559940843,1
2022_10_LAC_SF,2022-11-13,2022,10,TRAIN,SF,LAC,1,1524.9364306240745,1518.0004561482979,6.935974475776675,0.5,0.625,-0.125,0.3333333333333333,0.6666666666666666,-0.3333333333333333,0.6,0.8,-0.20000000000000007,0.5,0.625,-0.125,3.625,-2.75,6.375,22.0,23.0,-1.0,18.375,25.75,7.375,14.0,7.0,7.0,1518.0004561482979,1524.9364306240745,1515.2629277166561,1465.09380355904,50.169124157616125,1
2022_10_MIN_BUF,2022-11-13,2022,10,TRAIN,BUF,MIN,0,1572.3025970459664,1552.872108815361,19.430488230605533,0.75,0.875,-0.125,0.6666666666666666,1.0,-0.33333333333333337,0.8,1.0,-0.19999999999999996,0.75,0.875,-0.125,12.75,4.0,8.75,27.5,24.125,3.375,14.75,20.125,5.375,7.0,7.0,0.0,1552.872108815361,1572.3025970459664,1517.0061237931923,1496.0325047350568,20.973619058135455,1
2022_10_NO_PIT,2022-11-13,2022,10,TRAIN,PIT,NO,1,1483.3831360469128,1479.331799164914,4.05133688199885,0.25,0.3333333333333333,-0.08333333333333331,0.3333333333333333,0.3333333333333333,0.0,0.2,0.4,-0.2,0.25,0.3333333333333333,-0.08333333333333331,-9.625,-1.6666666666666667,-7.958333333333333,15.0,23.555555555555557,-8.555555555555557,24.625,25.22222222222222,0.5972222222222214,14.0,6.0,8.0,1479.331799164914,1483.3831360469128,1525.5493127867626,1502.1448213570002,23.404491429762402,1
2022_10_SEA_TB,2022-11-13,2022,10,TRAIN,TB,SEA,1,1544.5186550062745,1509.9666364670347,34.552018539239725,0.4444444444444444,0.6666666666666666,-0.2222222222222222,0.3333333333333333,1.0,-0.6666666666666667,0.4,0.8,-0.4,0.4444444444444444,0.6666666666666666,-0.2222222222222222,-0.2222222222222222,2.3333333333333335,-2.555555555555556,18.0,26.77777777777778,-8.777777777777779,18.22222222222222,24.444444444444443,6.222222222222221,7.0,7.0,0.0,1509.9666364670347,1544.5186550062745,1481.3545155634758,1503.277798146765,-21.923282583289165,1
2022_10_WAS_PHI,2022-11-14,2022,10,TRAIN,PHI,WAS,0,1577.8639007261124,1475.8925795940627,101.97132113204975,1.0,0.4444444444444444,0.5555555555555556,1.0,0.6666666666666666,0.33333333333333337,1.0,0.6,0.4,1.0,0.4444444444444444,0.5555555555555556,11.25,-3.6666666666666665,14.916666666666666,28.125,17.666666666666668,10.458333333333332,16.875,21.333333333333332,4.458333333333332,11.0,8.0,3.0,1475.8925795940627,1577.8639007261124,1485.913838982333,1522.1565665601956,-36.24272757786275,1
2022_11_TEN_GB,2022-11-17,2022,11,TRAIN,GB,TEN,0,1533.4075560689232,1569.0963545556099,-35.688798486686665,0.4,0.6666666666666666,-0.2666666666666666,0.3333333333333333,0.6666666666666666,-0.3333333333333333,0.2,0.8,-0.6000000000000001,0.4,0.6666666666666666,-0.2666666666666666,-3.1,-0.2222222222222222,-2.8777777777777778,18.5,18.444444444444443,0.055555555555557135,21.6,18.666666666666668,-2.9333333333333336,4.0,4.0,0.0,1569.0963545556099,1533.4075560689232,1492.0766092380904,1483.6628789062693,8.41373033182117,1
2022_11_CAR_BAL,2022-11-20,2022,11,TRAIN,BAL,CAR,1,1516.8049146728074,1419.5830941787613,97.22182049404614,0.6666666666666666,0.3,0.36666666666666664,1.0,0.3333333333333333,0.6666666666666667,0.8,0.4,0.4,0.6666666666666666,0.3,0.36666666666666664,4.333333333333333,-3.9,8.233333333333333,26.11111111111111,20.4,5.711111111111112,21.77777777777778,24.3,2.522222222222222,13.0,10.0,3.0,1419.5830941787613,1516.8049146728074,1499.1330416288008,1512.846359150327,-13.713317521526278,1
2022_11_CHI_ATL,2022-11-20,2022,11,TRAIN,ATL,CHI,1,1460.8768230261328,1430.1695521873817,30.70727083875113,0.4,0.3,0.10000000000000003,0.3333333333333333,0.0,0.3333333333333333,0.4,0.2,0.2,0.4,0.3,0.10000000000000003,-1.8,-3.0,1.2,23.2,21.7,1.5,25.0,24.7,-0.3000000000000007,10.0,7.0,3.0,1430.1695521873817,1460.8768230261328,1479.2271750388522,1496.8065156565297,-17.579340617677417,1
2022_11_CIN_PIT,2022-11-20,2022,11,TRAIN,PIT,CIN,0,1493.2665344828076,1525.9369572119467,-32.67042272913909,0.3333333333333333,0.5555555555555556,-0.22222222222222227,0.3333333333333333,0.6666666666666666,-0.3333333333333333,0.4,0.6,-0.19999999999999996,0.3333333333333333,0.5555555555555556,-0.22222222222222227,-7.444444444444445,4.777777777777778,-12.222222222222221,15.555555555555555,25.333333333333332,-9.777777777777777,23.0,20.555555555555557,-2.444444444444443,7.0,14.0,-7.0,1525.9369572119467,1493.2665344828076,1537.1161986901288,1468.320047102659,68.79615158746992,1
2022_11_CLE_BUF,2022-11-20,2022,11,TRAIN,BUF,CLE,1,1561.743924962186,1465.1556660717588,96.58825889042714,0.6666666666666666,0.3333333333333333,0.3333333333333333,0.3333333333333333,0.3333333333333333,0.0,0.6,0.2,0.39999999999999997,0.6666666666666666,0.3333333333333333,0.3333333333333333,11.0,-2.3333333333333335,13.333333333333334,27.77777777777778,24.11111111111111,3.666666666666668,16.77777777777778,26.444444444444443,9.666666666666664,7.0,7.0,0.0,1465.1556660717588,1561.743924962186,1528.6603923446332,1513.534857014834,15.125535329799277,1
2022_11_DAL_MIN,2022-11-20,2022,11,TRAIN,MIN,DAL,0,1563.4307808991414,1569.0791773901976,-5.648396491056246,0.8888888888888888,0.6666666666666666,0.2222222222222222,1.0,0.6666666666666666,0.33333333333333337,1.0,0.6,0.4,0.8888888888888888,0.6666666666666666,0.2222222222222222,3.888888888888889,5.222222222222222,-1.3333333333333335,25.11111111111111,23.444444444444443,1.6666666666666679,21.22222222222222,18.22222222222222,-3.0,7.0,7.0,0.0,1569.0791773901976,1563.4307808991414,1511.1011017183557,1497.5398071469967,13.561294571358985,1
2022_11_DET_NYG,2022-11-20,2022,11,TRAIN,NYG,DET,0,1483.2329869512753,1420.3777146172924,62.85527233398284,0.7777777777777778,0.3333333333333333,0.4444444444444445,0.6666666666666666,0.6666666666666666,0.0,0.8,0.4,0.4,0.7777777777777778,0.3333333333333333,0.4444444444444445,1.5555555555555556,-5.0,6.555555555555555,20.77777777777778,24.333333333333332,-3.5555555555555536,19.22222222222222,29.333333333333332,10.11111111111111,7.0,7.0,0.0,1420.3777146172924,1483.2329869512753,1474.6606971098113,1514.3671302973592,-39.70643318754787,1
2022_11_KC_LAC,2022-11-20,2022,11,TRAIN,LAC,KC,0,1508.200063025149,1600.099950732481,-91.89988770733203,0.5555555555555556,0.7777777777777778,-0.2222222222222222,0.3333333333333333,1.0,-0.6666666666666667,0.6,0.8,-0.20000000000000007,0.5555555555555556,0.7777777777777778,-0.2222222222222222,-3.111111111111111,7.111111111111111,-10.222222222222221,22.22222222222222,30.0,-7.777777777777779,25.333333333333332,22.88888888888889,-2.444444444444443,7.0,7.0,0.0,1600.099950732481,1508.200063025149,1487.3451861458834,1513.8154201483885,-26.470234002505094,1
2022_11_LA_NO,2022-11-20,2022,11,TRAIN,NO,LA,1,1469.448400729019,1514.0924336877883,-44.64403295876923,0.3,0.3333333333333333,-0.033333333333333326,0.3333333333333333,0.0,0.3333333333333333,0.2,0.2,0.0,0.3,0.3333333333333333,-0.033333333333333326,-2.5,-5.777777777777778,3.2777777777777777,22.2,16.444444444444443,5.755555555555556,24.7,22.22222222222222,-2.477777777777778,7.0,7.0,0.0,1514.0924336877883,1469.448400729019,1503.4217508456525,1506.0341119325722,-2.612361086919691,1
2022_11_LV_DEN,2022-11-20,2022,11,TRAIN,DEN,LV,0,1444.8072979557762,1473.9197413173256,-29.112443361549367,0.3333333333333333,0.2222222222222222,0.1111111111111111,0.3333333333333333,0.0,0.3333333333333333,0.2,0.2,0.0,0.3333333333333333,0.2222222222222222,0.1111111111111111,-2.0,-2.5555555555555554,0.5555555555555554,14.555555555555555,22.555555555555557,-8.000000000000002,16.555555555555557,25.11111111111111,8.555555555555554,7.0,7.0,0.0,1473.9197413173256,1444.8072979557762,1485.5823204971243,1469.4327548959554,16.149565601168888,1
2022_11_NYJ_NE,2022-11-20,2022,11,TRAIN,NE,NYJ,1,1527.989060451881,1474.579200869589,53.40985958229203,0.5555555555555556,0.6666666666666666,-0.11111111111111105,0.6666666666666666,0.6666666666666666,0.0,0.8,0.8,0.0,0.5555555555555556,0.6666666666666666,-0.11111111111111105,4.111111111111111,2.2222222222222223,1.8888888888888884,22.555555555555557,21.77777777777778,0.7777777777777786,18.444444444444443,19.555555555555557,1.1111111111111143,14.0,14.0,0.0,1474.579200869589,1527.989060451881,1460.704251211616,1530.7044420060304,-70.00019079441427,1
2022_11_PHI_IND,2022-11-20,2022,11,TRAIN,IND,PHI,0,1495.3235184269233,1565.010397564143,-69.68687913721965,0.45,0.8888888888888888,-0.43888888888888883,0.3333333333333333,0.6666666666666666,-0.3333333333333333,0.4,0.8,-0.4,0.45,0.8888888888888888,-0.43888888888888883,-4.6,8.777777777777779,-13.377777777777778,15.7,27.333333333333332,-11.633333333333333,20.3,18.555555555555557,-1.7444444444444436,7.0,6.0,1.0,1565.010397564143,1495.3235184269233,1488.9187882679032,1495.292946078826,-6.374157810922725,1
2022_11_WAS_HOU,2022-11-20,2022,11,TRAIN,HOU,WAS,0,1389.744844477338,1488.7460827560321,-99.00123827869425,0.16666666666666666,0.5,-0.33333333333333337,0.0,0.6666666666666666,-0.6666666666666666,0.2,0.8,-0.6000000000000001,0.16666666666666666,0.5,-0.33333333333333337,-6.444444444444445,-2.2,-4.2444444444444445,16.555555555555557,19.1,-2.5444444444444443,23.0,21.3,-1.6999999999999993,7.0,6.0,1.0,1488.7460827560321,1389.744844477338,1507.1996887670664,1527.7633537117704,-20.563664944703987,1
2022_11_SF_ARI,2022-11-21,2022,11,TRAIN,ARI,SF,0,1506.8735450795848,1534.7368237472235,-27.863278667638724,0.4,0.5555555555555556,-0.15555555555555556,0.3333333333333333,0.6666666666666666,-0.3333333333333333,0.4,0.6,-0.19999999999999996,0.4,0.5555555555555556,-0.15555555555555556,-2.8,3.888888888888889,-6.688888888888888,23.0,22.0,1.0,25.8,18.11111111111111,-7.68888888888889,8.0,8.0,0.0,1534.7368237472235,1506.8735450795848,1502.9103116115093,1506.8810396678887,-3.9707280563793574,1
2022_12_BUF_DET,2022-11-24,2022,12,TRAIN,DET,BUF,0,1432.167352799763,1569.0333635993372,-136.86601079957427,0.4,0.7,-0.29999999999999993,1.0,0.3333333333333333,0.6666666666666667,0.6,0.6,0.0,0.4,0.7,-0.29999999999999993,-3.2,10.7,-13.899999999999999,25.0,28.1,-3.1000000000000014,28.2,17.4,-10.8,4.0,4.0,0.0,1569.0333635993372,1432.167352799763,1509.9079765679448,1522.3108614151713,-12.40288484722646,1
2022_12_NE_MIN,2022-11-24,2022,12,TRAIN,MIN,NE,1,1553.593340497237,1536.463797071001,17.12954342623607,0.8,0.6,0.20000000000000007,0.6666666666666666,1.0,-0.33333333333333337,0.8,0.8,0.0,0.8,0.6,0.20000000000000007,-0.2,4.4,-4.6000000000000005,22.9,21.3,1.5999999999999979,23.1,16.9,-6.200000000000003,4.0,4.0,0.0,1536.463797071001,1553.593340497237,1532.5489718051272,1472.5191609844537,60.02981082067345,1
2022_12_NYG_DAL,2022-11-24,2022,12,TRAIN,DAL,NYG,1,1578.916617792102,1471.4433487688048,107.47326902329723,0.7,0.7,0.0,0.6666666666666666,0.3333333333333333,0.3333333333333333,0.6,0.6,0.0,0.7,0.7,0.0,8.4,0.1,8.3,25.1,20.5,4.600000000000001,16.7,20.4,3.6999999999999993,4.0,4.0,0.0,1471.4433487688048,1578.916617792102,1500.4957929598136,1441.8597900944858,58.63600286532778,1
2022_12_ATL_WAS,2022-11-27,2022,12,TRAIN,WAS,ATL,1,1495.971294877363,1469.9952908902949,25.976003987068225,0.5454545454545454,0.45454545454545453,0.09090909090909088,0.6666666666666666,0.3333333333333333,0.3333333333333333,0.8,0.4,0.4,0.5,0.5,0.0,-0.8181818181818182,-1.3636363636363635,0.5454545454545453,19.454545454545453,23.545454545454547,-4.0909090909090935,20.272727272727273,24.90909090909091,4.636363636363637,7.0,7.0,0.0,1469.9952908902949,1495.971294877363,1515.0304173063598,1458.4051695047651,56.625247801594696,1
2022_12_BAL_JAX,2022-11-27,2022,12,TRAIN,JAX,BAL,1,1395.771173255028,1524.0774660855134,-128.3062928304853,0.3,0.7,-0.39999999999999997,0.3333333333333333,1.0,-0.6666666666666667,0.2,0.8,-0.6000000000000001,0.3,0.7,-0.39999999999999997,1.1,4.9,-3.8000000000000003,21.6,24.8,-3.1999999999999993,20.5,19.9,-0.6000000000000014,14.0,7.0,7.0,1524.0774660855134,1395.771173255028,1503.9219076570848,1478.3561124640767,25.56579519300817,1
2022_12_CHI_NYJ,2022-11-27,2022,12,TRAIN,NYJ,CHI,1,1466.104464250469,1421.0510843232196,45.05337992724935,0.6,0.2727272727272727,0.32727272727272727,0.3333333333333333,0.0,0.3333333333333333,0.6,0.2,0.39999999999999997,0.6,0.2,0.39999999999999997,1.3,-3.0,4.3,19.9,21.90909090909091,-2.0090909090909115,18.6,24.90909090909091,6.309090909090909,7.0,7.0,0.0,1421.0510843232196,1466.104464250469,1529.4355627361608,1498.8939211203337,30.541641615827075,1
2022_12_CIN_TEN,2022-11-27,2022,12,TRAIN,TEN,CIN,0,1578.072746043836,1534.9993886232082,43.07335742062787,0.7,0.6,0.09999999999999998,0.6666666666666666,0.6666666666666666,0.0,0.8,0.8,0.0,0.7,0.6,0.09999999999999998,0.8,5.0,-4.2,19.3,26.5,-7.199999999999999,18.5,21.5,3.0,10.0,7.0,3.0,1534.9993886232082,1578.072746043836,1498.773863413077,1469.7407091823964,29.033154230680566,1
2022_12_DEN_CAR,2022-11-27,2022,12,TRAIN,CAR,DEN,1,1412.3105427660553,1435.6432658598173,-23.33272309376207,0.2727272727272727,0.3,-0.027272727272727282,0.3333333333333333,0.3333333333333333,0.0,0.4,0.2,0.2,0.3,0.3,0.0,-4.454545454545454,-2.4,-2.0545454545454542,18.818181818181817,14.7,4.118181818181817,23.272727272727273,17.1,-6.172727272727272,7.0,7.0,0.0,1435.6432658598173,1412.3105427660553,1508.3561949694545,1480.7981362369405,27.558058732513928,1
2022_12_GB_PHI,2022-11-27,2022,12,TRAIN,PHI,GB,1,1573.0311193638045,1524.431164580697,48.59995478310748,0.9,0.36363636363636365,0.5363636363636364,0.6666666666666666,0.3333333333333333,0.3333333333333333,0.8,0.2,0.6000000000000001,0.9,0.4,0.5,8.0,-3.727272727272727,11.727272727272727,26.3,18.363636363636363,7.936363636363637,18.3,22.09090909090909,3.7909090909090892,7.0,10.0,-3.0,1524.431164580697,1573.0311193638045,1488.9258361309278,1516.5388672871097,-27.613031156181933,1
2022_12_HOU_MIA,2022-11-27,2022,12,TRAIN,MIA,HOU,1,1544.010137175187,1382.519632356007,161.49050481918016,0.7,0.15,0.5499999999999999,1.0,0.0,1.0,0.8,0.0,0.8,0.7,0.15,0.5499999999999999,1.1,-7.1,8.2,25.2,15.9,9.299999999999999,24.1,23.0,-1.1000000000000014,14.0,7.0,7.0,1382.519632356007,1544.010137175187,1470.166107011534,1520.5457973647565,-50.379690353222486,1
2022_12_LAC_ARI,2022-11-27,2022,12,TRAIN,ARI,LAC,0,1497.6737998141562,1500.785145264561,-3.1113454504047695,0.36363636363636365,0.5,-0.13636363636363635,0.3333333333333333,0.3333333333333333,0.0,0.4,0.4,0.0,0.4,0.5,-0.09999999999999998,-5.090909090909091,-3.1,-1.9909090909090907,21.818181818181817,22.7,-0.8818181818181827,26.90909090909091,25.8,-1.1090909090909093,6.0,7.0,-1.0,1500.785145264561,1497.6737998141562,1516.3989713501799,1509.4309389557923,6.968032394387592,1
2022_12_LA_KC,2022-11-27,2022,12,TRAIN,KC,LA,1,1607.514868493069,1502.8145007936669,104.70036769940202,0.8,0.3,0.5,1.0,0.0,1.0,0.8,0.2,0.6000000000000001,0.8,0.3,0.5,6.7,-5.9,12.600000000000001,30.0,16.8,13.2,23.3,22.7,-0.6000000000000014,7.0,7.0,0.0,1502.8145007936669,1607.514868493069,1513.8336701489002,1485.9853214478067,27.848348701093528,1
2022_12_LV_SEA,2022-11-27,2022,12,TRAIN,SEA,LV,0,1500.9578579133658,1483.0837734132845,17.87408450008138,0.6,0.3,0.3,0.6666666666666666,0.3333333333333333,0.3333333333333333,0.8,0.4,0.4,0.6,0.3,0.3,1.6,-1.7,3.3,25.7,22.5,3.1999999999999993,24.1,24.2,0.09999999999999787,14.0,7.0,7.0,1483.0837734132845,1500.9578579133658,1514.73111302621,1442.435275520893,72.2958375053172,1
2022_12_NO_SF,2022-11-27,2022,12,TRAIN,SF,NO,1,1543.9365690126522,1480.7263336231406,63.21023538951158,0.6,0.36363636363636365,0.23636363636363633,1.0,0.3333333333333333,0.6666666666666667,0.6,0.4,0.19999999999999996,0.6,0.3,0.3,6.3,-1.6363636363636365,7.9363636363636365,23.6,22.636363636363637,0.9636363636363647,17.3,24.272727272727273,6.972727272727273,6.0,7.0,-1.0,1480.7263336231406,1543.9365690126522,1523.657298213266,1503.7606102055088,19.89668800775712,1
2022_12_TB_CLE,2022-11-27,2022,12,TRAIN,CLE,TB,1,1457.8662274346075,1553.5274335599433,-95.66120612533587,0.3,0.5,-0.2,0.3333333333333333,0.6666666666666666,-0.3333333333333333,0.2,0.4,-0.2,0.3,0.5,-0.2,-2.9,0.3,-3.1999999999999997,24.0,18.3,5.699999999999999,26.9,18.0,-8.899999999999999,7.0,14.0,-7.0,1553.5274335599433,1457.8662274346075,1525.538394704947,1487.7518018772942,37.78659282765284,1
2022_12_PIT_IND,2022-11-28,2022,12,TRAIN,IND,PIT,0,1487.3027966272618,1484.2041030715461,3.0986935557157267,0.4090909090909091,0.3,0.10909090909090913,0.3333333333333333,0.3333333333333333,0.0,0.2,0.4,-0.2,0.4,0.3,0.10000000000000003,-4.2727272727272725,-7.4,3.127272727272728,15.727272727272727,17.0,-1.2727272727272734,20.0,24.4,4.399999999999999,8.0,8.0,0.0,1484.2041030715461,1487.3027966272618,1519.6101692500804,1530.7491906976547,-11.13902144757435,1
2022_13_BUF_NE,2022-12-01,2022,13,TRAIN,NE,BUF,0,1526.9564258725045,1575.285913089261,-48.329487216756434,0.5454545454545454,0.7272727272727273,-0.18181818181818188,0.6666666666666666,0.6666666666666666,0.0,0.6,0.6,0.0,0.6,0.7,-0.09999999999999998,3.3636363636363638,10.0,-6.636363636363637,21.727272727272727,28.09090909090909,-6.363636363636363,18.363636363636363,18.09090909090909,-0.2727272727272734,7.0,7.0,0.0,1575.285913089261,1526.9564258725045,1487.23422513676,1491.1922923361808,-3.9580671994208387,1
2022_13_CLE_HOU,2022-12-04,2022,13,TRAIN,HOU,CLE,0,1376.8595720088042,1470.5520486571809,-93.69247664837667,0.13636363636363635,0.36363636363636365,-0.2272727272727273,0.0,0.3333333333333333,-0.3333333333333333,0.0,0.4,-0.4,0.1,0.3,-0.19999999999999998,-7.818181818181818,-2.090909090909091,-5.7272727272727275,15.818181818181818,23.90909090909091,-8.090909090909092,23.636363636363637,26.0,2.3636363636363633,7.0,7.0,0.0,1470.5520486571809,1376.8595720088042,1529.319162868001,1533.6450564637678,-4.325893595766729,1
2022_13_DEN_BAL,2022-12-04,2022,13,TRAIN,BAL,DEN,1,1510.543715342905,1424.9727038935837,85.5710114493213,0.6363636363636364,0.2727272727272727,0.36363636363636365,0.6666666666666666,0.0,0.6666666666666666,0.8,0.2,0.6000000000000001,0.6,0.3,0.3,4.363636363636363,-3.3636363636363638,7.727272727272727,25.0,14.272727272727273,10.727272727272727,20.636363636363637,17.636363636363637,-3.0,7.0,7.0,0.0,1424.9727038935837,1510.543715342905,1464.2107375804276,1460.9843640983809,3.2263734820467107,1
2022_13_GB_CHI,2022-12-04,2022,13,TRAIN,CHI,GB,0,1412.3406050075594,1515.820931028719,-103.48032602115973,0.25,0.3333333333333333,-0.08333333333333331,0.0,0.3333333333333333,-0.3333333333333333,0.0,0.2,-0.2,0.2,0.3,-0.09999999999999998,-4.5,-4.0,-0.5,20.916666666666668,19.583333333333332,1.3333333333333357,25.416666666666668,23.583333333333332,-1.8333333333333357,7.0,7.0,0.0,1515.820931028719,1412.3406050075594,1487.7052467715403,1539.0400372901051,-51.33479051856489,1
2022_13_IND_DAL,2022-12-04,2022,13,TRAIN,DAL,IND,1,1585.918316586652,1477.2136114221078,108.7047051645443,0.7272727272727273,0.375,0.3522727272727273,0.6666666666666666,0.3333333333333333,0.3333333333333333,0.8,0.2,0.6000000000000001,0.8,0.4,0.4,8.363636363636363,-4.5,12.863636363636363,25.363636363636363,15.833333333333334,9.53030303030303,17.0,20.333333333333332,3.333333333333332,10.0,6.0,4.0,1477.2136114221078,1585.918316586652,1484.0379603295694,1505.0024293051872,-20.96446897561782,1
2022_13_JAX_DET,2022-12-04,2022,13,TRAIN,DET,JAX,1,1425.9148033098393,1409.3049239976365,16.609879312202793,0.36363636363636365,0.36363636363636365,0.0,0.6666666666666666,0.6666666666666666,0.0,0.6,0.4,0.19999999999999996,0.4,0.4,0.0,-3.1818181818181817,1.0909090909090908,-4.2727272727272725,25.0,22.181818181818183,2.8181818181818166,28.181818181818183,21.09090909090909,-7.0909090909090935,10.0,7.0,3.0,1409.3049239976365,1425.9148033098393,1510.0428517200908,1507.325478601456,2.7173731186346686,1
2022_13_KC_CIN,2022-12-04,2022,13,TRAIN,CIN,KC,1,1546.232826730951,1614.5893756711,-68.35654894014897,0.6363636363636364,0.8181818181818182,-0.18181818181818188,1.0,1.0,0.0,0.8,1.0,-0.19999999999999996,0.7,0.8,-0.10000000000000009,4.909090909090909,7.545454545454546,-2.6363636363636367,25.90909090909091,29.636363636363637,-3.7272727272727266,21.0,22.09090909090909,1.09090909090909,7.0,7.0,0.0,1614.5893756711,1546.232826730951,1485.9638495593977,1501.189017791286,-15.225168231888347,1
2022_13_LAC_LV,2022-12-04,2022,13,TRAIN,LV,LAC,1,1493.597777534169,1510.6955959376883,-17.09781840351934,0.36363636363636365,0.5454545454545454,-0.18181818181818177,0.6666666666666666,0.3333333333333333,0.3333333333333333,0.4,0.4,0.0,0.4,0.5,-0.09999999999999998,-1.0,-2.727272727272727,1.727272727272727,24.09090909090909,22.90909090909091,1.1818181818181799,25.09090909090909,25.636363636363637,0.5454545454545467,7.0,7.0,0.0,1510.6955959376883,1493.597777534169,1459.3442496188738,1516.6797329683995,-57.3354833495257,1
2022_13_MIA_SF,2022-12-04,2022,13,TRAIN,SF,MIA,1,1552.1370432031001,1549.6701975223898,2.466845680710321,0.6363636363636364,0.7272727272727273,-0.09090909090909094,1.0,1.0,0.0,0.8,1.0,-0.19999999999999996,0.7,0.7,0.0,6.909090909090909,2.3636363636363638,4.545454545454545,22.636363636363637,25.636363636363637,-3.0,15.727272727272727,23.272727272727273,7.545454545454547,7.0,7.0,0.0,1549.6701975223898,1552.1370432031001,1525.7167086510835,1441.6176857601133,84.09902289097022,1
2022_13_NYJ_MIN,2022-12-04,2022,13,TRAIN,MIN,NYJ,1,1563.1007116957335,1474.8149435661292,88.28576812960432,0.8181818181818182,0.6363636363636364,0.18181818181818188,0.6666666666666666,0.6666666666666666,0.0,0.8,0.6,0.20000000000000007,0.8,0.7,0.10000000000000009,0.45454545454545453,3.090909090909091,-2.6363636363636362,23.818181818181817,20.90909090909091,2.9090909090909065,23.363636363636363,17.818181818181817,-5.545454545454547,10.0,7.0,3.0,1474.8149435661292,1563.1007116957335,1535.537204860172,1499.4921064050272,36.04509845514485,1
2022_13_PIT_ATL,2022-12-04,2022,13,TRAIN,ATL,PIT,0,1460.7415504227074,1494.2932882767002,-33.55173785399279,0.4166666666666667,0.36363636363636365,0.05303030303030304,0.3333333333333333,0.6666666666666666,-0.3333333333333333,0.4,0.4,0.0,0.5,0.3,0.2,-1.75,-6.090909090909091,4.340909090909091,22.666666666666668,17.636363636363637,5.030303030303031,24.416666666666668,23.727272727272727,-0.6893939393939412,7.0,6.0,1.0,1494.2932882767002,1460.7415504227074,1453.2086287014783,1513.732558856517,-60.52393015503867,1
2022_13_SEA_LA,2022-12-04,2022,13,TRAIN,LA,SEA,0,1495.7399936156357,1490.4438537924814,5.296139823154363,0.2727272727272727,0.5454545454545454,-0.2727272727272727,0.0,0.3333333333333333,-0.3333333333333333,0.0,0.6,-0.6,0.3,0.5,-0.2,-6.818181818181818,0.9090909090909091,-7.7272727272727275,16.181818181818183,26.454545454545453,-10.27272727272727,23.0,25.545454545454547,2.5454545454545467,7.0,7.0,0.0,1490.4438537924814,1495.7399936156357,1524.3073829704797,1507.8179035743879,16.489479396091838,1
2022_13_TEN_PHI,2022-12-04,2022,13,TRAIN,PHI,TEN,1,1581.6413529157824,1566.8393079360933,14.802044979689072,0.9090909090909091,0.6363636363636364,0.2727272727272727,0.6666666666666666,0.6666666666666666,0.0,0.8,0.6,0.20000000000000007,0.9,0.7,0.20000000000000007,7.909090909090909,0.36363636363636365,7.545454545454546,27.545454545454547,19.0,8.545454545454547,19.636363636363637,18.636363636363637,-1.0,7.0,7.0,0.0,1566.8393079360933,1581.6413529157824,1477.9945751649207,1502.8981546553973,-24.90357949047666,1
2022_13_NO_TB,2022-12-05,2022,13,TRAIN,TB,NO,1,1540.84161233737,1472.5258594326926,68.31575290467731,0.45454545454545453,0.3333333333333333,0.12121212121212122,0.6666666666666666,0.3333333333333333,0.3333333333333333,0.4,0.4,0.0,0.4,0.3,0.10000000000000003,-0.2727272727272727,-2.5833333333333335,2.3106060606060606,18.181818181818183,20.75,-2.5681818181818166,18.454545454545453,23.333333333333332,4.878787878787879,8.0,8.0,0.0,1472.5258594326926,1540.84161233737,1481.5975363018858,1511.3058211528155,-29.708284850929658,1
2022_14_LV_LA,2022-12-08,2022,14,TRAIN,LA,LV,1,1485.587570263802,1504.08949542801,-18.501925164207933,0.25,0.4166666666666667,-0.16666666666666669,0.0,1.0,-1.0,0.0,0.6,-0.6,0.2,0.5,-0.3,-6.583333333333333,-0.3333333333333333,-6.25,16.75,24.333333333333332,-7.583333333333332,23.333333333333332,24.666666666666668,1.3333333333333357,4.0,4.0,0.0,1504.08949542801,1485.587570263802,1519.59155302779,1465.8949628130383,53.69659021475172,1
2022_14_BAL_PIT,2022-12-11,2022,14,TRAIN,PIT,BAL,0,1503.3305824103418,1518.1294049823039,-14.798822571962091,0.4166666666666667,0.6666666666666666,-0.24999999999999994,0.6666666666666666,0.6666666666666666,0.0,0.6,0.8,-0.20000000000000007,0.4,0.7,-0.29999999999999993,-5.333333333333333,4.083333333333333,-9.416666666666666,17.75,23.75,-6.0,23.083333333333332,19.666666666666668,-3.4166666666666643,7.0,7.0,0.0,1518.1294049823039,1503.3305824103418,1503.5548193837963,1455.0124166577225,48.54240272607376,1
2022_14_CAR_SEA,2022-12-11,2022,14,TRAIN,SEA,CAR,0,1500.596277144315,1422.981104732289,77.61517241202614,0.5833333333333334,0.3333333333333333,0.25000000000000006,0.3333333333333333,0.6666666666666666,-0.3333333333333333,0.6,0.4,0.19999999999999996,0.6,0.4,0.19999999999999996,1.1666666666666667,-3.0,4.166666666666667,26.5,19.166666666666668,7.333333333333332,25.333333333333332,22.166666666666668,-3.1666666666666643,7.0,14.0,-7.0,1422.981104732289,1500.596277144315,1502.9755897221626,1483.4806263720022,19.494963350160333,1
2022_14_CLE_CIN,2022-12-11,2022,14,TRAIN,CIN,CLE,1,1558.1752872535371,1477.9188840219053,80.2564032316318,0.6666666666666666,0.4166666666666667,0.24999999999999994,1.0,0.6666666666666666,0.33333333333333337,0.8,0.6,0.20000000000000007,0.8,0.4,0.4,4.75,-0.8333333333333334,5.583333333333333,26.0,24.166666666666668,1.8333333333333321,21.25,25.0,3.75,7.0,7.0,0.0,1477.9188840219053,1558.1752872535371,1512.432399246332,1511.7468689741688,0.6855302721630778,1
2022_14_HOU_DAL,2022-12-11,2022,14,TRAIN,DAL,HOU,1,1592.8877924889573,1369.4927366440797,223.39505584487756,0.75,0.125,0.625,1.0,0.0,1.0,0.8,0.0,0.8,0.8,0.1,0.7000000000000001,10.583333333333334,-8.25,18.833333333333336,27.75,15.666666666666666,12.083333333333334,17.166666666666668,23.916666666666668,6.75,7.0,7.0,0.0,1369.4927366440797,1592.8877924889573,1497.872826046409,1510.2265176852707,-12.35369163886162,1
2022_14_JAX_TEN,2022-12-11,2022,14,TRAIN,TEN,JAX,0,1557.2650874612946,1399.7826308736894,157.48245658760516,0.5833333333333334,0.3333333333333333,0.25000000000000006,0.3333333333333333,0.3333333333333333,0.0,0.4,0.4,0.0,0.7,0.3,0.39999999999999997,-1.75,-1.1666666666666667,-0.5833333333333333,18.25,21.5,-3.25,20.0,22.666666666666668,2.666666666666668,7.0,7.0,0.0,1399.7826308736894,1557.2650874612946,1537.4709566049273,1497.03236618053,40.43859042439726,1
2022_14_KC_DEN,2022-12-11,2022,14,TRAIN,DEN,KC,0,1417.3870142541848,1602.646915148514,-185.25990089432912,0.25,0.75,-0.5,0.0,0.6666666666666666,-0.6666666666666666,0.2,0.8,-0.6000000000000001,0.2,0.7,-0.49999999999999994,-3.1666666666666665,6.666666666666667,-9.833333333333334,13.833333333333334,29.166666666666668,-15.333333333333334,17.0,22.5,5.5,7.0,7.0,0.0,1602.646915148514,1417.3870142541848,1471.0512168316895,1505.9431363263877,-34.891919494698186,1
2022_14_MIA_LAC,2022-12-11,2022,14,TRAIN,LAC,MIA,1,1500.2038780438472,1539.7411978554392,-39.53731981159194,0.5,0.6666666666666666,-0.16666666666666663,0.3333333333333333,0.6666666666666666,-0.3333333333333333,0.4,0.8,-0.4,0.5,0.6,-0.09999999999999998,-3.0833333333333335,0.8333333333333334,-3.916666666666667,22.666666666666668,24.916666666666668,-2.25,25.75,24.083333333333332,-1.6666666666666679,7.0,7.0,0.0,1539.7411978554392,1500.2038780438472,1519.6527221852036,1451.8446139412292,67.8081082439744,1
2022_14_MIN_DET,2022-12-11,2022,14,TRAIN,DET,MIN,1,1435.4370964337863,1570.6129589203792,-135.1758624865929,0.4166666666666667,0.8333333333333334,-0.4166666666666667,0.6666666666666666,0.6666666666666666,0.0,0.8,0.8,0.0,0.4,0.9,-0.5,-0.75,0.8333333333333334,-1.5833333333333335,26.25,24.083333333333332,2.166666666666668,27.0,23.25,-3.75,7.0,7.0,0.0,1570.6129589203792,1435.4370964337863,1487.6389466840808,1527.3662602808392,-39.72731359675845,1
2022_14_NYJ_BUF,2022-12-11,2022,14,TRAIN,BUF,NYJ,1,1583.9037817907574,1467.3026963414834,116.60108544927402,0.75,0.5833333333333334,0.16666666666666663,1.0,0.3333333333333333,0.6666666666666667,0.6,0.4,0.19999999999999996,0.7,0.6,0.09999999999999998,10.333333333333334,2.4166666666666665,7.916666666666668,27.75,21.0,6.75,17.416666666666668,18.583333333333332,1.1666666666666643,10.0,7.0,3.0,1467.3026963414834,1583.9037817907574,1487.6581229528565,1521.5407146775317,-33.882591724675194,1
2022_14_PHI_NYG,2022-12-11,2022,14,TRAIN,NYG,PHI,0,1465.610128263849,1591.215573390581,-125.60544512673209,0.625,0.9166666666666666,-0.29166666666666663,0.16666666666666666,1.0,-0.8333333333333334,0.3,0.8,-0.5,0.55,0.9,-0.35,-0.5833333333333334,9.333333333333334,-9.916666666666668,20.416666666666668,28.166666666666668,-7.75,21.0,18.833333333333332,-2.166666666666668,7.0,7.0,0.0,1591.215573390581,1465.610128263849,1478.3945209612361,1493.1007965709098,-14.70627560967364,1
2022_14_TB_SF,2022-12-11,2022,14,TRAIN,SF,TB,1,1562.0660428700508,1548.9002817403166,13.165761129734165,0.6666666666666666,0.5,0.16666666666666663,1.0,0.6666666666666666,0.33333333333333337,1.0,0.6,0.4,0.7,0.4,0.29999999999999993,7.666666666666667,-0.16666666666666666,7.833333333333334,23.5,18.083333333333332,5.416666666666668,15.833333333333334,18.25,2.416666666666666,7.0,6.0,1.0,1548.9002817403166,1562.0660428700508,1520.223590228165,1494.240132650532,25.98345757763309,1
2022_14_NE_ARI,2022-12-12,2022,14,TRAIN,ARI,NE,0,1487.7633491410288,1518.338557171008,-30.575208029979194,0.3333333333333333,0.5,-0.16666666666666669,0.3333333333333333,0.3333333333333333,0.0,0.2,0.6,-0.39999999999999997,0.3,0.5,-0.2,-4.75,1.9166666666666667,-6.666666666666667,22.0,20.75,1.25,26.75,18.833333333333332,-7.916666666666668,15.0,11.0,4.0,1518.338557171008,1487.7633491410288,1519.0757639723838,1513.626597182077,5.44916679030689,1
2022_15_SF_SEA,2022-12-15,2022,15,TRAIN,SEA,SF,0,1488.3987674848413,1571.6872830813113,-83.28851559647,0.5384615384615384,0.6923076923076923,-0.15384615384615385,0.3333333333333333,1.0,-0.6666666666666667,0.4,1.0,-0.6,0.6,0.8,-0.20000000000000007,0.6153846153846154,9.23076923076923,-8.615384615384615,26.307692307692307,24.384615384615383,1.9230769230769234,25.692307692307693,15.153846153846153,-10.53846153846154,4.0,4.0,0.0,1571.6872830813113,1488.3987674848413,1490.510682754866,1520.8341628227458,-30.323480067879927,1
2022_15_BAL_CLE,2022-12-17,2022,15,TRAIN,CLE,BAL,1,1470.1886212848835,1527.7037180373472,-57.515096752463705,0.38461538461538464,0.6923076923076923,-0.30769230769230765,0.6666666666666666,0.6666666666666666,0.0,0.4,0.8,-0.4,0.3,0.7,-0.39999999999999997,-1.7692307692307692,3.923076923076923,-5.692307692307692,23.076923076923077,23.153846153846153,-0.07692307692307665,24.846153846153847,19.23076923076923,-5.615384615384617,6.0,6.0,0.0,1527.7037180373472,1470.1886212848835,1517.2187106487531,1446.4912508946013,70.72745975415182,1
2022_15_IND_MIN,2022-12-17,2022,15,TRAIN,MIN,IND,1,1556.9073992272222,1470.2441355198025,86.66326370741967,0.7692307692307693,0.34615384615384615,0.42307692307692313,0.6666666666666666,0.0,0.6666666666666666,0.6,0.2,0.39999999999999997,0.8,0.3,0.5,-0.07692307692307693,-6.846153846153846,6.769230769230769,24.0,16.076923076923077,7.923076923076923,24.076923076923077,22.923076923076923,-1.1538461538461533,6.0,13.0,-7.0,1470.2441355198025,1556.9073992272222,1517.619522301416,1527.537697587969,-9.918175286552923,1
2022_15_MIA_BUF,2022-12-17,2022,15,TRAIN,BUF,MIA,1,1590.668301763313,1528.6081092196885,62.06019254362445,0.7692307692307693,0.6153846153846154,0.15384615384615385,1.0,0.3333333333333333,0.6666666666666667,0.8,0.6,0.20000000000000007,0.8,0.5,0.30000000000000004,10.153846153846153,0.3076923076923077,9.846153846153845,27.153846153846153,24.307692307692307,2.8461538461538467,17.0,24.0,7.0,6.0,6.0,0.0,1528.6081092196885,1590.668301763313,1488.8908499801742,1471.4150232873556,17.4758266928186,1
2022_15_ARI_DEN,2022-12-18,2022,15,TRAIN,DEN,ARI,1,1412.2654070486471,1478.6411096155819,-66.3757025669347,0.23076923076923078,0.3076923076923077,-0.07692307692307693,0.0,0.0,0.0,0.0,0.2,-0.2,0.1,0.3,-0.19999999999999998,-3.3846153846153846,-5.461538461538462,2.076923076923077,14.923076923076923,21.307692307692307,-6.384615384615383,18.307692307692307,26.76923076923077,8.461538461538463,7.0,6.0,1.0,1478.6411096155819,1412.2654070486471,1512.3186203711914,1515.7126508820706,-3.3940305108792472,1
2022_15_ATL_NO,2022-12-18,2022,15,TRAIN,NO,ATL,1,1464.467190029746,1451.7042562890658,12.762933740680182,0.3076923076923077,0.38461538461538464,-0.07692307692307693,0.3333333333333333,0.3333333333333333,0.0,0.2,0.2,0.0,0.3,0.4,-0.10000000000000003,-2.4615384615384617,-1.8461538461538463,-0.6153846153846154,20.384615384615383,22.153846153846153,-1.76923076923077,22.846153846153847,24.0,1.1538461538461533,13.0,14.0,-1.0,1451.7042562890658,1464.467190029746,1517.9183528374306,1467.3877712946996,50.53058154273094,1
2022_15_CIN_TB,2022-12-18,2022,15,TRAIN,TB,CIN,0,1539.279041529056,1565.905549990559,-26.626508461502908,0.46153846153846156,0.6923076923076923,-0.23076923076923073,0.3333333333333333,1.0,-0.6666666666666667,0.6,1.0,-0.4,0.4,0.8,-0.4,-2.3076923076923075,5.384615384615385,-7.6923076923076925,17.23076923076923,25.76923076923077,-8.53846153846154,19.53846153846154,20.384615384615383,0.8461538461538431,7.0,7.0,0.0,1565.905549990559,1539.279041529056,1507.4717515707305,1515.734802111743,-8.26305054101249,1
2022_15_DAL_JAX,2022-12-18,2022,15,TRAIN,JAX,DAL,1,1414.028470994937,1597.218522613917,-183.19005161898008,0.38461538461538464,0.7692307692307693,-0.38461538461538464,0.6666666666666666,1.0,-0.33333333333333337,0.6,0.8,-0.20000000000000007,0.3,0.8,-0.5,0.0,10.076923076923077,-10.076923076923077,22.615384615384617,27.692307692307693,-5.076923076923077,22.615384615384617,17.615384615384617,-5.0,7.0,7.0,0.0,1597.218522613917,1414.028470994937,1519.8715356660089,1480.6609916450348,39.21054402097411,1
2022_15_DET_NYJ,2022-12-18,2022,15,TRAIN,NYJ,DET,0,1460.538176368928,1449.1426561269434,11.395520241984514,0.5384615384615384,0.46153846153846156,0.07692307692307687,0.3333333333333333,0.6666666666666666,-0.3333333333333333,0.4,0.8,-0.4,0.6,0.5,0.09999999999999998,1.6153846153846154,0.15384615384615385,1.4615384615384617,20.307692307692307,26.846153846153847,-6.53846153846154,18.692307692307693,26.692307692307693,8.0,7.0,7.0,0.0,1449.1426561269434,1460.538176368928,1536.3574749944505,1494.6521970245692,41.70527796988131,1
2022_15_KC_HOU,2022-12-18,2022,15,TRAIN,HOU,KC,0,1365.16200651912,1607.7685223540516,-242.60651583493154,0.11538461538461539,0.7692307692307693,-0.6538461538461539,0.0,0.6666666666666666,-0.6666666666666666,0.0,0.8,-0.8,0.1,0.8,-0.7000000000000001,-7.923076923076923,6.615384615384615,-14.538461538461538,16.23076923076923,29.53846153846154,-13.30769230769231,24.153846153846153,22.923076923076923,-1.23076923076923,7.0,7.0,0.0,1607.7685223540516,1365.16200651912,1514.326864512785,1475.0654980927864,39.261366419998694,1
2022_15_NE_LV,2022-12-18,2022,15,TRAIN,LV,NE,1,1493.557470036558,1527.460796696455,-33.90332665989695,0.38461538461538464,0.5384615384615384,-0.1538461538461538,0.6666666666666666,0.3333333333333333,0.3333333333333333,0.6,0.6,0.0,0.5,0.6,-0.09999999999999998,-0.38461538461538464,2.8461538461538463,-3.230769230769231,23.692307692307693,21.23076923076923,2.4615384615384635,24.076923076923077,18.384615384615383,-5.692307692307693,10.0,6.0,4.0,1527.460796696455,1493.557470036558,1485.4829424148634,1517.1796906151483,-31.6967482002849,1
2022_15_NYG_WAS,2022-12-18,2022,15,TRAIN,WAS,NYG,0,1504.0565570553563,1459.0756636272877,44.98089342806861,0.5769230769230769,0.5769230769230769,0.0,0.8333333333333334,0.16666666666666666,0.6666666666666667,0.7,0.3,0.39999999999999997,0.65,0.55,0.09999999999999998,-0.23076923076923078,-2.5384615384615383,2.3076923076923075,19.46153846153846,20.53846153846154,-1.0769230769230802,19.692307692307693,23.076923076923077,3.3846153846153832,14.0,7.0,7.0,1459.0756636272877,1504.0565570553563,1489.3279176293042,1498.6549022173942,-9.32698458809,1
2022_15_PHI_CHI,2022-12-18,2022,15,TRAIN,CHI,PHI,0,1405.2339546920061,1597.7500380271424,-192.51608333513627,0.23076923076923078,0.9230769230769231,-0.6923076923076923,0.0,1.0,-1.0,0.0,0.8,-0.8,0.1,0.9,-0.8,-4.846153846153846,10.615384615384615,-15.46153846153846,20.76923076923077,29.692307692307693,-8.923076923076923,25.615384615384617,19.076923076923077,-6.53846153846154,14.0,7.0,7.0,1597.7500380271424,1405.2339546920061,1476.0601451046234,1505.6193397603251,-29.55919465570173,1
2022_15_PIT_CAR,2022-12-18,2022,15,TRAIN,CAR,PIT,0,1435.1786143917627,1493.7562693552984,-58.57765496353568,0.38461538461538464,0.38461538461538464,0.0,0.6666666666666666,0.6666666666666666,0.0,0.6,0.6,0.0,0.4,0.4,0.0,-2.3076923076923075,-5.076923076923077,2.769230769230769,20.0,17.46153846153846,2.53846153846154,22.307692307692307,22.53846153846154,0.2307692307692335,7.0,7.0,0.0,1493.7562693552984,1435.1786143917627,1488.922972350943,1494.2885016818268,-5.365529330883874,1
2022_15_TEN_LAC,2022-12-18,2022,15,TRAIN,LAC,TEN,1,1511.336966679598,1543.019247340047,-31.682280660449123,0.5384615384615384,0.5384615384615384,0.0,0.6666666666666666,0.0,0.6666666666666666,0.4,0.4,0.0,0.6,0.6,0.0,-2.3846153846153846,-2.6923076923076925,0.30769230769230793,22.692307692307693,18.53846153846154,4.153846153846153,25.076923076923077,21.23076923076923,-3.8461538461538467,7.0,7.0,0.0,1543.019247340047,1511.336966679598,1531.2098313120637,1500.3124787423665,30.897352569697205,1
2022_15_LA_GB,2022-12-19,2022,15,TRAIN,GB,LA,1,1522.9275813442723,1496.119595655254,26.807985689018324,0.38461538461538464,0.3076923076923077,0.07692307692307693,0.3333333333333333,0.3333333333333333,0.0,0.4,0.2,0.2,0.3,0.2,0.09999999999999998,-3.0,-6.0,3.0,20.23076923076923,16.76923076923077,3.46153846153846,23.23076923076923,22.76923076923077,-0.4615384615384599,15.0,11.0,4.0,1496.119595655254,1522.9275813442723,1506.1757240637228,1513.5081828348768,-7.332458771154052,1
2022_16_JAX_NYJ,2022-12-22,2022,16,TRAIN,NYJ,JAX,0,1450.2103044941991,1428.8613350539285,21.348969440270594,0.5,0.42857142857142855,0.07142857142857145,0.0,0.6666666666666666,-0.6666666666666666,0.2,0.6,-0.39999999999999997,0.5,0.4,0.09999999999999998,1.2857142857142858,0.42857142857142855,0.8571428571428572,20.071428571428573,23.857142857142858,-3.7857142857142847,18.785714285714285,23.428571428571427,4.642857142857142,4.0,4.0,0.0,1428.8613350539285,1450.2103044941991,1509.0374588777072,1539.9307835596187,-30.89332468191151,1
2022_16_ATL_BAL,2022-12-24,2022,16,TRAIN,BAL,ATL,1,1516.063258269685,1442.0714379033495,73.99182036633556,0.6428571428571429,0.35714285714285715,0.28571428571428575,0.6666666666666666,0.0,0.6666666666666666,0.6,0.2,0.39999999999999997,0.7,0.3,0.39999999999999997,2.9285714285714284,-1.9285714285714286,4.857142857142857,21.714285714285715,21.857142857142858,-0.14285714285714235,18.785714285714285,23.785714285714285,5.0,7.0,6.0,1.0,1442.0714379033495,1516.063258269685,1442.7692350045197,1458.527063857225,-15.757828852705188,1
2022_16_BUF_CHI,2022-12-24,2022,16,TRAIN,CHI,BUF,0,1400.269865874264,1598.9008239163147,-198.63095804205068,0.21428571428571427,0.7857142857142857,-0.5714285714285714,0.0,1.0,-1.0,0.0,1.0,-1.0,0.1,0.8,-0.7000000000000001,-4.857142857142857,9.642857142857142,-14.5,20.714285714285715,27.5,-6.785714285714285,25.571428571428573,17.857142857142858,-7.714285714285715,6.0,7.0,-1.0,1598.9008239163147,1400.269865874264,1490.004554296584,1484.0380500610395,5.966504235544562,1
2022_16_CIN_NE,2022-12-24,2022,16,TRAIN,NE,CIN,0,1516.4880660590059,1575.1406743263028,-58.652608267296955,0.5,0.7142857142857143,-0.2142857142857143,0.3333333333333333,1.0,-0.6666666666666667,0.4,1.0,-0.6,0.6,0.8,-0.20000000000000007,2.2142857142857144,5.785714285714286,-3.571428571428571,21.428571428571427,26.357142857142858,-4.928571428571431,19.214285714285715,20.571428571428573,1.3571428571428577,6.0,6.0,0.0,1575.1406743263028,1516.4880660590059,1516.9558547267347,1540.6253163497408,-23.6694616230061,1
2022_16_DET_CAR,2022-12-24,2022,16,TRAIN,CAR,DET,1,1426.8488190089101,1459.4705280016722,-32.621708992762024,0.35714285714285715,0.5,-0.14285714285714285,0.6666666666666666,1.0,-0.33333333333333337,0.6,0.8,-0.20000000000000007,0.4,0.6,-0.19999999999999996,-2.7142857142857144,0.35714285714285715,-3.0714285714285716,19.714285714285715,26.357142857142858,-6.642857142857142,22.428571428571427,26.0,3.571428571428573,6.0,6.0,0.0,1459.4705280016722,1426.8488190089101,1483.9053300644398,1498.544481967511,-14.639151903071252,1
2022_16_HOU_TEN,2022-12-24,2022,16,TRAIN,TEN,HOU,0,1532.109877203036,1361.1947406852826,170.91513651775335,0.5,0.10714285714285714,0.39285714285714285,0.0,0.0,0.0,0.2,0.0,0.2,0.5,0.1,0.4,-2.7142857142857144,-7.785714285714286,5.071428571428571,18.214285714285715,16.785714285714285,1.4285714285714306,20.928571428571427,24.571428571428573,3.642857142857146,6.0,6.0,0.0,1361.1947406852826,1532.109877203036,1512.2335790322402,1540.7929166862818,-28.559337654041656,1
2022_16_LV_PIT,2022-12-24,2022,16,TRAIN,PIT,LV,1,1502.086064738151,1504.5302006740071,-2.4441359358561385,0.42857142857142855,0.42857142857142855,0.0,0.6666666666666666,0.6666666666666666,0.0,0.6,0.8,-0.20000000000000007,0.5,0.5,0.0,-4.142857142857143,0.07142857142857142,-4.214285714285714,17.928571428571427,24.142857142857142,-6.214285714285715,22.071428571428573,24.071428571428573,2.0,6.0,6.0,0.0,1504.5302006740071,1502.086064738151,1485.4578647271965,1493.9018237534174,-8.44395902622091,1
2022_16_NO_CLE,2022-12-24,2022,16,TRAIN,CLE,NO,0,1481.8290810525457,1474.1000084154623,7.729072637083391,0.42857142857142855,0.35714285714285715,0.0714285714285714,0.6666666666666666,0.3333333333333333,0.3333333333333333,0.6,0.4,0.19999999999999996,0.4,0.4,0.0,-0.9285714285714286,-2.0714285714285716,1.142857142857143,22.357142857142858,20.428571428571427,1.9285714285714306,23.285714285714285,22.5,-0.7857142857142847,7.0,6.0,1.0,1474.1000084154623,1481.8290810525457,1515.6019871643637,1506.7916014747577,8.810385689605937,1
2022_16_NYG_MIN,2022-12-24,2022,16,TRAIN,MIN,NYG,1,1564.4635063315882,1470.3631326201116,94.10037371147655,0.7857142857142857,0.6071428571428571,0.1785714285714286,0.6666666666666666,0.5,0.16666666666666663,0.6,0.3,0.3,0.8,0.55,0.25,0.14285714285714285,-1.7857142857142858,1.9285714285714286,25.071428571428573,20.5,4.571428571428573,24.928571428571427,22.285714285714285,-2.6428571428571423,7.0,6.0,1.0,1470.3631326201116,1564.4635063315882,1497.2078299961834,1519.9582996400563,-22.750469643872975,1
2022_16_PHI_DAL,2022-12-24,2022,16,TRAIN,DAL,PHI,1,1582.3856585549254,1602.7141268448845,-20.32846828995912,0.7142857142857143,0.9285714285714286,-0.2142857142857143,0.6666666666666666,1.0,-0.33333333333333337,0.8,1.0,-0.19999999999999996,0.7,0.9,-0.20000000000000007,8.928571428571429,10.214285714285714,-1.2857142857142847,28.142857142857142,29.357142857142858,-1.2142857142857153,19.214285714285715,19.142857142857142,-0.07142857142857295,6.0,6.0,0.0,1602.7141268448845,1582.3856585549254,1459.121789745814,1491.4876147799137,-32.365825034099544,1
2022_16_SEA_KC,2022-12-24,2022,16,TRAIN,KC,SEA,1,1611.735788187889,1480.7511142673395,130.98467392054954,0.7857142857142857,0.5,0.2857142857142857,0.6666666666666666,0.3333333333333333,0.3333333333333333,0.8,0.2,0.6000000000000001,0.8,0.5,0.30000000000000004,6.571428571428571,0.0,6.571428571428571,29.571428571428573,25.357142857142858,4.214285714285715,23.0,25.357142857142858,2.3571428571428577,6.0,9.0,-3.0,1480.7511142673395,1611.735788187889,1467.9592822646143,1503.602161969759,-35.64287970514465,1
2022_16_WAS_SF,2022-12-24,2022,16,TRAIN,SF,WAS,1,1579.334936298813,1492.7690880625323,86.56584823628077,0.7142857142857143,0.5357142857142857,0.1785714285714286,1.0,0.5,0.5,1.0,0.7,0.30000000000000004,0.8,0.65,0.15000000000000002,9.142857142857142,-0.7857142857142857,9.928571428571429,24.142857142857142,18.928571428571427,5.214285714285715,15.0,19.714285714285715,4.714285714285715,9.0,6.0,3.0,1492.7690880625323,1579.334936298813,1514.9138250900546,1472.2242699390576,42.689555150996966,1
2022_16_DEN_LA,2022-12-25,2022,16,TRAIN,LA,DEN,1,1486.8896638877459,1424.1529452008124,62.7367186869335,0.2857142857142857,0.2857142857142857,0.0,0.3333333333333333,0.3333333333333333,0.0,0.2,0.2,0.0,0.2,0.2,0.0,-6.428571428571429,-2.5,-3.928571428571429,16.428571428571427,15.571428571428571,0.8571428571428559,22.857142857142858,18.071428571428573,-4.785714285714285,6.0,7.0,-1.0,1424.1529452008124,1486.8896638877459,1518.8848399573703,1495.6124048380764,23.27243511929396,1
2022_16_GB_MIA,2022-12-25,2022,16,TRAIN,MIA,GB,0,1520.3755870666866,1532.1575131117804,-11.781926045093769,0.5714285714285714,0.42857142857142855,0.14285714285714285,0.0,0.6666666666666666,-0.6666666666666666,0.4,0.6,-0.19999999999999996,0.5,0.3,0.2,0.07142857142857142,-1.9285714285714286,2.0,24.642857142857142,20.5,4.142857142857142,24.571428571428573,22.428571428571427,-2.142857142857146,8.0,6.0,2.0,1532.1575131117804,1520.3755870666866,1499.7814646307836,1526.2699855100614,-26.488520879277758,1
2022_16_TB_ARI,2022-12-25,2022,16,TRAIN,ARI,TB,0,1466.7535714634166,1530.0439171933122,-63.290345729895535,0.2857142857142857,0.42857142857142855,-0.14285714285714285,0.0,0.3333333333333333,-0.3333333333333333,0.2,0.4,-0.2,0.2,0.4,-0.2,-5.714285714285714,-2.9285714285714284,-2.785714285714286,20.857142857142858,17.642857142857142,3.2142857142857153,26.571428571428573,20.571428571428573,-6.0,7.0,7.0,0.0,1530.0439171933122,1466.7535714634166,1498.2095232534016,1513.666063238989,-15.45653998558737,1
2022_16_LAC_IND,2022-12-26,2022,16,TRAIN,IND,LAC,0,1462.6880284154365,1522.246336816609,-59.55830840117255,0.32142857142857145,0.5714285714285714,-0.24999999999999994,0.0,0.6666666666666666,-0.6666666666666666,0.2,0.6,-0.39999999999999997,0.3,0.6,-0.3,-6.571428571428571,-2.0,-4.571428571428571,17.5,22.285714285714285,-4.785714285714285,24.071428571428573,24.285714285714285,0.21428571428571175,9.0,8.0,1.0,1522.246336816609,1462.6880284154365,1535.1834172380256,1534.8263946552584,0.3570225827672857,1
2022_17_DAL_TEN,2022-12-29,2022,17,TRAIN,TEN,DAL,0,1517.5523819441935,1592.9700921363285,-75.41771019213502,0.4666666666666667,0.7333333333333333,-0.2666666666666666,0.0,0.6666666666666666,-0.6666666666666666,0.0,0.8,-0.8,0.4,0.7,-0.29999999999999993,-2.8666666666666667,8.733333333333333,-11.6,17.933333333333334,28.933333333333334,-11.0,20.8,20.2,-0.6000000000000014,5.0,5.0,0.0,1592.9700921363285,1517.5523819441935,1477.791015955512,1466.9784589349626,10.81255702054932,1
2022_17_ARI_ATL,2023-01-01,2022,17,TRAIN,ATL,ARI,1,1434.169470878807,1458.5553282740048,-24.385857395197718,0.3333333333333333,0.26666666666666666,0.06666666666666665,0.0,0.0,0.0,0.2,0.0,0.2,0.3,0.2,0.09999999999999998,-2.3333333333333335,-5.533333333333333,3.1999999999999997,21.0,20.533333333333335,0.466666666666665,23.333333333333332,26.066666666666666,2.7333333333333343,8.0,7.0,1.0,1458.5553282740048,1434.169470878807,1480.1929167281753,1499.2339700849504,-19.041053356775137,1
2022_17_CAR_TB,2023-01-01,2022,17,TRAIN,TB,CAR,1,1538.242160382724,1437.7849978102436,100.45716257248046,0.4666666666666667,0.4,0.06666666666666665,0.3333333333333333,0.6666666666666666,-0.3333333333333333,0.4,0.6,-0.19999999999999996,0.4,0.5,-0.09999999999999998,-2.533333333333333,-1.6,-0.9333333333333331,17.733333333333334,20.866666666666667,-3.133333333333333,20.266666666666666,22.466666666666665,2.1999999999999993,7.0,8.0,-1.0,1437.7849978102436,1538.242160382724,1505.0234502382652,1481.2542510067822,23.76919923148307,1
2022_17_CHI_DET,2023-01-01,2022,17,TRAIN,DET,CHI,1,1448.5343492003387,1395.4359755103055,53.09837369003321,0.4666666666666667,0.2,0.26666666666666666,0.6666666666666666,0.0,0.6666666666666666,0.6,0.0,0.6,0.6,0.1,0.5,-0.6,-6.0,5.4,26.133333333333333,20.2,5.933333333333334,26.733333333333334,26.2,-0.533333333333335,8.0,8.0,0.0,1395.4359755103055,1448.5343492003387,1487.267648379038,1527.8906160497556,-40.62296767071757,1
2022_17_CLE_WAS,2023-01-01,2022,17,TRAIN,WAS,CLE,0,1485.2103443975807,1471.6066571499523,13.603687247628386,0.5,0.4,0.09999999999999998,0.16666666666666666,0.3333333333333333,-0.16666666666666666,0.5,0.6,-0.09999999999999998,0.65,0.4,0.25,-1.8666666666666667,-1.3333333333333333,-0.5333333333333334,19.0,21.533333333333335,-2.533333333333335,20.866666666666667,22.866666666666667,2.0,8.0,8.0,0.0,1471.6066571499523,1485.2103443975807,1472.5184770535975,1498.0732038550188,-25.55472680142134,1
2022_17_DEN_KC,2023-01-01,2022,17,TRAIN,KC,DEN,1,1618.134758585211,1415.939280221094,202.1954783641172,0.8,0.26666666666666666,0.5333333333333334,1.0,0.3333333333333333,0.6666666666666667,0.8,0.2,0.6000000000000001,0.8,0.2,0.6000000000000001,7.066666666666666,-4.8,11.866666666666667,29.2,15.466666666666667,13.733333333333333,22.133333333333333,20.266666666666666,-1.8666666666666671,8.0,7.0,1.0,1415.939280221094,1618.134758585211,1462.4694925130523,1498.2063893521604,-35.73689683910811,1
2022_17_IND_NYG,2023-01-01,2022,17,TRAIN,NYG,IND,1,1463.0072200800942,1454.3856581325838,8.621561947510372,0.5666666666666667,0.3,0.26666666666666666,0.3333333333333333,0.0,0.3333333333333333,0.3,0.0,0.3,0.45,0.2,0.25,-1.8666666666666667,-7.266666666666667,5.4,20.733333333333334,16.533333333333335,4.199999999999999,22.6,23.8,1.1999999999999993,8.0,6.0,2.0,1454.3856581325838,1463.0072200800942,1548.7754579829157,1542.8573106532344,5.918147329681233,1
2022_17_JAX_HOU,2023-01-01,2022,17,TRAIN,HOU,JAX,0,1375.752235944125,1439.4750355862593,-63.722799642134305,0.16666666666666666,0.4666666666666667,-0.30000000000000004,0.3333333333333333,1.0,-0.6666666666666667,0.2,0.8,-0.6000000000000001,0.1,0.5,-0.4,-6.933333333333334,1.4666666666666666,-8.4,16.933333333333334,23.533333333333335,-6.600000000000001,23.866666666666667,22.066666666666666,-1.8000000000000007,8.0,10.0,-2.0,1439.4750355862593,1375.752235944125,1549.4656755756828,1510.9372367929527,38.52843878273006,1
2022_17_LA_LAC,2023-01-01,2022,17,TRAIN,LAC,LA,1,1530.5487070994618,1495.1033288674644,35.44537823199744,0.6,0.3333333333333333,0.26666666666666666,1.0,0.6666666666666666,0.33333333333333337,0.8,0.4,0.4,0.6,0.3,0.3,-0.7333333333333333,-3.533333333333333,2.8,22.133333333333333,18.733333333333334,3.3999999999999986,22.866666666666667,22.266666666666666,-0.6000000000000014,6.0,7.0,-1.0,1495.1033288674644,1530.5487070994618,1507.3440101918497,1509.825748851729,-2.4817386598792837,1
2022_17_MIA_NE,2023-01-01,2022,17,TRAIN,NE,MIA,1,1508.1603677495514,1510.7145682289904,-2.5542004794390323,0.4666666666666667,0.5333333333333333,-0.06666666666666665,0.3333333333333333,0.0,0.3333333333333333,0.2,0.2,0.0,0.5,0.5,0.0,1.8,-0.3333333333333333,2.1333333333333333,21.2,24.333333333333332,-3.133333333333333,19.4,24.666666666666668,5.266666666666669,8.0,7.0,1.0,1510.7145682289904,1508.1603677495514,1537.0681494180776,1511.5372736956094,25.53087572246818,1
2022_17_MIN_GB,2023-01-01,2022,17,TRAIN,GB,MIN,1,1541.8185319494767,1571.8194188716056,-30.000886922128984,0.4666666666666667,0.8,-0.33333333333333337,1.0,0.6666666666666666,0.33333333333333337,0.6,0.8,-0.20000000000000007,0.4,0.8,-0.4,-1.4,0.3333333333333333,-1.7333333333333332,20.866666666666667,25.2,-4.333333333333332,22.266666666666666,24.866666666666667,2.6000000000000014,7.0,8.0,-1.0,1571.8194188716056,1541.8185319494767,1514.192652329783,1477.4646210421663,36.72803128761666,1
2022_17_NO_PHI,2023-01-01,2022,17,TRAIN,PHI,NO,0,1592.1296932634814,1484.3224323180557,107.8072609454257,0.8666666666666667,0.4,0.4666666666666667,0.6666666666666666,0.6666666666666666,0.0,0.8,0.6,0.20000000000000007,0.8,0.4,0.4,9.133333333333333,-1.4666666666666666,10.6,29.666666666666668,20.2,9.466666666666669,20.533333333333335,21.666666666666668,1.1333333333333329,8.0,8.0,0.0,1484.3224323180557,1592.1296932634814,1508.9000428055142,1506.4807904758843,2.4192523296298987,1
2022_17_NYJ_SEA,2023-01-01,2022,17,TRAIN,SEA,NYJ,1,1474.3521438700175,1439.5966039618684,34.7555399081491,0.4666666666666667,0.4666666666666667,0.0,0.0,0.0,0.0,0.2,0.2,0.0,0.5,0.4,0.09999999999999998,-0.9333333333333333,0.13333333333333333,-1.0666666666666667,24.333333333333332,18.933333333333334,5.399999999999999,25.266666666666666,18.8,-6.466666666666665,8.0,10.0,-2.0,1439.5966039618684,1474.3521438700175,1517.045588606082,1489.2119137981165,27.833674807965508,1
2022_17_PIT_BAL,2023-01-01,2022,17,TRAIN,BAL,PIT,0,1523.9652252942276,1512.1564114648488,11.808813829378778,0.6666666666666666,0.4666666666666667,0.19999999999999996,0.6666666666666666,0.6666666666666666,0.0,0.6,0.8,-0.20000000000000007,0.7,0.6,0.09999999999999998,3.2666666666666666,-3.6666666666666665,6.933333333333334,21.4,17.6,3.799999999999997,18.133333333333333,21.266666666666666,3.133333333333333,8.0,8.0,0.0,1512.1564114648488,1523.9652252942276,1447.2669037494375,1481.1765134196087,-33.90960967017122,1
2022_17_SF_LV,2023-01-01,2022,17,TRAIN,LV,SF,0,1494.4598539473093,1586.8936799637647,-92.43382601645544,0.4,0.7333333333333333,-0.33333333333333326,0.3333333333333333,1.0,-0.6666666666666667,0.6,1.0,-0.4,0.5,0.8,-0.30000000000000004,-0.13333333333333333,9.666666666666666,-9.799999999999999,23.2,25.0,-1.8000000000000007,23.333333333333332,15.333333333333334,-7.999999999999998,8.0,8.0,0.0,1586.8936799637647,1494.4598539473093,1505.3575771098926,1512.092933686644,-6.735356576751428,1
2022_18_KC_LV,2023-01-07,2022,18,TRAIN,LV,KC,0,1487.0592714719398,1622.8938342613844,-135.8345627894446,0.375,0.8125,-0.4375,0.3333333333333333,1.0,-0.6666666666666667,0.4,0.8,-0.4,0.4,0.9,-0.5,-0.3125,6.8125,-7.125,23.875,29.0625,-5.1875,24.1875,22.25,-1.9375,6.0,6.0,0.0,1622.8938342613844,1487.0592714719398,1522.5447415199724,1445.094448398538,77.45029312143447,1
2022_18_TEN_JAX,2023-01-07,2022,18,TRAIN,JAX,TEN,1,1447.6612385291305,1509.6896148619771,-62.02837633284662,0.5,0.4375,0.0625,1.0,0.0,1.0,0.8,0.0,0.8,0.6,0.3,0.3,3.125,-3.5625,6.6875,24.0,17.625,6.375,20.875,21.1875,0.3125,6.0,9.0,-3.0,1509.6896148619771,1447.6612385291305,1481.272190764675,1489.385156658136,-8.112965893461023,1
2022_18_ARI_SF,2023-01-08,2022,18,TRAIN,SF,ARI,1,1594.2942624391342,1447.854597187814,146.4396652513201,0.75,0.25,0.5,1.0,0.0,1.0,1.0,0.0,1.0,0.9,0.2,0.7,9.25,-5.25,14.5,25.75,20.4375,5.3125,16.5,25.6875,9.1875,7.0,7.0,0.0,1447.854597187814,1594.2942624391342,1514.8396377514778,1479.120499511267,35.71913824021067,1
2022_18_BAL_CIN,2023-01-08,2022,18,TRAIN,CIN,BAL,1,1583.4683726357573,1513.6254711305787,69.84290150517859,0.7333333333333333,0.625,0.10833333333333328,1.0,0.3333333333333333,0.6666666666666667,1.0,0.6,0.4,0.9,0.7,0.20000000000000007,5.666666666666667,2.875,2.791666666666667,26.066666666666666,20.875,5.191666666666666,20.4,18.0,-2.3999999999999986,15.0,7.0,8.0,1513.6254711305787,1583.4683726357573,1545.2696226649807,1470.5439513914014,74.72567127357934,1
2022_18_CAR_NO,2023-01-08,2022,18,TRAIN,NO,CAR,0,1497.329479864266,1430.5984189672488,66.73106089701719,0.4375,0.375,0.0625,1.0,0.3333333333333333,0.6666666666666667,0.6,0.6,0.0,0.5,0.5,0.0,-0.75,-1.875,1.125,20.1875,21.0625,-0.875,20.9375,22.9375,2.0,7.0,7.0,0.0,1430.5984189672488,1497.329479864266,1522.088242391023,1485.5417001487654,36.5465422422576,1
2022_18_CLE_PIT,2023-01-08,2022,18,TRAIN,PIT,CLE,1,1522.4961656284977,1481.9980027757283,40.49816285276938,0.5,0.4375,0.0625,1.0,0.6666666666666666,0.33333333333333337,0.8,0.6,0.20000000000000007,0.6,0.5,0.09999999999999998,-3.25,-0.375,-2.875,17.5,21.6875,-4.1875,20.75,22.0625,1.3125,7.0,7.0,0.0,1481.9980027757283,1522.4961656284977,1488.5089991530017,1484.409786022546,4.09921313045561,1
2022_18_DAL_WAS,2023-01-08,2022,18,TRAIN,WAS,DAL,1,1474.8189987718047,1600.8328592185449,-126.01386044674018,0.46875,0.75,-0.28125,0.0,0.6666666666666666,-0.6666666666666666,0.3,0.8,-0.5,0.55,0.8,-0.25,-2.625,9.0625,-11.6875,18.4375,28.8125,-10.375,21.0625,19.75,-1.3125,7.0,10.0,-3.0,1600.8328592185449,1474.8189987718047,1488.8908395881203,1476.2002655700405,12.690574018079815,1
2022_18_DET_GB,2023-01-08,2022,18,TRAIN,GB,DET,0,1552.6798871281992,1457.0178437284314,95.66204339976775,0.5,0.5,0.0,1.0,0.6666666666666666,0.33333333333333337,0.8,0.8,0.0,0.5,0.7,-0.19999999999999996,0.1875,1.375,-1.1875,22.125,27.0625,-4.9375,21.9375,25.6875,3.75,7.0,7.0,0.0,1457.0178437284314,1552.6798871281992,1514.7372651929822,1452.548170761232,62.18909443175016,1
2022_18_HOU_IND,2023-01-08,2022,18,TRAIN,IND,HOU,0,1444.6337557106647,1367.5660330012538,77.06772270941087,0.28125,0.15625,0.125,0.0,0.3333333333333333,-0.3333333333333333,0.0,0.2,-0.2,0.1,0.1,0.0,-8.5625,-8.25,-0.3125,16.125,16.0625,0.0625,24.6875,24.3125,-0.375,7.0,7.0,0.0,1367.5660330012538,1444.6337557106647,1522.4566751564248,1528.5586552578968,-6.101980101472009,1
2022_18_LAC_DEN,2023-01-08,2022,18,TRAIN,DEN,LAC,1,1411.1802045449206,1539.5320318727543,-128.3518273278337,0.25,0.625,-0.375,0.3333333333333333,1.0,-0.6666666666666667,0.2,0.8,-0.6000000000000001,0.2,0.6,-0.39999999999999997,-4.6875,0.625,-5.3125,16.0,22.6875,-6.6875,20.6875,22.0625,1.375,7.0,7.0,0.0,1539.5320318727543,1411.1802045449206,1539.3712325159916,1506.8299160025113,32.5413165134803,1
2022_18_LA_SEA,2023-01-08,2022,18,TRAIN,SEA,LA,1,1483.3551224994492,1486.120004094172,-2.7648815947227376,0.5,0.3125,0.1875,0.3333333333333333,0.3333333333333333,0.0,0.4,0.4,0.0,0.5,0.2,0.3,0.1875,-4.625,4.8125,24.25,18.1875,6.0625,24.0625,22.8125,-1.25,7.0,7.0,0.0,1486.120004094172,1483.3551224994492,1508.3481547157985,1494.4325165730074,13.915638142791067,1
2022_18_MIN_CHI,2023-01-08,2022,18,TRAIN,CHI,MIN,0,1386.9524809822128,1560.9580636928831,-174.0055827106703,0.1875,0.75,-0.5625,0.0,0.6666666666666666,-0.6666666666666666,0.0,0.6,-0.6,0.1,0.7,-0.6,-7.5625,-1.1875,-6.375,19.5625,24.6875,-5.125,27.125,25.875,-1.25,7.0,7.0,0.0,1560.9580636928831,1386.9524809822128,1525.4221212845969,1478.5355680178614,46.88655326673552,1
2022_18_NE_BUF,2023-01-08,2022,18,TRAIN,BUF,NE,1,1603.7347142802732,1518.233882224531,85.5008320557422,0.8,0.5,0.30000000000000004,1.0,0.3333333333333333,0.6666666666666667,1.0,0.4,0.6,0.8,0.5,0.30000000000000004,10.466666666666667,1.8125,8.654166666666667,28.0,21.3125,6.6875,17.533333333333335,19.5,1.966666666666665,15.0,7.0,8.0,1518.233882224531,1603.7347142802732,1471.0608900215407,1528.4923949644283,-57.431504942887614,1
2022_18_NYG_PHI,2023-01-08,2022,18,TRAIN,PHI,NYG,1,1579.122645717271,1472.7591225020133,106.36352321525783,0.8125,0.59375,0.21875,0.3333333333333333,0.6666666666666666,-0.3333333333333333,0.6,0.5,0.09999999999999998,0.7,0.45,0.24999999999999994,7.9375,0.0,7.9375,28.4375,21.8125,6.625,20.5,21.8125,1.3125,7.0,7.0,0.0,1472.7591225020133,1579.122645717271,1500.878296352986,1523.869266051012,-22.990969698025992,1
2022_18_NYJ_MIA,2023-01-08,2022,18,TRAIN,MIA,NYJ,1,1500.6410537540107,1430.5936253324367,70.04742842157407,0.5,0.4375,0.0625,0.0,0.0,0.0,0.0,0.0,0.0,0.5,0.3,0.2,-0.4375,-0.9375,0.5,24.125,18.125,6.0,24.5625,19.0625,-5.5,7.0,7.0,0.0,1430.5936253324367,1500.6410537540107,1536.6654207743184,1499.872125707476,36.79329506684235,1
2022_18_TB_ATL,2023-01-08,2022,18,TRAIN,ATL,TB,1,1444.8702019649977,1545.4287392257188,-100.5585372607211,0.375,0.5,-0.125,0.3333333333333333,0.6666666666666666,-0.3333333333333333,0.2,0.6,-0.39999999999999997,0.3,0.5,-0.2,-2.125,-2.0,-0.125,20.9375,18.5,2.4375,23.0625,20.5,-2.5625,7.0,7.0,0.0,1545.4287392257188,1444.8702019649977,1485.8700719454998,1501.0072043133925,-15.137132367892718,1
2023_02_MIN_PHI,2023-09-14,2023,2,TRAIN,PHI,MIN,1,1594.0137523676785,1555.3629407192952,38.650811648383296,1.0,0.0,1.0,1.0,0.0,1.0,1.0,0.0,1.0,1.0,0.0,1.0,5.0,-3.0,8.0,25.0,17.0,8.0,20.0,20.0,0.0,4.0,4.0,0.0,1555.3629407192952,1594.0137523676785,1510.6462903063866,1532.6126314448577,-21.96634113847108,1
2023_02_BAL_CIN,2023-09-17,2023,2,TRAIN,CIN,BAL,0,1578.2049116670212,1512.1370700146551,66.06784165236604,0.0,1.0,-1.0,0.0,1.0,-1.0,0.0,1.0,-1.0,0.0,1.0,-1.0,-21.0,16.0,-37.0,3.0,25.0,-22.0,24.0,9.0,-15.0,7.0,7.0,0.0,1512.1370700146551,1578.2049116670212,1473.1583830122188,1379.7485415166914,93.40984149552742,1
2023_02_CHI_TB,2023-09-17,2023,2,TRAIN,TB,CHI,1,1543.5800709884536,1375.8479551814937,167.73211580695988,1.0,0.0,1.0,1.0,0.0,1.0,1.0,0.0,1.0,1.0,0.0,1.0,3.0,-18.0,21.0,20.0,20.0,0.0,17.0,38.0,21.0,7.0,7.0,0.0,1375.8479551814937,1543.5800709884536,1566.3303802628911,1539.994043545337,26.336336717554104,1
2023_02_GB_ATL,2023-09-17,2023,2,TRAIN,ATL,GB,1,1467.2493706528264,1545.726252776048,-78.47688212322169,1.0,1.0,0.0,1.0,1.0,0.0,1.0,1.0,0.0,1.0,1.0,0.0,14.0,18.0,-4.0,24.0,38.0,-14.0,10.0,20.0,10.0,7.0,7.0,0.0,1545.726252776048,1467.2493706528264,1442.4958188425526,1381.5801644122048,60.915654430347786,1
2023_02_IND_HOU,2023-09-17,2023,2,TRAIN,HOU,IND,0,1373.2205352094518,1423.226139063737,-50.005603854285255,0.0,0.0,0.0,0.0,0.0,0.0,0.0,0.0,0.0,0.0,0.0,0.0,-16.0,-10.0,-6.0,9.0,21.0,-12.0,25.0,31.0,6.0,7.0,7.0,0.0,1423.226139063737,1373.2205352094518,1505.6090637074155,1459.4278292252595,46.181234482156015,1
2023_02_KC_JAX,2023-09-17,2023,2,TRAIN,JAX,KC,0,1468.6529373567496,1614.8793522289243,-146.2264148721747,1.0,0.0,1.0,1.0,0.0,1.0,1.0,0.0,1.0,1.0,0.0,1.0,10.0,-1.0,11.0,31.0,20.0,11.0,21.0,21.0,0.0,7.0,10.0,-3.0,1614.8793522289243,1468.6529373567496,1432.451247195227,1469.7036873112936,-37.25244011606651,1
2023_02_LAC_TEN,2023-09-17,2023,2,TRAIN,TEN,LAC,1,1487.5636607090846,1515.4983099483834,-27.93464923929878,0.0,0.0,0.0,0.0,0.0,0.0,0.0,0.0,0.0,0.0,0.0,0.0,-1.0,-2.0,1.0,15.0,34.0,-19.0,16.0,36.0,20.0,7.0,7.0,0.0,1515.4983099483834,1487.5636607090846,1485.4320799889622,1508.6518067029365,-23.219726713974296,1
2023_02_LV_BUF,2023-09-17,2023,2,TRAIN,BUF,LV,1,1596.367972136537,1489.181326974089,107.18664516244803,0.0,1.0,-1.0,0.0,1.0,-1.0,0.0,1.0,-1.0,0.0,1.0,-1.0,-6.0,1.0,-7.0,16.0,17.0,-1.0,22.0,16.0,-6.0,6.0,7.0,-1.0,1489.181326974089,1596.367972136537,1422.582872383511,1424.715102164278,-2.1322297807671475,1
2023_02_MIA_NE,2023-09-17,2023,2,TRAIN,NE,MIA,0,1502.7859798298282,1519.1506310079499,-16.364651178121676,0.0,1.0,-1.0,0.0,1.0,-1.0,0.0,1.0,-1.0,0.0,1.0,-1.0,-5.0,2.0,-7.0,20.0,36.0,-16.0,25.0,34.0,9.0,7.0,7.0,0.0,1519.1506310079499,1502.7859798298282,1586.15344189112,1525.9971342533968,60.15630763772333,1
2023_02_NYG_ARI,2023-09-17,2023,2,TRAIN,ARI,NYG,0,1433.165691710397,1459.0927506145208,-25.927058904123896,0.0,0.0,0.0,0.0,0.0,0.0,0.0,0.0,0.0,0.0,0.0,0.0,-4.0,-40.0,36.0,16.0,0.0,16.0,20.0,40.0,20.0,7.0,7.0,0.0,1459.0927506145208,1433.165691710397,1488.2948732719283,1587.3569847184212,-99.06211144649296,1
2023_02_NYJ_DAL,2023-09-17,2023,2,TRAIN,DAL,NYJ,1,1593.9925604320647,1437.5372064453916,156.45535398667312,1.0,1.0,0.0,1.0,1.0,0.0,1.0,1.0,0.0,1.0,1.0,0.0,40.0,6.0,34.0,40.0,22.0,18.0,0.0,16.0,16.0,7.0,6.0,1.0,1437.5372064453916,1593.9925604320647,1465.7283263281643,1611.3223061984177,-145.5939798702534,1
2023_02_SEA_DET,2023-09-17,2023,2,TRAIN,DET,SEA,0,1483.9962655156253,1482.9344709149498,1.061794600675512,1.0,0.0,1.0,1.0,0.0,1.0,1.0,0.0,1.0,1.0,0.0,1.0,1.0,-17.0,18.0,21.0,13.0,8.0,20.0,30.0,10.0,10.0,7.0,3.0,1482.9344709149498,1483.9962655156253,1629.171930433256,1476.0404260847386,153.1315043485174,1
2023_02_SF_LA,2023-09-17,2023,2,TRAIN,LA,SF,0,1486.5406556786713,1608.3528072500721,-121.81215157140082,1.0,1.0,0.0,1.0,1.0,0.0,1.0,1.0,0.0,1.0,1.0,0.0,17.0,23.0,-6.0,30.0,30.0,0.0,13.0,7.0,-6.0,7.0,7.0,0.0,1608.3528072500721,1486.5406556786713,1493.4347005088825,1531.3357853920072,-37.90108488312467,1
2023_02_WAS_DEN,2023-09-17,2023,2,TRAIN,DEN,WAS,0,1416.3149504902574,1496.9656048468955,-80.65065435663814,0.0,1.0,-1.0,0.0,1.0,-1.0,0.0,1.0,-1.0,0.0,1.0,-1.0,-1.0,4.0,-5.0,16.0,20.0,-4.0,17.0,16.0,-1.0,7.0,7.0,0.0,1496.9656048468955,1416.3149504902574,1480.7811753000683,1441.8364232853642,38.944752014704136,1
2023_02_CLE_PIT,2023-09-18,2023,2,TRAIN,PIT,CLE,1,1523.2954144835192,1486.438251404118,36.85716307940106,0.0,1.0,-1.0,0.0,1.0,-1.0,0.0,1.0,-1.0,0.0,1.0,-1.0,-23.0,21.0,-44.0,7.0,24.0,-17.0,30.0,3.0,-27.0,8.0,8.0,0.0,1486.438251404118,1523.2954144835192,1600.312436341584,1591.4847800589205,8.827656282663611,1
2023_02_NO_CAR,2023-09-18,2023,2,TRAIN,CAR,NO,0,1432.932757935585,1495.7914434457257,-62.85868551014073,0.0,1.0,-1.0,0.0,1.0,-1.0,0.0,1.0,-1.0,0.0,1.0,-1.0,-14.0,1.0,-15.0,10.0,16.0,-6.0,24.0,15.0,-9.0,8.0,8.0,0.0,1495.7914434457257,1432.932757935585,1457.6863097458588,1497.9230241658481,-40.23671441998931,1
2023_03_NYG_SF,2023-09-21,2023,3,TRAIN,SF,NYG,1,1614.9837002533857,1468.347892004166,146.63580824921974,1.0,0.5,0.5,1.0,0.5,0.5,1.0,0.5,0.5,1.0,0.5,0.5,15.0,-18.5,33.5,30.0,15.5,14.5,15.0,34.0,19.0,4.0,4.0,0.0,1468.347892004166,1614.9837002533857,1508.9382205353393,1510.261338214409,-1.32311767906981,1
2023_03_ATL_DET,2023-09-24,2023,3,TRAIN,DET,ATL,1,1473.9657047055264,1479.4704717045702,-5.504766999043795,0.5,1.0,-0.5,0.5,1.0,-0.5,0.5,1.0,-0.5,0.5,1.0,-0.5,-2.5,7.5,-10.0,26.0,24.5,1.5,28.5,17.0,-11.5,7.0,7.0,0.0,1479.4704717045702,1473.9657047055264,1556.0532006741028,1494.1110358093003,61.94216486480241,1
2023_03_BUF_WAS,2023-09-24,2023,3,TRAIN,WAS,BUF,0,1504.6851074882327,1603.377180852661,-98.69207336442832,1.0,0.5,0.5,1.0,0.5,0.5,1.0,0.5,0.5,1.0,0.5,0.5,3.0,11.0,-8.0,27.5,27.0,0.5,24.5,16.0,-8.5,7.0,7.0,0.0,1603.377180852661,1504.6851074882327,1429.0756868878107,1455.8820996788,-26.80641279098927,1
2023_03_CAR_SEA,2023-09-24,2023,3,TRAIN,SEA,CAR,1,1492.9650317250487,1424.7224912105883,68.24254051446042,0.5,0.0,0.5,0.5,0.0,0.5,0.5,0.0,0.5,0.5,0.0,0.5,-5.5,-8.5,3.0,25.0,13.5,11.5,30.5,22.0,-8.5,7.0,6.0,1.0,1424.7224912105883,1492.9650317250487,1480.018345800182,1476.7388765957921,3.2794692043898976,1
2023_03_CHI_KC,2023-09-24,2023,3,TRAIN,KC,CHI,1,1620.9026920818937,1370.3325625198677,250.57012956202607,0.5,0.0,0.5,0.5,0.0,0.5,0.5,0.0,0.5,0.5,0.0,0.5,3.5,-14.0,17.5,18.5,18.5,0.0,15.0,32.5,17.5,7.0,7.0,0.0,1370.3325625198677,1620.9026920818937,1469.1783123340215,1541.7870572668953,-72.60874493287383,1
2023_03_DAL_ARI,2023-09-24,2023,3,TRAIN,ARI,DAL,1,1423.9105503207518,1599.7709838255244,-175.86043350477257,0.0,1.0,-1.0,0.0,1.0,-1.0,0.0,1.0,-1.0,0.0,1.0,-1.0,-3.5,30.0,-33.5,22.0,35.0,-13.0,25.5,5.0,-20.5,7.0,7.0,0.0,1599.7709838255244,1423.9105503207518,1473.6938119432245,1451.6327663867778,22.061045556446743,1
2023_03_DEN_MIA,2023-09-24,2023,3,TRAIN,MIA,DEN,1,1528.6799664940932,1408.5954478489202,120.08451864517292,1.0,0.0,1.0,1.0,0.0,1.0,1.0,0.0,1.0,1.0,0.0,1.0,4.5,-1.5,6.0,30.0,24.5,5.5,25.5,26.0,0.5,7.0,7.0,0.0,1408.5954478489202,1528.6799664940932,1514.3915570416125,1488.873390073482,25.518166968130572,1
2023_03_HOU_JAX,2023-09-24,2023,3,TRAIN,JAX,HOU,0,1462.6295975037801,1364.649955554291,97.97964194948918,0.5,0.0,0.5,0.5,0.0,0.5,0.5,0.0,0.5,0.5,0.0,0.5,1.0,-13.5,14.5,20.0,14.5,5.5,19.0,28.0,9.0,7.0,7.0,0.0,1364.649955554291,1462.6295975037801,1523.6652997120757,1464.4176013855763,59.2476983264994,1
2023_03_IND_BAL,2023-09-24,2023,3,TRAIN,BAL,IND,0,1524.0160614881152,1431.7967187188979,92.21934276921729,1.0,0.5,0.5,1.0,0.5,0.5,1.0,0.5,0.5,1.0,0.5,0.5,9.5,0.5,9.0,26.0,26.0,0.0,16.5,25.5,9.0,7.0,7.0,0.0,1431.7967187188979,1524.0160614881152,1478.9767265918563,1416.3241822173557,62.65254437450062,1
2023_03_LAC_MIN,2023-09-24,2023,3,TRAIN,MIN,LAC,0,1546.470833963516,1504.696014192532,41.774819770984095,0.0,0.0,0.0,0.0,0.0,0.0,0.0,0.0,0.0,0.0,0.0,0.0,-4.5,-2.5,-2.0,22.5,29.0,-6.5,27.0,31.5,4.5,10.0,7.0,3.0,1504.696014192532,1546.470833963516,1563.313191906268,1498.1077337060105,65.20545820025745,1
2023_03_NE_NYJ,2023-09-24,2023,3,TRAIN,NYJ,NE,0,1431.758783051932,1493.256644343685,-61.497861291753,0.5,0.0,0.5,0.5,0.0,0.5,0.5,0.0,0.5,0.5,0.0,0.5,-7.0,-6.0,-1.0,16.0,18.5,-2.5,23.0,24.5,1.5,7.0,7.0,0.0,1493.256644343685,1431.758783051932,1602.6574333152412,1552.652036449535,50.00539686570619,1
2023_03_NO_GB,2023-09-24,2023,3,TRAIN,GB,NO,1,1533.5051517243044,1504.0017101707224,29.50344155358198,0.5,1.0,-0.5,0.5,1.0,-0.5,0.5,1.0,-0.5,0.5,1.0,-0.5,8.5,2.0,6.5,31.0,18.0,13.0,22.5,16.0,-6.5,7.0,6.0,1.0,1504.0017101707224,1533.5051517243044,1424.4147675325157,1465.4278910507164,-41.0131235182007,1
2023_03_PIT_LV,2023-09-24,2023,3,TRAIN,LV,PIT,0,1482.172118257965,1532.2385416592924,-50.066423401327484,0.5,0.5,0.0,0.5,0.5,0.0,0.5,0.5,0.0,0.5,0.5,0.0,-13.5,-9.5,-4.0,13.5,16.5,-3.0,27.0,26.0,-1.0,7.0,6.0,1.0,1532.2385416592924,1482.172118257965,1510.5415371504075,1543.375343872851,-32.83380672244357,1
2023_03_TEN_CLE,2023-09-24,2023,3,TRAIN,CLE,TEN,1,1477.4951242283448,1498.365956464936,-20.87083223659124,0.5,0.5,0.0,0.5,0.5,0.0,0.5,0.5,0.0,0.5,0.5,0.0,8.5,1.0,7.5,23.0,21.0,2.0,14.5,20.0,5.5,6.0,7.0,-1.0,1498.365956464936,1477.4951242283448,1557.39009727122,1500.4651949686727,56.92490230254725,1
2023_03_LA_CIN,2023-09-25,2023,3,TRAIN,CIN,LA,1,1566.3259201935612,1479.9097626753578,86.41615751820336,0.0,0.5,-0.5,0.0,0.5,-0.5,0.0,0.5,-0.5,0.0,0.5,-0.5,-12.0,5.0,-17.0,13.5,26.5,-13.0,25.5,21.5,-4.0,8.0,8.0,0.0,1479.9097626753578,1566.3259201935612,1492.647726513437,1550.8937538794773,-58.24602736604038,1
2023_03_PHI_TB,2023-09-25,2023,3,TRAIN,TB,PHI,0,1549.0954636500796,1602.9058591234577,-53.810395473378094,1.0,1.0,0.0,1.0,1.0,0.0,1.0,1.0,0.0,1.0,1.0,0.0,6.5,5.5,1.0,23.5,29.5,-6.0,17.0,24.0,7.0,8.0,11.0,-3.0,1602.9058591234577,1549.0954636500796,1471.0891677221925,1533.004615512841,-61.915447790648386,1
2023_04_DET_GB,2023-09-28,2023,4,TRAIN,GB,DET,0,1542.6580096901673,1484.1241313794255,58.533878310741784,0.6666666666666666,0.6666666666666666,0.0,0.6666666666666666,0.6666666666666666,0.0,0.6666666666666666,0.6666666666666666,0.0,0.6666666666666666,0.6666666666666666,0.0,6.0,3.0,3.0,26.666666666666668,24.0,2.666666666666668,20.666666666666668,21.0,0.33333333333333215,4.0,4.0,0.0,1484.1241313794255,1542.6580096901673,1450.9437484119178,1530.5256243509255,-79.58187593900766,1
2023_04_ARI_SF,2023-10-01,2023,4,TRAIN,SF,ARI,1,1620.9971248572012,1438.580083810315,182.4170410468862,1.0,0.3333333333333333,0.6666666666666667,1.0,0.3333333333333333,0.6666666666666667,1.0,0.3333333333333333,0.6666666666666667,1.0,0.3333333333333333,0.6666666666666667,16.0,1.6666666666666667,14.333333333333334,30.0,24.0,6.0,14.0,22.333333333333332,8.333333333333332,10.0,7.0,3.0,1438.580083810315,1620.9971248572012,1495.408111024948,1515.7195359039913,-20.311424879043216,1
2023_04_ATL_JAX,2023-10-01,2023,4,TRAIN,JAX,ATL,1,1449.8819716758396,1469.312045030671,-19.430073354831393,0.3333333333333333,0.6666666666666666,-0.3333333333333333,0.3333333333333333,0.6666666666666666,-0.3333333333333333,0.3333333333333333,0.6666666666666666,-0.3333333333333333,0.3333333333333333,0.6666666666666666,-0.3333333333333333,-6.0,0.3333333333333333,-6.333333333333333,19.0,18.333333333333332,0.6666666666666679,25.0,18.0,-7.0,7.0,7.0,0.0,1469.312045030671,1449.8819716758396,1470.660184992814,1487.3959254413758,-16.735740448561728,1
2023_04_BAL_CLE,2023-10-01,2023,4,TRAIN,CLE,BAL,0,1488.095113547553,1511.4224010809503,-23.32728753339734,0.6666666666666666,0.6666666666666666,0.0,0.6666666666666666,0.6666666666666666,0.0,0.6666666666666666,0.6666666666666666,0.0,0.6666666666666666,0.6666666666666666,0.0,13.666666666666666,5.333333333333333,8.333333333333332,24.333333333333332,23.666666666666668,0.6666666666666643,10.666666666666666,18.333333333333332,7.666666666666666,7.0,7.0,0.0,1511.4224010809503,1488.095113547553,1537.7153836691252,1463.2500573008701,74.46532636825509,1
2023_04_CIN_TEN,2023-10-01,2023,4,TRAIN,TEN,CIN,1,1487.765967145728,1573.8887159578542,-86.12274881212625,0.3333333333333333,0.3333333333333333,0.0,0.3333333333333333,0.3333333333333333,0.0,0.3333333333333333,0.3333333333333333,0.0,0.3333333333333333,0.3333333333333333,0.0,-7.333333333333333,-7.0,-0.33333333333333304,15.0,15.333333333333334,-0.3333333333333339,22.333333333333332,22.333333333333332,0.0,7.0,6.0,1.0,1573.8887159578542,1487.765967145728,1492.8085047218967,1488.4017385674106,4.406766154486149,1
2023_04_DEN_CHI,2023-10-01,2023,4,TRAIN,CHI,DEN,0,1366.5090757386424,1401.9204002216297,-35.41132448298731,0.0,0.0,0.0,0.0,0.0,0.0,0.0,0.0,0.0,0.0,0.0,0.0,-19.666666666666668,-17.666666666666668,-2.0,15.666666666666666,23.0,-7.333333333333334,35.333333333333336,40.666666666666664,5.333333333333329,7.0,7.0,0.0,1401.9204002216297,1366.5090757386424,1568.1589355385615,1502.142248880352,66.01668665820944,1
2023_04_KC_NYJ,2023-10-01,2023,4,TRAIN,NYJ,KC,0,1423.510576853326,1624.726178863119,-201.21560200979297,0.3333333333333333,0.6666666666666666,-0.3333333333333333,0.3333333333333333,0.6666666666666666,-0.3333333333333333,0.3333333333333333,0.6666666666666666,-0.3333333333333333,0.3333333333333333,0.6666666666666666,-0.3333333333333333,-6.333333333333333,12.666666666666666,-19.0,14.0,26.0,-12.0,20.333333333333332,13.333333333333334,-6.999999999999998,7.0,7.0,0.0,1624.726178863119,1423.510576853326,1566.1905036580556,1436.2297290626368,129.9607745954188,1
2023_04_LA_IND,2023-10-01,2023,4,TRAIN,IND,LA,0,1444.3903791260627,1472.3469669110648,-27.956587785002057,0.6666666666666666,0.3333333333333333,0.3333333333333333,0.6666666666666666,0.3333333333333333,0.3333333333333333,0.6666666666666666,0.3333333333333333,0.3333333333333333,0.6666666666666666,0.3333333333333333,0.3333333333333333,1.3333333333333333,2.3333333333333335,-1.0000000000000002,24.666666666666668,23.0,1.6666666666666679,23.333333333333332,20.666666666666668,-2.6666666666666643,7.0,6.0,1.0,1472.3469669110648,1444.3903791260627,1452.221475307609,1556.0378093175052,-103.81633400989631,1
2023_04_LV_LAC,2023-10-01,2023,4,TRAIN,LAC,LV,1,1515.892629189101,1473.6032533196424,42.28937586945858,0.3333333333333333,0.3333333333333333,0.0,0.3333333333333333,0.3333333333333333,0.0,0.3333333333333333,0.3333333333333333,0.0,0.3333333333333333,0.3333333333333333,0.0,-0.3333333333333333,-10.666666666666666,10.333333333333332,28.666666666666668,15.0,13.666666666666668,29.0,25.666666666666668,-3.333333333333332,7.0,7.0,0.0,1473.6032533196424,1515.892629189101,1514.228767125179,1517.7738719867023,-3.545104861523214,1
2023_04_MIA_BUF,2023-10-01,2023,4,TRAIN,BUF,MIA,1,1610.6106083479117,1535.3550141213836,75.25559422652805,0.6666666666666666,1.0,-0.33333333333333337,0.6666666666666666,1.0,-0.33333333333333337,0.6666666666666666,1.0,-0.33333333333333337,0.6666666666666666,1.0,-0.33333333333333337,18.666666666666668,19.666666666666668,-1.0,30.333333333333332,43.333333333333336,-13.000000000000004,11.666666666666666,23.666666666666668,12.000000000000002,7.0,7.0,0.0,1535.3550141213836,1610.6106083479117,1472.1497689486107,1479.126187310715,-6.9764183621043685,1
2023_04_MIN_CAR,2023-10-01,2023,4,TRAIN,CAR,MIN,0,1416.661793918969,1535.274218966947,-118.61242504797815,0.0,0.0,0.0,0.0,0.0,0.0,0.0,0.0,0.0,0.0,0.0,0.0,-9.0,-4.333333333333333,-4.666666666666667,18.0,23.0,-5.0,27.0,27.333333333333332,0.33333333333333215,7.0,7.0,0.0,1535.274218966947,1416.661793918969,1482.147594972211,1543.774132668356,-61.62653769614508,1
2023_04_NE_DAL,2023-10-01,2023,4,TRAIN,DAL,NE,1,1585.101450335961,1501.5048505422908,83.5965997936703,0.6666666666666666,0.3333333333333333,0.3333333333333333,0.6666666666666666,0.3333333333333333,0.3333333333333333,0.6666666666666666,0.3333333333333333,0.3333333333333333,0.6666666666666666,0.3333333333333333,0.3333333333333333,16.0,-2.3333333333333335,18.333333333333332,28.666666666666668,17.333333333333332,11.333333333333336,12.666666666666666,19.666666666666668,7.000000000000002,7.0,7.0,0.0,1501.5048505422908,1585.101450335961,1442.3920276981025,1512.3542853170009,-69.96225761889832,1
2023_04_PIT_HOU,2023-10-01,2023,4,TRAIN,HOU,PIT,1,1377.3975813822315,1540.807406597615,-163.40982521538353,0.3333333333333333,0.6666666666666666,-0.3333333333333333,0.3333333333333333,0.6666666666666666,-0.3333333333333333,0.3333333333333333,0.6666666666666666,-0.3333333333333333,0.3333333333333333,0.6666666666666666,-0.3333333333333333,-2.3333333333333335,-4.666666666666667,2.3333333333333335,22.0,18.666666666666668,3.333333333333332,24.333333333333332,23.333333333333332,-1.0,7.0,7.0,0.0,1540.807406597615,1377.3975813822315,1463.8216000916443,1522.9742686678892,-59.15266857624488,1
2023_04_TB_NO,2023-10-01,2023,4,TRAIN,NO,TB,0,1494.8488522048594,1540.6319851972144,-45.78313299235492,0.6666666666666666,0.6666666666666666,0.0,0.6666666666666666,0.6666666666666666,0.0,0.6666666666666666,0.6666666666666666,0.0,0.6666666666666666,0.6666666666666666,0.0,1.0,-0.3333333333333333,1.3333333333333333,17.666666666666668,19.333333333333332,-1.6666666666666643,16.666666666666668,19.666666666666668,3.0,7.0,6.0,1.0,1540.6319851972144,1494.8488522048594,1488.1203112752457,1515.0280648559474,-26.907753580701637,1
2023_04_WAS_PHI,2023-10-01,2023,4,TRAIN,PHI,WAS,1,1611.369337576323,1497.451679992982,113.917657583341,1.0,0.6666666666666666,0.33333333333333337,1.0,0.6666666666666666,0.33333333333333337,1.0,0.6666666666666666,0.33333333333333337,1.0,0.6666666666666666,0.33333333333333337,8.333333333333334,-9.333333333333334,17.666666666666668,28.0,19.333333333333332,8.666666666666668,19.666666666666668,28.666666666666668,9.0,6.0,7.0,-1.0,1497.451679992982,1611.369337576323,1538.3682315585872,1487.1761848760943,51.1920466824929,1
2023_04_SEA_NYG,2023-10-02,2023,4,TRAIN,NYG,SEA,0,1462.3344674003504,1501.025729016668,-38.69126161631766,0.3333333333333333,0.6666666666666666,-0.3333333333333333,0.3333333333333333,0.6666666666666666,-0.3333333333333333,0.3333333333333333,0.6666666666666666,-0.3333333333333333,0.3333333333333333,0.6666666666666666,-0.3333333333333333,-18.333333333333332,-0.3333333333333333,-18.0,14.333333333333334,29.0,-14.666666666666666,32.666666666666664,29.333333333333332,-3.333333333333332,11.0,8.0,3.0,1501.025729016668,1462.3344674003504,1545.1687922274014,1461.5863942703174,83.58239795708391,1
2023_05_CHI_WAS,2023-10-05,2023,5,TRAIN,WAS,CHI,0,1490.6178381486368,1357.5247809410669,133.09305720756993,0.5,0.0,0.5,0.3333333333333333,0.0,0.3333333333333333,0.5,0.0,0.5,0.5,0.0,0.5,-7.75,-15.5,7.75,22.25,18.75,3.5,30.0,34.25,4.25,4.0,4.0,0.0,1357.5247809410669,1490.6178381486368,1518.2244730511513,1526.5993017093285,-8.374828658177194,1
2023_05_BAL_PIT,2023-10-08,2023,5,TRAIN,PIT,BAL,1,1526.422737120998,1520.7519948594095,5.67074226158843,0.5,0.75,-0.25,0.6666666666666666,0.6666666666666666,0.0,0.5,0.75,-0.25,0.5,0.75,-0.25,-9.5,10.25,-19.75,15.5,24.75,-9.25,25.0,14.5,-10.5,7.0,7.0,0.0,1520.7519948594095,1526.422737120998,1486.5800968464746,1469.4613213625407,17.11877548393386,1
2023_05_CAR_DET,2023-10-08,2023,5,TRAIN,DET,CAR,1,1495.793111126017,1409.9490072542683,85.84410387174876,0.75,0.0,0.75,0.6666666666666666,0.0,0.6666666666666666,0.75,0.0,0.75,0.75,0.0,0.75,5.75,-8.75,14.5,26.5,16.75,9.75,20.75,25.5,4.75,10.0,7.0,3.0,1409.9490072542683,1495.793111126017,1533.5587206857358,1495.429250970895,38.12946971484075,1
2023_05_CIN_ARI,2023-10-08,2023,5,TRAIN,ARI,CIN,0,1433.3958771211614,1561.4594567080198,-128.0635795868584,0.25,0.25,0.0,0.3333333333333333,0.3333333333333333,0.0,0.25,0.25,0.0,0.25,0.25,0.0,-3.5,-11.25,7.75,22.0,12.25,9.75,25.5,23.5,-2.0,7.0,7.0,0.0,1561.4594567080198,1433.3958771211614,1542.0389331422937,1488.2427957119899,53.796137430303816,1
2023_05_DAL_SF,2023-10-08,2023,5,TRAIN,SF,DAL,1,1626.1813315463548,1592.7407286059906,33.440602940364215,1.0,0.75,0.25,1.0,0.6666666666666666,0.33333333333333337,1.0,0.75,0.25,1.0,0.75,0.25,16.75,20.75,-4.0,31.25,31.0,0.25,14.5,10.25,-4.25,7.0,7.0,0.0,1592.7407286059906,1626.1813315463548,1481.2011042212898,1457.1702334091497,24.030870812140165,1
2023_05_HOU_ATL,2023-10-08,2023,5,TRAIN,ATL,HOU,1,1458.7533848507062,1391.7822508588486,66.97113399185764,0.5,0.5,0.0,0.3333333333333333,0.6666666666666666,-0.3333333333333333,0.5,0.5,0.0,0.5,0.5,0.0,-3.75,4.25,-8.0,15.5,24.0,-8.5,19.25,19.75,0.5,7.0,7.0,0.0,1391.7822508588486,1458.7533848507062,1478.0174369999918,1483.068051718137,-5.050614718145198,1
2023_05_JAX_BUF,2023-10-08,2023,5,TRAIN,BUF,JAX,0,1618.4778288112807,1460.4406318558044,158.03719695547625,0.75,0.5,0.25,1.0,0.3333333333333333,0.6666666666666667,0.75,0.5,0.25,0.75,0.5,0.25,21.0,-0.5,21.5,34.75,20.0,14.75,13.75,20.5,6.75,7.0,7.0,0.0,1460.4406318558044,1618.4778288112807,1487.951080241804,1470.3231500022785,17.62793023952554,1
2023_05_KC_MIN,2023-10-08,2023,5,TRAIN,MIN,KC,0,1541.9870056316477,1629.505741246036,-87.51873561438833,0.25,0.75,-0.5,0.3333333333333333,1.0,-0.6666666666666667,0.25,0.75,-0.5,0.25,0.75,-0.5,-1.25,10.25,-11.5,22.5,25.25,-2.75,23.75,15.0,-8.75,7.0,7.0,0.0,1629.505741246036,1541.9870056316477,1511.9960479810093,1433.0499410103093,78.94610697069993,1
2023_05_NO_NE,2023-10-08,2023,5,TRAIN,NE,NO,0,1493.8655722722613,1486.1590219800653,7.7065502921959705,0.25,0.5,-0.25,0.3333333333333333,0.3333333333333333,0.0,0.25,0.5,-0.25,0.25,0.5,-0.25,-10.5,-3.5,-7.0,13.75,15.5,-1.75,24.25,19.0,-5.25,7.0,7.0,0.0,1486.1590219800653,1493.8655722722613,1530.5410765717406,1501.248229755738,29.292846816002566,1
2023_05_NYG_MIA,2023-10-08,2023,5,TRAIN,MIA,NYG,1,1527.4877936580147,1453.443510583152,74.04428307486273,0.75,0.25,0.5,0.6666666666666666,0.3333333333333333,0.3333333333333333,0.75,0.25,0.5,0.75,0.25,0.5,7.75,-19.0,26.75,37.5,11.5,26.0,29.75,30.5,0.75,7.0,6.0,1.0,1453.443510583152,1527.4877936580147,1511.9972925700142,1534.133026424718,-22.135733854703858,1
2023_05_NYJ_DEN,2023-10-08,2023,5,TRAIN,DEN,NYJ,0,1410.9046950192053,1418.731014470409,-7.826319451203744,0.25,0.25,0.0,0.3333333333333333,0.0,0.3333333333333333,0.25,0.25,0.0,0.25,0.25,0.0,-12.5,-5.5,-7.0,25.0,15.5,9.5,37.5,21.0,-16.5,7.0,7.0,0.0,1418.731014470409,1410.9046950192053,1468.2339555949247,1580.8244224593216,-112.59046686439683,1
2023_05_PHI_LA,2023-10-08,2023,5,TRAIN,LA,PHI,0,1481.5440437807458,1618.2031794206682,-136.6591356399224,0.5,1.0,-0.5,0.3333333333333333,1.0,-0.6666666666666667,0.5,1.0,-0.5,0.5,1.0,-0.5,3.25,7.0,-3.75,24.5,29.5,-5.0,21.25,22.5,1.25,7.0,7.0,0.0,1618.2031794206682,1481.5440437807458,1528.1259517696446,1528.139093667186,-0.013141897541345315,1
2023_05_TEN_IND,2023-10-08,2023,5,TRAIN,IND,TEN,1,1435.1933022563817,1500.1952263955623,-65.00192413918057,0.5,0.5,0.0,0.6666666666666666,0.6666666666666666,0.0,0.5,0.5,0.0,0.5,0.5,0.0,-0.5,0.5,-1.0,24.25,18.0,6.25,24.75,17.5,-7.25,7.0,7.0,0.0,1500.1952263955623,1435.1933022563817,1457.2528482084729,1513.0785575308862,-55.82570932241333,1
2023_05_GB_LV,2023-10-09,2023,5,TRAIN,LV,GB,1,1464.8144637697778,1530.9890299435758,-66.17456617379798,0.25,0.5,-0.25,0.0,0.3333333333333333,-0.3333333333333333,0.25,0.5,-0.25,0.25,0.5,-0.25,-9.75,1.0,-10.75,15.5,25.0,-9.5,25.25,24.0,-1.25,8.0,11.0,-3.0,1530.9890299435758,1464.8144637697778,1517.303561287302,1459.2388441537948,58.0647171335072,1
2023_06_DEN_KC,2023-10-12,2023,6,TRAIN,KC,DEN,1,1637.0387104637143,1401.129916507889,235.90879395582533,0.8,0.2,0.6000000000000001,1.0,0.3333333333333333,0.6666666666666667,0.8,0.2,0.6000000000000001,0.8,0.2,0.6000000000000001,9.6,-12.0,21.6,25.6,24.2,1.4000000000000021,16.0,36.2,20.200000000000003,4.0,4.0,0.0,1401.129916507889,1637.0387104637143,1454.8373539345769,1458.3333673700217,-3.4960134354448655,1
2023_06_ARI_LA,2023-10-15,2023,6,TRAIN,LA,ARI,1,1475.2863749951082,1426.923512856965,48.3628621381431,0.4,0.2,0.2,0.3333333333333333,0.3333333333333333,0.0,0.4,0.2,0.2,0.4,0.2,0.2,0.8,-5.6,6.3999999999999995,22.4,21.6,0.7999999999999972,21.6,27.2,5.599999999999998,7.0,7.0,0.0,1426.923512856965,1475.2863749951082,1546.1413972998494,1545.923037855439,0.21835944441045285,1
2023_06_BAL_TEN,2023-10-15,2023,6,TRAIN,TEN,BAL,0,1488.34584829679,1510.9151974498486,-22.56934915305851,0.4,0.6,-0.19999999999999996,0.3333333333333333,0.3333333333333333,0.0,0.4,0.6,-0.19999999999999996,0.4,0.6,-0.19999999999999996,-1.0,6.8,-7.8,17.6,21.8,-4.199999999999999,18.6,15.0,-3.6000000000000014,7.0,7.0,0.0,1510.9151974498486,1488.34584829679,1497.5015064759853,1480.8536045142323,16.64790196175295,1
2023_06_CAR_MIA,2023-10-15,2023,6,TRAIN,MIA,CAR,1,1535.3883171963932,1402.370718276062,133.01759892033124,0.8,0.0,0.8,0.6666666666666666,0.0,0.6666666666666666,0.8,0.0,0.8,0.8,0.0,0.8,9.2,-10.6,19.799999999999997,36.2,18.2,18.000000000000004,27.0,28.8,1.8000000000000007,7.0,7.0,0.0,1402.370718276062,1535.3883171963932,1500.2865361726417,1495.5020230019195,4.784513170722221,1
2023_06_DET_TB,2023-10-15,2023,6,TRAIN,TB,DET,0,1549.3218154220085,1503.3714001042233,45.9504153177852,0.75,0.8,-0.050000000000000044,0.6666666666666666,1.0,-0.33333333333333337,0.75,0.8,-0.050000000000000044,0.75,0.8,-0.050000000000000044,4.0,8.2,-4.199999999999999,21.0,29.6,-8.600000000000001,17.0,21.4,4.399999999999999,14.0,7.0,7.0,1503.3714001042233,1549.3218154220085,1509.9832616931756,1508.8367779994423,1.1464836937332166,1
2023_06_IND_JAX,2023-10-15,2023,6,TRAIN,JAX,IND,1,1474.6995514660243,1447.0426803551538,27.656871110870497,0.6,0.6,0.0,0.6666666666666666,0.6666666666666666,0.0,0.6,0.6,0.0,0.6,0.6,0.0,0.6,1.0,-0.4,21.0,24.0,-3.0,20.4,23.0,2.6000000000000014,7.0,7.0,0.0,1447.0426803551538,1474.6995514660243,1499.9540857640789,1465.8413238458907,34.1127619181882,1
2023_06_MIN_CHI,2023-10-15,2023,6,TRAIN,CHI,MIN,0,1371.17850971988,1534.4540364139693,-163.27552669408942,0.2,0.2,0.0,0.3333333333333333,0.3333333333333333,0.0,0.2,0.2,0.0,0.2,0.2,0.0,-8.4,-2.4,-6.0,23.0,22.0,1.0,31.4,24.4,-7.0,10.0,7.0,3.0,1534.4540364139693,1371.17850971988,1519.4030089971902,1535.4979866340145,-16.094977636824296,1
2023_06_NE_LV,2023-10-15,2023,6,TRAIN,LV,NE,1,1476.696418398275,1483.6437962950938,-6.947377896818807,0.4,0.2,0.2,0.3333333333333333,0.3333333333333333,0.0,0.4,0.2,0.2,0.4,0.2,0.2,-7.0,-15.2,8.2,15.8,11.0,4.800000000000001,22.8,26.2,3.3999999999999986,6.0,7.0,-1.0,1483.6437962950938,1476.696418398275,1520.040655018557,1521.6646656534056,-1.6240106348486734,1
2023_06_NO_HOU,2023-10-15,2023,6,TRAIN,HOU,NO,1,1383.6863109553494,1496.3807979572327,-112.69448700188332,0.4,0.6,-0.19999999999999996,0.6666666666666666,0.3333333333333333,0.3333333333333333,0.4,0.6,-0.19999999999999996,0.4,0.6,-0.19999999999999996,3.0,4.0,-1.0,23.0,19.2,3.8000000000000007,20.0,15.2,-4.800000000000001,7.0,7.0,0.0,1496.3807979572327,1383.6863109553494,1478.2051183446506,1499.7716982590425,-21.566579914391923,1
2023_06_NYG_BUF,2023-10-15,2023,6,TRAIN,BUF,NYG,1,1604.2189092010608,1445.5429870447733,158.67592215628747,0.6,0.2,0.39999999999999997,0.6666666666666666,0.0,0.6666666666666666,0.6,0.2,0.39999999999999997,0.6,0.2,0.39999999999999997,15.8,-18.2,34.0,31.8,12.4,19.4,16.0,30.6,14.600000000000001,7.0,7.0,0.0,1445.5429870447733,1604.2189092010608,1482.4489905646042,1532.8039798713774,-50.35498930677318,1
2023_06_PHI_NYJ,2023-10-15,2023,6,TRAIN,NYJ,PHI,1,1428.5057929817253,1624.4608482063059,-195.95505522458052,0.4,1.0,-0.6,0.3333333333333333,1.0,-0.6666666666666667,0.4,1.0,-0.6,0.4,1.0,-0.6,-2.4,7.4,-9.8,18.6,28.2,-9.599999999999998,21.0,20.8,-0.1999999999999993,7.0,7.0,0.0,1624.4608482063059,1428.5057929817253,1546.8404769712984,1518.820083689898,28.020393281400402,1
2023_06_SEA_CIN,2023-10-15,2023,6,TRAIN,CIN,SEA,1,1567.9318209722162,1509.9166858338665,58.015135138349706,0.4,0.75,-0.35,0.6666666666666666,1.0,-0.33333333333333337,0.4,0.75,-0.35,0.4,0.75,-0.35,-6.2,5.0,-11.2,16.6,27.75,-11.149999999999999,22.8,22.75,-0.05000000000000071,7.0,13.0,-6.0,1509.9166858338665,1567.9318209722162,1477.2734119938243,1461.7734125528257,15.499999440998636,1
2023_06_SF_CLE,2023-10-15,2023,6,TRAIN,CLE,SF,1,1478.7655197690938,1635.2217948516045,-156.45627508251073,0.5,1.0,-0.5,0.3333333333333333,1.0,-0.6666666666666667,0.5,1.0,-0.5,0.5,1.0,-0.5,4.0,19.8,-15.8,19.0,33.4,-14.399999999999999,15.0,13.6,-1.4000000000000004,14.0,7.0,7.0,1635.2217948516045,1478.7655197690938,1531.1421380220816,1503.50902909823,27.633108923851523,1
2023_06_WAS_ATL,2023-10-15,2023,6,TRAIN,ATL,WAS,0,1466.8493247542053,1476.9641093698237,-10.114784615618419,0.6,0.4,0.19999999999999996,0.3333333333333333,0.0,0.3333333333333333,0.6,0.4,0.19999999999999996,0.6,0.4,0.19999999999999996,-2.6,-10.2,7.6,16.6,21.8,-5.199999999999999,19.2,32.0,12.8,7.0,10.0,-3.0,1476.9641093698237,1466.8493247542053,1460.770399771763,1486.0845346291346,-25.314134857371528,1
2023_06_DAL_LAC,2023-10-16,2023,6,TRAIN,LAC,DAL,0,1524.6814187389655,1583.700265300741,-59.01884656177549,0.5,0.6,-0.09999999999999998,0.6666666666666666,0.3333333333333333,0.3333333333333333,0.5,0.6,-0.09999999999999998,0.5,0.6,-0.09999999999999998,1.5,10.2,-8.7,27.5,26.8,0.6999999999999993,26.0,16.6,-9.399999999999999,15.0,8.0,7.0,1583.700265300741,1524.6814187389655,1504.0723886737949,1490.9724530365907,13.099935637204226,1
2023_07_JAX_NO,2023-10-19,2023,7,TRAIN,NO,JAX,0,1483.2463514843255,1483.9051998525526,-0.6588483682271544,0.5,0.6666666666666666,-0.16666666666666663,0.3333333333333333,1.0,-0.6666666666666667,0.4,0.6,-0.19999999999999996,0.5,0.6666666666666666,-0.16666666666666663,2.1666666666666665,3.3333333333333335,-1.166666666666667,18.166666666666668,23.666666666666668,-5.5,16.0,20.333333333333332,4.333333333333332,4.0,4.0,0.0,1483.9051998525526,1483.2463514843255,1476.9243556169429,1502.8723723960643,-25.948016779121417,1
2023_07_ARI_SEA,2023-10-22,2023,7,TRAIN,SEA,ARI,1,1501.5711472364103,1418.3065864000528,83.26456083635753,0.6,0.16666666666666666,0.43333333333333335,0.6666666666666666,0.0,0.6666666666666666,0.6,0.2,0.39999999999999997,0.6,0.16666666666666666,0.43333333333333335,3.2,-7.5,10.7,24.8,19.5,5.300000000000001,21.6,27.0,5.399999999999999,7.0,7.0,0.0,1418.3065864000528,1501.5711472364103,1483.0050942367038,1543.3213382000747,-60.31624396337088,1
2023_07_ATL_TB,2023-10-22,2023,7,TRAIN,TB,ATL,0,1538.0069138210256,1457.1403694374342,80.86654438359142,0.6,0.5,0.09999999999999998,0.3333333333333333,0.3333333333333333,0.0,0.6,0.4,0.19999999999999996,0.6,0.5,0.09999999999999998,0.4,-3.5,3.9,18.0,16.5,1.5,17.6,20.0,2.3999999999999986,7.0,7.0,0.0,1457.1403694374342,1538.0069138210256,1508.660889375385,1467.6640578772171,40.99683149816792,1
2023_07_BUF_NE,2023-10-22,2023,7,TRAIN,NE,BUF,1,1473.4438613323878,1609.9449519533505,-136.5010906209627,0.16666666666666666,0.6666666666666666,-0.5,0.0,0.6666666666666666,-0.6666666666666666,0.2,0.8,-0.6000000000000001,0.16666666666666666,0.6666666666666666,-0.5,-13.333333333333334,14.0,-27.333333333333336,12.0,28.833333333333332,-16.833333333333332,25.333333333333332,14.833333333333334,-10.499999999999998,7.0,7.0,0.0,1609.9449519533505,1473.4438613323878,1499.7732609548368,1487.0410134968565,12.732247457980293,1
2023_07_CLE_IND,2023-10-22,2023,7,TRAIN,IND,CLE,0,1437.8370319686255,1492.9871181621177,-55.15008619349214,0.5,0.6,-0.09999999999999998,0.3333333333333333,0.6666666666666666,-0.3333333333333333,0.6,0.6,0.0,0.5,0.6,-0.09999999999999998,-2.0,3.6,-5.6,23.333333333333332,19.0,4.333333333333332,25.333333333333332,15.4,-9.933333333333332,7.0,7.0,0.0,1492.9871181621177,1437.8370319686255,1468.8956682940438,1551.9580693879861,-83.0624010939423,1
2023_07_DET_BAL,2023-10-22,2023,7,TRAIN,BAL,DET,1,1520.2665115433529,1514.6863017052062,5.580209838146629,0.6666666666666666,0.8333333333333334,-0.16666666666666674,0.6666666666666666,1.0,-0.33333333333333337,0.6,0.8,-0.20000000000000007,0.6666666666666666,0.8333333333333334,-0.16666666666666674,7.0,9.166666666666666,-2.166666666666666,22.166666666666668,28.0,-5.833333333333332,15.166666666666666,18.833333333333332,3.666666666666666,7.0,7.0,0.0,1514.6863017052062,1520.2665115433529,1502.5730658702519,1492.8667549971929,9.70631087305901,1
2023_07_GB_DEN,2023-10-22,2023,7,TRAIN,DEN,GB,1,1397.0386061565305,1519.1070753150786,-122.06846915854817,0.16666666666666666,0.4,-0.23333333333333336,0.3333333333333333,0.3333333333333333,0.0,0.2,0.4,-0.2,0.16666666666666666,0.4,-0.23333333333333336,-11.833333333333334,0.0,-11.833333333333334,21.5,22.6,-1.1000000000000014,33.333333333333336,22.6,-10.733333333333334,10.0,13.0,-3.0,1519.1070753150786,1397.0386061565305,1489.584874402751,1460.3539680769914,29.230906325759634,1
2023_07_LAC_KC,2023-10-22,2023,7,TRAIN,KC,LAC,1,1641.1300208150728,1516.363965011215,124.76605580385785,0.8333333333333334,0.4,0.43333333333333335,1.0,0.6666666666666666,0.33333333333333337,1.0,0.4,0.6,0.8333333333333334,0.4,0.43333333333333335,9.833333333333334,0.6,9.233333333333334,24.5,25.4,-0.8999999999999986,14.666666666666666,24.8,10.133333333333335,10.0,6.0,4.0,1516.363965011215,1641.1300208150728,1441.122599773896,1519.997963999184,-78.8753642252882,1
2023_07_LV_CHI,2023-10-22,2023,7,TRAIN,CHI,LV,1,1365.560056385244,1486.896353360981,-121.33629697573701,0.16666666666666666,0.5,-0.33333333333333337,0.3333333333333333,0.6666666666666666,-0.3333333333333333,0.2,0.4,-0.2,0.16666666666666666,0.5,-0.33333333333333337,-8.0,-5.166666666666667,-2.833333333333333,21.333333333333332,16.666666666666668,4.666666666666664,29.333333333333332,21.833333333333332,-7.5,7.0,7.0,0.0,1486.896353360981,1365.560056385244,1518.2950075709166,1531.8263938447199,-13.531386273803264,1
2023_07_MIA_PHI,2023-10-22,2023,7,TRAIN,PHI,MIA,1,1609.3514264028163,1541.7364704929137,67.61495590990262,0.8333333333333334,0.8333333333333334,0.0,0.6666666666666666,0.6666666666666666,0.0,0.8,0.8,0.0,0.8333333333333334,0.8333333333333334,0.0,5.166666666666667,11.166666666666666,-5.999999999999999,25.833333333333332,37.166666666666664,-11.333333333333332,20.666666666666668,26.0,5.333333333333332,7.0,7.0,0.0,1541.7364704929137,1609.3514264028163,1502.3919842249657,1475.5612529771747,26.830731247790936,1
2023_07_PIT_LA,2023-10-22,2023,7,TRAIN,LA,PIT,0,1483.9033014520205,1536.2595345305588,-52.35623307853825,0.5,0.6,-0.09999999999999998,0.6666666666666666,0.6666666666666666,0.0,0.4,0.6,-0.19999999999999996,0.5,0.6,-0.09999999999999998,3.5,-6.2,9.7,23.0,15.8,7.199999999999999,19.5,22.0,2.5,7.0,14.0,-7.0,1536.2595345305588,1483.9033014520205,1532.8391597694658,1493.4144764490616,39.424683320404256,1
2023_07_WAS_NYG,2023-10-22,2023,7,TRAIN,NYG,WAS,1,1439.8169442924836,1486.673064686595,-46.85612039411126,0.16666666666666666,0.5,-0.33333333333333337,0.0,0.3333333333333333,-0.3333333333333333,0.2,0.4,-0.2,0.16666666666666666,0.5,-0.33333333333333337,-16.0,-7.166666666666667,-8.833333333333332,11.833333333333334,22.166666666666668,-10.333333333333334,27.833333333333332,29.333333333333332,1.5,7.0,7.0,0.0,1486.673064686595,1439.8169442924836,1536.1763647679054,1491.0871149229029,45.08924984500254,1
2023_07_SF_MIN,2023-10-23,2023,7,TRAIN,MIN,SF,1,1540.0724897486052,1621.0001964585806,-80.92770670997538,0.3333333333333333,0.8333333333333334,-0.5,0.6666666666666666,0.6666666666666666,0.0,0.4,0.8,-0.4,0.3333333333333333,0.8333333333333334,-0.5,-1.0,16.166666666666668,-17.166666666666668,21.5,30.666666666666668,-9.166666666666668,22.5,14.5,-8.0,8.0,8.0,0.0,1621.0001964585806,1540.0724897486052,1503.2111622890193,1492.9949759736473,10.216186315371942,1
2023_08_TB_BUF,2023-10-26,2023,8,TRAIN,BUF,TB,1,1596.206533230489,1525.720526643144,70.48600658734495,0.5714285714285714,0.5,0.0714285714285714,0.3333333333333333,0.3333333333333333,0.0,0.6,0.4,0.19999999999999996,0.5714285714285714,0.5,0.0714285714285714,11.428571428571429,-0.16666666666666666,11.595238095238095,28.285714285714285,17.166666666666668,11.119047619047617,16.857142857142858,17.333333333333332,0.4761904761904745,4.0,4.0,0.0,1525.720526643144,1596.206533230489,1483.8935203685164,1486.8228872102939,-2.929366841777437,1
2023_08_ATL_TEN,2023-10-29,2023,8,TRAIN,TEN,ATL,1,1478.9945342032859,1469.4267566153158,9.567777587970113,0.3333333333333333,0.5714285714285714,-0.23809523809523808,0.3333333333333333,0.6666666666666666,-0.3333333333333333,0.4,0.4,0.0,0.3333333333333333,0.5714285714285714,-0.23809523809523808,-2.1666666666666665,-2.5714285714285716,0.4047619047619051,17.333333333333332,16.428571428571427,0.9047619047619051,19.5,19.0,-0.5,14.0,7.0,7.0,1469.4267566153158,1478.9945342032859,1502.5981299681625,1466.120190086213,36.477939881949624,1
2023_08_BAL_ARI,2023-10-29,2023,8,TRAIN,ARI,BAL,0,1410.6582818508246,1530.105914002502,-119.44763215167745,0.14285714285714285,0.7142857142857143,-0.5714285714285714,0.0,0.6666666666666666,-0.6666666666666666,0.2,0.6,-0.39999999999999997,0.14285714285714285,0.7142857142857143,-0.5714285714285714,-7.857142857142857,10.571428571428571,-18.428571428571427,18.142857142857142,24.428571428571427,-6.285714285714285,26.0,13.857142857142858,-12.142857142857142,7.0,7.0,0.0,1530.105914002502,1410.6582818508246,1551.817017524453,1489.869343877889,61.947673646564,1
2023_08_CHI_LAC,2023-10-29,2023,8,TRAIN,LAC,CHI,1,1509.8082245842916,1378.917016227185,130.8912083571065,0.3333333333333333,0.2857142857142857,0.047619047619047616,0.3333333333333333,0.6666666666666666,-0.3333333333333333,0.4,0.4,0.0,0.3333333333333333,0.2857142857142857,0.047619047619047616,-1.8333333333333333,-4.285714285714286,2.4523809523809526,24.0,22.571428571428573,1.428571428571427,25.833333333333332,26.857142857142858,1.0238095238095255,7.0,7.0,0.0,1378.917016227185,1509.8082245842916,1546.4936068216114,1506.958264045422,39.53534277618928,1
2023_08_CIN_SF,2023-10-29,2023,8,TRAIN,SF,CIN,0,1608.7121409803274,1576.2773595696724,32.43478141065498,0.7142857142857143,0.5,0.2142857142857143,0.3333333333333333,0.6666666666666666,-0.3333333333333333,0.6,0.6,0.0,0.7142857142857143,0.5,0.2142857142857143,13.142857142857142,-4.5,17.642857142857142,28.714285714285715,16.666666666666668,12.047619047619047,15.571428571428571,21.166666666666668,5.595238095238097,6.0,14.0,-8.0,1576.2773595696724,1608.7121409803274,1503.701342787634,1484.6250725581535,19.076270229480542,1
2023_08_CLE_SEA,2023-10-29,2023,8,TRAIN,SEA,CLE,1,1509.2194517856385,1501.4129700439391,7.806481741699372,0.6666666666666666,0.6666666666666666,0.0,0.6666666666666666,0.6666666666666666,0.0,0.8,0.6,0.20000000000000007,0.6666666666666666,0.6666666666666666,0.0,4.333333333333333,3.1666666666666665,1.1666666666666665,24.0,22.333333333333332,1.6666666666666679,19.666666666666668,19.166666666666668,-0.5,7.0,7.0,0.0,1501.4129700439391,1509.2194517856385,1471.4583262997664,1521.228519769927,-49.77019347016062,1
2023_08_HOU_CAR,2023-10-29,2023,8,TRAIN,CAR,HOU,1,1396.0225649795416,1396.8207574282567,-0.7981924487150991,0.0,0.5,-0.5,0.0,0.6666666666666666,-0.6666666666666666,0.0,0.6,-0.6,0.0,0.5,-0.5,-12.333333333333334,3.6666666666666665,-16.0,18.666666666666668,22.5,-3.833333333333332,31.0,18.833333333333332,-12.166666666666668,14.0,14.0,0.0,1396.8207574282567,1396.0225649795416,1511.0424244920264,1476.3594651946141,34.68295929741225,1
2023_08_JAX_PIT,2023-10-29,2023,8,TRAIN,PIT,JAX,0,1544.7639050662558,1493.886236694893,50.877668371362915,0.6666666666666666,0.7142857142857143,-0.04761904761904767,0.6666666666666666,1.0,-0.33333333333333337,0.8,0.8,0.0,0.6666666666666666,0.7142857142857143,-0.04761904761904767,-4.0,3.857142857142857,-7.857142857142858,17.166666666666668,24.714285714285715,-7.5476190476190474,21.166666666666668,20.857142857142858,-0.3095238095238102,7.0,10.0,-3.0,1493.886236694893,1544.7639050662558,1470.1326494711489,1476.5457722471444,-6.413122775995589,1
2023_08_KC_DEN,2023-10-29,2023,8,TRAIN,DEN,KC,1,1410.4142515386236,1647.6857612419963,-237.27150970337266,0.2857142857142857,0.8571428571428571,-0.5714285714285714,0.3333333333333333,1.0,-0.6666666666666667,0.4,1.0,-0.6,0.2857142857142857,0.8571428571428571,-0.5714285714285714,-9.857142857142858,10.428571428571429,-20.285714285714285,21.142857142857142,25.428571428571427,-4.285714285714285,31.0,15.0,-16.0,7.0,7.0,0.0,1647.6857612419963,1410.4142515386236,1494.0131684963876,1450.664805304789,43.34836319159854,1
2023_08_LA_DAL,2023-10-29,2023,8,TRAIN,DAL,LA,1,1592.0177190284915,1475.3989309163235,116.61878811216798,0.6666666666666666,0.42857142857142855,0.23809523809523808,0.6666666666666666,0.3333333333333333,0.3333333333333333,0.6,0.4,0.19999999999999996,0.6666666666666666,0.42857142857142855,0.23809523809523808,9.0,2.0,7.0,25.666666666666668,22.142857142857142,3.5238095238095255,16.666666666666668,20.142857142857142,3.4761904761904745,13.0,7.0,6.0,1475.3989309163235,1592.0177190284915,1502.7630715187508,1518.4205052255634,-15.657433706812526,1
2023_08_MIN_GB,2023-10-29,2023,8,TRAIN,GB,MIN,0,1505.7314299329855,1552.3605452268584,-46.62911529387293,0.3333333333333333,0.42857142857142855,-0.09523809523809523,0.0,0.6666666666666666,-0.6666666666666666,0.2,0.6,-0.39999999999999997,0.3333333333333333,0.42857142857142855,-0.09523809523809523,-0.3333333333333333,-0.14285714285714285,-0.19047619047619047,21.666666666666668,21.571428571428573,0.0952380952380949,22.0,21.714285714285715,-0.2857142857142847,7.0,6.0,1.0,1552.3605452268584,1505.7314299329855,1463.4456564258567,1508.6084511071995,-45.1627946813428,1
2023_08_NE_MIA,2023-10-29,2023,8,TRAIN,MIA,NE,1,1533.6583831346159,1487.1822800552493,46.47610307936657,0.7142857142857143,0.2857142857142857,0.4285714285714286,0.6666666666666666,0.3333333333333333,0.3333333333333333,0.6,0.4,0.19999999999999996,0.7142857142857143,0.2857142857142857,0.4285714285714286,7.571428571428571,-10.857142857142858,18.42857142857143,34.285714285714285,14.428571428571429,19.857142857142854,26.714285714285715,25.285714285714285,-1.4285714285714306,7.0,7.0,0.0,1487.1822800552493,1533.6583831346159,1496.8743422917723,1517.9321251439167,-21.057782852144328,1
2023_08_NO_IND,2023-10-29,2023,8,TRAIN,IND,NO,0,1429.411180086804,1473.2653146419852,-43.85413455518119,0.42857142857142855,0.42857142857142855,0.0,0.3333333333333333,0.3333333333333333,0.0,0.4,0.2,0.2,0.42857142857142855,0.42857142857142855,0.0,-1.8571428571428572,0.8571428571428571,-2.7142857142857144,25.428571428571427,19.0,6.428571428571427,27.285714285714285,18.142857142857142,-9.142857142857142,7.0,10.0,-3.0,1473.2653146419852,1429.411180086804,1492.8489848845768,1487.1188440003366,5.7301408842402,1
2023_08_NYJ_NYG,2023-10-29,2023,8,TRAIN,NYG,NYJ,0,1451.1574546331963,1443.615214785215,7.542239847981364,0.2857142857142857,0.5,-0.2142857142857143,0.3333333333333333,0.6666666666666666,-0.3333333333333333,0.2,0.4,-0.2,0.2857142857142857,0.5,-0.2142857142857143,-12.714285714285714,-1.0,-11.714285714285714,12.142857142857142,18.833333333333332,-6.69047619047619,24.857142857142858,19.833333333333332,-5.0238095238095255,7.0,14.0,-7.0,1443.615214785215,1451.1574546331963,1546.8778393631449,1549.468185372876,-2.5903460097310926,1
2023_08_PHI_WAS,2023-10-29,2023,8,TRAIN,WAS,PHI,0,1475.3325543458823,1617.429513761114,-142.09695941523182,0.42857142857142855,0.8571428571428571,-0.42857142857142855,0.3333333333333333,0.6666666666666666,-0.3333333333333333,0.2,0.8,-0.6000000000000001,0.42857142857142855,0.8571428571428571,-0.42857142857142855,-7.142857142857143,6.428571428571429,-13.571428571428573,20.0,26.571428571428573,-6.571428571428573,27.142857142857142,20.142857142857142,-7.0,7.0,7.0,0.0,1617.429513761114,1475.3325543458823,1495.787513683348,1499.6666901796893,-3.8791764963414153,1
2023_08_LV_DET,2023-10-30,2023,8,TRAIN,DET,LV,1,1504.846899246057,1473.53939351904,31.307505727017087,0.7142857142857143,0.42857142857142855,0.28571428571428575,0.6666666666666666,0.6666666666666666,0.0,0.8,0.4,0.4,0.7142857142857143,0.42857142857142855,0.28571428571428575,3.2857142857142856,-7.0,10.285714285714285,24.857142857142858,16.0,8.857142857142858,21.571428571428573,23.0,1.428571428571427,8.0,8.0,0.0,1473.53939351904,1504.846899246057,1500.3331631228734,1485.6648106944613,14.668352428412163,1
2023_09_TEN_PIT,2023-11-02,2023,9,TRAIN,PIT,TEN,1,1533.3099064114738,1488.7192210193803,44.59068539209352,0.5714285714285714,0.42857142857142855,0.14285714285714285,0.6666666666666666,0.3333333333333333,0.3333333333333333,0.6,0.4,0.19999999999999996,0.5714285714285714,0.42857142857142855,0.14285714285714285,-4.857142857142857,-1.1428571428571428,-3.714285714285714,16.142857142857142,18.857142857142858,-2.7142857142857153,21.0,20.0,-1.0,4.0,4.0,0.0,1488.7192210193803,1533.3099064114738,1471.622246529304,1493.383819301549,-21.761572772245017,1
2023_09_ARI_CLE,2023-11-05,2023,9,TRAIN,CLE,ARI,1,1491.6376208463378,1403.9669197872965,87.67070105904122,0.5714285714285714,0.125,0.4464285714285714,0.6666666666666666,0.0,0.6666666666666666,0.6,0.0,0.6,0.5714285714285714,0.125,0.4464285714285714,2.142857142857143,-7.75,9.892857142857142,22.0,18.875,3.125,19.857142857142858,26.625,6.767857142857142,7.0,7.0,0.0,1403.9669197872965,1491.6376208463378,1518.413327230351,1537.8840035598482,-19.470676329497337,1
2023_09_BUF_CIN,2023-11-05,2023,9,TRAIN,CIN,BUF,1,1587.2082050483891,1604.2051654520014,-16.99696040361232,0.5714285714285714,0.625,-0.0535714285714286,1.0,0.6666666666666666,0.33333333333333337,0.8,0.6,0.20000000000000007,0.5714285714285714,0.625,-0.0535714285714286,-1.8571428571428572,10.75,-12.607142857142858,18.714285714285715,27.75,-9.035714285714285,20.571428571428573,17.0,-3.571428571428573,7.0,10.0,-3.0,1604.2051654520014,1587.2082050483891,1503.9400867512882,1488.1006041994988,15.839482551789388,1
2023_09_CHI_NO,2023-11-05,2023,9,TRAIN,NO,CHI,1,1482.009752022565,1372.5157042914861,109.49404773107881,0.5,0.25,0.25,0.3333333333333333,0.3333333333333333,0.0,0.4,0.4,0.0,0.5,0.25,0.25,2.125,-5.875,8.0,21.375,21.375,0.0,19.25,27.25,8.0,7.0,7.0,0.0,1372.5157042914861,1482.009752022565,1466.3000496728364,1484.7393705459017,-18.4393208730653,1
2023_09_DAL_PHI,2023-11-05,2023,9,TRAIN,PHI,DAL,1,1623.5533837478154,1598.7817828235884,24.77160092422696,0.875,0.7142857142857143,0.1607142857142857,0.6666666666666666,0.6666666666666666,0.0,0.8,0.6,0.20000000000000007,0.875,0.7142857142857143,0.1607142857142857,6.5,11.0,-4.5,28.0,28.142857142857142,-0.14285714285714235,21.5,17.142857142857142,-4.357142857142858,7.0,7.0,0.0,1598.7817828235884,1623.5533837478154,1484.91410831885,1510.3354164129373,-25.421308094087408,1
2023_09_IND_CAR,2023-11-05,2023,9,TRAIN,CAR,IND,0,1406.0455387645452,1420.6667427062243,-14.621203941679141,0.14285714285714285,0.375,-0.23214285714285715,0.3333333333333333,0.0,0.3333333333333333,0.2,0.2,0.0,0.14285714285714285,0.375,-0.23214285714285715,-10.285714285714286,-3.0,-7.2857142857142865,18.142857142857142,25.625,-7.482142857142858,28.428571428571427,28.625,0.19642857142857295,7.0,7.0,0.0,1420.6667427062243,1406.0455387645452,1491.2482872885325,1482.698835515351,8.549451773181545,1
2023_09_LA_GB,2023-11-05,2023,9,TRAIN,GB,LA,1,1497.0655233896598,1468.6348671212268,28.43065626843304,0.2857142857142857,0.375,-0.0892857142857143,0.0,0.3333333333333333,-0.3333333333333333,0.2,0.4,-0.2,0.2857142857142857,0.375,-0.0892857142857143,-2.2857142857142856,-1.125,-1.1607142857142856,20.0,21.875,-1.875,22.285714285714285,23.0,0.7142857142857153,7.0,7.0,0.0,1468.6348671212268,1497.0655233896598,1480.4678913406628,1523.5588649925492,-43.090973651886316,1
2023_09_MIA_KC,2023-11-05,2023,9,TRAIN,KC,MIA,1,1631.7516021020983,1542.3286155939409,89.42298650815746,0.75,0.75,0.0,0.6666666666666666,0.6666666666666666,0.0,0.8,0.6,0.20000000000000007,0.75,0.75,0.0,7.25,8.375,-1.125,23.375,33.875,-10.5,16.125,25.5,9.375,7.0,7.0,0.0,1542.3286155939409,1631.7516021020983,1458.6811431085403,1512.5917087330383,-53.910565624498076,1
2023_09_MIN_ATL,2023-11-05,2023,9,TRAIN,ATL,MIN,0,1459.7020697992214,1561.0264517701842,-101.3243819709628,0.5,0.5,0.0,0.3333333333333333,1.0,-0.6666666666666667,0.4,0.8,-0.4,0.5,0.5,0.0,-2.875,1.625,-4.5,17.25,21.875,-4.625,20.125,20.25,0.125,7.0,7.0,0.0,1561.0264517701842,1459.7020697992214,1467.1259559857647,1508.8155342552902,-41.689578269525555,1
2023_09_NYG_LV,2023-11-05,2023,9,TRAIN,LV,NYG,1,1464.4380649236664,1440.940405613943,23.497659309723304,0.375,0.25,0.125,0.3333333333333333,0.3333333333333333,0.0,0.4,0.2,0.2,0.375,0.25,0.125,-7.625,-11.5,3.875,15.75,11.875,3.875,23.375,23.375,0.0,6.0,7.0,-1.0,1440.940405613943,1464.4380649236664,1480.1864822118146,1512.6041422695107,-32.41766005769614,1
2023_09_SEA_BAL,2023-11-05,2023,9,TRAIN,BAL,SEA,1,1536.79727606603,1518.9948009832399,17.802475082790124,0.75,0.7142857142857143,0.0357142857142857,1.0,0.6666666666666666,0.33333333333333337,0.8,0.8,0.0,0.75,0.7142857142857143,0.0357142857142857,10.125,4.285714285714286,5.839285714285714,25.25,24.0,1.25,15.125,19.714285714285715,4.589285714285715,7.0,7.0,0.0,1518.9948009832399,1536.79727606603,1485.6416565042744,1474.9416672054292,10.69998929884514,1
2023_09_TB_HOU,2023-11-05,2023,9,TRAIN,HOU,TB,1,1386.797783643253,1517.7218944216315,-130.92411077837846,0.42857142857142855,0.42857142857142855,0.0,0.3333333333333333,0.0,0.3333333333333333,0.6,0.2,0.39999999999999997,0.42857142857142855,0.42857142857142855,0.0,2.857142857142857,-1.0,3.857142857142857,21.142857142857142,17.285714285714285,3.8571428571428577,18.285714285714285,18.285714285714285,0.0,7.0,10.0,-3.0,1517.7218944216315,1386.797783643253,1470.9187503777753,1530.8946028200928,-59.975852442317546,1
2023_09_WAS_NE,2023-11-05,2023,9,TRAIN,NE,WAS,0,1478.5120475959243,1469.208684359181,9.30336323674328,0.25,0.375,-0.125,0.3333333333333333,0.3333333333333333,0.0,0.2,0.2,0.0,0.25,0.375,-0.125,-11.25,-7.125,-4.125,14.75,21.375,-6.625,26.0,28.5,2.5,7.0,7.0,0.0,1469.208684359181,1478.5120475959243,1538.3120451604536,1498.5979802650386,39.71406489541505,1
2023_09_LAC_NYJ,2023-11-06,2023,9,TRAIN,NYJ,LAC,0,1453.832263804468,1516.2095365199905,-62.377272715522395,0.5714285714285714,0.42857142857142855,0.14285714285714285,1.0,0.3333333333333333,0.6666666666666667,0.6,0.6,0.0,0.5714285714285714,0.42857142857142855,0.14285714285714285,-0.42857142857142855,0.8571428571428571,-1.2857142857142856,18.0,24.857142857142858,-6.857142857142858,18.428571428571427,24.0,5.571428571428573,8.0,8.0,0.0,1516.2095365199905,1453.832263804468,1520.9011642131022,1524.7642779252315,-3.863113712129234,1
2023_10_CAR_CHI,2023-11-09,2023,10,TRAIN,CHI,CAR,1,1365.5668467231862,1396.4661225876835,-30.899275864497213,0.2222222222222222,0.125,0.09722222222222221,0.3333333333333333,0.3333333333333333,0.0,0.4,0.2,0.2,0.2222222222222222,0.125,0.09722222222222221,-6.0,-10.75,4.75,20.88888888888889,17.5,3.3888888888888893,26.88888888888889,28.25,1.3611111111111107,4.0,4.0,0.0,1396.4661225876835,1365.5668467231862,1500.7572409060888,1476.7886294847676,23.968611421321157,1
2023_10_ATL_ARI,2023-11-12,2023,10,TRAIN,ARI,ATL,1,1396.4380578361215,1452.5384596451074,-56.10040180898591,0.1111111111111111,0.4444444444444444,-0.3333333333333333,0.0,0.3333333333333333,-0.3333333333333333,0.0,0.4,-0.4,0.1111111111111111,0.4444444444444444,-0.3333333333333333,-9.88888888888889,-2.888888888888889,-7.0,16.77777777777778,18.444444444444443,-1.6666666666666643,26.666666666666668,21.333333333333332,-5.333333333333336,7.0,7.0,0.0,1452.5384596451074,1396.4380578361215,1512.0121027576756,1489.3548520046336,22.657250753042035,1
2023_10_CLE_BAL,2023-11-12,2023,10,TRAIN,BAL,CLE,0,1546.285327606213,1499.1664827975128,47.11884480870026,0.7777777777777778,0.625,0.1527777777777778,1.0,0.6666666666666666,0.33333333333333337,0.8,0.6,0.20000000000000007,0.7777777777777778,0.625,0.1527777777777778,12.777777777777779,5.25,7.527777777777779,26.555555555555557,22.625,3.930555555555557,13.777777777777779,17.375,3.5972222222222214,7.0,7.0,0.0,1499.1664827975128,1546.285327606213,1491.8215939914119,1499.533519894823,-7.7119259034111565,1
2023_10_DET_LAC,2023-11-12,2023,10,TRAIN,LAC,DET,0,1524.4332189040135,1513.9482278414307,10.484991062582822,0.5,0.75,-0.25,0.6666666666666666,0.6666666666666666,0.0,0.6,0.8,-0.20000000000000007,0.5,0.75,-0.25,3.375,4.375,-1.0,25.125,25.0,0.125,21.75,20.625,-1.125,6.0,13.0,-7.0,1513.9482278414307,1524.4332189040135,1506.2365638934218,1499.1469474857672,7.089616407654603,1
2023_10_GB_PIT,2023-11-12,2023,10,TRAIN,PIT,GB,1,1542.033483937482,1506.2490449310246,35.78443900645743,0.625,0.375,0.25,0.6666666666666666,0.3333333333333333,0.3333333333333333,0.6,0.2,0.39999999999999997,0.625,0.375,0.25,-3.75,0.125,-3.875,16.625,20.0,-3.375,20.375,19.875,-0.5,10.0,7.0,3.0,1506.2490449310246,1542.033483937482,1472.931667081587,1473.3945227307636,-0.4628556491766176,1
2023_10_HOU_CIN,2023-11-12,2023,10,TRAIN,CIN,HOU,0,1597.6970269932697,1400.397296044493,197.29973094877664,0.625,0.5,0.125,1.0,0.6666666666666666,0.33333333333333337,0.8,0.6,0.20000000000000007,0.625,0.5,0.125,-0.875,2.75,-3.625,19.375,23.375,-4.0,20.25,20.625,0.375,7.0,7.0,0.0,1400.397296044493,1597.6970269932697,1528.799167306617,1481.9372097613455,46.86195754527148,1
2023_10_IND_NE,2023-11-12,2023,10,TRAIN,NE,IND,0,1468.244339258161,1430.246158883086,37.99818037507498,0.2222222222222222,0.4444444444444444,-0.2222222222222222,0.3333333333333333,0.3333333333333333,0.0,0.2,0.4,-0.2,0.2222222222222222,0.4444444444444444,-0.2222222222222222,-10.333333333333334,-1.1111111111111112,-9.222222222222223,15.0,25.77777777777778,-10.777777777777779,25.333333333333332,26.88888888888889,1.5555555555555571,7.0,7.0,0.0,1430.246158883086,1468.244339258161,1515.1334919650974,1469.438549886047,45.694942079050406,1
2023_10_NO_MIN,2023-11-12,2023,10,TRAIN,MIN,NO,1,1568.190061924298,1488.9586095908649,79.23145233343325,0.5555555555555556,0.5555555555555556,0.0,1.0,0.6666666666666666,0.33333333333333337,0.8,0.6,0.20000000000000007,0.5555555555555556,0.5555555555555556,0.0,1.7777777777777777,2.6666666666666665,-0.8888888888888888,22.88888888888889,21.666666666666668,1.2222222222222214,21.11111111111111,19.0,-2.1111111111111107,7.0,7.0,0.0,1488.9586095908649,1568.190061924298,1517.4235894313406,1432.6767934916907,84.74679593964993,1
2023_10_NYG_DAL,2023-11-12,2023,10,TRAIN,DAL,NYG,1,1589.4935611206265,1431.615693329138,157.8778677914886,0.625,0.2222222222222222,0.4027777777777778,0.6666666666666666,0.3333333333333333,0.3333333333333333,0.6,0.2,0.39999999999999997,0.625,0.2222222222222222,0.4027777777777778,9.0,-12.88888888888889,21.88888888888889,27.5,11.222222222222221,16.27777777777778,18.5,24.11111111111111,5.611111111111111,7.0,7.0,0.0,1431.615693329138,1589.4935611206265,1550.26398309835,1505.2866094509104,44.97737364743966,1
2023_10_NYJ_LV,2023-11-12,2023,10,TRAIN,LV,NYJ,1,1473.7627772084716,1445.608581420445,28.154195788026527,0.4444444444444444,0.5,-0.05555555555555558,0.3333333333333333,0.6666666666666666,-0.3333333333333333,0.6,0.6,0.0,0.4444444444444444,0.5,-0.05555555555555558,-4.111111111111111,-3.0,-1.1111111111111107,17.333333333333332,16.5,0.8333333333333321,21.444444444444443,19.5,-1.9444444444444429,7.0,6.0,1.0,1445.608581420445,1473.7627772084716,1465.1960374967828,1525.4917426483635,-60.295705151580705,1
2023_10_SF_JAX,2023-11-12,2023,10,TRAIN,JAX,SF,0,1505.340235349675,1597.7812955016107,-92.44106015193574,0.75,0.625,0.125,1.0,0.0,1.0,1.0,0.4,0.6,0.75,0.625,0.125,4.625,9.75,-5.125,24.125,27.25,-3.125,19.5,17.5,-2.0,14.0,14.0,0.0,1597.7812955016107,1505.340235349675,1512.5685621495372,1525.2872363007355,-12.718674151198229,1
2023_10_TEN_TB,2023-11-12,2023,10,TRAIN,TB,TEN,1,1504.1223820203916,1479.995643493372,24.126738527019597,0.375,0.375,0.0,0.0,0.3333333333333333,-0.3333333333333333,0.2,0.4,-0.2,0.375,0.375,0.0,-1.125,-1.5,0.375,19.75,18.5,1.25,20.875,20.0,-0.875,7.0,10.0,-3.0,1479.995643493372,1504.1223820203916,1487.6729877240518,1504.5467757381748,-16.873788014122965,1
2023_10_WAS_SEA,2023-11-12,2023,10,TRAIN,SEA,WAS,1,1509.5067494430568,1479.4763926969442,30.030356746112602,0.625,0.4444444444444444,0.18055555555555558,0.6666666666666666,0.3333333333333333,0.3333333333333333,0.6,0.4,0.19999999999999996,0.625,0.4444444444444444,0.18055555555555558,-0.5,-6.0,5.5,21.375,21.22222222222222,0.15277777777777857,21.875,27.22222222222222,5.347222222222221,7.0,7.0,0.0,1479.4763926969442,1509.5067494430568,1497.3566241765177,1472.0265222689588,25.330101907558856,1
2023_10_DEN_BUF,2023-11-13,2023,10,TRAIN,BUF,DEN,0,1593.7163435071209,1426.3484106785215,167.36793282859935,0.5555555555555556,0.375,0.18055555555555558,0.3333333333333333,0.6666666666666666,-0.3333333333333333,0.4,0.6,-0.19999999999999996,0.5555555555555556,0.375,0.18055555555555558,8.88888888888889,-6.75,15.63888888888889,26.666666666666668,21.5,5.166666666666668,17.77777777777778,28.25,10.472222222222221,8.0,15.0,-7.0,1426.3484106785215,1593.7163435071209,1498.4712423848998,1517.814327445968,-19.343085061068223,1
2023_11_CIN_BAL,2023-11-16,2023,11,TRAIN,BAL,CIN,1,1534.9373920864966,1582.5590627437614,-47.62167065726476,0.7,0.5555555555555556,0.14444444444444438,0.6666666666666666,0.6666666666666666,0.0,0.8,0.8,0.0,0.7,0.5555555555555556,0.14444444444444438,11.3,-1.1111111111111112,12.411111111111111,27.0,20.22222222222222,6.777777777777779,15.7,21.333333333333332,5.633333333333333,4.0,4.0,0.0,1582.5590627437614,1534.9373920864966,1486.3703431267147,1511.32543308637,-24.955089959655197,1
2023_11_ARI_HOU,2023-11-19,2023,11,TRAIN,HOU,ARI,1,1415.5352602940013,1408.038868916013,7.496391377988402,0.5555555555555556,0.2,0.35555555555555557,0.6666666666666666,0.3333333333333333,0.3333333333333333,0.6,0.2,0.39999999999999997,0.5555555555555556,0.2,0.35555555555555557,2.7777777777777777,-8.7,11.477777777777778,24.11111111111111,17.6,6.511111111111109,21.333333333333332,26.3,4.966666666666669,7.0,7.0,0.0,1408.038868916013,1415.5352602940013,1493.3151338404764,1490.227903345093,3.0872304953834373,1
2023_11_CHI_DET,2023-11-19,2023,11,TRAIN,DET,CHI,1,1524.2499185626832,1376.4538619950258,147.7960565676574,0.7777777777777778,0.3,0.4777777777777778,0.6666666666666666,0.3333333333333333,0.3333333333333333,0.8,0.4,0.4,0.7777777777777778,0.3,0.4777777777777778,4.222222222222222,-5.1,9.322222222222223,26.77777777777778,20.4,6.37777777777778,22.555555555555557,25.5,2.944444444444443,7.0,10.0,-3.0,1376.4538619950258,1524.2499185626832,1495.5019893285366,1481.926897793898,13.57509153463866,1
2023_11_DAL_CAR,2023-11-19,2023,11,TRAIN,CAR,DAL,0,1385.5791073158439,1595.2383963036427,-209.65928898779885,0.1111111111111111,0.6666666666666666,-0.5555555555555556,0.3333333333333333,0.6666666666666666,-0.3333333333333333,0.2,0.6,-0.39999999999999997,0.1111111111111111,0.6666666666666666,-0.5555555555555556,-9.88888888888889,11.555555555555555,-21.444444444444443,17.0,29.88888888888889,-12.88888888888889,26.88888888888889,18.333333333333332,-8.555555555555557,10.0,7.0,3.0,1595.2383963036427,1385.5791073158439,1442.8471550360155,1536.2861516557193,-93.43899661970386,1
2023_11_LAC_GB,2023-11-19,2023,11,TRAIN,GB,LAC,1,1497.2753772787514,1514.131528182761,-16.85615090400961,0.3333333333333333,0.4444444444444444,-0.1111111111111111,0.3333333333333333,0.6666666666666666,-0.3333333333333333,0.2,0.4,-0.2,0.3333333333333333,0.4444444444444444,-0.1111111111111111,-0.3333333333333333,2.6666666666666665,-3.0,19.88888888888889,26.555555555555557,-6.666666666666668,20.22222222222222,23.88888888888889,3.666666666666668,7.0,7.0,0.0,1514.131528182761,1497.2753772787514,1484.976393242375,1514.3055587977794,-29.329165555404415,1
2023_11_LV_MIA,2023-11-19,2023,11,TRAIN,MIA,LV,1,1534.8470493113196,1482.9542033885232,51.89284592279637,0.6666666666666666,0.5,0.16666666666666663,0.3333333333333333,0.6666666666666666,-0.3333333333333333,0.6,0.6,0.0,0.6666666666666666,0.5,0.16666666666666663,6.666666666666667,-3.3,9.966666666666667,31.666666666666668,17.2,14.466666666666669,25.0,20.5,-4.5,14.0,7.0,7.0,1482.9542033885232,1534.8470493113196,1516.8199074838756,1448.1199477921568,68.69995969171873,1
2023_11_MIN_DEN,2023-11-19,2023,11,TRAIN,DEN,MIN,1,1440.82464016749,1575.948324008977,-135.1236838414868,0.4444444444444444,0.6,-0.15555555555555556,1.0,1.0,0.0,0.6,1.0,-0.4,0.4444444444444444,0.6,-0.15555555555555556,-5.777777777777778,2.4,-8.177777777777777,21.77777777777778,23.3,-1.5222222222222221,27.555555555555557,20.9,-6.6555555555555586,6.0,7.0,-1.0,1575.948324008977,1440.82464016749,1563.2557809996638,1489.3141631003066,73.9416178993572,1
2023_11_NYG_WAS,2023-11-19,2023,11,TRAIN,WAS,NYG,0,1470.3385897860855,1425.8708581461217,44.46773163996386,0.4,0.2,0.2,0.3333333333333333,0.0,0.3333333333333333,0.4,0.2,0.2,0.4,0.2,0.2,-5.7,-14.8,9.100000000000001,21.7,11.8,9.899999999999999,27.4,26.6,-0.7999999999999972,7.0,7.0,0.0,1425.8708581461217,1470.3385897860855,1502.4229159693568,1517.6877629434325,-15.264846974075681,1
2023_11_NYJ_BUF,2023-11-19,2023,11,TRAIN,BUF,NYJ,1,1579.2401140181523,1436.4171552403934,142.8229587777589,0.5,0.4444444444444444,0.05555555555555558,0.3333333333333333,0.3333333333333333,0.0,0.4,0.6,-0.19999999999999996,0.5,0.4444444444444444,0.05555555555555558,7.8,-3.111111111111111,10.911111111111111,26.2,16.0,10.2,18.4,19.11111111111111,0.7111111111111121,6.0,7.0,-1.0,1436.4171552403934,1579.2401140181523,1491.6527981494432,1495.299062317434,-3.6462641679906937,1
2023_11_PIT_CLE,2023-11-19,2023,11,TRAIN,CLE,PIT,1,1510.5144183172292,1551.0071515897553,-40.49273327252604,0.6666666666666666,0.6666666666666666,0.0,0.6666666666666666,0.6666666666666666,0.0,0.8,0.8,0.0,0.6666666666666666,0.6666666666666666,0.0,4.888888888888889,-2.888888888888889,7.777777777777779,23.77777777777778,17.333333333333332,6.444444444444446,18.88888888888889,20.22222222222222,1.3333333333333321,7.0,7.0,0.0,1551.0071515897553,1510.5144183172292,1506.5061051998757,1498.7019597913454,7.804145408530303,1
2023_11_SEA_LA,2023-11-19,2023,11,TRAIN,LA,SEA,1,1459.451345579862,1518.6445523539155,-59.19320677405358,0.3333333333333333,0.6666666666666666,-0.3333333333333333,0.0,0.6666666666666666,-0.6666666666666666,0.2,0.6,-0.39999999999999997,0.3333333333333333,0.6666666666666666,-0.3333333333333333,-2.888888888888889,-0.1111111111111111,-2.7777777777777777,19.77777777777778,22.22222222222222,-2.444444444444443,22.666666666666668,22.333333333333332,-0.3333333333333357,14.0,7.0,7.0,1518.6445523539155,1459.451345579862,1534.0938938452687,1500.7850092358362,33.308884609432425,1
2023_11_TB_SF,2023-11-19,2023,11,TRAIN,SF,TB,1,1605.1816838319132,1513.4290727404612,91.75261109145208,0.6666666666666666,0.4444444444444444,0.2222222222222222,0.3333333333333333,0.3333333333333333,0.0,0.4,0.2,0.2,0.6666666666666666,0.4444444444444444,0.2222222222222222,12.11111111111111,0.5555555555555556,11.555555555555555,28.0,19.77777777777778,8.222222222222221,15.88888888888889,19.22222222222222,3.333333333333332,7.0,7.0,0.0,1513.4290727404612,1605.1816838319132,1538.6392666086074,1484.7023459817542,53.93692062685318,1
2023_11_TEN_JAX,2023-11-19,2023,11,TRAIN,JAX,TEN,1,1497.9398470193723,1470.6889527733024,27.250894246069947,0.6666666666666666,0.3333333333333333,0.3333333333333333,0.6666666666666666,0.3333333333333333,0.3333333333333333,0.8,0.2,0.6000000000000001,0.6666666666666666,0.3333333333333333,0.3333333333333333,0.6666666666666666,-2.888888888888889,3.5555555555555554,21.77777777777778,17.11111111111111,4.666666666666668,21.11111111111111,20.0,-1.1111111111111107,7.0,7.0,0.0,1470.6889527733024,1497.9398470193723,1538.2624122437253,1490.5935089506822,47.66890329304306,1
2023_11_PHI_KC,2023-11-20,2023,11,TRAIN,KC,PHI,0,1639.2331683847196,1632.8416054507773,6.391562933942396,0.7777777777777778,0.8888888888888888,-0.11111111111111105,0.6666666666666666,1.0,-0.33333333333333337,0.8,0.8,0.0,0.7777777777777778,0.8888888888888888,-0.11111111111111105,7.222222222222222,6.333333333333333,0.8888888888888893,23.11111111111111,28.0,-4.888888888888889,15.88888888888889,21.666666666666668,5.777777777777779,15.0,15.0,0.0,1632.8416054507773,1639.2331683847196,1482.4447508566632,1505.1801288849713,-22.735378028308105,1
2023_12_GB_DET,2023-11-23,2023,12,TRAIN,DET,GB,0,1530.235293318937,1507.7601560046635,22.475137314273525,0.8,0.4,0.4,1.0,0.6666666666666666,0.33333333333333337,0.8,0.4,0.4,0.8,0.4,0.4,4.3,0.0,4.3,27.2,20.2,7.0,22.9,20.2,-2.6999999999999993,4.0,4.0,0.0,1507.7601560046635,1530.235293318937,1488.802960276688,1494.8398061249718,-6.036845848283747,1
2023_12_SF_SEA,2023-11-23,2023,12,TRAIN,SEA,SF,0,1506.9571300750295,1612.6005577125463,-105.64342763751688,0.6,0.7,-0.09999999999999998,0.3333333333333333,0.6666666666666666,-0.3333333333333333,0.6,0.4,0.19999999999999996,0.6,0.7,-0.09999999999999998,-0.2,12.2,-12.399999999999999,21.6,27.9,-6.299999999999997,21.8,15.7,-6.100000000000001,4.0,4.0,0.0,1612.6005577125463,1506.9571300750295,1479.0889141573657,1522.7769354355016,-43.68802127813592,1
2023_12_WAS_DAL,2023-11-23,2023,12,TRAIN,DAL,WAS,1,1599.8434112909708,1459.0656487050921,140.7777625858787,0.7,0.36363636363636365,0.3363636363636363,0.6666666666666666,0.3333333333333333,0.3333333333333333,0.8,0.2,0.6000000000000001,0.7,0.3,0.39999999999999997,12.7,-6.2727272727272725,18.972727272727273,30.2,21.454545454545453,8.745454545454546,17.5,27.727272727272727,10.227272727272727,4.0,4.0,0.0,1459.0656487050921,1599.8434112909708,1488.165706809617,1494.2272226477403,-6.061515838123341,1
2023_12_MIA_NYJ,2023-11-24,2023,12,TRAIN,NYJ,MIA,0,1430.3110273125442,1543.364461450971,-113.05343413842684,0.4,0.7,-0.29999999999999993,0.0,0.6666666666666666,-0.6666666666666666,0.4,0.6,-0.19999999999999996,0.4,0.7,-0.29999999999999993,-5.4,6.7,-12.100000000000001,15.0,30.5,-15.5,20.4,23.8,3.400000000000002,5.0,5.0,0.0,1543.364461450971,1430.3110273125442,1528.9661461172232,1522.7220460449498,6.244100072273341,1
2023_12_BAL_LAC,2023-11-26,2023,12,TRAIN,LAC,BAL,0,1503.646749456849,1546.2995343610737,-42.652784904224745,0.4,0.7272727272727273,-0.32727272727272727,0.3333333333333333,0.6666666666666666,-0.3333333333333333,0.4,0.8,-0.4,0.4,0.7,-0.29999999999999993,2.1,11.545454545454545,-9.445454545454545,25.9,27.636363636363637,-1.736363636363638,23.8,16.09090909090909,-7.709090909090911,7.0,10.0,-3.0,1546.2995343610737,1503.646749456849,1497.0205811933815,1505.212986016109,-8.19240482272744,1
2023_12_BUF_PHI,2023-11-26,2023,12,TRAIN,PHI,BUF,1,1643.025548669927,1585.3462419460016,57.67930672392549,0.9,0.5454545454545454,0.3545454545454546,1.0,0.3333333333333333,0.6666666666666667,0.8,0.4,0.4,0.9,0.6,0.30000000000000004,6.1,9.454545454545455,-3.3545454545454554,27.3,26.727272727272727,0.5727272727272741,21.2,17.272727272727273,-3.927272727272726,6.0,7.0,-1.0,1585.3462419460016,1643.025548669927,1536.7179538057658,1489.827631788567,46.89032201719874,1
2023_12_CAR_TEN,2023-11-26,2023,12,TRAIN,TEN,CAR,1,1461.47169209216,1380.9740923285158,80.4975997636443,0.3,0.1,0.19999999999999998,0.0,0.0,0.0,0.2,0.2,0.0,0.3,0.1,0.19999999999999998,-4.6,-11.2,6.6,16.8,16.3,0.5,21.4,27.5,6.100000000000001,7.0,7.0,0.0,1380.9740923285158,1461.47169209216,1503.1428179032805,1462.7362120715406,40.40660583173985,1
2023_12_CLE_DEN,2023-11-26,2023,12,TRAIN,DEN,CLE,1,1454.5289041842107,1521.6746443817856,-67.14574019757492,0.5,0.7,-0.19999999999999996,1.0,1.0,0.0,0.8,0.8,0.0,0.5,0.7,-0.19999999999999996,-5.1,4.7,-9.8,21.7,22.7,-1.0,26.8,18.0,-8.8,7.0,7.0,0.0,1521.6746443817856,1454.5289041842107,1594.6992429073773,1489.6631765475056,105.03606635987171,1
2023_12_JAX_HOU,2023-11-26,2023,12,TRAIN,HOU,JAX,0,1425.3195302818838,1507.1571077005146,-81.83757741863087,0.6,0.7,-0.09999999999999998,1.0,0.6666666666666666,0.33333333333333337,0.8,0.8,0.0,0.6,0.7,-0.09999999999999998,3.0,2.6,0.3999999999999999,23.8,23.0,0.8000000000000007,20.8,20.4,-0.40000000000000213,7.0,7.0,0.0,1507.1571077005146,1425.3195302818838,1483.1722306535378,1508.7046370361297,-25.532406382591944,1
2023_12_KC_LV,2023-11-26,2023,12,TRAIN,LV,KC,0,1474.4367912488717,1629.0492251655699,-154.61243391669814,0.45454545454545453,0.7,-0.24545454545454543,0.6666666666666666,0.3333333333333333,0.3333333333333333,0.4,0.6,-0.19999999999999996,0.4,0.7,-0.29999999999999993,-3.6363636363636362,6.1,-9.736363636363636,16.818181818181817,22.5,-5.681818181818183,20.454545454545453,16.4,-4.054545454545455,7.0,6.0,1.0,1629.0492251655699,1474.4367912488717,1458.3605983954017,1500.6156708204894,-42.25507242508775,1
2023_12_LA_ARI,2023-11-26,2023,12,TRAIN,ARI,LA,0,1398.2545989281305,1471.138767858748,-72.88416893061753,0.18181818181818182,0.4,-0.2181818181818182,0.3333333333333333,0.3333333333333333,0.0,0.2,0.4,-0.2,0.2,0.4,-0.2,-8.363636363636363,-2.5,-5.863636363636363,17.454545454545453,19.5,-2.0454545454545467,25.818181818181817,22.0,-3.8181818181818166,7.0,7.0,0.0,1471.138767858748,1398.2545989281305,1478.2776804048717,1514.182168431918,-35.90448802704623,1
2023_12_NE_NYG,2023-11-26,2023,12,TRAIN,NYG,NE,1,1437.143799227115,1457.1550035292278,-20.011204302112674,0.2727272727272727,0.2,0.0727272727272727,0.3333333333333333,0.0,0.3333333333333333,0.4,0.2,0.2,0.3,0.2,0.09999999999999998,-12.363636363636363,-9.7,-2.663636363636364,13.545454545454545,14.1,-0.5545454545454547,25.90909090909091,23.8,-2.1090909090909093,7.0,14.0,-7.0,1457.1550035292278,1437.143799227115,1490.9116990604375,1503.9509193457018,-13.039220285264264,1
2023_12_NO_ATL,2023-11-26,2023,12,TRAIN,ATL,NO,1,1440.937648565216,1481.200347506186,-40.26269894097004,0.4,0.5,-0.09999999999999998,0.0,0.6666666666666666,-0.6666666666666666,0.2,0.4,-0.2,0.4,0.5,-0.09999999999999998,-2.8,1.6,-4.4,18.9,21.4,-2.5,21.7,19.8,-1.8999999999999986,14.0,14.0,0.0,1481.200347506186,1440.937648565216,1490.2860134000882,1447.5416914220982,42.74432197799001,1
2023_12_PIT_CIN,2023-11-26,2023,12,TRAIN,CIN,PIT,0,1571.1969204691843,1539.846925525199,31.349994943985394,0.5,0.6,-0.09999999999999998,0.3333333333333333,0.6666666666666666,-0.3333333333333333,0.6,0.6,0.0,0.5,0.6,-0.09999999999999998,-2.4,-2.9,0.5,20.2,16.6,3.599999999999998,22.6,19.5,-3.1000000000000014,10.0,7.0,3.0,1539.846925525199,1571.1969204691843,1531.6337360794369,1496.6544444829094,34.979291596527446,1
2023_12_TB_IND,2023-11-26,2023,12,TRAIN,IND,TB,1,1441.3354946120194,1506.010198859828,-64.67470424780868,0.5,0.4,0.09999999999999998,0.6666666666666666,0.3333333333333333,0.3333333333333333,0.4,0.2,0.2,0.5,0.4,0.09999999999999998,-0.6,-0.8,0.20000000000000007,24.2,19.2,5.0,24.8,20.0,-4.800000000000001,14.0,7.0,7.0,1506.010198859828,1441.3354946120194,1463.0483724585667,1505.0644027272922,-42.016030268725444,1
2023_12_CHI_MIN,2023-11-27,2023,12,TRAIN,MIN,CHI,0,1562.2440599922563,1370.468487238772,191.7755727534843,0.5454545454545454,0.2727272727272727,0.2727272727272727,0.6666666666666666,0.3333333333333333,0.3333333333333333,0.8,0.4,0.4,0.6,0.3,0.3,2.090909090909091,-5.090909090909091,7.181818181818182,23.0,20.90909090909091,2.09090909090909,20.90909090909091,26.0,5.09090909090909,8.0,8.0,0.0,1370.468487238772,1562.2440599922563,1503.2433891898283,1479.8860742236407,23.357314966187687,1
2023_13_SEA_DAL,2023-11-30,2023,13,TRAIN,DAL,SEA,1,1605.9995935258382,1499.907423515221,106.09217001061734,0.7272727272727273,0.5454545454545454,0.18181818181818188,1.0,0.3333333333333333,0.6666666666666667,0.8,0.4,0.4,0.7,0.6,0.09999999999999998,14.727272727272727,-1.8181818181818181,16.545454545454543,31.545454545454547,20.818181818181817,10.72727272727273,16.818181818181817,22.636363636363637,5.81818181818182,7.0,7.0,0.0,1499.907423515221,1605.9995935258382,1475.0425528028427,1517.9477084198643,-42.90515561702159,1
2023_13_ARI_PIT,2023-12-03,2023,13,TRAIN,PIT,ARI,0,1550.7468099778848,1390.32213414626,160.42467583162488,0.6363636363636364,0.16666666666666666,0.4696969696969697,0.6666666666666666,0.3333333333333333,0.3333333333333333,0.6,0.2,0.39999999999999997,0.7,0.2,0.49999999999999994,-2.090909090909091,-9.583333333333334,7.492424242424243,16.545454545454547,17.166666666666668,-0.6212121212121211,18.636363636363637,26.75,8.113636363636363,7.0,7.0,0.0,1390.32213414626,1550.7468099778848,1514.1131682863422,1472.1912045293393,41.921963757002914,1
2023_13_ATL_NYJ,2023-12-03,2023,13,TRAIN,NYJ,ATL,0,1423.4547870675524,1452.091342334479,-28.636555266926507,0.36363636363636365,0.45454545454545453,-0.09090909090909088,0.0,0.3333333333333333,-0.3333333333333333,0.2,0.4,-0.2,0.3,0.4,-0.10000000000000003,-6.818181818181818,-1.7272727272727273,-5.090909090909091,14.818181818181818,19.363636363636363,-4.545454545454545,21.636363636363637,21.09090909090909,-0.5454545454545467,9.0,7.0,2.0,1452.091342334479,1423.4547870675524,1512.7468687661562,1491.1332610273607,21.61360773879551,1
2023_13_CAR_TB,2023-12-03,2023,13,TRAIN,TB,CAR,1,1494.169918369158,1373.25041310579,120.91950526336814,0.36363636363636365,0.09090909090909091,0.2727272727272727,0.3333333333333333,0.0,0.3333333333333333,0.2,0.2,0.0,0.3,0.1,0.19999999999999998,-1.3636363636363635,-10.818181818181818,9.454545454545455,19.272727272727273,15.727272727272727,3.5454545454545467,20.636363636363637,26.545454545454547,5.90909090909091,7.0,7.0,0.0,1373.25041310579,1494.169918369158,1501.9034277622093,1447.952887050694,53.95054071151526,1
2023_13_CLE_LA,2023-12-03,2023,13,TRAIN,LA,CLE,1,1479.0712326406185,1509.765741377819,-30.694508737200522,0.45454545454545453,0.6363636363636364,-0.18181818181818182,0.6666666666666666,0.6666666666666666,0.0,0.4,0.6,-0.19999999999999996,0.4,0.6,-0.19999999999999996,-0.18181818181818182,2.727272727272727,-2.9090909090909087,21.09090909090909,21.727272727272727,-0.6363636363636367,21.272727272727273,19.0,-2.2727272727272734,7.0,7.0,0.0,1509.765741377819,1479.0712326406185,1508.4483856461513,1493.001550990623,15.446834655528392,1
2023_13_DEN_HOU,2023-12-03,2023,13,TRAIN,HOU,DEN,1,1417.6323880227876,1466.4378071881772,-48.805419165389594,0.5454545454545454,0.5454545454545454,0.0,0.6666666666666666,1.0,-0.33333333333333337,0.6,1.0,-0.4,0.6,0.6,0.0,2.4545454545454546,-3.090909090909091,5.545454545454545,23.545454545454547,22.363636363636363,1.1818181818181834,21.09090909090909,25.454545454545453,4.363636363636363,7.0,7.0,0.0,1466.4378071881772,1417.6323880227876,1485.327492602194,1571.6264296909917,-86.29893708879763,1
2023_13_DET_NO,2023-12-03,2023,13,TRAIN,NO,DET,0,1470.0466537369232,1519.5893076841876,-49.5426539472644,0.45454545454545453,0.7272727272727273,-0.27272727272727276,0.3333333333333333,0.6666666666666666,-0.3333333333333333,0.4,0.6,-0.19999999999999996,0.4,0.7,-0.29999999999999993,0.6363636363636364,3.272727272727273,-2.6363636363636367,20.818181818181817,26.727272727272727,-5.90909090909091,20.181818181818183,23.454545454545453,3.27272727272727,7.0,10.0,-3.0,1519.5893076841876,1470.0466537369232,1458.9919589440713,1480.4906283932191,-21.498669449147883,1
2023_13_IND_TEN,2023-12-03,2023,13,TRAIN,TEN,IND,0,1469.195371314886,1453.1757751026894,16.019596212196575,0.36363636363636365,0.5454545454545454,-0.18181818181818177,0.3333333333333333,1.0,-0.6666666666666667,0.4,0.6,-0.19999999999999996,0.4,0.6,-0.19999999999999996,-3.5454545454545454,0.09090909090909091,-3.6363636363636362,16.818181818181817,24.454545454545453,-7.636363636363637,20.363636363636363,24.363636363636363,4.0,7.0,7.0,0.0,1453.1757751026894,1469.195371314886,1477.1545968790138,1469.3105019373274,7.844094941686308,1
2023_13_KC_GB,2023-12-03,2023,13,TRAIN,GB,KC,1,1518.406141639413,1634.87133622251,-116.46519458309717,0.45454545454545453,0.7272727272727273,-0.27272727272727276,0.6666666666666666,0.6666666666666666,0.0,0.6,0.6,0.0,0.4,0.8,-0.4,0.6363636363636364,6.818181818181818,-6.181818181818182,21.0,23.272727272727273,-2.2727272727272734,20.363636363636363,16.454545454545453,-3.90909090909091,10.0,7.0,3.0,1634.87133622251,1518.406141639413,1521.479143557453,1515.2770457686859,6.202097788767105,1
2023_13_LAC_NE,2023-12-03,2023,13,TRAIN,NE,LAC,0,1446.579670832501,1494.868264902726,-48.28859407022492,0.18181818181818182,0.36363636363636365,-0.18181818181818182,0.0,0.0,0.0,0.2,0.4,-0.2,0.2,0.4,-0.2,-9.090909090909092,1.0,-10.090909090909092,13.454545454545455,24.454545454545453,-10.999999999999998,22.545454545454547,23.454545454545453,0.9090909090909065,7.0,7.0,0.0,1494.868264902726,1446.579670832501,1496.0403955114696,1478.054483902582,17.98591160888759,1
2023_13_MIA_WAS,2023-12-03,2023,13,TRAIN,WAS,MIA,0,1452.9094664702247,1550.2207016959628,-97.31123522573807,0.3333333333333333,0.7272727272727273,-0.393939393939394,0.0,0.6666666666666666,-0.6666666666666666,0.2,0.6,-0.39999999999999997,0.2,0.7,-0.49999999999999994,-8.666666666666666,8.0,-16.666666666666664,20.5,30.818181818181817,-10.318181818181817,29.166666666666668,22.818181818181817,-6.348484848484851,10.0,9.0,1.0,1550.2207016959628,1452.9094664702247,1526.2325160474377,1528.3101078522461,-2.077591804808435,1
2023_13_SF_PHI,2023-12-03,2023,13,TRAIN,PHI,SF,0,1651.3804901072679,1619.650264272355,31.73022583491297,0.9090909090909091,0.7272727272727273,0.18181818181818177,1.0,1.0,0.0,1.0,0.6,0.4,0.9,0.7,0.20000000000000007,5.818181818181818,12.727272727272727,-6.909090909090908,28.181818181818183,28.181818181818183,0.0,22.363636363636363,15.454545454545455,-6.909090909090908,7.0,10.0,-3.0,1619.650264272355,1651.3804901072679,1568.086043598621,1528.4152574966888,39.67078610193221,1
2023_13_CIN_JAX,2023-12-04,2023,13,TRAIN,JAX,CIN,0,1514.8442499596108,1560.2970360164984,-45.45278605688759,0.7272727272727273,0.45454545454545453,0.27272727272727276,0.6666666666666666,0.0,0.6666666666666666,0.8,0.4,0.4,0.7,0.5,0.19999999999999996,2.6363636363636362,-2.727272727272727,5.363636363636363,23.09090909090909,19.272727272727273,3.8181818181818166,20.454545454545453,22.0,1.5454545454545467,8.0,8.0,0.0,1560.2970360164984,1514.8442499596108,1504.3600070214757,1537.6197840177033,-33.25977699622763,1
2023_14_NE_PIT,2023-12-07,2023,14,TRAIN,PIT,NE,0,1536.4318024239283,1437.960647596923,98.4711548270052,0.5833333333333334,0.16666666666666666,0.41666666666666674,0.3333333333333333,0.0,0.3333333333333333,0.6,0.0,0.6,0.6,0.2,0.39999999999999997,-3.0833333333333335,-8.833333333333334,5.75,16.0,12.333333333333334,3.666666666666666,19.083333333333332,21.166666666666668,2.0833333333333357,4.0,4.0,0.0,1437.960647596923,1536.4318024239283,1493.4003477766157,1473.0250581013447,20.375289675271006,1
2023_14_BUF_KC,2023-12-10,2023,14,TRAIN,KC,BUF,0,1621.6393584486573,1576.9913005086607,44.648057939996534,0.6666666666666666,0.5,0.16666666666666663,0.3333333333333333,0.3333333333333333,0.0,0.4,0.4,0.0,0.7,0.5,0.19999999999999996,5.583333333333333,8.416666666666666,-2.833333333333333,22.916666666666668,27.333333333333332,-4.416666666666664,17.333333333333332,18.916666666666668,1.5833333333333357,7.0,14.0,-7.0,1576.9913005086607,1621.6393584486573,1515.6854810943253,1523.7439692560752,-8.058488161749892,1
2023_14_CAR_NO,2023-12-10,2023,14,TRAIN,NO,CAR,1,1461.4630190908654,1366.596724311399,94.86629477946644,0.4166666666666667,0.08333333333333333,0.33333333333333337,0.0,0.0,0.0,0.4,0.0,0.4,0.3,0.1,0.19999999999999998,0.16666666666666666,-10.166666666666666,10.333333333333332,21.416666666666668,15.916666666666666,5.500000000000002,21.25,26.083333333333332,4.833333333333332,7.0,7.0,0.0,1366.596724311399,1461.4630190908654,1466.1287805103984,1467.4227192388742,-1.293938728475723,1
2023_14_DEN_LAC,2023-12-10,2023,14,TRAIN,LAC,DEN,0,1503.487288138304,1455.0422416981237,48.44504644018025,0.4166666666666667,0.5,-0.08333333333333331,0.3333333333333333,0.6666666666666666,-0.3333333333333333,0.4,0.8,-0.4,0.5,0.6,-0.09999999999999998,1.4166666666666667,-3.25,4.666666666666667,22.916666666666668,21.916666666666668,1.0,21.5,25.166666666666668,3.666666666666668,7.0,7.0,0.0,1455.0422416981237,1503.487288138304,1491.587014823645,1551.3314922325335,-59.74447740888854,1
2023_14_DET_CHI,2023-12-10,2023,14,TRAIN,CHI,DET,1,1385.4884729604757,1528.1729423302454,-142.68446936976966,0.3333333333333333,0.75,-0.4166666666666667,0.6666666666666666,0.6666666666666666,0.0,0.4,0.8,-0.4,0.4,0.8,-0.4,-4.5,3.4166666666666665,-7.916666666666666,20.166666666666668,27.25,-7.083333333333332,24.666666666666668,23.833333333333332,-0.8333333333333357,13.0,7.0,6.0,1528.1729423302454,1385.4884729604757,1494.955615549896,1470.446656831933,24.50895871796297,1
2023_14_HOU_NYJ,2023-12-10,2023,14,TRAIN,NYJ,HOU,1,1414.277151983654,1429.0279535128411,-14.750801529187129,0.3333333333333333,0.5833333333333334,-0.25000000000000006,0.0,0.6666666666666666,-0.6666666666666666,0.0,0.8,-0.8,0.3,0.7,-0.39999999999999997,-6.666666666666667,2.6666666666666665,-9.333333333333334,14.25,23.416666666666668,-9.166666666666668,20.916666666666668,20.75,-0.16666666666666785,7.0,7.0,0.0,1429.0279535128411,1414.277151983654,1512.9336463064128,1499.410541043921,13.523105262491754,1
2023_14_IND_CIN,2023-12-10,2023,14,TRAIN,CIN,IND,1,1568.9962123402179,1463.6365296770346,105.35968266318332,0.5,0.5833333333333334,-0.08333333333333337,0.3333333333333333,1.0,-0.6666666666666667,0.4,0.8,-0.4,0.6,0.6,0.0,-2.25,0.3333333333333333,-2.5833333333333335,20.5,25.0,-4.5,22.75,24.666666666666668,1.9166666666666679,6.0,7.0,-1.0,1463.6365296770346,1568.9962123402179,1518.8462058135603,1464.552152567881,54.29405324567938,1
2023_14_JAX_CLE,2023-12-10,2023,14,TRAIN,CLE,JAX,1,1498.8845737115093,1506.1450736358913,-7.260499924381975,0.5833333333333334,0.6666666666666666,-0.08333333333333326,0.3333333333333333,0.6666666666666666,-0.3333333333333333,0.6,0.6,0.0,0.6,0.7,-0.09999999999999998,1.0833333333333333,2.1666666666666665,-1.0833333333333333,21.5,23.75,-2.25,20.416666666666668,21.583333333333332,1.1666666666666643,7.0,6.0,1.0,1506.1450736358913,1498.8845737115093,1486.9719071616187,1519.7701439279103,-32.798236766291666,1
2023_14_LA_BAL,2023-12-10,2023,14,TRAIN,BAL,LA,1,1555.0780189151967,1489.9524003069282,65.1256186082685,0.75,0.5,0.25,0.6666666666666666,1.0,-0.33333333333333337,0.8,0.6,0.20000000000000007,0.7,0.5,0.19999999999999996,11.416666666666666,1.25,10.166666666666666,27.0,22.333333333333332,4.666666666666668,15.583333333333334,21.083333333333332,5.499999999999998,14.0,7.0,7.0,1489.9524003069282,1555.0780189151967,1503.0050755664374,1503.1496270156033,-0.14455144916587415,1
2023_14_MIN_LV,2023-12-10,2023,14,TRAIN,LV,MIN,0,1468.6146801919315,1547.2240742705526,-78.60939407862111,0.4166666666666667,0.5,-0.08333333333333331,0.3333333333333333,0.3333333333333333,0.0,0.4,0.6,-0.19999999999999996,0.4,0.6,-0.19999999999999996,-4.5,1.75,-6.25,16.833333333333332,21.916666666666668,-5.083333333333336,21.333333333333332,20.166666666666668,-1.1666666666666643,14.0,13.0,1.0,1547.2240742705526,1468.6146801919315,1511.058432151467,1453.137047345867,57.921384805600155,1
2023_14_PHI_DAL,2023-12-10,2023,14,TRAIN,DAL,PHI,1,1613.0375129649335,1640.4697514261322,-27.432238461198722,0.75,0.8333333333333334,-0.08333333333333337,1.0,0.6666666666666666,0.33333333333333337,0.8,0.8,0.0,0.7,0.8,-0.10000000000000009,14.0,3.4166666666666665,10.583333333333334,32.333333333333336,27.416666666666668,4.916666666666668,18.333333333333332,24.0,5.666666666666668,10.0,7.0,3.0,1640.4697514261322,1613.0375129649335,1479.9442513226218,1583.6688023545094,-103.72455103188759,1
2023_14_SEA_SF,2023-12-10,2023,14,TRAIN,SF,SEA,1,1630.5610029534905,1492.8695040761256,137.6914988773649,0.75,0.5,0.25,1.0,0.0,1.0,0.8,0.2,0.6000000000000001,0.7,0.5,0.19999999999999996,13.583333333333334,-2.1666666666666665,15.75,29.333333333333332,22.0,7.333333333333332,15.75,24.166666666666668,8.416666666666668,7.0,10.0,-3.0,1492.8695040761256,1630.5610029534905,1550.6768575684212,1538.8650331162441,11.811824452177007,1
2023_14_TB_ATL,2023-12-10,2023,14,TRAIN,ATL,TB,0,1461.2689774183773,1500.823607163549,-39.554629745171724,0.5,0.4166666666666667,0.08333333333333331,0.6666666666666666,0.3333333333333333,0.3333333333333333,0.4,0.4,0.0,0.4,0.3,0.10000000000000003,-1.1666666666666667,-1.0,-0.16666666666666674,18.833333333333332,19.416666666666668,-0.5833333333333357,20.0,20.416666666666668,0.41666666666666785,7.0,7.0,0.0,1500.823607163549,1461.2689774183773,1468.222835676666,1457.3122037372696,10.910631939396353,1
2023_14_GB_NYG,2023-12-11,2023,14,TRAIN,NYG,GB,1,1447.7191319238418,1531.6381194132657,-83.9189874894239,0.3333333333333333,0.5,-0.16666666666666669,0.6666666666666666,1.0,-0.33333333333333337,0.4,0.8,-0.4,0.3,0.5,-0.2,-11.083333333333334,1.25,-12.333333333333334,13.25,21.5,-8.25,24.333333333333332,20.25,-4.083333333333332,15.0,8.0,7.0,1531.6381194132657,1447.7191319238418,1485.0080868289642,1537.9813017565834,-52.97321492761921,1
2023_14_TEN_MIA,2023-12-11,2023,14,TRAIN,MIA,TEN,0,1557.490871159781,1458.7346167405408,98.75625441924012,0.75,0.3333333333333333,0.4166666666666667,1.0,0.3333333333333333,0.6666666666666667,0.8,0.2,0.6000000000000001,0.7,0.3,0.39999999999999997,9.833333333333334,-3.5,13.333333333333334,32.0,17.75,14.25,22.166666666666668,21.25,-0.9166666666666679,8.0,8.0,0.0,1458.7346167405408,1557.490871159781,1497.0217158657279,1473.9044005764886,23.117315289239286,1
2023_15_LAC_LV,2023-12-14,2023,15,TRAIN,LV,LAC,1,1460.8394067813254,1492.101894465403,-31.26248768407754,0.38461538461538464,0.38461538461538464,0.0,0.0,0.3333333333333333,-0.3333333333333333,0.4,0.2,0.2,0.4,0.4,0.0,-4.384615384615385,0.0,-4.384615384615385,15.538461538461538,21.692307692307693,-6.153846153846155,19.923076923076923,21.692307692307693,1.76923076923077,4.0,4.0,0.0,1492.101894465403,1460.8394067813254,1519.533867156366,1491.829010402376,27.704856753989816,1
2023_15_DEN_DET,2023-12-16,2023,15,TRAIN,DET,DEN,1,1514.2824524546652,1466.4276353710247,47.854817083640455,0.6923076923076923,0.5384615384615384,0.15384615384615385,0.3333333333333333,0.6666666666666666,-0.3333333333333333,0.6,0.8,-0.20000000000000007,0.7,0.7,0.0,2.0,-1.6923076923076923,3.6923076923076925,26.153846153846153,22.076923076923077,4.076923076923077,24.153846153846153,23.76923076923077,-0.38461538461538325,6.0,6.0,0.0,1466.4276353710247,1514.2824524546652,1452.8364727202204,1522.491797611795,-69.65532489157454,1
2023_15_MIN_CIN,2023-12-16,2023,15,TRAIN,CIN,MIN,1,1576.053376671761,1554.9993476811587,21.05402899060232,0.5384615384615384,0.5384615384615384,0.0,0.6666666666666666,0.3333333333333333,0.3333333333333333,0.4,0.6,-0.19999999999999996,0.6,0.7,-0.09999999999999998,-0.5384615384615384,1.8461538461538463,-2.3846153846153846,21.53846153846154,20.46153846153846,1.0769230769230802,22.076923076923077,18.615384615384617,-3.46153846153846,6.0,6.0,0.0,1554.9993476811587,1576.053376671761,1490.7324786585668,1445.713697397656,45.01878126091083,1
2023_15_PIT_IND,2023-12-16,2023,15,TRAIN,IND,PIT,1,1456.5793653454914,1523.6711028198592,-67.09173747436785,0.5384615384615384,0.5384615384615384,0.0,0.6666666666666666,0.3333333333333333,0.3333333333333333,0.8,0.4,0.4,0.5,0.5,0.0,-1.2307692307692308,-3.076923076923077,1.8461538461538463,24.153846153846153,16.153846153846153,8.0,25.384615384615383,19.23076923076923,-6.153846153846153,6.0,9.0,-3.0,1523.6711028198592,1456.5793653454914,1483.6983321075277,1483.2486330921242,0.44969901540343926,1
2023_15_ATL_CAR,2023-12-17,2023,15,TRAIN,CAR,ATL,1,1359.2613035658333,1452.4025578746937,-93.14125430886043,0.07692307692307693,0.46153846153846156,-0.38461538461538464,0.0,0.6666666666666666,-0.6666666666666666,0.0,0.4,-0.4,0.1,0.4,-0.30000000000000004,-11.076923076923077,-1.3846153846153846,-9.692307692307692,15.153846153846153,19.307692307692307,-4.153846153846153,26.23076923076923,20.692307692307693,-5.5384615384615365,7.0,7.0,0.0,1452.4025578746937,1359.2613035658333,1475.5819745158026,1472.5886502687185,2.993324247084047,1
2023_15_BAL_JAX,2023-12-17,2023,15,TRAIN,JAX,BAL,0,1495.936130064144,1563.225202596323,-67.28907253217903,0.6153846153846154,0.7692307692307693,-0.15384615384615385,0.3333333333333333,1.0,-0.6666666666666667,0.4,0.8,-0.4,0.7,0.8,-0.10000000000000009,1.6923076923076923,11.0,-9.307692307692308,24.0,27.76923076923077,-3.76923076923077,22.307692307692307,16.76923076923077,-5.5384615384615365,7.0,7.0,0.0,1563.225202596323,1495.936130064144,1510.594277656961,1518.8638992576582,-8.269621600697292,1
2023_15_CHI_CLE,2023-12-17,2023,15,TRAIN,CLE,CHI,1,1509.0935172832567,1399.378962836056,109.71455444720073,0.6153846153846154,0.38461538461538464,0.23076923076923078,0.3333333333333333,0.6666666666666666,-0.3333333333333333,0.6,0.6,0.0,0.6,0.5,0.09999999999999998,1.3076923076923077,-3.0,4.3076923076923075,22.23076923076923,20.76923076923077,1.46153846153846,20.923076923076923,23.76923076923077,2.8461538461538467,7.0,7.0,0.0,1399.378962836056,1509.0935172832567,1507.4075379313376,1498.628559099087,8.778978832250687,1
2023_15_DAL_BUF,2023-12-17,2023,15,TRAIN,BUF,DAL,1,1588.2693473589532,1623.8254395985587,-35.556092239605505,0.5384615384615384,0.7692307692307693,-0.23076923076923084,0.6666666666666666,1.0,-0.33333333333333337,0.4,1.0,-0.6,0.5,0.8,-0.30000000000000004,8.0,14.461538461538462,-6.461538461538462,26.76923076923077,32.38461538461539,-5.615384615384617,18.76923076923077,17.923076923076923,-0.8461538461538467,7.0,7.0,0.0,1623.8254395985587,1588.2693473589532,1542.9277356171776,1483.3275248582854,59.60021075889222,1
2023_15_HOU_TEN,2023-12-17,2023,15,TRAIN,TEN,HOU,0,1471.5028950480048,1418.6036462281113,52.8992488198935,0.38461538461538464,0.5384615384615384,-0.1538461538461538,0.6666666666666666,0.3333333333333333,0.3333333333333333,0.4,0.6,-0.19999999999999996,0.4,0.6,-0.19999999999999996,-3.1538461538461537,0.6153846153846154,-3.769230769230769,18.53846153846154,22.076923076923077,-3.5384615384615365,21.692307692307693,21.46153846153846,-0.2307692307692335,6.0,7.0,-1.0,1418.6036462281113,1471.5028950480048,1478.74059352615,1478.7215925563257,0.019000969824219283,1
2023_15_KC_NE,2023-12-17,2023,15,TRAIN,NE,KC,0,1450.721347200992,1610.3613115983649,-159.63996439737275,0.23076923076923078,0.6153846153846154,-0.38461538461538464,0.3333333333333333,0.3333333333333333,0.0,0.2,0.4,-0.2,0.2,0.6,-0.39999999999999997,-7.923076923076923,4.923076923076923,-12.846153846153847,13.0,22.46153846153846,-9.46153846153846,20.923076923076923,17.53846153846154,-3.3846153846153832,10.0,7.0,3.0,1610.3613115983649,1450.721347200992,1473.5797419592072,1549.0008908883326,-75.42114892912537,1
2023_15_NYG_NO,2023-12-17,2023,15,TRAIN,NO,NYG,1,1468.798439836431,1460.0886136732888,8.709826163142225,0.46153846153846156,0.38461538461538464,0.07692307692307693,0.3333333333333333,1.0,-0.6666666666666667,0.4,0.6,-0.19999999999999996,0.4,0.4,0.0,1.8461538461538463,-10.076923076923077,11.923076923076923,21.923076923076923,14.076923076923077,7.846153846153847,20.076923076923077,24.153846153846153,4.076923076923077,7.0,6.0,1.0,1460.0886136732888,1468.798439836431,1453.5658893553173,1502.6126677545742,-49.04677839925694,1
2023_15_NYJ_MIA,2023-12-17,2023,15,TRAIN,MIA,NYJ,1,1544.722592852317,1424.7014592683838,120.02113358393308,0.6923076923076923,0.38461538461538464,0.30769230769230765,0.6666666666666666,0.3333333333333333,0.3333333333333333,0.6,0.2,0.39999999999999997,0.6,0.4,0.19999999999999996,9.0,-4.3076923076923075,13.307692307692307,31.615384615384617,15.461538461538462,16.153846153846153,22.615384615384617,19.76923076923077,-2.8461538461538467,6.0,7.0,-1.0,1424.7014592683838,1544.722592852317,1491.3321832027862,1495.497329704983,-4.165146502196876,1
2023_15_SF_ARI,2023-12-17,2023,15,TRAIN,ARI,SF,0,1404.6371417002165,1636.7931478248363,-232.1560061246198,0.23076923076923078,0.7692307692307693,-0.5384615384615385,0.3333333333333333,1.0,-0.6666666666666667,0.4,1.0,-0.6,0.2,0.7,-0.49999999999999994,-7.769230769230769,13.461538461538462,-21.23076923076923,17.692307692307693,29.23076923076923,-11.538461538461537,25.46153846153846,15.76923076923077,-9.69230769230769,14.0,7.0,7.0,1636.7931478248363,1404.6371417002165,1476.3193837244157,1533.9952864697118,-57.67590274529607,1
2023_15_TB_GB,2023-12-17,2023,15,TRAIN,GB,TB,0,1519.2686376638187,1509.6900267072326,9.57861095658609,0.46153846153846156,0.46153846153846156,0.0,0.6666666666666666,0.6666666666666666,0.0,0.6,0.6,0.0,0.4,0.4,0.0,1.0,-0.6153846153846154,1.6153846153846154,21.53846153846154,20.153846153846153,1.3846153846153868,20.53846153846154,20.76923076923077,0.23076923076922995,6.0,7.0,-1.0,1509.6900267072326,1519.2686376638187,1533.7981547171064,1472.2064424922942,61.59171222481223,1
2023_15_WAS_LA,2023-12-17,2023,15,TRAIN,LA,WAS,1,1481.805216625802,1445.6392970064067,36.165919619395254,0.46153846153846156,0.3076923076923077,0.15384615384615385,0.6666666666666666,0.0,0.6666666666666666,0.6,0.2,0.39999999999999997,0.5,0.2,0.3,0.6923076923076923,-10.307692307692308,11.0,23.0,20.076923076923077,2.9230769230769234,22.307692307692307,30.384615384615383,8.076923076923077,7.0,14.0,-7.0,1445.6392970064067,1481.805216625802,1495.7616869929443,1512.7907536344073,-17.029066641463032,1
2023_15_PHI_SEA,2023-12-18,2023,15,TRAIN,SEA,PHI,1,1486.6373592047798,1629.681824792507,-143.04446558772725,0.46153846153846156,0.7692307692307693,-0.3076923076923077,0.0,0.3333333333333333,-0.3333333333333333,0.2,0.6,-0.39999999999999997,0.4,0.7,-0.29999999999999993,-2.923076923076923,1.6153846153846154,-4.538461538461538,21.53846153846154,26.307692307692307,-4.7692307692307665,24.46153846153846,24.692307692307693,0.2307692307692335,8.0,8.0,0.0,1629.681824792507,1486.6373592047798,1557.617778493736,1611.2097940783194,-53.59201558458335,1
2023_16_NO_LA,2023-12-21,2023,16,TRAIN,LA,NO,1,1490.768021269546,1478.5478033897743,12.220217879771553,0.5,0.5,0.0,0.6666666666666666,0.6666666666666666,0.0,0.8,0.4,0.4,0.5,0.5,0.0,1.2142857142857142,3.0,-1.7857142857142858,23.357142857142858,22.071428571428573,1.2857142857142847,22.142857142857142,19.071428571428573,-3.0714285714285694,4.0,4.0,0.0,1478.5478033897743,1490.768021269546,1485.4764417162937,1471.0804712316778,14.395970484615873,1
2023_16_BUF_LAC,2023-12-23,2023,16,TRAIN,LAC,BUF,0,1481.2045083347718,1599.2891761510193,-118.08466781624747,0.35714285714285715,0.5714285714285714,-0.21428571428571425,0.3333333333333333,0.6666666666666666,-0.3333333333333333,0.2,0.6,-0.39999999999999997,0.3,0.5,-0.2,-3.0,8.928571428571429,-11.928571428571429,21.642857142857142,27.071428571428573,-5.428571428571431,24.642857142857142,18.142857142857142,-6.5,9.0,6.0,3.0,1599.2891761510193,1481.2045083347718,1481.207246190355,1550.2511825272115,-69.04393633685663,1
2023_16_CIN_PIT,2023-12-23,2023,16,TRAIN,PIT,CIN,1,1511.7636975454836,1585.4481336743106,-73.68443612882697,0.5,0.5714285714285714,-0.0714285714285714,0.0,1.0,-1.0,0.2,0.6,-0.39999999999999997,0.5,0.7,-0.19999999999999996,-4.071428571428571,-0.2857142857142857,-3.7857142857142856,15.928571428571429,21.928571428571427,-5.999999999999998,20.0,22.214285714285715,2.2142857142857153,7.0,7.0,0.0,1585.4481336743106,1511.7636975454836,1473.3146971750175,1521.6528889859,-48.33819181088256,1
2023_16_ARI_CHI,2023-12-24,2023,16,TRAIN,CHI,ARI,1,1392.435860002533,1400.4750791095173,-8.03921910698432,0.35714285714285715,0.21428571428571427,0.14285714285714288,0.6666666666666666,0.3333333333333333,0.3333333333333333,0.6,0.4,0.19999999999999996,0.5,0.2,0.3,-3.0,-8.357142857142858,5.357142857142858,20.5,18.5,2.0,23.5,26.857142857142858,3.3571428571428577,7.0,7.0,0.0,1400.4750791095173,1392.435860002533,1504.045312151225,1505.3504891201158,-1.3051769688906916,1
2023_16_CLE_HOU,2023-12-24,2023,16,TRAIN,HOU,CLE,0,1430.114551746652,1516.0366201167797,-85.92206837012759,0.5714285714285714,0.6428571428571429,-0.07142857142857151,0.6666666666666666,0.6666666666666666,0.0,0.6,0.6,0.0,0.6,0.7,-0.09999999999999998,0.7857142857142857,1.4285714285714286,-0.6428571428571429,21.857142857142858,22.071428571428573,-0.2142857142857153,21.071428571428573,20.642857142857142,-0.4285714285714306,7.0,7.0,0.0,1516.0366201167797,1430.114551746652,1453.4827661672728,1478.0262649773063,-24.543498810033498,1
2023_16_DAL_MIA,2023-12-24,2023,16,TRAIN,MIA,DAL,1,1551.3992632571546,1612.8056108064925,-61.40634754933785,0.7142857142857143,0.7142857142857143,0.0,0.6666666666666666,0.6666666666666666,0.0,0.8,0.8,0.0,0.7,0.7,0.0,10.5,11.928571428571429,-1.4285714285714288,31.5,30.785714285714285,0.7142857142857153,21.0,18.857142857142858,-2.1428571428571423,7.0,7.0,0.0,1612.8056108064925,1551.3992632571546,1449.9221546360434,1514.6582556642484,-64.73610102820498,1
2023_16_DET_MIN,2023-12-24,2023,16,TRAIN,MIN,DET,0,1545.6045906786092,1522.9137247980666,22.69086588054256,0.5,0.7142857142857143,-0.2142857142857143,0.3333333333333333,0.6666666666666666,-0.3333333333333333,0.4,0.6,-0.19999999999999996,0.6,0.7,-0.09999999999999998,1.5,3.642857142857143,-2.142857142857143,20.714285714285715,27.285714285714285,-6.571428571428569,19.214285714285715,23.642857142857142,4.428571428571427,8.0,8.0,0.0,1522.9137247980666,1545.6045906786092,1468.983958772164,1441.2353560136228,27.74860275854121,1
2023_16_GB_CAR,2023-12-24,2023,16,TRAIN,CAR,GB,0,1371.8796966283608,1508.9930129071106,-137.11331627874983,0.14285714285714285,0.42857142857142855,-0.2857142857142857,0.3333333333333333,0.3333333333333333,0.0,0.2,0.6,-0.39999999999999997,0.2,0.4,-0.2,-10.142857142857142,-0.07142857142857142,-10.071428571428571,14.714285714285714,21.428571428571427,-6.7142857142857135,24.857142857142858,21.5,-3.3571428571428577,7.0,7.0,0.0,1508.9930129071106,1371.8796966283608,1492.9491167461042,1527.3294632710563,-34.380346524952074,1
2023_16_IND_ATL,2023-12-24,2023,16,TRAIN,ATL,IND,1,1439.7841648121662,1468.486770619867,-28.70260580770082,0.42857142857142855,0.5714285714285714,-0.14285714285714285,0.3333333333333333,0.6666666666666666,-0.3333333333333333,0.4,0.8,-0.4,0.4,0.6,-0.19999999999999996,-1.4285714285714286,0.07142857142857142,-1.5,18.428571428571427,24.571428571428573,-6.142857142857146,19.857142857142858,24.5,4.642857142857142,7.0,8.0,-1.0,1468.486770619867,1439.7841648121662,1432.2356206278484,1507.2234449185903,-74.98782429074186,1
2023_16_JAX_TB,2023-12-24,2023,16,TRAIN,TB,JAX,1,1519.9656514639407,1487.8490078638695,32.11664360007126,0.5,0.5714285714285714,-0.0714285714285714,1.0,0.0,1.0,0.6,0.4,0.19999999999999996,0.4,0.6,-0.19999999999999996,0.42857142857142855,0.42857142857142855,0.0,21.142857142857142,22.785714285714285,-1.6428571428571423,20.714285714285715,22.357142857142858,1.6428571428571423,7.0,7.0,0.0,1487.8490078638695,1519.9656514639407,1480.0610413263835,1503.6830590759034,-23.622017749519955,1
2023_16_NE_DEN,2023-12-24,2023,16,TRAIN,DEN,NE,0,1457.7963630276233,1445.0179563625272,12.7784066650961,0.5,0.21428571428571427,0.2857142857142857,0.3333333333333333,0.3333333333333333,0.0,0.6,0.2,0.39999999999999997,0.6,0.2,0.39999999999999997,-3.357142857142857,-8.071428571428571,4.7142857142857135,21.714285714285715,13.285714285714286,8.428571428571429,25.071428571428573,21.357142857142858,-3.7142857142857153,8.0,7.0,1.0,1445.0179563625272,1457.7963630276233,1506.6050194013037,1501.8102674070442,4.794751994259514,1
2023_16_SEA_TEN,2023-12-24,2023,16,TRAIN,TEN,SEA,0,1459.991989529464,1500.5366387469298,-40.5446492174658,0.35714285714285715,0.5,-0.14285714285714285,0.3333333333333333,0.3333333333333333,0.0,0.4,0.2,0.2,0.3,0.4,-0.10000000000000003,-3.142857142857143,-2.5,-0.6428571428571428,18.357142857142858,21.428571428571427,-3.0714285714285694,21.5,23.928571428571427,2.428571428571427,7.0,6.0,1.0,1500.5366387469298,1459.991989529464,1461.636846367694,1587.6588649128487,-126.02201854515465,1
2023_16_WAS_NYJ,2023-12-24,2023,16,TRAIN,NYJ,WAS,1,1418.024788863546,1436.6764923626627,-18.651703499116593,0.35714285714285715,0.2857142857142857,0.07142857142857145,0.3333333333333333,0.0,0.3333333333333333,0.2,0.0,0.2,0.4,0.2,0.2,-6.142857142857143,-10.142857142857142,3.999999999999999,14.357142857142858,20.071428571428573,-5.714285714285715,20.5,30.214285714285715,9.714285714285715,7.0,7.0,0.0,1436.6764923626627,1418.024788863546,1509.689292833752,1513.449387440383,-3.7600946066309007,1
2023_16_BAL_SF,2023-12-25,2023,16,TRAIN,SF,BAL,0,1640.9552104155355,1571.3123247965975,69.64288561893795,0.7857142857142857,0.7857142857142857,0.0,1.0,1.0,0.0,1.0,0.8,0.19999999999999996,0.7,0.8,-0.10000000000000009,13.642857142857142,11.357142857142858,2.2857142857142847,30.357142857142858,27.428571428571427,2.9285714285714306,16.714285714285715,16.071428571428573,-0.6428571428571423,8.0,8.0,0.0,1571.3123247965975,1640.9552104155355,1513.8546677398201,1514.252165073839,-0.3974973340189081,1
2023_16_LV_KC,2023-12-25,2023,16,TRAIN,KC,LV,0,1616.0647024368297,1471.7367929119564,144.32790952487335,0.6428571428571429,0.42857142857142855,0.21428571428571436,0.3333333333333333,0.3333333333333333,0.0,0.4,0.4,0.0,0.6,0.5,0.09999999999999998,5.285714285714286,-1.0714285714285714,6.357142857142857,22.785714285714285,18.928571428571427,3.8571428571428577,17.5,20.0,2.5,8.0,11.0,-3.0,1471.7367929119564,1616.0647024368297,1530.679437209743,1529.766164926658,0.9132722830850071,1
2023_16_NYG_PHI,2023-12-25,2023,16,TRAIN,PHI,NYG,1,1615.782545250357,1450.3392501199455,165.44329513041157,0.7142857142857143,0.35714285714285715,0.35714285714285715,0.0,0.6666666666666666,-0.6666666666666666,0.4,0.6,-0.19999999999999996,0.6,0.4,0.19999999999999996,1.2857142857142858,-10.642857142857142,11.928571428571429,25.642857142857142,13.5,12.142857142857142,24.357142857142858,24.142857142857142,-0.2142857142857153,7.0,8.0,-1.0,1450.3392501199455,1615.782545250357,1588.780909354558,1503.4847427371274,85.29616661743057,1
2023_17_NYJ_CLE,2023-12-28,2023,17,TRAIN,CLE,NYJ,1,1523.6127968145984,1428.5611129209192,95.05168389367918,0.6666666666666666,0.4,0.2666666666666666,1.0,0.6666666666666666,0.33333333333333337,0.6,0.4,0.19999999999999996,0.7,0.4,0.29999999999999993,2.2666666666666666,-5.6,7.866666666666666,23.0,15.4,7.6,20.733333333333334,21.0,0.2666666666666657,4.0,4.0,0.0,1428.5611129209192,1523.6127968145984,1453.8477450086855,1481.1765685026542,-27.328823493968684,1
2023_17_DET_DAL,2023-12-30,2023,17,TRAIN,DAL,DET,1,1601.0563702690833,1533.5658934405833,67.49047682850005,0.6666666666666666,0.7333333333333333,-0.06666666666666665,0.3333333333333333,0.6666666666666666,-0.3333333333333333,0.6,0.6,0.0,0.7,0.7,0.0,11.0,3.8,7.2,30.066666666666666,27.466666666666665,2.6000000000000014,19.066666666666666,23.666666666666668,4.600000000000001,6.0,6.0,0.0,1533.5658934405833,1601.0563702690833,1547.8222868525104,1475.065501750339,72.7567851021713,1
2023_17_ARI_PHI,2023-12-31,2023,17,TRAIN,PHI,ARI,0,1621.3507215462316,1390.243733069735,231.10698847649655,0.7333333333333333,0.2,0.5333333333333332,0.3333333333333333,0.3333333333333333,0.0,0.4,0.2,0.2,0.6,0.2,0.39999999999999997,1.7333333333333334,-8.533333333333333,10.266666666666666,26.133333333333333,18.333333333333332,7.800000000000001,24.4,26.866666666666667,2.4666666666666686,6.0,7.0,-1.0,1390.243733069735,1621.3507215462316,1551.0021257016028,1493.3299691916006,57.672156510002196,1
2023_17_ATL_CHI,2023-12-31,2023,17,TRAIN,CHI,ATL,1,1402.6672060423152,1450.6084179293564,-47.94121188704116,0.4,0.4666666666666667,-0.06666666666666665,0.6666666666666666,0.3333333333333333,0.3333333333333333,0.6,0.6,0.0,0.5,0.4,0.09999999999999998,-2.066666666666667,-0.06666666666666667,-2.0,20.933333333333334,19.133333333333333,1.8000000000000007,23.0,19.2,-3.8000000000000007,7.0,7.0,0.0,1450.6084179293564,1402.6672060423152,1504.8471034555919,1446.6453631845975,58.20174027099438,1
2023_17_CAR_JAX,2023-12-31,2023,17,TRAIN,JAX,CAR,1,1478.7707751698194,1365.6332639181394,113.13751125168005,0.5333333333333333,0.13333333333333333,0.4,0.0,0.3333333333333333,-0.3333333333333333,0.2,0.2,0.0,0.5,0.2,0.3,-0.8,-9.666666666666666,8.866666666666665,22.066666666666666,15.733333333333333,6.333333333333334,22.866666666666667,25.4,2.5333333333333314,7.0,7.0,0.0,1365.6332639181394,1478.7707751698194,1513.538398814031,1475.7000400667976,37.83835874723354,1
2023_17_CIN_KC,2023-12-31,2023,17,TRAIN,KC,CIN,1,1602.1341441774643,1573.3585600641427,28.775584113321656,0.6,0.5333333333333333,0.06666666666666665,0.3333333333333333,0.6666666666666666,-0.3333333333333333,0.4,0.6,-0.19999999999999996,0.5,0.6,-0.09999999999999998,4.533333333333333,-1.8,6.333333333333333,22.2,21.2,1.0,17.666666666666668,23.0,5.333333333333332,6.0,8.0,-2.0,1573.3585600641427,1602.1341441774643,1498.4584747019787,1517.0181500776976,-18.559675375718825,1
2023_17_GB_MIN,2023-12-31,2023,17,TRAIN,MIN,GB,0,1534.9524220360925,1515.239445617332,19.71297641876049,0.4666666666666667,0.4666666666666667,0.0,0.3333333333333333,0.3333333333333333,0.0,0.2,0.6,-0.39999999999999997,0.6,0.5,0.09999999999999998,1.0,0.13333333333333333,0.8666666666666667,20.933333333333334,22.2,-1.2666666666666657,19.933333333333334,22.066666666666666,2.133333333333333,7.0,7.0,0.0,1515.239445617332,1534.9524220360925,1475.7749818136042,1498.8790969601764,-23.104115146572212,1
2023_17_LAC_DEN,2023-12-31,2023,17,TRAIN,DEN,LAC,1,1447.42873666793,1474.4781662423907,-27.049429574460646,0.4666666666666667,0.3333333333333333,0.13333333333333336,0.3333333333333333,0.0,0.3333333333333333,0.4,0.2,0.2,0.6,0.3,0.3,-3.3333333333333335,-2.933333333333333,-0.40000000000000036,21.8,21.666666666666668,0.13333333333333286,25.133333333333333,24.6,-0.5333333333333314,7.0,8.0,-1.0,1474.4781662423907,1447.42873666793,1480.4189458720139,1501.6100059648086,-21.191060092794714,1
2023_17_LA_NYG,2023-12-31,2023,17,TRAIN,NYG,LA,0,1444.771073824071,1500.4164400954087,-55.64536627133771,0.3333333333333333,0.5333333333333333,-0.2,0.3333333333333333,0.6666666666666666,-0.3333333333333333,0.6,0.8,-0.20000000000000007,0.4,0.6,-0.19999999999999996,-10.466666666666667,1.6666666666666667,-12.133333333333333,14.266666666666667,23.8,-9.533333333333333,24.733333333333334,22.133333333333333,-2.6000000000000014,6.0,10.0,-4.0,1500.4164400954087,1444.771073824071,1508.7425395630733,1477.4570919234654,31.28544763960781,1
2023_17_LV_IND,2023-12-31,2023,17,TRAIN,IND,LV,1,1457.6625175026768,1485.6673511713218,-28.004833668645006,0.5333333333333333,0.4666666666666667,0.06666666666666665,0.3333333333333333,0.6666666666666666,-0.3333333333333333,0.6,0.4,0.19999999999999996,0.5,0.5,0.0,-1.2,-0.6,-0.6,23.6,19.0,4.600000000000001,24.8,19.6,-5.199999999999999,7.0,6.0,1.0,1485.6673511713218,1457.6625175026768,1501.5314100293915,1563.857389129935,-62.325979100543464,1
2023_17_MIA_BAL,2023-12-31,2023,17,TRAIN,BAL,MIA,1,1583.2903863365077,1563.1485037945638,20.141882541943914,0.8,0.7333333333333333,0.06666666666666676,1.0,0.6666666666666666,0.33333333333333337,1.0,0.8,0.19999999999999996,0.9,0.7,0.20000000000000007,11.533333333333333,9.933333333333334,1.5999999999999996,27.8,30.866666666666667,-3.0666666666666664,16.266666666666666,20.933333333333334,4.666666666666668,6.0,7.0,-1.0,1563.1485037945638,1583.2903863365077,1542.6099105974436,1475.8924361196373,66.71747447780626,1
2023_17_NE_BUF,2023-12-31,2023,17,TRAIN,BUF,NE,1,1606.0155182434005,1455.3855827222205,150.62993552117996,0.6,0.26666666666666666,0.3333333333333333,1.0,0.6666666666666666,0.33333333333333337,0.8,0.4,0.4,0.6,0.3,0.3,8.466666666666667,-7.333333333333333,15.8,26.866666666666667,14.133333333333333,12.733333333333334,18.4,21.466666666666665,3.0666666666666664,8.0,7.0,1.0,1455.3855827222205,1606.0155182434005,1561.2224020584615,1507.3203082359516,53.90209382250987,1
2023_17_NO_TB,2023-12-31,2023,17,TRAIN,TB,NO,0,1529.0438841579908,1468.8993845639116,60.14449959407921,0.5333333333333333,0.4666666666666667,0.06666666666666665,1.0,0.6666666666666666,0.33333333333333337,0.8,0.4,0.4,0.5,0.4,0.09999999999999998,1.6,2.2666666666666666,-0.6666666666666665,21.733333333333334,22.066666666666666,-0.33333333333333215,20.133333333333333,19.8,-0.33333333333333215,7.0,10.0,-3.0,1468.8993845639116,1529.0438841579908,1456.594506132775,1455.5960631007274,0.9984430320475894,1
2023_17_PIT_SEA,2023-12-31,2023,17,TRAIN,SEA,PIT,0,1509.3749385615433,1523.8532711556516,-14.478332594108224,0.5333333333333333,0.5333333333333333,0.0,0.6666666666666666,0.3333333333333333,0.3333333333333333,0.4,0.4,0.0,0.5,0.5,0.0,-2.1333333333333333,-2.2666666666666666,0.1333333333333333,21.333333333333332,17.133333333333333,4.199999999999999,23.466666666666665,19.4,-4.066666666666666,7.0,8.0,-1.0,1523.8532711556516,1509.3749385615433,1587.7669937027692,1488.3014402464337,99.46555345633556,1
2023_17_SF_WAS,2023-12-31,2023,17,TRAIN,WAS,SF,0,1426.1401683052895,1628.9771488756253,-202.83698057033575,0.26666666666666666,0.7333333333333333,-0.4666666666666666,0.0,0.6666666666666666,-0.6666666666666666,0.0,0.8,-0.8,0.2,0.6,-0.39999999999999997,-9.6,11.8,-21.4,20.6,29.6,-9.0,30.2,17.8,-12.399999999999999,7.0,6.0,1.0,1628.9771488756253,1426.1401683052895,1495.1529953244808,1525.4313181510474,-30.278322826566637,1
2023_17_TEN_HOU,2023-12-31,2023,17,TRAIN,HOU,TEN,1,1422.5383750488334,1451.1536897148505,-28.615314666017184,0.5333333333333333,0.3333333333333333,0.2,0.3333333333333333,0.3333333333333333,0.0,0.4,0.4,0.0,0.6,0.3,0.3,-0.2,-3.1333333333333333,2.933333333333333,21.866666666666667,18.266666666666666,3.6000000000000014,22.066666666666666,21.4,-0.6666666666666679,7.0,7.0,0.0,1451.1536897148505,1422.5383750488334,1475.082316407426,1462.1562047132054,12.926111694220708,1
2023_18_HOU_IND,2024-01-06,2023,18,TRAIN,IND,HOU,0,1468.4668202934752,1433.3601327427323,35.10668755074289,0.5625,0.5625,0.0,0.6666666666666666,0.6666666666666666,0.0,0.6,0.6,0.0,0.6,0.6,0.0,-0.9375,1.25,-2.1875,23.5625,22.125,1.4375,24.5,20.875,-3.625,6.0,6.0,0.0,1433.3601327427323,1468.4668202934752,1497.4628404916903,1463.8816328102935,33.58120768139679,1
2023_18_PIT_BAL,2024-01-06,2023,18,TRAIN,BAL,PIT,0,1592.711304948925,1533.4367922971721,59.27451265175296,0.8125,0.5625,0.25,1.0,0.6666666666666666,0.33333333333333337,1.0,0.4,0.6,0.9,0.5,0.4,13.125,-1.6875,14.8125,29.5625,17.9375,11.625,16.4375,19.625,3.1875,6.0,6.0,0.0,1533.4367922971721,1592.711304948925,1538.7277988076041,1475.9370438649057,62.79075494269841,1
2023_18_ATL_NO,2024-01-07,2023,18,TRAIN,NO,ATL,1,1480.6133952721268,1439.2372502986636,41.37614497346317,0.5,0.4375,0.0625,0.6666666666666666,0.3333333333333333,0.3333333333333333,0.6,0.4,0.19999999999999996,0.5,0.4,0.09999999999999998,2.75,-1.3125,4.0625,22.125,19.0,3.125,19.375,20.3125,0.9375,7.0,7.0,0.0,1439.2372502986636,1480.6133952721268,1473.2173102192824,1430.9387348918233,42.278575327459066,1
2023_18_BUF_MIA,2024-01-07,2023,18,TRAIN,MIA,BUF,0,1553.7275851821464,1611.932698328769,-58.20511314662258,0.6875,0.625,0.0625,0.6666666666666666,1.0,-0.33333333333333337,0.6,0.8,-0.20000000000000007,0.6,0.6,0.0,7.0,8.3125,-1.3125,30.125,26.875,3.25,23.125,18.5625,-4.5625,7.0,7.0,0.0,1611.932698328769,1553.7275851821464,1506.48830792443,1565.016087554827,-58.527779630396935,1
2023_18_CHI_GB,2024-01-07,2023,18,TRAIN,GB,CHI,1,1525.8062226178283,1414.038373673008,111.76784894482034,0.5,0.4375,0.0625,0.6666666666666666,0.6666666666666666,0.0,0.6,0.8,-0.20000000000000007,0.6,0.6,0.0,1.5625,-0.6875,2.25,22.875,21.9375,0.9375,21.3125,22.625,1.3125,7.0,7.0,0.0,1414.038373673008,1525.8062226178283,1499.8225227036075,1490.1188033289266,9.703719374680986,1
2023_18_CLE_CIN,2024-01-07,2023,18,TRAIN,CIN,CLE,1,1564.1848993591177,1530.9432611876305,33.24163817148724,0.5,0.6875,-0.1875,0.3333333333333333,1.0,-0.6666666666666667,0.6,0.8,-0.20000000000000007,0.5,0.7,-0.19999999999999996,-2.1875,3.1875,-5.375,20.9375,23.875,-2.9375,23.125,20.6875,-2.4375,7.0,10.0,-3.0,1530.9432611876305,1564.1848993591177,1529.4755938081503,1448.6541867560275,80.82140705212282,1
2023_18_DAL_WAS,2024-01-07,2023,18,TRAIN,WAS,DAL,0,1421.39447204722,1609.137908321346,-187.743436274126,0.25,0.6875,-0.4375,0.0,0.3333333333333333,-0.3333333333333333,0.0,0.6,-0.6,0.1,0.7,-0.6,-10.0625,10.375,-20.4375,19.9375,29.4375,-9.5,30.0,19.0625,-10.9375,7.0,8.0,-1.0,1609.137908321346,1421.39447204722,1535.7742534703814,1562.7223357996088,-26.948082329227418,1
2023_18_DEN_LV,2024-01-07,2023,18,TRAIN,LV,DEN,1,1474.8630483805234,1458.205712633506,16.65733574701744,0.4375,0.5,-0.0625,0.6666666666666666,0.3333333333333333,0.3333333333333333,0.4,0.4,0.0,0.4,0.7,-0.29999999999999993,-0.75,-2.6875,1.9375,19.0625,21.4375,-2.375,19.8125,24.125,4.3125,7.0,7.0,0.0,1458.205712633506,1474.8630483805234,1548.4204827682065,1470.979650244135,77.44083252407154,1
2023_18_JAX_TEN,2024-01-07,2023,18,TRAIN,TEN,JAX,1,1440.3319320209516,1485.624834814418,-45.29290279346628,0.3125,0.5625,-0.25,0.0,0.3333333333333333,-0.3333333333333333,0.2,0.2,0.0,0.3,0.5,-0.2,-4.375,0.875,-5.25,17.3125,22.3125,-5.0,21.6875,21.4375,-0.25,7.0,7.0,0.0,1485.624834814418,1440.3319320209516,1470.469061257269,1501.6011455412822,-31.132084284013217,1
2023_18_KC_LAC,2024-01-07,2023,18,TRAIN,LAC,KC,0,1463.7011902768147,1611.3078048824893,-147.60661460567462,0.3125,0.625,-0.3125,0.0,0.6666666666666666,-0.6666666666666666,0.2,0.4,-0.2,0.3,0.5,-0.2,-3.1875,4.75,-7.9375,20.875,22.375,-1.5,24.0625,17.625,-6.4375,7.0,7.0,0.0,1611.3078048824893,1463.7011902768147,1481.8358464261798,1518.242828465033,-36.40698203885313,1
2023_18_LA_SF,2024-01-07,2023,18,TRAIN,SF,LA,0,1633.7228451336948,1508.8283930372816,124.89445209641326,0.75,0.5625,0.1875,0.6666666666666666,1.0,-0.33333333333333337,0.8,0.8,0.0,0.7,0.6,0.09999999999999998,12.125,1.625,10.5,29.4375,23.9375,5.5,17.3125,22.3125,5.0,7.0,7.0,0.0,1508.8283930372816,1633.7228451336948,1509.2679257970995,1486.7603869026534,22.507538894446043,1
2023_18_MIN_DET,2024-01-07,2023,18,TRAIN,DET,MIN,1,1525.4843553883206,1524.385645035596,1.098710352724538,0.6875,0.4375,0.25,0.6666666666666666,0.0,0.6666666666666666,0.6,0.2,0.39999999999999997,0.6,0.5,0.09999999999999998,3.5,-0.5,4.0,26.9375,20.25,6.6875,23.4375,20.75,-2.6875,8.0,7.0,1.0,1524.385645035596,1525.4843553883206,1493.7247446032234,1490.6579429035726,3.066801699650796,1
2023_18_NYJ_NE,2024-01-07,2023,18,TRAIN,NE,NYJ,0,1449.468402636852,1421.230648547887,28.237754088964948,0.25,0.375,-0.125,0.3333333333333333,0.3333333333333333,0.0,0.4,0.4,0.0,0.3,0.3,0.0,-7.25,-6.3125,-0.9375,14.5625,15.6875,-1.125,21.8125,22.0,0.1875,7.0,10.0,-3.0,1421.230648547887,1449.468402636852,1541.0946520392085,1477.2262355753796,63.86841646382891,1
2023_18_PHI_NYG,2024-01-07,2023,18,TRAIN,NYG,PHI,1,1436.359120882198,1605.5327220910137,-169.17360120881563,0.3125,0.6875,-0.375,0.0,0.3333333333333333,-0.3333333333333333,0.4,0.2,0.2,0.4,0.6,-0.19999999999999996,-9.875,1.375,-11.25,14.9375,26.4375,-11.5,24.8125,25.0625,0.25,7.0,7.0,0.0,1605.5327220910137,1436.359120882198,1514.758109624938,1511.9816239263498,2.7764856985882034,1
2023_18_SEA_ARI,2024-01-07,2023,18,TRAIN,ARI,SEA,0,1406.061732524953,1499.7914174200228,-93.7296848950698,0.25,0.5,-0.25,0.3333333333333333,0.6666666666666666,-0.3333333333333333,0.4,0.4,0.0,0.3,0.4,-0.10000000000000003,-7.75,-2.4375,-5.3125,19.375,21.4375,-2.0625,27.125,23.875,-3.25,7.0,7.0,0.0,1499.7914174200228,1406.061732524953,1534.4930614420468,1570.0175363913902,-35.52447494934336,1
2023_18_TB_CAR,2024-01-07,2023,18,TRAIN,CAR,TB,0,1358.779204273541,1517.3298734497755,-158.55066917623458,0.125,0.5,-0.375,0.3333333333333333,0.6666666666666666,-0.3333333333333333,0.2,0.8,-0.6000000000000001,0.2,0.5,-0.3,-10.6875,0.875,-11.5625,14.75,21.1875,-6.4375,25.4375,20.3125,-5.125,7.0,7.0,0.0,1517.3298734497755,1358.779204273541,1479.1598566823295,1462.1072841231532,17.05257255917627,1
2024_02_BUF_MIA,2024-09-12,2024,2,VALIDATION,MIA,BUF,0,1553.3701751252984,1624.6392633888056,-71.26908826350723,1.0,1.0,0.0,1.0,1.0,0.0,1.0,1.0,0.0,1.0,1.0,0.0,3.0,6.0,-3.0,20.0,34.0,-14.0,17.0,28.0,11.0,4.0,4.0,0.0,1624.6392633888056,1553.3701751252984,1474.3285353497063,1398.6958938173616,75.63264153234468,1
2024_02_CHI_HOU,2024-09-15,2024,2,VALIDATION,HOU,CHI,1,1454.7438175019747,1418.4220234304746,36.32179407150011,1.0,1.0,0.0,1.0,1.0,0.0,1.0,1.0,0.0,1.0,1.0,0.0,2.0,7.0,-5.0,29.0,24.0,5.0,27.0,17.0,-10.0,7.0,7.0,0.0,1418.4220234304746,1454.7438175019747,1457.4597935601587,1451.6282314856633,5.831562074495423,1
2024_02_CIN_KC,2024-09-15,2024,2,VALIDATION,KC,CIN,1,1626.2574207434914,1559.5404411626444,66.71697958084701,1.0,0.0,1.0,1.0,0.0,1.0,1.0,0.0,1.0,1.0,0.0,1.0,7.0,-6.0,13.0,27.0,10.0,17.0,20.0,16.0,-4.0,10.0,7.0,3.0,1559.5404411626444,1626.2574207434914,1581.0216092224764,1438.657439585881,142.3641696365953,1
2024_02_CLE_JAX,2024-09-15,2024,2,VALIDATION,JAX,CLE,0,1466.345724661503,1514.4931669877626,-48.14744232625958,0.0,0.0,0.0,0.0,0.0,0.0,0.0,0.0,0.0,0.0,0.0,0.0,-3.0,-16.0,13.0,17.0,17.0,0.0,20.0,33.0,13.0,7.0,7.0,0.0,1514.4931669877626,1466.345724661503,1545.3873644370951,1614.2052356134463,-68.81787117635122,1
2024_02_IND_GB,2024-09-15,2024,2,VALIDATION,GB,IND,1,1524.3588185348328,1447.0831355342327,77.27568300060011,0.0,0.0,0.0,0.0,0.0,0.0,0.0,0.0,0.0,0.0,0.0,0.0,-5.0,-2.0,-3.0,29.0,27.0,2.0,34.0,29.0,-5.0,9.0,7.0,2.0,1447.0831355342327,1524.3588185348328,1591.0150314151545,1444.3671594760488,146.6478719391057,1
2024_02_LAC_CAR,2024-09-15,2024,2,VALIDATION,CAR,LAC,0,1346.7855821222765,1468.4774392042152,-121.69185708193868,0.0,1.0,-1.0,0.0,1.0,-1.0,0.0,1.0,-1.0,0.0,1.0,-1.0,-37.0,12.0,-49.0,10.0,22.0,-12.0,47.0,10.0,-37.0,7.0,7.0,0.0,1468.4774392042152,1346.7855821222765,1489.4280923009285,1484.3839787244292,5.044113576499285,1
2024_02_LA_ARI,2024-09-15,2024,2,VALIDATION,ARI,LA,1,1394.3295495023763,1512.6549870486983,-118.32543754632206,0.0,0.0,0.0,0.0,0.0,0.0,0.0,0.0,0.0,0.0,0.0,0.0,-6.0,-6.0,0.0,28.0,20.0,8.0,34.0,26.0,-8.0,7.0,7.0,0.0,1512.6549870486983,1394.3295495023763,1620.2729190738203,1535.4527320677396,84.82018700608069,1
2024_02_LV_BAL,2024-09-15,2024,2,VALIDATION,BAL,LV,0,1572.0619428929053,1473.6177802655977,98.4441626273076,0.0,0.0,0.0,0.0,0.0,0.0,0.0,0.0,0.0,0.0,0.0,0.0,-7.0,-12.0,5.0,20.0,10.0,10.0,27.0,22.0,-5.0,10.0,7.0,3.0,1473.6177802655977,1572.0619428929053,1617.2977544139203,1457.7112407453837,159.58651366853655,1
2024_02_NO_DAL,2024-09-15,2024,2,VALIDATION,DAL,NO,0,1621.6091922565306,1495.6927247032054,125.91646755332522,1.0,1.0,0.0,1.0,1.0,0.0,1.0,1.0,0.0,1.0,1.0,0.0,16.0,37.0,-21.0,33.0,47.0,-14.0,17.0,10.0,-7.0,7.0,7.0,0.0,1495.6927247032054,1621.6091922565306,1521.8971236308469,1353.0502145245534,168.84690910629342,1
2024_02_NYG_WAS,2024-09-15,2024,2,VALIDATION,WAS,NYG,1,1409.3060087538302,1442.6855325435474,-33.37952378971727,0.0,0.0,0.0,0.0,0.0,0.0,0.0,0.0,0.0,0.0,0.0,0.0,-17.0,-22.0,5.0,20.0,6.0,14.0,37.0,28.0,-9.0,7.0,7.0,0.0,1442.6855325435474,1409.3060087538302,1523.058863198763,1514.4172683561771,8.641594842585846,1
2024_02_NYJ_TEN,2024-09-15,2024,2,VALIDATION,TEN,NYJ,0,1440.3549576878804,1426.9849548062302,13.37000288165018,0.0,0.0,0.0,0.0,0.0,0.0,0.0,0.0,0.0,0.0,0.0,0.0,-7.0,-13.0,6.0,17.0,19.0,-2.0,24.0,32.0,8.0,7.0,6.0,1.0,1426.9849548062302,1440.3549576878804,1407.1487496326918,1620.2753288323133,-213.12657919962157,1
2024_02_PIT_DEN,2024-09-15,2024,2,VALIDATION,DEN,PIT,0,1440.352043852508,1551.939982251407,-111.58793839889904,0.0,1.0,-1.0,0.0,1.0,-1.0,0.0,1.0,-1.0,0.0,1.0,-1.0,-6.0,8.0,-14.0,20.0,18.0,2.0,26.0,10.0,-16.0,7.0,7.0,0.0,1551.939982251407,1440.352043852508,1507.1572561276141,1430.422553269862,76.73470285775215,1
2024_02_SEA_NE,2024-09-15,2024,2,VALIDATION,NE,SEA,0,1452.348035339138,1515.4899945647064,-63.14195922556837,1.0,1.0,0.0,1.0,1.0,0.0,1.0,1.0,0.0,1.0,1.0,0.0,6.0,6.0,0.0,16.0,26.0,-10.0,10.0,20.0,10.0,7.0,7.0,0.0,1515.4899945647064,1452.348035339138,1573.2310369159013,1448.6847822896002,124.5462546263011,1
2024_02_SF_MIN,2024-09-15,2024,2,VALIDATION,MIN,SF,1,1522.6085473706871,1625.3319856249411,-102.723438254254,1.0,1.0,0.0,1.0,1.0,0.0,1.0,1.0,0.0,1.0,1.0,0.0,22.0,13.0,9.0,28.0,32.0,-4.0,6.0,19.0,13.0,7.0,6.0,1.0,1625.3319856249411,1522.6085473706871,1450.8768115580574,1432.041611598858,18.83519995919937,1
2024_02_TB_DET,2024-09-15,2024,2,VALIDATION,DET,TB,0,1545.0736543577043,1530.0799992000525,14.993655157651801,1.0,1.0,0.0,1.0,1.0,0.0,1.0,1.0,0.0,1.0,1.0,0.0,6.0,17.0,-11.0,26.0,37.0,-11.0,20.0,20.0,0.0,7.0,7.0,0.0,1530.0799992000525,1545.0736543577043,1522.275909338663,1416.3271447551197,105.94876458354338,1
2024_02_ATL_PHI,2024-09-16,2024,2,VALIDATION,PHI,ATL,0,1599.3520595384662,1423.6090590420758,175.74300049639032,1.0,0.0,1.0,1.0,0.0,1.0,1.0,0.0,1.0,1.0,0.0,1.0,5.0,-8.0,13.0,34.0,10.0,24.0,29.0,18.0,-11.0,10.0,8.0,2.0,1423.6090590420758,1599.3520595384662,1532.6958466581445,1545.1264880236208,-12.430641365476276,1
2024_03_NE_NYJ,2024-09-19,2024,3,VALIDATION,NYJ,NE,1,1437.3695845804534,1444.1456595726893,-6.776074992235863,0.5,0.5,0.0,0.5,0.5,0.0,0.5,0.5,0.0,0.5,0.5,0.0,-3.0,1.5,-4.5,21.5,18.0,3.5,24.5,16.5,-8.0,4.0,4.0,0.0,1444.1456595726893,1437.3695845804534,1530.3151432600969,1544.360515740304,-14.045372480207106,1
2024_03_BAL_DAL,2024-09-22,2024,3,VALIDATION,DAL,BAL,0,1608.1357825158595,1559.301960991201,48.83382152465856,0.5,0.0,0.5,0.5,0.0,0.5,0.5,0.0,0.5,0.5,0.0,0.5,-4.5,-5.0,0.5,26.0,21.5,4.5,30.5,26.5,-4.0,7.0,7.0,0.0,1559.301960991201,1608.1357825158595,1508.7949241670262,1545.457767339759,-36.662843172732664,1
2024_03_CAR_LV,2024-09-22,2024,3,VALIDATION,LV,CAR,0,1486.377762167302,1340.1516194149604,146.22614275234173,0.5,0.0,0.5,0.5,0.0,0.5,0.5,0.0,0.5,0.5,0.0,0.5,-4.5,-30.0,25.5,18.0,6.5,11.5,22.5,36.5,14.0,7.0,7.0,0.0,1340.1516194149604,1486.377762167302,1514.8865918191445,1478.9527657525718,35.93382606657269,1
2024_03_CHI_IND,2024-09-22,2024,3,VALIDATION,IND,CHI,1,1439.2713437690813,1409.4636567434652,29.807687025616133,0.0,0.5,-0.5,0.0,0.5,-0.5,0.0,0.5,-0.5,0.0,0.5,-0.5,-4.0,0.5,-4.5,18.5,18.5,0.0,22.5,18.0,-4.5,7.0,7.0,0.0,1409.4636567434652,1439.2713437690813,1484.3629890054408,1453.1860244938189,31.176964511621918,1
2024_03_DEN_TB,2024-09-22,2024,3,VALIDATION,TB,DEN,0,1540.5112835816594,1433.4577417832102,107.05354179844926,1.0,0.0,1.0,1.0,0.0,1.0,1.0,0.0,1.0,1.0,0.0,1.0,10.5,-6.5,17.0,28.5,13.0,15.5,18.0,19.5,1.5,7.0,7.0,0.0,1433.4577417832102,1540.5112835816594,1480.7003995564119,1529.5486191895106,-48.84821963309878,1
2024_03_DET_ARI,2024-09-22,2024,3,VALIDATION,ARI,DET,0,1407.6093932484828,1534.6423699760974,-127.0329767276146,0.5,0.5,0.0,0.5,0.5,0.0,0.5,0.5,0.0,0.5,0.5,0.0,12.5,1.0,11.5,34.5,21.0,13.5,22.0,20.0,-2.0,7.0,7.0,0.0,1534.6423699760974,1407.6093932484828,1566.4639530612594,1526.1779542693578,40.28599879190165,1
2024_03_GB_TEN,2024-09-22,2024,3,VALIDATION,TEN,GB,0,1429.9703279136572,1532.1706102999842,-102.20028238632699,0.0,0.5,-0.5,0.0,0.5,-0.5,0.0,0.5,-0.5,0.0,0.5,-0.5,-7.0,0.5,-7.5,17.0,22.5,-5.5,24.0,22.0,-2.0,7.0,7.0,0.0,1532.1706102999842,1429.9703279136572,1417.066852219461,1519.0490834746936,-101.98223125523259,1
2024_03_HOU_MIN,2024-09-22,2024,3,VALIDATION,MIN,HOU,1,1535.4819232394887,1463.7021841889841,71.77973905050453,1.0,1.0,0.0,1.0,1.0,0.0,1.0,1.0,0.0,1.0,1.0,0.0,14.0,4.0,10.0,25.5,24.0,1.5,11.5,20.0,8.5,7.0,7.0,0.0,1463.7021841889841,1535.4819232394887,1538.1043985914994,1437.9409084953168,100.16349009618261,1
2024_03_KC_ATL,2024-09-22,2024,3,VALIDATION,ATL,KC,0,1438.2759491130237,1634.3604115729959,-196.0844624599722,0.5,1.0,-0.5,0.5,1.0,-0.5,0.5,1.0,-0.5,0.5,1.0,-0.5,-3.5,4.0,-7.5,16.0,26.5,-10.5,19.5,22.5,3.0,6.0,7.0,-1.0,1634.3604115729959,1438.2759491130237,1572.2392737810435,1570.2810251925603,1.9582485884832295,1
2024_03_LAC_PIT,2024-09-22,2024,3,VALIDATION,PIT,LAC,1,1558.8342843207047,1475.1114019115314,83.72288240917328,1.0,1.0,0.0,1.0,1.0,0.0,1.0,1.0,0.0,1.0,1.0,0.0,7.5,17.5,-10.0,15.5,24.0,-8.5,8.0,6.5,-1.5,7.0,7.0,0.0,1475.1114019115314,1558.8342843207047,1435.387298561185,1415.5847804233529,19.802518137832067,1
2024_03_MIA_SEA,2024-09-22,2024,3,VALIDATION,SEA,MIA,1,1523.6923703311552,1545.3931692246063,-21.700798893451065,1.0,0.5,0.5,1.0,0.5,0.5,1.0,0.5,0.5,1.0,0.5,0.5,4.5,-9.0,13.5,24.5,15.0,9.5,20.0,24.0,4.0,7.0,10.0,-3.0,1545.3931692246063,1523.6923703311552,1450.5164088143692,1549.483899369256,-98.96749055488681,1
2024_03_NYG_CLE,2024-09-22,2024,3,VALIDATION,CLE,NYG,0,1523.1161756413678,1431.7277376913469,91.38843795002094,0.5,0.0,0.5,0.5,0.0,0.5,0.5,0.0,0.5,0.5,0.0,0.5,-5.5,-12.5,7.0,17.5,12.0,5.5,23.0,24.5,1.5,7.0,7.0,0.0,1431.7277376913469,1523.1161756413678,1540.2754801374747,1461.8616385550035,78.41384158247115,1
2024_03_PHI_NO,2024-09-22,2024,3,VALIDATION,NO,PHI,0,1509.1661344438764,1584.6851694675183,-75.51903502364189,1.0,0.5,0.5,1.0,0.5,0.5,1.0,0.5,0.5,1.0,0.5,0.5,31.0,2.0,29.0,45.5,27.5,18.0,14.5,25.5,11.0,7.0,6.0,1.0,1584.6851694675183,1509.1661344438764,1487.329703390542,1478.1524528501102,9.177250540431714,1
2024_03_SF_LA,2024-09-22,2024,3,VALIDATION,LA,SF,1,1499.3751433025918,1612.4586097561396,-113.08346645354777,0.0,0.5,-0.5,0.0,0.5,-0.5,0.0,0.5,-0.5,0.0,0.5,-0.5,-18.5,3.5,-22.0,15.0,24.5,-9.5,33.5,21.0,-12.5,7.0,7.0,0.0,1612.4586097561396,1499.3751433025918,1464.8911407850578,1477.3250794847727,-12.433938699714872,1
2024_03_JAX_BUF,2024-09-23,2024,3,VALIDATION,BUF,JAX,1,1632.6162692894977,1457.7227160078978,174.8935532815999,1.0,0.0,1.0,1.0,0.0,1.0,1.0,0.0,1.0,1.0,0.0,1.0,13.5,-4.0,17.5,32.5,15.0,17.5,19.0,19.0,0.0,11.0,8.0,3.0,1457.7227160078978,1632.6162692894977,1476.03303447133,1529.9402657124288,-53.90723124109877,1
2024_03_WAS_CIN,2024-09-23,2024,3,VALIDATION,CIN,WAS,0,1551.4374503331399,1420.2638036060307,131.17364672710914,0.0,0.5,-0.5,0.0,0.5,-0.5,0.0,0.5,-0.5,0.0,0.5,-0.5,-3.5,-7.0,3.5,17.5,20.5,-3.0,21.0,27.5,6.5,8.0,8.0,0.0,1420.2638036060307,1551.4374503331399,1532.4574301646862,1482.872197871155,49.585232293531135,1
2024_04_DAL_NYG,2024-09-26,2024,4,VALIDATION,NYG,DAL,0,1444.2990777372368,1596.7394154707138,-152.440337733477,0.3333333333333333,0.3333333333333333,0.0,0.3333333333333333,0.3333333333333333,0.0,0.3333333333333333,0.3333333333333333,0.0,0.3333333333333333,0.3333333333333333,0.0,-6.333333333333333,-4.0,-2.333333333333333,15.0,25.666666666666668,-10.666666666666668,21.333333333333332,29.666666666666668,8.333333333333336,4.0,4.0,0.0,1596.7394154707138,1444.2990777372368,1482.2798175837918,1525.6306031084177,-43.35078552462596,1
2024_04_BUF_BAL,2024-09-29,2024,4,VALIDATION,BAL,BUF,1,1570.6983280363468,1637.9685251113194,-67.27019707497266,0.3333333333333333,1.0,-0.6666666666666667,0.3333333333333333,1.0,-0.6666666666666667,0.3333333333333333,1.0,-0.6666666666666667,0.3333333333333333,1.0,-0.6666666666666667,-2.3333333333333335,21.333333333333332,-23.666666666666664,23.666666666666668,37.333333333333336,-13.666666666666668,26.0,16.0,-10.0,7.0,6.0,1.0,1637.9685251113194,1570.6983280363468,1566.3504390651258,1469.9295949835193,96.42084408160645,1
2024_04_CIN_CAR,2024-09-29,2024,4,VALIDATION,CAR,CIN,0,1354.128272968327,1537.8316878906542,-183.70341492232706,0.3333333333333333,0.0,0.3333333333333333,0.3333333333333333,0.0,0.3333333333333333,0.3333333333333333,0.0,0.3333333333333333,0.3333333333333333,0.0,0.3333333333333333,-15.333333333333334,-4.0,-11.333333333333334,16.333333333333332,22.666666666666668,-6.333333333333336,31.666666666666668,26.666666666666668,-5.0,7.0,6.0,1.0,1537.8316878906542,1354.128272968327,1481.427764557482,1495.0595546451343,-13.631790087652234,1
2024_04_CLE_LV,2024-09-29,2024,4,VALIDATION,LV,CLE,1,1472.4011086139353,1510.544835595478,-38.14372698154261,0.3333333333333333,0.3333333333333333,0.0,0.3333333333333333,0.3333333333333333,0.0,0.3333333333333333,0.3333333333333333,0.0,0.3333333333333333,0.3333333333333333,0.0,-7.666666666666667,-5.666666666666667,-2.0,19.333333333333332,16.666666666666668,2.6666666666666643,27.0,22.333333333333332,-4.666666666666668,7.0,7.0,0.0,1510.544835595478,1472.4011086139353,1456.6416010177497,1504.0928993220987,-47.45129830434894,1
2024_04_DEN_NYJ,2024-09-29,2024,4,VALIDATION,NYJ,DEN,0,1447.564590971958,1446.445044323322,1.1195466486360601,0.6666666666666666,0.3333333333333333,0.3333333333333333,0.6666666666666666,0.3333333333333333,0.3333333333333333,0.6666666666666666,0.3333333333333333,0.3333333333333333,0.6666666666666666,0.3333333333333333,0.3333333333333333,5.0,2.0,3.0,22.333333333333332,17.333333333333332,5.0,17.333333333333332,15.333333333333334,-1.9999999999999982,10.0,7.0,3.0,1446.445044323322,1447.564590971958,1501.591982030961,1533.20284065356,-31.610858622599153,1
2024_04_JAX_HOU,2024-09-29,2024,4,VALIDATION,HOU,JAX,1,1455.7392702946568,1452.3704601860761,3.3688101085806466,0.6666666666666666,0.0,0.6666666666666666,0.6666666666666666,0.0,0.6666666666666666,0.6666666666666666,0.0,0.6666666666666666,0.6666666666666666,0.0,0.6666666666666666,-6.333333333333333,-15.0,8.666666666666668,18.333333333333332,13.333333333333334,4.999999999999998,24.666666666666668,28.333333333333332,3.6666666666666643,7.0,6.0,1.0,1452.3704601860761,1455.7392702946568,1470.4545800767073,1564.1656002381185,-93.71102016141117,1
2024_04_KC_LAC,2024-09-29,2024,4,VALIDATION,LAC,KC,0,1467.475555490315,1639.2482380152185,-171.77268252490353,0.6666666666666666,1.0,-0.33333333333333337,0.6666666666666666,1.0,-0.33333333333333337,0.6666666666666666,1.0,-0.33333333333333337,0.6666666666666666,1.0,-0.33333333333333337,8.333333333333334,4.333333333333333,4.000000000000001,19.333333333333332,25.0,-5.666666666666668,11.0,20.666666666666668,9.666666666666668,7.0,7.0,0.0,1639.2482380152185,1467.475555490315,1463.3346150558034,1526.279333166048,-62.944718110244594,1
2024_04_LA_CHI,2024-09-29,2024,4,VALIDATION,CHI,LA,1,1400.3194921753034,1512.519682005392,-112.20018983008868,0.3333333333333333,0.3333333333333333,0.0,0.3333333333333333,0.3333333333333333,0.0,0.3333333333333333,0.3333333333333333,0.0,0.3333333333333333,0.3333333333333333,0.0,-1.3333333333333333,-11.333333333333334,10.0,17.666666666666668,19.0,-1.3333333333333321,19.0,30.333333333333332,11.333333333333332,7.0,7.0,0.0,1512.519682005392,1400.3194921753034,1448.547797585573,1514.0802971087517,-65.53249952317856,1
2024_04_MIN_GB,2024-09-29,2024,4,VALIDATION,GB,MIN,0,1539.3110548346422,1543.444837133816,-4.133782299173845,0.6666666666666666,1.0,-0.33333333333333337,0.6666666666666666,1.0,-0.33333333333333337,0.6666666666666666,1.0,-0.33333333333333337,0.6666666666666666,1.0,-0.33333333333333337,5.666666666666667,18.333333333333332,-12.666666666666664,25.0,28.333333333333332,-3.333333333333332,19.333333333333332,10.0,-9.333333333333332,7.0,7.0,0.0,1543.444837133816,1539.3110548346422,1489.356164954348,1513.3036604573274,-23.947495502979336,1
2024_04_NE_SF,2024-09-29,2024,4,VALIDATION,SF,NE,1,1599.3140710533394,1433.9506531811846,165.36341787215474,0.3333333333333333,0.3333333333333333,0.0,0.3333333333333333,0.3333333333333333,0.0,0.3333333333333333,0.3333333333333333,0.0,0.3333333333333333,0.3333333333333333,0.0,1.3333333333333333,-6.0,7.333333333333333,24.333333333333332,13.0,11.333333333333332,23.0,19.0,-4.0,7.0,10.0,-3.0,1433.9506531811846,1599.3140710533394,1484.6751007573791,1508.6968720203538,-24.021771262974653,1
2024_04_NO_ATL,2024-09-29,2024,4,VALIDATION,ATL,NO,1,1433.388122670801,1501.3061503386032,-67.91802766780211,0.3333333333333333,0.6666666666666666,-0.3333333333333333,0.3333333333333333,0.6666666666666666,-0.3333333333333333,0.3333333333333333,0.6666666666666666,-0.3333333333333333,0.3333333333333333,0.6666666666666666,-0.3333333333333333,-4.0,19.666666666666668,-23.666666666666668,16.333333333333332,34.333333333333336,-18.000000000000004,20.333333333333332,14.666666666666666,-5.666666666666666,7.0,7.0,0.0,1501.3061503386032,1433.388122670801,1592.946319711694,1519.7815254162008,73.16479429549327,1
2024_04_PHI_TB,2024-09-29,2024,4,VALIDATION,TB,PHI,1,1527.5239810415476,1592.5451535727916,-65.02117253124402,0.6666666666666666,0.6666666666666666,0.0,0.6666666666666666,0.6666666666666666,0.0,0.6666666666666666,0.6666666666666666,0.0,0.6666666666666666,0.6666666666666666,0.0,0.6666666666666666,2.3333333333333335,-1.666666666666667,21.333333333333332,23.333333333333332,-2.0,20.666666666666668,21.0,0.33333333333333215,7.0,7.0,0.0,1592.5451535727916,1527.5239810415476,1464.9528469653449,1488.490346714699,-23.537499749354083,1
2024_04_PIT_IND,2024-09-29,2024,4,VALIDATION,IND,PIT,1,1448.4155083372432,1566.4701307419211,-118.05462240467796,0.3333333333333333,1.0,-0.6666666666666667,0.3333333333333333,1.0,-0.6666666666666667,0.3333333333333333,1.0,-0.6666666666666667,0.3333333333333333,1.0,-0.6666666666666667,-1.0,8.333333333333334,-9.333333333333334,19.333333333333332,17.0,2.333333333333332,20.333333333333332,8.666666666666666,-11.666666666666666,7.0,7.0,0.0,1566.4701307419211,1448.4155083372432,1459.3965449181158,1448.6286663446338,10.767878573481994,1
2024_04_WAS_ARI,2024-09-29,2024,4,VALIDATION,ARI,WAS,0,1401.111030064258,1433.8695660485164,-32.75853598425829,0.3333333333333333,0.6666666666666666,-0.3333333333333333,0.3333333333333333,0.6666666666666666,-0.3333333333333333,0.3333333333333333,0.6666666666666666,-0.3333333333333333,0.3333333333333333,0.6666666666666666,-0.3333333333333333,6.0,-3.0,9.0,27.333333333333332,26.333333333333332,1.0,21.333333333333332,29.333333333333332,8.0,7.0,6.0,1.0,1433.8695660485164,1401.111030064258,1555.8567586995387,1505.72728202515,50.12947667438857,1
2024_04_SEA_DET,2024-09-30,2024,4,VALIDATION,DET,SEA,1,1541.140733160322,1534.3161585596633,6.824574600658707,0.6666666666666666,1.0,-0.33333333333333337,0.6666666666666666,1.0,-0.33333333333333337,0.6666666666666666,1.0,-0.33333333333333337,0.6666666666666666,1.0,-0.33333333333333337,3.0,10.0,-7.0,20.666666666666668,24.333333333333332,-3.6666666666666643,17.666666666666668,14.333333333333334,-3.333333333333334,8.0,8.0,0.0,1534.3161585596633,1541.140733160322,1486.6551005957328,1482.1419956177815,4.513104977951343,1
2024_04_TEN_MIA,2024-09-30,2024,4,VALIDATION,MIA,TEN,0,1534.769380996098,1422.8298833789993,111.93949761709882,0.3333333333333333,0.0,0.3333333333333333,0.3333333333333333,0.0,0.3333333333333333,0.3333333333333333,0.0,0.3333333333333333,0.3333333333333333,0.0,0.3333333333333333,-13.0,-10.0,-3.0,11.0,16.0,-5.0,24.0,26.0,2.0,8.0,8.0,0.0,1422.8298833789993,1534.769380996098,1540.8867230232224,1455.4347715796355,85.45195144358695,1
2024_05_TB_ATL,2024-10-03,2024,5,VALIDATION,ATL,TB,1,1445.318434799007,1539.3738941997372,-94.05545940073011,0.5,0.75,-0.25,0.6666666666666666,0.6666666666666666,0.0,0.5,0.75,-0.25,0.5,0.75,-0.25,-2.5,4.75,-7.25,18.75,24.25,-5.5,21.25,19.5,-1.75,4.0,4.0,0.0,1539.3738941997372,1445.318434799007,1570.0362773684215,1496.8509236172065,73.18535375121496,1
2024_05_ARI_SF,2024-10-06,2024,5,VALIDATION,SF,ARI,0,1604.8840950314705,1392.0511124032857,212.8329826281847,0.5,0.25,0.25,0.3333333333333333,0.3333333333333333,0.0,0.5,0.25,0.25,0.5,0.25,0.25,5.25,-2.5,7.75,25.75,24.0,1.75,20.5,26.5,6.0,7.0,7.0,0.0,1392.0511124032857,1604.8840950314705,1471.9939888633303,1525.359960536783,-53.365971673452805,1
2024_05_BAL_CIN,2024-10-06,2024,5,VALIDATION,CIN,BAL,0,1542.987507254358,1582.6106824304454,-39.62317517608744,0.25,0.5,-0.25,0.3333333333333333,0.6666666666666666,-0.3333333333333333,0.25,0.5,-0.25,0.25,0.5,-0.25,-0.5,4.5,-5.0,25.5,26.5,-1.0,26.0,22.0,-4.0,7.0,7.0,0.0,1582.6106824304454,1542.987507254358,1459.8267342259326,1584.2549605766742,-124.42822635074162,1
2024_05_BUF_HOU,2024-10-06,2024,5,VALIDATION,HOU,BUF,1,1465.6423111840115,1626.0561707172208,-160.41385953320923,0.75,0.75,0.0,0.6666666666666666,0.6666666666666666,0.0,0.75,0.75,0.0,0.75,0.75,0.0,-3.75,9.75,-13.5,19.75,30.5,-10.75,23.5,20.75,-2.75,7.0,7.0,0.0,1626.0561707172208,1465.6423111840115,1465.9335501040496,1495.121778246726,-29.188228142676508,1
2024_05_CAR_CHI,2024-10-06,2024,5,VALIDATION,CHI,CAR,1,1413.4411036864751,1348.9724536046233,64.46865008185182,0.5,0.25,0.25,0.3333333333333333,0.3333333333333333,0.0,0.5,0.25,0.25,0.5,0.25,0.25,0.5,-14.0,14.5,19.25,18.25,1.0,18.75,32.25,13.5,7.0,7.0,0.0,1348.9724536046233,1413.4411036864751,1464.5407686905278,1495.528745390775,-30.987976700247145,1
2024_05_CLE_WAS,2024-10-06,2024,5,VALIDATION,WAS,CLE,1,1442.9294837094887,1499.4513605984594,-56.52187688897061,0.75,0.25,0.5,1.0,0.3333333333333333,0.6666666666666667,0.75,0.25,0.5,0.75,0.25,0.5,4.75,-5.25,10.0,30.25,16.5,13.75,25.5,21.75,-3.75,7.0,7.0,0.0,1499.4513605984594,1442.9294837094887,1479.5732190349272,1496.1699516450578,-16.59673261013063,1
2024_05_DAL_PIT,2024-10-06,2024,5,VALIDATION,PIT,DAL,0,1553.1972449559432,1602.6132665924038,-49.41602163646053,0.75,0.5,0.25,0.6666666666666666,0.3333333333333333,0.3333333333333333,0.75,0.5,0.25,0.75,0.5,0.25,5.5,-1.75,7.25,18.75,24.25,-5.5,13.25,26.0,12.75,7.0,10.0,-3.0,1602.6132665924038,1553.1972449559432,1448.5753768427862,1505.2977217656226,-56.72234492283633,1
2024_05_GB_LA,2024-10-06,2024,5,VALIDATION,LA,GB,0,1499.3980704942203,1529.4300290393678,-30.031958545147518,0.25,0.5,-0.25,0.3333333333333333,0.6666666666666666,-0.3333333333333333,0.25,0.5,-0.25,0.25,0.5,-0.25,-10.0,3.75,-13.75,18.75,26.0,-7.25,28.75,22.25,-6.5,7.0,7.0,0.0,1529.4300290393678,1499.3980704942203,1485.6400958753898,1502.8783329992152,-17.238237123825456,1
2024_05_IND_JAX,2024-10-06,2024,5,VALIDATION,JAX,IND,1,1442.4674192967213,1461.688394123221,-19.22097482649974,0.0,0.5,-0.5,0.0,0.6666666666666666,-0.6666666666666666,0.0,0.5,-0.5,0.0,0.5,-0.5,-12.25,0.0,-12.25,15.0,21.25,-6.25,27.25,21.25,-6.0,7.0,7.0,0.0,1461.688394123221,1442.4674192967213,1537.059017752253,1486.164941374067,50.89407637818613,1
2024_05_LV_DEN,2024-10-06,2024,5,VALIDATION,DEN,LV,1,1456.4772673545956,1483.494583610954,-27.0173162563583,0.5,0.5,0.0,0.6666666666666666,0.6666666666666666,0.0,0.5,0.5,0.0,0.5,0.5,0.0,1.75,-4.75,6.5,15.5,19.5,-4.0,13.75,24.25,10.5,7.0,7.0,0.0,1483.494583610954,1456.4772673545956,1511.7932782331595,1470.117409662182,41.67586857097763,1
2024_05_MIA_NE,2024-10-06,2024,5,VALIDATION,NE,MIA,0,1428.3806292030536,1521.6545432368891,-93.27391403383558,0.25,0.25,0.0,0.0,0.0,0.0,0.25,0.25,0.0,0.25,0.25,0.0,-8.75,-14.5,5.75,13.0,11.25,1.75,21.75,25.75,4.0,7.0,6.0,1.0,1521.6545432368891,1428.3806292030536,1531.3511717786,1511.3725131121666,19.978658666433375,1
2024_05_NYG_SEA,2024-10-06,2024,5,VALIDATION,SEA,NYG,0,1524.512560347465,1438.4252266155468,86.0873337319183,0.75,0.25,0.5,0.6666666666666666,0.3333333333333333,0.3333333333333333,0.75,0.25,0.5,0.75,0.25,0.5,4.25,-6.0,10.25,25.5,15.0,10.5,21.25,21.0,-0.25,6.0,10.0,-4.0,1438.4252266155468,1524.512560347465,1496.8916800034167,1510.8947170555223,-14.003037052105583,1
2024_05_NYJ_MIN,2024-10-06,2024,5,VALIDATION,MIN,NYJ,1,1553.3258629290904,1437.5323679406845,115.79349498840588,1.0,0.5,0.5,1.0,0.6666666666666666,0.33333333333333337,1.0,0.5,0.5,1.0,0.5,0.5,14.25,3.5,10.75,29.0,19.0,10.0,14.75,15.5,0.75,7.0,7.0,0.0,1437.5323679406845,1553.3258629290904,1519.8055090516561,1487.8052476040511,32.000261447605,1
2024_05_NO_KC,2024-10-07,2024,5,VALIDATION,KC,NO,1,1644.6712092834405,1489.3758382103972,155.29537107304327,1.0,0.5,0.5,1.0,0.3333333333333333,0.6666666666666667,1.0,0.5,0.5,1.0,0.5,0.5,5.0,14.25,-9.25,23.0,31.75,-8.75,18.0,17.5,-0.5,8.0,8.0,0.0,1489.3758382103972,1644.6712092834405,1511.5783887471148,1498.1831747298509,13.395214017263925,1
2024_06_SF_SEA,2024-10-10,2024,6,VALIDATION,SEA,SF,0,1512.084260295721,1589.4246702454006,-77.34040994967972,0.6,0.4,0.19999999999999996,0.3333333333333333,0.3333333333333333,0.0,0.6,0.4,0.19999999999999996,0.6,0.4,0.19999999999999996,1.6,4.0,-2.4,24.4,25.2,-0.8000000000000007,22.8,21.2,-1.6000000000000014,4.0,4.0,0.0,1589.4246702454006,1512.084260295721,1485.1983893258425,1456.0054135713215,29.192975754521058,1
2024_06_ARI_GB,2024-10-13,2024,6,VALIDATION,GB,ARI,1,1538.5677861894883,1407.5105371893555,131.05724900013274,0.6,0.4,0.19999999999999996,0.6666666666666666,0.3333333333333333,0.3333333333333333,0.6,0.4,0.19999999999999996,0.6,0.4,0.19999999999999996,4.0,-1.8,5.8,25.6,24.0,1.6000000000000014,21.6,25.8,4.199999999999999,7.0,7.0,0.0,1407.5105371893555,1538.5677861894883,1502.1822804982162,1541.2647874357206,-39.08250693750438,1
2024_06_ATL_CAR,2024-10-13,2024,6,VALIDATION,CAR,ATL,0,1340.8070036064237,1457.9613198579812,-117.15431625155747,0.2,0.6,-0.39999999999999997,0.3333333333333333,0.6666666666666666,-0.3333333333333333,0.2,0.6,-0.39999999999999997,0.2,0.6,-0.39999999999999997,-16.4,-0.8,-15.599999999999998,16.6,22.2,-5.599999999999998,33.0,23.0,-10.0,7.0,10.0,-3.0,1457.9613198579812,1340.8070036064237,1479.111217049915,1563.9038007346846,-84.79258368476962,1
2024_06_CIN_NYG,2024-10-13,2024,6,VALIDATION,NYG,CIN,0,1450.853526667291,1534.1230352113807,-83.26950854408983,0.4,0.2,0.2,0.6666666666666666,0.3333333333333333,0.3333333333333333,0.4,0.2,0.2,0.4,0.2,0.2,-3.0,-1.0,-2.0,17.8,28.0,-10.2,20.8,29.0,8.2,7.0,7.0,0.0,1534.1230352113807,1450.853526667291,1513.6182857139108,1484.383523866835,29.234761847075788,1
2024_06_CLE_PHI,2024-10-13,2024,6,VALIDATION,PHI,CLE,1,1580.695240414602,1487.83873166063,92.8565087539721,0.5,0.2,0.3,0.3333333333333333,0.0,0.3333333333333333,0.5,0.2,0.3,0.5,0.2,0.3,-2.5,-8.4,5.9,21.5,15.8,5.699999999999999,24.0,24.2,0.1999999999999993,14.0,7.0,7.0,1487.83873166063,1580.695240414602,1498.2487552964112,1485.521858057944,12.726897238467245,1
2024_06_DET_DAL,2024-10-13,2024,6,VALIDATION,DAL,DET,0,1611.2004730761687,1550.9443313725203,60.25614170364838,0.6,0.75,-0.15000000000000002,0.6666666666666666,0.6666666666666666,0.0,0.6,0.75,-0.15000000000000002,0.6,0.75,-0.15000000000000002,-0.8,5.5,-6.3,23.4,26.0,-2.6000000000000014,24.2,20.5,-3.6999999999999993,7.0,13.0,-6.0,1550.9443313725203,1611.2004730761687,1514.8776264036867,1498.5703650867154,16.307261316971335,1
2024_06_HOU_NE,2024-10-13,2024,6,VALIDATION,NE,HOU,0,1421.00257838489,1479.9570653816904,-58.95448699680037,0.2,0.8,-0.6000000000000001,0.0,0.6666666666666666,-0.6666666666666666,0.2,0.8,-0.6000000000000001,0.2,0.8,-0.6000000000000001,-8.0,-2.4,-5.6,12.4,20.4,-7.999999999999998,20.4,22.8,2.400000000000002,7.0,7.0,0.0,1479.9570653816904,1421.00257838489,1529.411846070258,1497.9580742266837,31.45377184357426,1
2024_06_IND_TEN,2024-10-13,2024,6,VALIDATION,TEN,IND,0,1435.9447211382083,1451.1357337003756,-15.191012562167316,0.25,0.4,-0.15000000000000002,0.3333333333333333,0.6666666666666666,-0.3333333333333333,0.25,0.4,-0.15000000000000002,0.25,0.4,-0.15000000000000002,-2.75,-0.6,-2.15,19.75,23.8,-4.050000000000001,22.5,24.4,1.8999999999999986,13.0,7.0,6.0,1451.1357337003756,1435.9447211382083,1475.2684239337511,1477.4254369585979,-2.1570130248467194,1
2024_06_JAX_CHI,2024-10-13,2024,6,VALIDATION,CHI,JAX,1,1421.6065536846747,1453.0200797195669,-31.41352603489213,0.6,0.2,0.39999999999999997,0.6666666666666666,0.3333333333333333,0.3333333333333333,0.6,0.2,0.39999999999999997,0.6,0.2,0.39999999999999997,5.6,-9.2,14.799999999999999,22.6,19.4,3.200000000000003,17.0,28.6,11.600000000000001,7.0,7.0,0.0,1453.0200797195669,1421.6065536846747,1441.427105673347,1521.9848930264466,-80.55778735309968,1
2024_06_LAC_DEN,2024-10-13,2024,6,VALIDATION,DEN,LAC,0,1467.2533245978773,1462.052584222093,5.200740375784335,0.6,0.5,0.09999999999999998,1.0,0.3333333333333333,0.6666666666666667,0.6,0.5,0.09999999999999998,0.6,0.5,0.09999999999999998,4.6,4.5,0.09999999999999964,19.2,17.0,2.1999999999999993,14.6,12.5,-2.0999999999999996,7.0,14.0,-7.0,1462.052584222093,1467.2533245978773,1506.1335393087186,1507.3130207956572,-1.1794814869385846,1
2024_06_PIT_LV,2024-10-13,2024,6,VALIDATION,LV,PIT,0,1472.7185263676722,1544.6100384721783,-71.89151210450609,0.4,0.6,-0.19999999999999996,0.3333333333333333,0.3333333333333333,0.0,0.4,0.6,-0.19999999999999996,0.4,0.6,-0.19999999999999996,-7.0,3.8,-10.8,19.2,18.4,0.8000000000000007,26.2,14.6,-11.6,7.0,7.0,0.0,1544.6100384721783,1472.7185263676722,1467.3893812006645,1479.3829547927096,-11.993573592045095,1
2024_06_TB_NO,2024-10-13,2024,6,VALIDATION,NO,TB,0,1483.5699393340235,1526.731009140763,-43.16106980673953,0.4,0.6,-0.19999999999999996,0.0,0.3333333333333333,-0.3333333333333333,0.4,0.6,-0.19999999999999996,0.4,0.6,-0.19999999999999996,8.8,2.6,6.200000000000001,28.0,25.4,2.6000000000000014,19.2,22.8,3.6000000000000014,6.0,10.0,-4.0,1526.731009140763,1483.5699393340235,1527.4807816405687,1486.5444258535667,40.93635578700196,1
2024_06_WAS_BAL,2024-10-13,2024,6,VALIDATION,BAL,WAS,1,1591.4751544734227,1454.5421126473182,136.9330418261045,0.6,0.8,-0.20000000000000007,1.0,1.0,0.0,0.6,0.8,-0.20000000000000007,0.6,0.8,-0.20000000000000007,4.2,8.0,-3.8,29.4,31.0,-1.6000000000000014,25.2,23.0,-2.1999999999999993,7.0,7.0,0.0,1454.5421126473182,1591.4751544734227,1576.001469912211,1483.5488473476337,92.45262256457727,1
2024_06_BUF_NYJ,2024-10-14,2024,6,VALIDATION,NYJ,BUF,0,1430.7470213132385,1611.7414165195419,-180.99439520630335,0.4,0.6,-0.19999999999999996,0.3333333333333333,0.3333333333333333,0.0,0.4,0.6,-0.19999999999999996,0.4,0.6,-0.19999999999999996,1.6,7.2,-5.6,18.6,28.4,-9.799999999999997,17.0,21.2,4.199999999999999,8.0,8.0,0.0,1611.7414165195419,1430.7470213132385,1500.909370669059,1489.2258848341833,11.683485834875682,1
2024_07_DEN_NO,2024-10-17,2024,7,VALIDATION,NO,DEN,0,1474.805863521739,1457.103646436349,17.702217085389975,0.3333333333333333,0.5,-0.16666666666666669,0.0,0.6666666666666666,-0.6666666666666666,0.2,0.6,-0.39999999999999997,0.3333333333333333,0.5,-0.16666666666666669,3.3333333333333335,2.6666666666666665,0.666666666666667,27.833333333333332,18.666666666666668,9.166666666666664,24.5,16.0,-8.5,4.0,4.0,0.0,1457.103646436349,1474.805863521739,1562.2169405638106,1497.1126049276143,65.10433563619631,1
2024_07_CAR_WAS,2024-10-20,2024,7,VALIDATION,WAS,CAR,1,1448.2912214053526,1334.0567326434768,114.23448876187581,0.6666666666666666,0.16666666666666666,0.5,0.6666666666666666,0.0,0.6666666666666666,0.8,0.2,0.6000000000000001,0.6666666666666666,0.16666666666666666,0.5,5.5,-16.666666666666668,22.166666666666668,29.666666666666668,17.166666666666668,12.5,24.166666666666668,33.833333333333336,9.666666666666668,7.0,7.0,0.0,1334.0567326434768,1448.2912214053526,1497.2321056025655,1472.8178625613257,24.414243041239843,1
2024_07_CIN_CLE,2024-10-20,2024,7,VALIDATION,CLE,CIN,0,1480.4494893418248,1541.7712052303332,-61.32171588850838,0.16666666666666666,0.3333333333333333,-0.16666666666666666,0.0,0.6666666666666666,-0.6666666666666666,0.2,0.4,-0.2,0.16666666666666666,0.3333333333333333,-0.16666666666666666,-7.666666666666667,0.8333333333333334,-8.5,15.833333333333334,26.166666666666668,-10.333333333333334,23.5,25.333333333333332,1.8333333333333321,7.0,7.0,0.0,1541.7712052303332,1480.4494893418248,1478.819859018175,1486.8227412831172,-8.002882264942173,1
2024_07_DET_MIN,2024-10-20,2024,7,VALIDATION,MIN,DET,0,1560.1112095565363,1562.6614608251605,-2.5502512686241516,1.0,0.8,0.19999999999999996,1.0,1.0,0.0,1.0,0.8,0.19999999999999996,1.0,0.8,0.19999999999999996,12.6,12.0,0.5999999999999996,27.8,30.2,-2.3999999999999986,15.2,18.2,3.0,14.0,7.0,7.0,1562.6614608251605,1560.1112095565363,1503.3508808294619,1521.0963866846062,-17.7455058551443,1
2024_07_HOU_GB,2024-10-20,2024,7,VALIDATION,GB,HOU,1,1544.964938718428,1488.2763191414836,56.68861957694435,0.6666666666666666,0.8333333333333334,-0.16666666666666674,0.6666666666666666,1.0,-0.33333333333333337,0.8,0.8,0.0,0.6666666666666666,0.8333333333333334,-0.16666666666666674,6.833333333333333,1.3333333333333333,5.5,27.0,23.833333333333332,3.166666666666668,20.166666666666668,22.5,2.333333333333332,7.0,7.0,0.0,1488.2763191414836,1544.964938718428,1465.4813816530564,1490.6666311916301,-25.18524953857377,1
2024_07_KC_SF,2024-10-20,2024,7,VALIDATION,SF,KC,0,1597.2346882963109,1650.4771081598142,-53.2424198635033,0.5,1.0,-0.5,0.6666666666666666,1.0,-0.33333333333333337,0.4,1.0,-0.6,0.5,1.0,-0.5,5.333333333333333,6.6,-1.2666666666666666,27.0,23.6,3.3999999999999986,21.666666666666668,17.0,-4.666666666666668,10.0,13.0,-3.0,1650.4771081598142,1597.2346882963109,1472.013943310694,1507.1378786397713,-35.12393532907731,1
2024_07_LV_LA,2024-10-20,2024,7,VALIDATION,LA,LV,1,1490.2603133440998,1464.7586958581683,25.501617485931547,0.2,0.3333333333333333,-0.1333333333333333,0.3333333333333333,0.3333333333333333,0.0,0.2,0.4,-0.2,0.2,0.3333333333333333,-0.1333333333333333,-9.0,-9.0,0.0,18.8,18.166666666666668,0.6333333333333329,27.8,27.166666666666668,-0.6333333333333329,14.0,7.0,7.0,1464.7586958581683,1490.2603133440998,1494.3980825081853,1484.7691407460234,9.628941762161958,1
2024_07_MIA_IND,2024-10-20,2024,7,VALIDATION,IND,MIA,1,1460.6987796214603,1529.0325940550526,-68.33381443359235,0.5,0.4,0.09999999999999998,0.6666666666666666,0.3333333333333333,0.3333333333333333,0.6,0.4,0.19999999999999996,0.5,0.4,0.09999999999999998,0.0,-10.6,10.6,23.166666666666668,12.0,11.166666666666668,23.166666666666668,22.6,-0.5666666666666664,7.0,14.0,-7.0,1529.0325940550526,1460.6987796214603,1475.7409492910297,1494.774136330344,-19.03318703931427,1
2024_07_NE_JAX,2024-10-20,2024,7,VALIDATION,JAX,NE,1,1442.118381532589,1412.683324625097,29.435056907492026,0.16666666666666666,0.16666666666666666,0.0,0.3333333333333333,0.0,0.3333333333333333,0.2,0.0,0.2,0.16666666666666666,0.16666666666666666,0.0,-10.833333333333334,-10.0,-0.8333333333333339,18.833333333333332,13.833333333333334,4.999999999999998,29.666666666666668,23.833333333333332,-5.833333333333336,7.0,7.0,0.0,1412.683324625097,1442.118381532589,1497.2287308759626,1510.7570517634158,-13.52832088745322,1
2024_07_NYJ_PIT,2024-10-20,2024,7,VALIDATION,PIT,NYJ,1,1552.5698689816822,1425.531302002923,127.03856697875926,0.6666666666666666,0.3333333333333333,0.3333333333333333,0.3333333333333333,0.0,0.3333333333333333,0.6,0.4,0.19999999999999996,0.6666666666666666,0.3333333333333333,0.3333333333333333,6.333333333333333,0.8333333333333334,5.5,20.666666666666668,18.833333333333332,1.8333333333333357,14.333333333333334,18.0,3.666666666666666,7.0,6.0,1.0,1425.531302002923,1552.5698689816822,1487.8421494122717,1499.202588206505,-11.360438794233232,1
2024_07_PHI_NYG,2024-10-20,2024,7,VALIDATION,NYG,PHI,0,1443.2053566483385,1588.0844827334072,-144.87912608506872,0.3333333333333333,0.6,-0.26666666666666666,0.3333333333333333,0.6666666666666666,-0.3333333333333333,0.4,0.6,-0.19999999999999996,0.3333333333333333,0.6,-0.26666666666666666,-4.166666666666667,-1.2,-2.966666666666667,16.0,21.2,-5.199999999999999,20.166666666666668,22.4,2.2333333333333307,7.0,7.0,0.0,1588.0844827334072,1443.2053566483385,1517.5594390849515,1496.1667505692549,21.39268851569659,1
2024_07_SEA_ATL,2024-10-20,2024,7,VALIDATION,ATL,SEA,0,1464.711590820928,1504.2742422448107,-39.5626514238827,0.6666666666666666,0.5,0.16666666666666663,1.0,0.0,1.0,0.8,0.4,0.4,0.6666666666666666,0.5,0.16666666666666663,2.3333333333333335,-0.6666666666666666,3.0,24.833333333333332,24.333333333333332,0.5,22.5,25.0,2.5,7.0,10.0,-3.0,1504.2742422448107,1464.711590820928,1523.0399038512453,1513.3463669170028,9.693536934242502,1
2024_07_TEN_BUF,2024-10-20,2024,7,VALIDATION,BUF,TEN,1,1616.9571358298574,1426.3816752171235,190.57546061273388,0.6666666666666666,0.2,0.4666666666666666,0.3333333333333333,0.3333333333333333,0.0,0.6,0.2,0.39999999999999997,0.6666666666666666,0.2,0.4666666666666666,6.5,-2.8,9.3,27.5,19.2,8.3,21.0,22.0,1.0,6.0,7.0,-1.0,1426.3816752171235,1616.9571358298574,1495.6361103333588,1470.441885887076,25.19422444628276,1
2024_07_BAL_TB,2024-10-21,2024,7,VALIDATION,TB,BAL,0,1535.4950849530476,1597.7260457153882,-62.2309607623406,0.6666666666666666,0.6666666666666666,0.0,0.6666666666666666,1.0,-0.33333333333333337,0.6,0.8,-0.20000000000000007,0.6666666666666666,0.6666666666666666,0.0,6.166666666666667,4.666666666666667,1.5,29.666666666666668,29.5,0.16666666666666785,23.5,24.833333333333332,1.3333333333333321,8.0,8.0,0.0,1597.7260457153882,1535.4950849530476,1499.9929847693472,1543.4503415588906,-43.45735678954338,1
2024_07_LAC_ARI,2024-10-21,2024,7,VALIDATION,ARI,LAC,1,1401.113384660416,1472.2022623836212,-71.08887772320531,0.3333333333333333,0.6,-0.26666666666666666,0.3333333333333333,0.3333333333333333,0.0,0.4,0.6,-0.19999999999999996,0.3333333333333333,0.6,-0.26666666666666666,-5.0,5.0,-10.0,22.166666666666668,18.2,3.9666666666666686,27.166666666666668,13.2,-13.966666666666669,8.0,8.0,0.0,1472.2022623836212,1401.113384660416,1524.9237608588542,1499.3010815561013,25.622679302752886,1
2024_08_MIN_LA,2024-10-24,2024,8,VALIDATION,LA,MIN,1,1499.5276330887193,1550.184610370225,-50.65697728150576,0.3333333333333333,0.8333333333333334,-0.5,0.3333333333333333,0.6666666666666666,-0.3333333333333333,0.4,0.8,-0.4,0.3333333333333333,0.8333333333333334,-0.5,-6.666666666666667,10.166666666666666,-16.833333333333332,19.0,28.0,-9.0,25.666666666666668,17.833333333333332,-7.833333333333336,4.0,4.0,0.0,1550.184610370225,1499.5276330887193,1480.2592752662708,1525.7078106828824,-45.44853541661155,1
2024_08_ARI_MIA,2024-10-27,2024,8,VALIDATION,MIA,ARI,0,1517.0907632024778,1413.131403635011,103.95935956746666,0.3333333333333333,0.42857142857142855,-0.09523809523809523,0.3333333333333333,0.6666666666666666,-0.3333333333333333,0.2,0.4,-0.2,0.3333333333333333,0.42857142857142855,-0.09523809523809523,-9.833333333333334,-4.0,-5.833333333333334,11.666666666666666,21.428571428571427,-9.761904761904761,21.5,25.428571428571427,3.928571428571427,7.0,6.0,1.0,1413.131403635011,1517.0907632024778,1492.0481851846948,1516.8332159258387,-24.785030741143828,1
2024_08_ATL_TB,2024-10-27,2024,8,VALIDATION,TB,ATL,0,1527.2673239437022,1455.8453991922702,71.42192475143202,0.5714285714285714,0.5714285714285714,0.0,0.3333333333333333,0.6666666666666666,-0.3333333333333333,0.4,0.6,-0.19999999999999996,0.5714285714285714,0.5714285714285714,0.0,3.857142857142857,-0.8571428571428571,4.714285714285714,29.857142857142858,23.285714285714285,6.571428571428573,26.0,24.142857142857142,-1.8571428571428577,6.0,7.0,-1.0,1455.8453991922702,1527.2673239437022,1510.5234630408843,1504.024340392514,6.499122648370303,1
2024_08_BAL_CLE,2024-10-27,2024,8,VALIDATION,CLE,BAL,1,1472.1963684182015,1605.9538067247336,-133.7574383065321,0.14285714285714285,0.7142857142857143,-0.5714285714285714,0.0,1.0,-1.0,0.0,1.0,-1.0,0.14285714285714285,0.7142857142857143,-0.5714285714285714,-7.571428571428571,5.428571428571429,-13.0,15.571428571428571,31.142857142857142,-15.571428571428571,23.142857142857142,25.714285714285715,2.571428571428573,7.0,6.0,1.0,1605.9538067247336,1472.1963684182015,1493.9049551319413,1555.8258024963804,-61.92084736443917,1
2024_08_BUF_SEA,2024-10-27,2024,8,VALIDATION,SEA,BUF,0,1513.1404338734685,1621.963032215275,-108.8225983418065,0.5714285714285714,0.7142857142857143,-0.1428571428571429,0.3333333333333333,0.6666666666666666,-0.3333333333333333,0.4,0.6,-0.19999999999999996,0.5714285714285714,0.7142857142857143,-0.1428571428571429,2.2857142857142856,9.0,-6.714285714285714,25.714285714285715,28.428571428571427,-2.7142857142857117,23.428571428571427,19.428571428571427,-4.0,7.0,7.0,0.0,1621.963032215275,1513.1404338734685,1515.8190780133607,1470.2384103517236,45.58066766163711,1
2024_08_CAR_DEN,2024-10-27,2024,8,VALIDATION,DEN,CAR,1,1467.6127167596526,1327.2310934100435,140.38162334960907,0.5714285714285714,0.14285714285714285,0.42857142857142855,0.6666666666666666,0.0,0.6666666666666666,0.8,0.2,0.6000000000000001,0.5714285714285714,0.14285714285714285,0.42857142857142855,5.571428571428571,-19.0,24.57142857142857,20.714285714285715,15.714285714285714,5.000000000000002,15.142857142857142,34.714285714285715,19.571428571428573,10.0,7.0,3.0,1327.2310934100435,1467.6127167596526,1481.6857811816806,1468.780619001553,12.90516218012749,1
2024_08_CHI_WAS,2024-10-27,2024,8,VALIDATION,WAS,CHI,1,1455.116860638786,1432.5082518716526,22.60860876713332,0.7142857142857143,0.6666666666666666,0.04761904761904767,0.6666666666666666,1.0,-0.33333333333333337,0.8,0.6,0.20000000000000007,0.7142857142857143,0.6666666666666666,0.04761904761904767,9.428571428571429,7.833333333333333,1.5952380952380958,31.142857142857142,24.666666666666668,6.4761904761904745,21.714285714285715,16.833333333333332,-4.880952380952383,7.0,14.0,-7.0,1432.5082518716526,1455.116860638786,1475.5063456225514,1441.7054753201276,33.800870302423846,1
2024_08_DAL_SF,2024-10-27,2024,8,VALIDATION,SF,DAL,1,1588.7552441466341,1599.4833436235285,-10.728099476894386,0.42857142857142855,0.5,-0.07142857142857145,0.3333333333333333,0.6666666666666666,-0.3333333333333333,0.4,0.4,0.0,0.42857142857142855,0.5,-0.07142857142857145,3.142857142857143,-7.0,10.142857142857142,25.714285714285715,21.0,4.714285714285715,22.571428571428573,28.0,5.428571428571427,7.0,14.0,-7.0,1599.4833436235285,1588.7552441466341,1497.5876554685194,1520.6870679520212,-23.099412483501737,1
2024_08_GB_JAX,2024-10-27,2024,8,VALIDATION,JAX,GB,0,1451.2731936740738,1553.347635710061,-102.0744420359872,0.2857142857142857,0.7142857142857143,-0.4285714285714286,0.6666666666666666,1.0,-0.33333333333333337,0.4,0.8,-0.4,0.2857142857142857,0.7142857142857143,-0.4285714285714286,-7.0,6.142857142857143,-13.142857142857142,20.714285714285715,26.571428571428573,-5.857142857142858,27.714285714285715,20.428571428571427,-7.285714285714288,7.0,7.0,0.0,1553.347635710061,1451.2731936740738,1476.8667624034294,1473.7200183745067,3.1467440289227397,1
2024_08_IND_HOU,2024-10-27,2024,8,VALIDATION,HOU,IND,1,1479.8936221498504,1472.6406104740352,7.253011675815287,0.7142857142857143,0.5714285714285714,0.1428571428571429,0.6666666666666666,0.6666666666666666,0.0,0.6,0.8,-0.20000000000000007,0.7142857142857143,0.5714285714285714,0.1428571428571429,0.8571428571428571,0.8571428571428571,0.0,23.571428571428573,22.142857142857142,1.4285714285714306,22.714285714285715,21.285714285714285,-1.4285714285714306,7.0,7.0,0.0,1472.6406104740352,1479.8936221498504,1515.9752142492207,1476.6757043950736,39.29950985414712,1
2024_08_KC_LV,2024-10-27,2024,8,VALIDATION,LV,KC,0,1455.4913761135488,1658.956552309491,-203.46517619594215,0.2857142857142857,1.0,-0.7142857142857143,0.0,1.0,-1.0,0.2,1.0,-0.8,0.2857142857142857,1.0,-0.7142857142857143,-8.428571428571429,7.166666666666667,-15.595238095238095,17.714285714285715,24.333333333333332,-6.619047619047617,26.142857142857142,17.166666666666668,-8.976190476190474,7.0,7.0,0.0,1658.956552309491,1455.4913761135488,1468.4088148362623,1510.3804944545382,-41.97167961827586,1
2024_08_NO_LAC,2024-10-27,2024,8,VALIDATION,LAC,NO,1,1460.184243409026,1464.2967931984354,-4.112549789409286,0.5,0.2857142857142857,0.2142857142857143,0.3333333333333333,0.0,0.3333333333333333,0.4,0.0,0.4,0.5,0.2857142857142857,0.2142857142857143,3.8333333333333335,-0.42857142857142855,4.261904761904762,17.666666666666668,25.285714285714285,-7.619047619047617,13.833333333333334,25.714285714285715,11.880952380952381,6.0,10.0,-4.0,1464.2967931984354,1460.184243409026,1482.6469627432984,1529.3158313997744,-46.66886865647598,1
2024_08_NYJ_NE,2024-10-27,2024,8,VALIDATION,NE,NYJ,1,1403.528512483612,1419.0330799895307,-15.504567505918658,0.14285714285714285,0.2857142857142857,-0.14285714285714285,0.0,0.0,0.0,0.0,0.2,-0.2,0.14285714285714285,0.2857142857142857,-0.14285714285714285,-10.857142857142858,-2.4285714285714284,-8.428571428571429,14.142857142857142,18.285714285714285,-4.142857142857142,25.0,20.714285714285715,-4.285714285714285,7.0,7.0,0.0,1419.0330799895307,1403.528512483612,1496.0827291569922,1521.6455704652649,-25.56284130827271,1
2024_08_PHI_CIN,2024-10-27,2024,8,VALIDATION,CIN,PHI,0,1550.0243261539565,1594.1405186312277,-44.11619247727117,0.42857142857142855,0.6666666666666666,-0.23809523809523808,0.6666666666666666,0.6666666666666666,0.0,0.6,0.6,0.0,0.42857142857142855,0.6666666666666666,-0.23809523809523808,1.7142857142857142,3.1666666666666665,-1.4523809523809523,25.428571428571427,22.333333333333332,3.095238095238095,23.714285714285715,19.166666666666668,-4.5476190476190474,7.0,7.0,0.0,1594.1405186312277,1550.0243261539565,1457.6611550027837,1478.2686525672937,-20.607497564509913,1
2024_08_TEN_DET,2024-10-27,2024,8,VALIDATION,DET,TEN,1,1572.5880600114717,1421.375778831706,151.2122811797658,0.8333333333333334,0.16666666666666666,0.6666666666666667,1.0,0.3333333333333333,0.6666666666666667,0.8,0.2,0.6000000000000001,0.8333333333333334,0.16666666666666666,0.6666666666666667,10.333333333333334,-6.333333333333333,16.666666666666668,30.333333333333332,17.666666666666668,12.666666666666664,20.0,24.0,4.0,7.0,7.0,0.0,1421.375778831706,1572.5880600114717,1528.6634467281806,1512.4035631265092,16.25988360167139,1
2024_08_NYG_PIT,2024-10-28,2024,8,VALIDATION,PIT,NYG,1,1559.0680909950745,1437.149320750518,121.91877024455653,0.7142857142857143,0.2857142857142857,0.4285714285714286,0.6666666666666666,0.3333333333333333,0.3333333333333333,0.6,0.4,0.19999999999999996,0.7142857142857143,0.2857142857142857,0.4285714285714286,8.571428571428571,-7.142857142857143,15.714285714285715,23.0,14.142857142857142,8.857142857142858,14.428571428571429,21.285714285714285,6.857142857142856,8.0,8.0,0.0,1437.149320750518,1559.0680909950745,1484.8780010423548,1553.315133880867,-68.4371328385123,1
2024_09_HOU_NYJ,2024-10-31,2024,9,VALIDATION,NYJ,HOU,1,1408.5871186625334,1489.6848940132247,-81.09777535069134,0.25,0.75,-0.5,0.0,0.6666666666666666,-0.6666666666666666,0.0,0.8,-0.8,0.25,0.75,-0.5,-2.5,1.125,-3.625,18.75,23.5,-4.75,21.25,22.375,1.125,4.0,4.0,0.0,1489.6848940132247,1408.5871186625334,1513.5221410474498,1503.40695169613,10.115189351319941,1
2024_09_CHI_ARI,2024-11-03,2024,9,VALIDATION,ARI,CHI,1,1426.0373817344555,1423.1580629975304,2.8793187369251427,0.5,0.5714285714285714,-0.0714285714285714,0.6666666666666666,0.6666666666666666,0.0,0.6,0.6,0.0,0.5,0.5714285714285714,-0.0714285714285714,-3.375,6.285714285714286,-9.660714285714285,22.25,23.285714285714285,-1.0357142857142847,25.625,17.0,-8.625,7.0,7.0,0.0,1423.1580629975304,1426.0373817344555,1513.3228945711148,1441.7800839474899,71.54281062362497,1
2024_09_DAL_ATL,2024-11-03,2024,9,VALIDATION,ATL,DAL,1,1467.872611874825,1589.1746621970383,-121.30205032221329,0.625,0.42857142857142855,0.19642857142857145,0.6666666666666666,0.3333333333333333,0.3333333333333333,0.8,0.4,0.4,0.625,0.42857142857142855,0.19642857142857145,-0.125,-6.857142857142857,6.732142857142857,24.25,21.428571428571427,2.821428571428573,24.375,28.285714285714285,3.9107142857142847,7.0,7.0,0.0,1589.1746621970383,1467.872611874825,1482.6057228666555,1539.299571840707,-56.693848974051434,1
2024_09_DEN_BAL,2024-11-03,2024,9,VALIDATION,BAL,DEN,1,1592.2835199026147,1473.7786204455326,118.50489945708205,0.625,0.625,0.0,0.6666666666666666,0.6666666666666666,0.0,0.8,0.8,0.0,0.625,0.625,0.0,4.125,6.625,-2.5,30.25,21.625,8.625,26.125,15.0,-11.125,7.0,7.0,0.0,1473.7786204455326,1592.2835199026147,1528.637919676849,1439.0297431473575,89.6081765294914,1
2024_09_DET_GB,2024-11-03,2024,9,VALIDATION,GB,DET,0,1560.4914063944113,1578.4912824099977,-17.999876015586324,0.75,0.8571428571428571,-0.1071428571428571,1.0,1.0,0.0,0.8,1.0,-0.19999999999999996,0.75,0.8571428571428571,-0.1071428571428571,5.75,14.285714285714286,-8.535714285714286,27.0,33.42857142857143,-6.428571428571431,21.25,19.142857142857142,-2.1071428571428577,7.0,7.0,0.0,1578.4912824099977,1560.4914063944113,1477.98059152659,1506.9226026545114,-28.942011127921432,1
2024_09_IND_MIN,2024-11-03,2024,9,VALIDATION,MIN,IND,1,1538.7368300006824,1462.8493386106609,75.88749139002152,0.7142857142857143,0.5,0.2142857142857143,0.3333333333333333,0.6666666666666666,-0.3333333333333333,0.6,0.6,0.0,0.7142857142857143,0.5,0.2142857142857143,7.285714285714286,0.375,6.910714285714286,26.857142857142858,21.875,4.982142857142858,19.571428571428573,21.5,1.928571428571427,10.0,7.0,3.0,1462.8493386106609,1538.7368300006824,1500.5469401756382,1490.7616974763507,9.785242699287437,1
2024_09_JAX_PHI,2024-11-03,2024,9,VALIDATION,PHI,JAX,1,1602.877532987782,1444.1294229897235,158.74810999805845,0.7142857142857143,0.25,0.4642857142857143,1.0,0.3333333333333333,0.6666666666666667,0.8,0.4,0.4,0.7142857142857143,0.25,0.4642857142857143,5.571428571428571,-6.5,12.071428571428571,24.428571428571427,21.5,2.928571428571427,18.857142857142858,28.0,9.142857142857142,7.0,7.0,0.0,1444.1294229897235,1602.877532987782,1503.5517059896697,1461.013035687542,42.538670302127684,1
2024_09_LAC_CLE,2024-11-03,2024,9,VALIDATION,CLE,LAC,0,1485.8666552403204,1470.3026065790557,15.564048661264678,0.25,0.5714285714285714,-0.3214285714285714,0.3333333333333333,0.6666666666666666,-0.3333333333333333,0.2,0.4,-0.2,0.25,0.5714285714285714,-0.3214285714285714,-6.0,5.857142857142857,-11.857142857142858,17.25,18.857142857142858,-1.6071428571428577,23.25,13.0,-10.25,7.0,7.0,0.0,1470.3026065790557,1485.8666552403204,1528.7501689386186,1506.1492049585304,22.60096398008818,1
2024_09_LA_SEA,2024-11-03,2024,9,VALIDATION,SEA,LA,0,1506.1740392549898,1510.975413458262,-4.801374203272189,0.5,0.42857142857142855,0.07142857142857145,0.3333333333333333,0.6666666666666666,-0.3333333333333333,0.2,0.6,-0.39999999999999997,0.5,0.42857142857142855,0.07142857142857145,-0.625,-4.285714285714286,3.6607142857142856,23.75,20.571428571428573,3.178571428571427,24.375,24.857142857142858,0.48214285714285765,7.0,10.0,-3.0,1510.975413458262,1506.1740392549898,1531.1330506114944,1511.4302874398409,19.702763171653487,1
2024_09_LV_CIN,2024-11-03,2024,9,VALIDATION,CIN,LV,1,1541.2873117974023,1450.7587566129585,90.5285551844438,0.375,0.25,0.125,0.6666666666666666,0.0,0.6666666666666666,0.6,0.2,0.39999999999999997,0.375,0.25,0.125,-1.0,-8.25,7.25,24.375,18.0,6.375,25.375,26.25,0.875,7.0,7.0,0.0,1450.7587566129585,1541.2873117974023,1492.436498007823,1532.1698014151686,-39.7333034073456,1
2024_09_MIA_BUF,2024-11-03,2024,9,VALIDATION,BUF,MIA,1,1628.9294268337537,1504.1847851030334,124.74464173072033,0.75,0.2857142857142857,0.4642857142857143,1.0,0.3333333333333333,0.6666666666666667,0.6,0.2,0.39999999999999997,0.75,0.2857142857142857,0.4642857142857143,10.5,-8.571428571428571,19.07142857142857,28.75,13.857142857142858,14.892857142857142,18.25,22.428571428571427,4.178571428571427,7.0,7.0,0.0,1504.1847851030334,1628.9294268337537,1481.3219539248378,1449.746613233936,31.57534069090184,1
2024_09_NE_TEN,2024-11-03,2024,9,VALIDATION,TEN,NE,1,1415.47255643318,1413.9744738106094,1.4980826225705641,0.14285714285714285,0.25,-0.10714285714285715,0.0,0.3333333333333333,-0.3333333333333333,0.2,0.2,0.0,0.14285714285714285,0.25,-0.10714285714285715,-10.857142857142858,-9.125,-1.7321428571428577,17.142857142857142,15.5,1.6428571428571423,28.0,24.625,-3.375,7.0,7.0,0.0,1413.9744738106094,1415.47255643318,1541.5241841675575,1492.4154282388076,49.108755928749815,1
2024_09_NO_CAR,2024-11-03,2024,9,VALIDATION,CAR,NO,1,1321.0651897241635,1454.1784300284057,-133.11324030424225,0.125,0.25,-0.125,0.0,0.0,0.0,0.0,0.0,0.0,0.125,0.25,-0.125,-18.375,-2.625,-15.75,15.5,23.125,-7.625,33.875,25.75,-8.125,7.0,7.0,0.0,1454.1784300284057,1321.0651897241635,1465.0276099200232,1504.415646188076,-39.3880362680527,1
2024_09_WAS_NYG,2024-11-03,2024,9,VALIDATION,NYG,WAS,0,1430.5211478698243,1464.4670495129083,-33.94590164308397,0.25,0.75,-0.5,0.0,0.6666666666666666,-0.6666666666666666,0.2,0.8,-0.6000000000000001,0.25,0.75,-0.5,-7.25,8.625,-15.875,14.625,29.5,-14.875,21.875,20.875,-1.0,6.0,7.0,-1.0,1464.4670495129083,1430.5211478698243,1560.5055169516081,1451.720505930254,108.7850110213542,1
2024_09_TB_KC,2024-11-04,2024,9,VALIDATION,KC,TB,1,1663.6891718100812,1515.2401112611474,148.44906054893386,1.0,0.5,0.5,1.0,0.3333333333333333,0.6666666666666667,1.0,0.4,0.6,1.0,0.5,0.5,7.142857142857143,2.75,4.392857142857143,24.714285714285715,29.375,-4.660714285714285,17.571428571428573,26.625,9.053571428571427,8.0,8.0,0.0,1515.2401112611474,1663.6891718100812,1489.5706814447192,1515.0009945226961,-25.43031307797696,1
2024_10_CIN_BAL,2024-11-07,2024,10,VALIDATION,BAL,CIN,1,1598.9990672625377,1548.7390994587558,50.25996780378182,0.6666666666666666,0.4444444444444444,0.2222222222222222,0.6666666666666666,0.6666666666666666,0.0,0.8,0.6,0.20000000000000007,0.6666666666666666,0.4444444444444444,0.2222222222222222,7.111111111111111,1.0,6.111111111111111,31.444444444444443,26.22222222222222,5.222222222222221,24.333333333333332,25.22222222222222,0.8888888888888893,4.0,4.0,0.0,1548.7390994587558,1598.9990672625377,1495.7999387436917,1511.7625947367494,-15.962655993057751,1
2024_10_ATL_NO,2024-11-10,2024,10,VALIDATION,NO,ATL,1,1440.5241978948277,1481.2286970699708,-40.704499175143155,0.2222222222222222,0.6666666666666666,-0.4444444444444444,0.0,0.6666666666666666,-0.6666666666666666,0.0,0.8,-0.8,0.2222222222222222,0.6666666666666666,-0.4444444444444444,-2.4444444444444446,0.5555555555555556,-3.0,23.0,24.555555555555557,-1.5555555555555571,25.444444444444443,24.0,-1.4444444444444429,7.0,7.0,0.0,1481.2286970699708,1440.5241978948277,1481.9510595987483,1500.1794252383424,-18.22836563959413,1
2024_10_BUF_IND,2024-11-10,2024,10,VALIDATION,IND,BUF,0,1454.9994715572277,1635.4857105020535,-180.4862389448258,0.4444444444444444,0.7777777777777778,-0.33333333333333337,0.3333333333333333,1.0,-0.6666666666666667,0.4,0.8,-0.4,0.4444444444444444,0.7777777777777778,-0.33333333333333337,-0.5555555555555556,9.666666666666666,-10.222222222222221,20.88888888888889,28.88888888888889,-8.0,21.444444444444443,19.22222222222222,-2.2222222222222214,7.0,7.0,0.0,1635.4857105020535,1454.9994715572277,1485.215037328103,1468.019245338175,17.19579198992801,1
2024_10_DEN_KC,2024-11-10,2024,10,VALIDATION,KC,DEN,1,1669.6587927316325,1467.0630730856096,202.59571964602287,1.0,0.5555555555555556,0.4444444444444444,1.0,0.6666666666666666,0.33333333333333337,1.0,0.6,0.4,1.0,0.5555555555555556,0.4444444444444444,7.0,2.4444444444444446,4.555555555555555,25.375,20.333333333333332,5.041666666666668,18.375,17.88888888888889,-0.4861111111111107,6.0,7.0,-1.0,1467.0630730856096,1669.6587927316325,1504.9635138743438,1467.973528933489,36.98998494085481,1
2024_10_DET_HOU,2024-11-10,2024,10,VALIDATION,HOU,DET,0,1477.3922003471669,1587.9736673511713,-110.58146700400448,0.6666666666666666,0.875,-0.20833333333333337,0.3333333333333333,1.0,-0.6666666666666667,0.6,1.0,-0.4,0.6666666666666666,0.875,-0.20833333333333337,0.1111111111111111,13.75,-13.63888888888889,22.333333333333332,32.25,-9.916666666666668,22.22222222222222,18.5,-3.7222222222222214,10.0,7.0,3.0,1587.9736673511713,1477.3922003471669,1494.6502833914215,1537.499005283697,-42.848721892275535,1
2024_10_MIN_JAX,2024-11-10,2024,10,VALIDATION,JAX,MIN,0,1438.4050782862323,1546.5866970541156,-108.18161876788326,0.2222222222222222,0.75,-0.5277777777777778,0.3333333333333333,0.3333333333333333,0.0,0.4,0.6,-0.19999999999999996,0.2222222222222222,0.75,-0.5277777777777778,-6.333333333333333,7.375,-13.708333333333332,21.666666666666668,26.125,-4.458333333333332,28.0,18.75,-9.25,7.0,7.0,0.0,1546.5866970541156,1438.4050782862323,1490.4406882261671,1500.3763710599735,-9.935682833806368,1
2024_10_NE_CHI,2024-11-10,2024,10,VALIDATION,CHI,NE,0,1413.2409345553506,1404.01759182733,9.223342728020498,0.5,0.2222222222222222,0.2777777777777778,0.3333333333333333,0.3333333333333333,0.0,0.6,0.2,0.39999999999999997,0.5,0.2222222222222222,0.2777777777777778,3.0,-8.444444444444445,11.444444444444445,21.5,15.666666666666666,5.833333333333334,18.5,24.11111111111111,5.611111111111111,7.0,7.0,0.0,1404.01759182733,1413.2409345553506,1439.1332915405646,1455.647125314776,-16.513833774211435,1
2024_10_NYG_CAR,2024-11-10,2024,10,VALIDATION,CAR,NYG,1,1334.7194218577415,1421.4950923044628,-86.77567044672128,0.2222222222222222,0.2222222222222222,0.0,0.3333333333333333,0.0,0.3333333333333333,0.2,0.2,0.0,0.2222222222222222,0.2222222222222222,0.0,-16.22222222222222,-7.0,-9.222222222222221,16.333333333333332,15.444444444444445,0.8888888888888875,32.55555555555556,22.444444444444443,-10.111111111111114,7.0,7.0,0.0,1421.4950923044628,1334.7194218577415,1448.2969583475735,1534.0510437600472,-85.75408541247361,1
2024_10_NYJ_ARI,2024-11-10,2024,10,VALIDATION,ARI,NYJ,1,1435.9545101766353,1420.8798123285912,15.074697848044025,0.5555555555555556,0.3333333333333333,0.22222222222222227,1.0,0.3333333333333333,0.6666666666666667,0.8,0.2,0.6000000000000001,0.5555555555555556,0.3333333333333333,0.22222222222222227,-0.7777777777777778,-1.3333333333333333,0.5555555555555555,23.0,19.0,4.0,23.77777777777778,20.333333333333332,-3.4444444444444464,7.0,10.0,-3.0,1420.8798123285912,1435.9545101766353,1511.1805939609176,1522.17011098543,-10.989517024512452,1
2024_10_PHI_DAL,2024-11-10,2024,10,VALIDATION,DAL,PHI,0,1575.8185770018924,1608.601877691273,-32.78330068938067,0.375,0.75,-0.375,0.0,1.0,-1.0,0.4,0.8,-0.4,0.375,0.75,-0.375,-6.75,5.5,-12.25,21.375,24.875,-3.5,28.125,19.375,-8.75,7.0,7.0,0.0,1608.601877691273,1575.8185770018924,1521.013702017432,1490.544363698839,30.469338318592918,1
2024_10_PIT_WAS,2024-11-10,2024,10,VALIDATION,WAS,PIT,0,1473.4931050782698,1565.6962638757682,-92.20315879749842,0.7777777777777778,0.75,0.02777777777777779,1.0,1.0,0.0,0.8,0.6,0.20000000000000007,0.7777777777777778,0.75,0.02777777777777779,8.222222222222221,8.5,-0.27777777777777857,29.22222222222222,23.375,5.847222222222221,21.0,14.875,-6.125,7.0,13.0,-6.0,1565.6962638757682,1473.4931050782698,1457.602529491367,1477.2855848101522,-19.683055318785136,1
2024_10_SF_TB,2024-11-10,2024,10,VALIDATION,TB,SF,0,1509.270490339596,1599.0639255731244,-89.79343523352827,0.4444444444444444,0.5,-0.05555555555555558,0.0,0.6666666666666666,-0.6666666666666666,0.2,0.6,-0.39999999999999997,0.4444444444444444,0.5,-0.05555555555555558,1.7777777777777777,3.5,-1.7222222222222223,28.77777777777778,26.25,2.5277777777777786,27.0,22.75,-4.25,6.0,14.0,-8.0,1599.0639255731244,1509.270490339596,1529.229798170154,1517.6092955327067,11.620502637447316,1
2024_10_TEN_LAC,2024-11-10,2024,10,VALIDATION,LAC,TEN,1,1480.7502764933997,1425.4294384164593,55.32083807694039,0.625,0.25,0.375,0.6666666666666666,0.3333333333333333,0.3333333333333333,0.6,0.4,0.19999999999999996,0.625,0.25,0.375,7.25,-9.125,16.375,19.875,17.5,2.375,12.625,26.625,14.0,7.0,7.0,0.0,1425.4294384164593,1480.7502764933997,1491.5556791424538,1517.8849568696824,-26.3292777272286,1
2024_10_MIA_LA,2024-11-11,2024,10,VALIDATION,LA,MIA,0,1520.8372275966237,1497.6285014347336,23.208726161890127,0.5,0.25,0.25,1.0,0.0,1.0,0.6,0.2,0.39999999999999997,0.5,0.25,0.25,-3.0,-7.875,4.875,21.25,15.5,5.75,24.25,23.375,-0.875,8.0,8.0,0.0,1497.6285014347336,1520.8372275966237,1490.1733733396109,1470.7940245344557,19.379348805155132,1
2024_11_WAS_PHI,2024-11-14,2024,11,VALIDATION,PHI,WAS,1,1617.6610888707462,1466.086331003565,151.57475786718123,0.7777777777777778,0.7,0.07777777777777783,1.0,0.6666666666666666,0.33333333333333337,1.0,0.6,0.4,0.7777777777777778,0.7,0.07777777777777783,8.0,7.3,0.7000000000000002,25.88888888888889,29.0,-3.1111111111111107,17.88888888888889,21.7,3.81111111111111,4.0,4.0,0.0,1466.086331003565,1617.6610888707462,1500.2032828909082,1470.8515101468288,29.351772744079426,1
2024_11_ATL_DEN,2024-11-17,2024,11,VALIDATION,DEN,ATL,1,1462.3123480383106,1470.0624583665287,-7.75011032821817,0.5,0.6,-0.09999999999999998,0.3333333333333333,0.6666666666666666,-0.3333333333333333,0.4,0.6,-0.19999999999999996,0.5,0.6,-0.09999999999999998,2.0,0.2,1.8,19.7,23.8,-4.100000000000001,17.7,23.6,5.900000000000002,7.0,7.0,0.0,1470.0624583665287,1462.3123480383106,1505.2063707576244,1480.4094859773606,24.79688478026378,1
2024_11_BAL_PIT,2024-11-17,2024,11,VALIDATION,PIT,BAL,1,1573.103037950473,1607.5624760759567,-34.45943812548376,0.7777777777777778,0.7,0.07777777777777783,1.0,0.6666666666666666,0.33333333333333337,0.8,0.8,0.0,0.7777777777777778,0.7,0.07777777777777783,7.666666666666667,6.5,1.166666666666667,23.88888888888889,31.8,-7.911111111111111,16.22222222222222,25.3,9.07777777777778,7.0,10.0,-3.0,1607.5624760759567,1573.103037950473,1482.3011041583572,1496.950257184571,-14.649153026213753,1
2024_11_CIN_LAC,2024-11-17,2024,11,VALIDATION,LAC,CIN,1,1489.1713358939041,1540.1756906453368,-51.00435475143263,0.6666666666666666,0.4,0.2666666666666666,1.0,0.3333333333333333,0.6666666666666667,0.8,0.6,0.20000000000000007,0.6666666666666666,0.4,0.2666666666666666,7.555555555555555,0.8,6.7555555555555555,20.666666666666668,27.0,-6.333333333333332,13.11111111111111,26.2,13.088888888888889,7.0,10.0,-3.0,1540.1756906453368,1489.1713358939041,1448.7919192227016,1515.040271703168,-66.24835248046634,1
2024_11_CLE_NO,2024-11-17,2024,11,VALIDATION,NO,CLE,1,1451.6904365982698,1475.4189853259763,-23.72854872770654,0.3,0.2222222222222222,0.07777777777777778,0.3333333333333333,0.3333333333333333,0.0,0.2,0.2,0.0,0.3,0.2222222222222222,0.07777777777777778,-1.9,-7.222222222222222,5.322222222222223,22.7,16.444444444444443,6.255555555555556,24.6,23.666666666666668,-0.9333333333333336,7.0,14.0,-7.0,1475.4189853259763,1451.6904365982698,1449.2625571560543,1528.3304685316427,-79.06791137558844,1
2024_11_GB_CHI,2024-11-17,2024,11,VALIDATION,CHI,GB,0,1402.975527756485,1551.0090214532377,-148.03349369675266,0.4444444444444444,0.6666666666666666,-0.2222222222222222,0.0,0.6666666666666666,-0.6666666666666666,0.4,0.8,-0.4,0.4444444444444444,0.6666666666666666,-0.2222222222222222,0.8888888888888888,4.0,-3.111111111111111,19.444444444444443,25.555555555555557,-6.111111111111114,18.555555555555557,21.555555555555557,3.0,7.0,14.0,-7.0,1551.0090214532377,1402.975527756485,1417.4328735049523,1484.9898805818261,-67.55700707687379,1
2024_11_IND_NYJ,2024-11-17,2024,11,VALIDATION,NYJ,IND,0,1411.3134249440948,1449.7724662198991,-38.45904127580434,0.3,0.4,-0.10000000000000003,0.3333333333333333,0.0,0.3333333333333333,0.2,0.4,-0.2,0.3,0.4,-0.10000000000000003,-3.7,-1.5,-2.2,17.7,20.8,-3.1000000000000014,21.4,22.3,0.9000000000000021,7.0,7.0,0.0,1449.7724662198991,1411.3134249440948,1498.6958404349393,1523.8186955691694,-25.12285513423012,1
2024_11_JAX_DET,2024-11-17,2024,11,VALIDATION,DET,JAX,1,1594.894167368967,1431.4219232373766,163.4722441315903,0.8888888888888888,0.2,0.6888888888888889,1.0,0.0,1.0,1.0,0.2,0.8,0.8888888888888888,0.2,0.6888888888888889,12.555555555555555,-6.2,18.755555555555556,31.555555555555557,20.2,11.355555555555558,19.0,26.4,7.399999999999999,7.0,7.0,0.0,1431.4219232373766,1594.894167368967,1526.1142136411977,1507.4203488123462,18.693864828851474,1
2024_11_KC_BUF,2024-11-17,2024,11,VALIDATION,BUF,KC,1,1640.712715839382,1674.4095177789316,-33.69680193954946,0.8,1.0,-0.19999999999999996,1.0,1.0,0.0,1.0,1.0,0.0,0.8,1.0,-0.19999999999999996,9.7,6.444444444444445,3.2555555555555546,29.0,24.333333333333332,4.666666666666668,19.3,17.88888888888889,-1.4111111111111114,7.0,7.0,0.0,1674.4095177789316,1640.712715839382,1465.8906774128184,1504.8810173934028,-38.990339980584395,1
2024_11_LA_NE,2024-11-17,2024,11,VALIDATION,NE,LA,0,1414.2829986261956,1510.170218586092,-95.88721995989636,0.3,0.4444444444444444,-0.14444444444444443,0.6666666666666666,0.6666666666666666,0.0,0.4,0.6,-0.19999999999999996,0.3,0.4444444444444444,-0.14444444444444443,-6.0,-3.5555555555555554,-2.4444444444444446,16.0,20.555555555555557,-4.555555555555557,22.0,24.11111111111111,2.1111111111111107,7.0,6.0,1.0,1510.170218586092,1414.2829986261956,1433.9644035784681,1509.6351751914967,-75.67077161302859,1
2024_11_LV_MIA,2024-11-17,2024,11,VALIDATION,MIA,LV,1,1508.2955104452653,1443.3069689516049,64.98854149366048,0.3333333333333333,0.2222222222222222,0.1111111111111111,0.3333333333333333,0.0,0.3333333333333333,0.4,0.0,0.4,0.3333333333333333,0.2222222222222222,0.1111111111111111,-6.111111111111111,-9.222222222222221,3.1111111111111107,16.333333333333332,18.666666666666668,-2.3333333333333357,22.444444444444443,27.88888888888889,5.444444444444446,6.0,14.0,-8.0,1443.3069689516049,1508.2955104452653,1490.3954933779805,1538.3182966555535,-47.92280327757294,1
2024_11_MIN_TEN,2024-11-17,2024,11,VALIDATION,TEN,MIN,0,1417.008379015955,1553.5698521029713,-136.56147308701634,0.2222222222222222,0.7777777777777778,-0.5555555555555556,0.3333333333333333,0.6666666666666666,-0.3333333333333333,0.2,0.6,-0.39999999999999997,0.2222222222222222,0.7777777777777778,-0.5555555555555556,-9.222222222222221,7.111111111111111,-16.333333333333332,17.444444444444443,24.555555555555557,-7.111111111111114,26.666666666666668,17.444444444444443,-9.222222222222225,7.0,7.0,0.0,1553.5698521029713,1417.008379015955,1507.0811359691427,1480.1951757502916,26.885960218851096,1
2024_11_SEA_SF,2024-11-17,2024,11,VALIDATION,SF,SEA,0,1606.5355084307173,1496.312225116628,110.22328331408926,0.5555555555555556,0.4444444444444444,0.11111111111111116,0.6666666666666666,0.3333333333333333,0.3333333333333333,0.6,0.2,0.39999999999999997,0.5555555555555556,0.4444444444444444,0.11111111111111116,3.4444444444444446,-1.2222222222222223,4.666666666666667,25.88888888888889,23.333333333333332,2.555555555555557,22.444444444444443,24.555555555555557,2.1111111111111143,7.0,14.0,-7.0,1496.312225116628,1606.5355084307173,1532.6732629643889,1525.0999866710824,7.573276293306435,1
2024_11_HOU_DAL,2024-11-18,2024,11,VALIDATION,DAL,HOU,0,1566.7593658224193,1470.4717003293713,96.28766549304805,0.3333333333333333,0.6,-0.26666666666666666,0.0,0.3333333333333333,-0.3333333333333333,0.2,0.4,-0.2,0.3333333333333333,0.6,-0.26666666666666666,-9.11111111111111,-0.2,-8.911111111111111,19.666666666666668,22.4,-2.7333333333333307,28.77777777777778,22.6,-6.177777777777777,8.0,8.0,0.0,1470.4717003293713,1566.7593658224193,1553.874262008239,1487.0337827182116,66.84047929002736,1
2024_12_PIT_CLE,2024-11-21,2024,12,VALIDATION,CLE,PIT,1,1464.7370826814815,1584.0916208296646,-119.35453814818311,0.2,0.8,-0.6000000000000001,0.3333333333333333,1.0,-0.6666666666666667,0.2,1.0,-0.8,0.2,0.8,-0.6000000000000001,-8.6,7.1,-15.7,16.2,23.3,-7.100000000000001,24.8,16.2,-8.600000000000001,4.0,4.0,0.0,1584.0916208296646,1464.7370826814815,1530.0826591093987,1483.290946055068,46.791713054330785,1
2024_12_ARI_SEA,2024-11-24,2024,12,VALIDATION,SEA,ARI,1,1509.3823904524645,1445.5208975611317,63.86149289133277,0.5,0.6,-0.09999999999999998,0.3333333333333333,1.0,-0.6666666666666667,0.4,0.8,-0.4,0.5,0.6,-0.09999999999999998,-0.8,1.8,-2.6,23.0,23.8,-0.8000000000000007,23.8,22.0,-1.8000000000000007,7.0,14.0,-7.0,1445.5208975611317,1509.3823904524645,1558.7220430341167,1474.3797374203418,84.3423056137749,1
2024_12_DAL_WAS,2024-11-24,2024,12,VALIDATION,WAS,DAL,0,1460.1917867926377,1554.0568224531723,-93.86503566053466,0.6363636363636364,0.3,0.33636363636363636,0.3333333333333333,0.0,0.3333333333333333,0.6,0.0,0.6,0.7,0.3,0.39999999999999997,5.909090909090909,-10.6,16.509090909090908,28.0,18.7,9.3,22.09090909090909,29.3,7.209090909090911,10.0,6.0,4.0,1554.0568224531723,1460.1917867926377,1476.0886970262934,1537.3291530829247,-61.240456056631274,1
2024_12_DEN_LV,2024-11-24,2024,12,VALIDATION,LV,DEN,0,1435.1559750382698,1472.535377153951,-37.37940211568116,0.2,0.5454545454545454,-0.3454545454545454,0.0,0.3333333333333333,-0.3333333333333333,0.0,0.6,-0.6,0.2,0.6,-0.39999999999999997,-9.8,4.7272727272727275,-14.527272727272727,18.7,21.363636363636363,-2.663636363636364,28.5,16.636363636363637,-11.863636363636363,7.0,7.0,0.0,1472.535377153951,1435.1559750382698,1548.6819452736872,1506.8083455865115,41.87359968717578,1
2024_12_DET_IND,2024-11-24,2024,12,VALIDATION,IND,DET,0,1458.670025154523,1600.5080468405276,-141.8380216860046,0.45454545454545453,0.9,-0.4454545454545455,0.3333333333333333,1.0,-0.6666666666666667,0.4,1.0,-0.6,0.5,0.9,-0.4,-1.2727272727272727,15.9,-17.172727272727272,21.454545454545453,33.6,-12.145454545454548,22.727272727272727,17.7,-5.027272727272727,7.0,7.0,0.0,1600.5080468405276,1458.670025154523,1518.8924363303468,1490.1585036734393,28.733932656907427,1
2024_12_KC_CAR,2024-11-24,2024,12,VALIDATION,CAR,KC,0,1347.1663566052987,1663.442675495671,-316.2763188903723,0.3,0.9,-0.6000000000000001,0.6666666666666666,0.6666666666666666,0.0,0.4,0.8,-0.4,0.3,0.9,-0.6000000000000001,-14.3,4.9,-19.200000000000003,16.7,24.0,-7.300000000000001,31.0,19.1,-11.899999999999999,14.0,7.0,7.0,1663.442675495671,1347.1663566052987,1449.9077560711708,1535.1483929191998,-85.240636848029,1
2024_12_MIN_CHI,2024-11-24,2024,12,VALIDATION,CHI,MIN,0,1396.9958839680135,1559.8299384217426,-162.8340544537291,0.4,0.8,-0.4,0.0,1.0,-1.0,0.2,0.6,-0.39999999999999997,0.4,0.8,-0.4,0.7,7.4,-6.7,19.4,24.4,-5.0,18.7,17.0,-1.6999999999999993,7.0,7.0,0.0,1559.8299384217426,1396.9958839680135,1457.8401870746752,1476.0903779653456,-18.25019089067041,1
2024_12_NE_MIA,2024-11-24,2024,12,VALIDATION,MIA,NE,1,1516.4465043586004,1406.9748547330894,109.47164962551096,0.4,0.2727272727272727,0.12727272727272732,0.6666666666666666,0.3333333333333333,0.3333333333333333,0.4,0.4,0.0,0.4,0.2,0.2,-4.0,-6.0,2.0,18.1,16.545454545454547,1.5545454545454547,22.1,22.545454545454547,0.4454545454545453,7.0,7.0,0.0,1406.9748547330894,1516.4465043586004,1493.3807613276908,1440.0070342193485,53.37372710834234,1
2024_12_PHI_LA,2024-11-24,2024,12,VALIDATION,LA,PHI,0,1517.4783624791983,1623.5556330816735,-106.07727060247521,0.5,0.8,-0.30000000000000004,0.6666666666666666,1.0,-0.33333333333333337,0.8,1.0,-0.19999999999999996,0.5,0.8,-0.30000000000000004,-2.6,8.0,-10.6,21.3,25.9,-4.599999999999998,23.9,17.9,-6.0,7.0,10.0,-3.0,1623.5556330816735,1517.4783624791983,1486.6057691088624,1495.8528027594953,-9.24703365063283,1
2024_12_SF_GB,2024-11-24,2024,12,VALIDATION,GB,SF,1,1556.9886652417092,1593.4653430948808,-36.47667785317162,0.7,0.5,0.19999999999999996,0.6666666666666666,0.6666666666666666,0.0,0.8,0.6,0.20000000000000007,0.7,0.5,0.19999999999999996,3.7,2.8,0.9000000000000004,25.0,25.0,0.0,21.3,22.2,0.8999999999999986,7.0,7.0,0.0,1593.4653430948808,1556.9886652417092,1465.7053720342792,1553.5254855070575,-87.8201134727783,1
2024_12_TB_NYG,2024-11-24,2024,12,VALIDATION,NYG,TB,0,1409.0481575569056,1501.7989074820032,-92.75074992509758,0.2,0.4,-0.2,0.0,0.0,0.0,0.0,0.2,-0.2,0.2,0.4,-0.2,-6.6,1.3,-7.8999999999999995,15.6,27.9,-12.299999999999999,22.2,26.6,4.400000000000002,14.0,14.0,0.0,1501.7989074820032,1409.0481575569056,1496.0924160621025,1559.9788963249775,-63.88648026287501,1
2024_12_TEN_HOU,2024-11-24,2024,12,VALIDATION,HOU,TEN,0,1483.1742436986183,1410.7482926971836,72.42595100143467,0.6363636363636364,0.2,0.43636363636363634,0.3333333333333333,0.3333333333333333,0.0,0.4,0.2,0.2,0.6,0.2,0.39999999999999997,2.0,-9.3,11.3,23.454545454545453,17.0,6.454545454545453,21.454545454545453,26.3,4.8454545454545475,6.0,7.0,-1.0,1410.7482926971836,1483.1742436986183,1516.1851402057175,1527.5679596496618,-11.3828194439443,1
2024_12_BAL_LAC,2024-11-25,2024,12,VALIDATION,LAC,BAL,0,1500.628903598991,1596.573893196765,-95.94498959777411,0.7,0.6363636363636364,0.0636363636363636,1.0,0.6666666666666666,0.33333333333333337,0.8,0.6,0.20000000000000007,0.7,0.7,0.0,7.5,5.7272727272727275,1.7727272727272725,22.0,30.363636363636363,-8.363636363636363,14.5,24.636363636363637,10.136363636363637,8.0,8.0,0.0,1596.573893196765,1500.628903598991,1463.3763924321934,1520.6624422452019,-57.2860498130085,1
2024_13_CHI_DET,2024-11-28,2024,13,VALIDATION,DET,CHI,1,1606.6382517417062,1391.367157732446,215.2710940092602,0.9090909090909091,0.36363636363636365,0.5454545454545454,1.0,0.0,1.0,1.0,0.0,1.0,0.9,0.3,0.6000000000000001,16.09090909090909,0.36363636363636365,15.727272727272727,32.72727272727273,20.09090909090909,12.636363636363637,16.636363636363637,19.727272727272727,3.09090909090909,4.0,4.0,0.0,1391.367157732446,1606.6382517417062,1469.8702667930368,1479.2021588151104,-9.331892022073589,1
2024_13_MIA_GB,2024-11-28,2024,13,VALIDATION,GB,MIA,1,1568.0347078948841,1523.3959465924038,44.63876130248036,0.7272727272727273,0.45454545454545453,0.27272727272727276,0.6666666666666666,1.0,-0.33333333333333337,0.8,0.6,0.20000000000000007,0.8,0.4,0.4,5.909090909090909,-1.9090909090909092,7.818181818181818,26.181818181818183,19.545454545454547,6.636363636363637,20.272727272727273,21.454545454545453,1.1818181818181799,4.0,4.0,0.0,1523.3959465924038,1568.0347078948841,1502.8963332153842,1482.6359763500163,20.26035686536784,1
2024_13_NYG_DAL,2024-11-28,2024,13,VALIDATION,DAL,NYG,1,1561.41903614038,1401.6560785085944,159.76295763178564,0.36363636363636365,0.18181818181818182,0.18181818181818182,0.3333333333333333,0.0,0.3333333333333333,0.2,0.0,0.2,0.3,0.2,0.09999999999999998,-8.909090909090908,-8.090909090909092,-0.8181818181818166,20.09090909090909,14.818181818181818,5.272727272727272,29.0,22.90909090909091,-6.09090909090909,4.0,4.0,0.0,1401.6560785085944,1561.41903614038,1519.1786441669483,1489.627590516227,29.551053650721315,1
2024_13_LV_KC,2024-11-29,2024,13,VALIDATION,KC,LV,1,1666.22983457895,1426.2277088421645,240.0021257367855,0.9090909090909091,0.18181818181818182,0.7272727272727273,0.6666666666666666,0.0,0.6666666666666666,0.8,0.0,0.8,0.9,0.2,0.7,4.7272727272727275,-9.818181818181818,14.545454545454547,24.545454545454547,18.727272727272727,5.81818181818182,19.818181818181817,28.545454545454547,8.72727272727273,5.0,5.0,0.0,1426.2277088421645,1666.22983457895,1485.1347265809975,1534.2670130100419,-49.13228642904437,1
2024_13_ARI_MIN,2024-12-01,2024,13,VALIDATION,MIN,ARI,1,1565.45866465731,1437.3385549228242,128.12010973448582,0.8181818181818182,0.5454545454545454,0.2727272727272728,1.0,0.6666666666666666,0.33333333333333337,0.8,0.8,0.0,0.8,0.6,0.20000000000000007,7.0,0.7272727272727273,6.2727272727272725,24.90909090909091,22.181818181818183,2.7272727272727266,17.90909090909091,21.454545454545453,3.545454545454543,7.0,7.0,0.0,1437.3385549228242,1565.45866465731,1442.9572625939163,1468.542658272937,-25.58539567902062,1
2024_13_HOU_JAX,2024-12-01,2024,13,VALIDATION,JAX,HOU,0,1425.808043765816,1471.1193367166354,-45.31129295081951,0.18181818181818182,0.5833333333333334,-0.40151515151515155,0.0,0.3333333333333333,-0.3333333333333333,0.2,0.4,-0.2,0.2,0.5,-0.3,-9.818181818181818,1.4166666666666667,-11.234848484848484,18.90909090909091,23.75,-4.84090909090909,28.727272727272727,22.333333333333332,-6.3939393939393945,14.0,7.0,7.0,1471.1193367166354,1425.808043765816,1542.0778715492045,1489.3418110014686,52.73606054773586,1
2024_13_IND_NE,2024-12-01,2024,13,VALIDATION,NE,IND,0,1400.025412499286,1452.5398202533445,-52.51440775405854,0.25,0.4166666666666667,-0.16666666666666669,0.3333333333333333,0.3333333333333333,0.0,0.4,0.2,0.2,0.2,0.5,-0.3,-7.083333333333333,-2.6666666666666665,-4.416666666666666,16.416666666666668,20.166666666666668,-3.75,23.5,22.833333333333332,-0.6666666666666679,7.0,7.0,0.0,1452.5398202533445,1400.025412499286,1454.8726587845508,1533.187526887442,-78.31486810289107,1
2024_13_LAC_ATL,2024-12-01,2024,13,VALIDATION,ATL,LAC,0,1459.8394292508883,1493.3223018967783,-33.482872645889984,0.5454545454545454,0.6363636363636364,-0.09090909090909094,0.3333333333333333,0.6666666666666666,-0.3333333333333333,0.4,0.8,-0.4,0.6,0.6,0.0,-2.727272727272727,6.181818181818182,-8.909090909090908,22.181818181818183,22.09090909090909,0.09090909090909349,24.90909090909091,15.909090909090908,-9.000000000000002,14.0,6.0,8.0,1493.3223018967783,1459.8394292508883,1504.7105548637378,1502.4684941394632,2.242060724274552,1
2024_13_LA_NO,2024-12-01,2024,13,VALIDATION,NO,LA,0,1462.3723392427646,1510.4400518217299,-48.067712578965256,0.36363636363636365,0.45454545454545453,-0.09090909090909088,0.6666666666666666,0.3333333333333333,0.3333333333333333,0.4,0.6,-0.19999999999999996,0.3,0.5,-0.2,0.18181818181818182,-3.909090909090909,4.090909090909091,23.818181818181817,21.181818181818183,2.636363636363633,23.636363636363637,25.09090909090909,1.4545454545454533,14.0,7.0,7.0,1510.4400518217299,1462.3723392427646,1439.000152393097,1518.3651565535636,-79.36500416046647,1
2024_13_PHI_BAL,2024-12-01,2024,13,VALIDATION,BAL,PHI,0,1603.8804948989778,1630.5939437391419,-26.71344884016412,0.6666666666666666,0.8181818181818182,-0.1515151515151516,0.6666666666666666,1.0,-0.33333333333333337,0.6,1.0,-0.4,0.8,0.8,0.0,5.833333333333333,8.818181818181818,-2.9848484848484853,30.333333333333332,26.90909090909091,3.424242424242422,24.5,18.09090909090909,-6.40909090909091,6.0,7.0,-1.0,1630.5939437391419,1603.8804948989778,1513.689205974391,1510.7074039256672,2.9818020487236936,1
2024_13_PIT_CIN,2024-12-01,2024,13,VALIDATION,CIN,PIT,0,1528.71812294025,1570.7853692426506,-42.06724630240069,0.36363636363636365,0.7272727272727273,-0.36363636363636365,0.3333333333333333,0.6666666666666666,-0.3333333333333333,0.4,0.8,-0.4,0.4,0.7,-0.29999999999999993,0.09090909090909091,6.0,-5.909090909090909,27.0,22.90909090909091,4.09090909090909,26.90909090909091,16.90909090909091,-10.0,14.0,10.0,4.0,1570.7853692426506,1528.71812294025,1522.7038335484904,1481.6946573178298,41.009176230660614,1
2024_13_SEA_NYJ,2024-12-01,2024,13,VALIDATION,NYJ,SEA,0,1402.4158660094708,1517.564733090772,-115.1488670813012,0.2727272727272727,0.5454545454545454,-0.2727272727272727,0.3333333333333333,0.6666666666666666,-0.3333333333333333,0.2,0.6,-0.39999999999999997,0.3,0.5,-0.2,-3.4545454545454546,0.18181818181818182,-3.6363636363636362,18.545454545454547,22.363636363636363,-3.8181818181818166,22.0,22.181818181818183,0.18181818181818343,14.0,7.0,7.0,1517.564733090772,1402.4158660094708,1466.3020503750108,1529.9412884972628,-63.63923812225198,1
2024_13_SF_BUF,2024-12-01,2024,13,VALIDATION,BUF,SF,1,1651.6795581226427,1582.419300441706,69.26025768093677,0.8181818181818182,0.45454545454545453,0.3636363636363637,1.0,0.3333333333333333,0.6666666666666667,1.0,0.4,0.6,0.8,0.4,0.4,9.636363636363637,0.0,9.636363636363637,29.09090909090909,23.636363636363637,5.454545454545453,19.454545454545453,23.636363636363637,4.181818181818183,14.0,7.0,7.0,1582.419300441706,1651.6795581226427,1514.623176705957,1562.5063664962552,-47.883189790298275,1
2024_13_TB_CAR,2024-12-01,2024,13,VALIDATION,CAR,TB,0,1344.3791975220197,1509.1909865303144,-164.81178900829468,0.2727272727272727,0.45454545454545453,-0.18181818181818182,0.6666666666666666,0.3333333333333333,0.3333333333333333,0.4,0.2,0.2,0.3,0.4,-0.10000000000000003,-13.272727272727273,3.272727272727273,-16.545454545454547,17.636363636363637,28.09090909090909,-10.454545454545453,30.90909090909091,24.818181818181817,-6.0909090909090935,7.0,7.0,0.0,1509.1909865303144,1344.3791975220197,1491.0040271987089,1545.0745399695538,-54.07051277084497,1
2024_13_TEN_WAS,2024-12-01,2024,13,VALIDATION,WAS,TEN,1,1452.82957310543,1422.8031996791665,30.02637342626349,0.5833333333333334,0.2727272727272727,0.31060606060606066,0.0,0.3333333333333333,-0.3333333333333333,0.4,0.4,0.0,0.6,0.3,0.3,4.75,-8.0,12.75,27.833333333333332,18.363636363636363,9.469696969696969,23.083333333333332,26.363636363636363,3.280303030303031,7.0,7.0,0.0,1422.8031996791665,1452.82957310543,1520.0887149882326,1500.811381223414,19.27733376481865,1
2024_13_CLE_DEN,2024-12-02,2024,13,VALIDATION,DEN,CLE,1,1481.4636433500564,1478.0433342684955,3.420309081560845,0.5833333333333334,0.2727272727272727,0.31060606060606066,0.6666666666666666,0.3333333333333333,0.3333333333333333,0.6,0.4,0.19999999999999996,0.7,0.3,0.39999999999999997,5.166666666666667,-7.363636363636363,12.530303030303031,22.0,16.90909090909091,5.09090909090909,16.833333333333332,24.272727272727273,7.439393939393941,8.0,11.0,-3.0,1478.0433342684955,1481.4636433500564,1498.8783678898178,1530.7619351924113,-31.88356730259352,1
2024_14_GB_DET,2024-12-05,2024,14,VALIDATION,DET,GB,1,1611.1297569972162,1576.7569242535876,34.37283274362858,0.9166666666666666,0.75,0.16666666666666663,1.0,1.0,0.0,1.0,0.8,0.19999999999999996,1.0,0.8,0.19999999999999996,15.0,6.5,8.5,31.916666666666668,26.5,5.416666666666668,16.916666666666668,20.0,3.083333333333332,7.0,7.0,0.0,1576.7569242535876,1611.1297569972162,1463.8685425731849,1509.9202587055684,-46.05171613238349,1
2024_14_ATL_MIN,2024-12-08,2024,14,VALIDATION,MIN,ATL,1,1571.9296044107182,1450.8001713499343,121.12943306078387,0.8333333333333334,0.5,0.33333333333333337,1.0,0.0,1.0,1.0,0.4,0.6,0.8,0.5,0.30000000000000004,6.5,-2.8333333333333335,9.333333333333334,24.75,21.416666666666668,3.333333333333332,18.25,24.25,6.0,7.0,7.0,0.0,1450.8001713499343,1571.9296044107182,1430.5194469607372,1502.5201667941315,-72.00071983339421,1
2024_14_BUF_LA,2024-12-08,2024,14,VALIDATION,LA,BUF,1,1519.0653118410855,1659.712080896052,-140.6467690549664,0.5,0.8333333333333334,-0.33333333333333337,0.6666666666666666,1.0,-0.33333333333333337,0.6,1.0,-0.4,0.6,0.8,-0.20000000000000007,-3.0,10.916666666666666,-13.916666666666666,21.166666666666668,29.583333333333332,-8.416666666666664,24.166666666666668,18.666666666666668,-5.5,7.0,7.0,0.0,1659.712080896052,1519.0653118410855,1500.8027023280715,1545.8307017508735,-45.02799942280194,1
2024_14_CAR_PHI,2024-12-08,2024,14,VALIDATION,PHI,CAR,1,1639.8265804168925,1338.7964032596603,301.0301771572322,0.8333333333333334,0.25,0.5833333333333334,1.0,0.3333333333333333,0.6666666666666667,1.0,0.4,0.6,0.9,0.3,0.6000000000000001,8.5,-12.416666666666666,20.916666666666664,26.666666666666668,18.083333333333332,8.583333333333336,18.166666666666668,30.5,12.333333333333332,7.0,7.0,0.0,1338.7964032596603,1639.8265804168925,1521.4786376746713,1503.1839802237014,18.294657450969908,1
2024_14_CHI_SF,2024-12-08,2024,14,VALIDATION,SF,CHI,1,1574.3867776682966,1386.875652476936,187.51112519136063,0.4166666666666667,0.3333333333333333,0.08333333333333337,0.0,0.0,0.0,0.4,0.0,0.4,0.4,0.3,0.10000000000000003,-2.0833333333333335,0.08333333333333333,-2.166666666666667,22.5,20.083333333333332,2.416666666666668,24.583333333333332,20.0,-4.583333333333332,7.0,10.0,-3.0,1386.875652476936,1574.3867776682966,1562.7468564888209,1509.5064370356945,53.24041945312638,1
2024_14_CLE_PIT,2024-12-08,2024,14,VALIDATION,PIT,CLE,1,1579.5804588892072,1468.1417754972451,111.43868339196206,0.75,0.25,0.5,0.6666666666666666,0.3333333333333333,0.3333333333333333,0.8,0.4,0.4,0.7,0.2,0.49999999999999994,6.0,-7.5,13.5,24.666666666666668,18.166666666666668,6.5,18.666666666666668,25.666666666666668,7.0,7.0,6.0,1.0,1468.1417754972451,1579.5804588892072,1502.332021505295,1518.7004228163562,-16.368401311061234,1
2024_14_JAX_TEN,2024-12-08,2024,14,VALIDATION,TEN,JAX,0,1413.6652829713173,1417.1048636437276,-3.4395806724103295,0.25,0.16666666666666666,0.08333333333333334,0.3333333333333333,0.0,0.3333333333333333,0.4,0.0,0.4,0.3,0.2,0.09999999999999998,-9.25,-9.25,0.0,18.416666666666668,19.0,-0.5833333333333321,27.666666666666668,28.25,0.5833333333333321,7.0,7.0,0.0,1417.1048636437276,1413.6652829713173,1476.8596838422059,1553.7650739675123,-76.90539012530644,1
2024_14_LAC_KC,2024-12-08,2024,14,VALIDATION,KC,LAC,1,1670.2449954883782,1502.3615597977323,167.8834356906459,0.9166666666666666,0.6666666666666666,0.25,0.6666666666666666,0.6666666666666666,0.0,0.8,0.8,0.0,0.9,0.6,0.30000000000000004,4.5,6.0,-1.5,24.083333333333332,21.666666666666668,2.4166666666666643,19.583333333333332,15.666666666666666,-3.916666666666666,9.0,7.0,2.0,1502.3615597977323,1670.2449954883782,1479.2819931267206,1501.577021349954,-22.29502822323343,1
2024_14_LV_TB,2024-12-08,2024,14,VALIDATION,TB,LV,1,1514.7737807926737,1422.2125479327362,92.56123285993749,0.5,0.16666666666666666,0.33333333333333337,0.6666666666666666,0.0,0.6666666666666666,0.4,0.0,0.4,0.4,0.1,0.30000000000000004,3.25,-9.166666666666666,12.416666666666666,27.916666666666668,18.583333333333332,9.333333333333336,24.666666666666668,27.75,3.083333333333332,7.0,9.0,-2.0,1422.2125479327362,1514.7737807926737,1494.40517033088,1569.460917257012,-75.05574692613186,1
2024_14_NO_NYG,2024-12-08,2024,14,VALIDATION,NYG,NO,0,1395.9555737412743,1453.747079223409,-57.79150548213465,0.16666666666666666,0.3333333333333333,-0.16666666666666666,0.0,0.6666666666666666,-0.6666666666666666,0.0,0.4,-0.4,0.2,0.2,0.0,-8.0,-0.4166666666666667,-7.583333333333333,15.25,23.0,-7.75,23.25,23.416666666666668,0.16666666666666785,10.0,7.0,3.0,1453.747079223409,1395.9555737412743,1484.2945011976215,1449.6674334701734,34.62706772744809,1
2024_14_NYJ_MIA,2024-12-08,2024,14,VALIDATION,MIA,NYJ,1,1514.6737302337003,1395.6138729474033,119.05985728629707,0.4166666666666667,0.25,0.16666666666666669,0.6666666666666666,0.0,0.6666666666666666,0.6,0.2,0.39999999999999997,0.4,0.2,0.2,-2.8333333333333335,-3.5833333333333335,0.75,19.333333333333332,18.75,0.5833333333333321,22.166666666666668,22.333333333333332,0.1666666666666643,10.0,7.0,3.0,1395.6138729474033,1514.6737302337003,1513.6166372019911,1459.3010231968287,54.31561400516239,1
2024_14_SEA_ARI,2024-12-08,2024,14,VALIDATION,ARI,SEA,0,1430.867615169416,1524.3667261528396,-93.49911098342363,0.5,0.5833333333333334,-0.08333333333333337,0.3333333333333333,1.0,-0.6666666666666667,0.6,0.6,0.0,0.5,0.5,0.0,0.5833333333333334,0.5833333333333334,0.0,22.166666666666668,22.666666666666668,-0.5,21.583333333333332,22.083333333333332,0.5,7.0,7.0,0.0,1524.3667261528396,1430.867615169416,1487.1939387276748,1517.4821435349713,-30.28820480729655,1
2024_14_CIN_DAL,2024-12-09,2024,14,VALIDATION,DAL,CIN,0,1567.1195409077002,1519.9230332936934,47.196507614006805,0.4166666666666667,0.3333333333333333,0.08333333333333337,0.6666666666666666,0.0,0.6666666666666666,0.4,0.2,0.2,0.4,0.4,0.0,-7.583333333333333,-0.4166666666666667,-7.166666666666666,20.666666666666668,27.916666666666668,-7.25,28.25,28.333333333333332,0.08333333333333215,11.0,8.0,3.0,1519.9230332936934,1567.1195409077002,1481.7588110393403,1540.771009528656,-59.01219848931555,1
2024_15_LA_SF,2024-12-12,2024,15,VALIDATION,SF,LA,0,1579.4591661817428,1532.905915902651,46.5532502790918,0.46153846153846156,0.5384615384615384,-0.07692307692307687,0.3333333333333333,0.6666666666666666,-0.3333333333333333,0.4,0.6,-0.19999999999999996,0.5,0.6,-0.09999999999999998,0.0,-2.6153846153846154,2.6153846153846154,23.692307692307693,22.923076923076923,0.76923076923077,23.692307692307693,25.53846153846154,1.8461538461538467,4.0,4.0,0.0,1532.905915902651,1579.4591661817428,1520.2253182595025,1531.5103106562838,-11.284992396781263,1
2024_15_BAL_NYG,2024-12-15,2024,15,VALIDATION,NYG,BAL,0,1387.6037740838042,1594.6478582212271,-207.04408413742294,0.15384615384615385,0.6153846153846154,-0.46153846153846156,0.0,0.3333333333333333,-0.3333333333333333,0.0,0.6,-0.6,0.1,0.7,-0.6,-7.615384615384615,5.0,-12.615384615384615,14.923076923076923,29.46153846153846,-14.538461538461537,22.53846153846154,24.46153846153846,1.9230769230769198,7.0,14.0,-7.0,1594.6478582212271,1387.6037740838042,1463.2302988432884,1545.368721038579,-82.13842219529056,1
2024_15_BUF_DET,2024-12-15,2024,15,VALIDATION,DET,BUF,0,1620.1436425209743,1645.8714768344864,-25.727834313512176,0.9230769230769231,0.7692307692307693,0.15384615384615385,1.0,0.6666666666666666,0.33333333333333337,1.0,0.8,0.19999999999999996,1.0,0.7,0.30000000000000004,14.076923076923077,9.923076923076923,4.153846153846153,32.07692307692308,30.53846153846154,1.53846153846154,18.0,20.615384615384617,2.6153846153846168,10.0,7.0,3.0,1645.8714768344864,1620.1436425209743,1467.12164614502,1547.0156773443969,-79.89403119937697,1
2024_15_CIN_TEN,2024-12-15,2024,15,VALIDATION,TEN,CIN,0,1403.7642788269839,1531.2731634483532,-127.50888462136936,0.23076923076923078,0.38461538461538464,-0.15384615384615385,0.3333333333333333,0.3333333333333333,0.0,0.2,0.4,-0.2,0.3,0.5,-0.2,-8.846153846153847,0.15384615384615385,-9.0,17.46153846153846,27.846153846153847,-10.384615384615387,26.307692307692307,27.692307692307693,1.3846153846153868,7.0,6.0,1.0,1531.2731634483532,1403.7642788269839,1477.4857618088295,1535.3668139839504,-57.881052175120885,1
2024_15_DAL_CAR,2024-12-15,2024,15,VALIDATION,CAR,DAL,0,1335.7919838305816,1555.7694107530403,-219.9774269224588,0.23076923076923078,0.38461538461538464,-0.15384615384615385,0.0,0.6666666666666666,-0.6666666666666666,0.4,0.4,0.0,0.2,0.4,-0.2,-11.923076923076923,-7.538461538461538,-4.384615384615385,17.923076923076923,20.615384615384617,-2.6923076923076934,29.846153846153847,28.153846153846153,-1.6923076923076934,7.0,6.0,1.0,1555.7694107530403,1335.7919838305816,1537.6267529551492,1492.168895323114,45.45785763203526,1
2024_15_GB_SEA,2024-12-15,2024,15,VALIDATION,SEA,GB,0,1531.7387418995927,1567.7430387298295,-36.004296830236854,0.6153846153846154,0.6923076923076923,-0.07692307692307687,1.0,0.6666666666666666,0.33333333333333337,0.8,0.6,0.20000000000000007,0.5,0.7,-0.19999999999999996,1.4615384615384615,5.769230769230769,-4.3076923076923075,23.23076923076923,26.846153846153847,-3.6153846153846168,21.76923076923077,21.076923076923077,-0.6923076923076934,7.0,10.0,-3.0,1567.7430387298295,1531.7387418995927,1479.2630601257995,1541.8915713701967,-62.62851124439726,1
2024_15_IND_DEN,2024-12-15,2024,15,VALIDATION,DEN,IND,1,1491.3652021213068,1461.0397402974527,30.325461823854084,0.6153846153846154,0.46153846153846156,0.15384615384615385,1.0,0.6666666666666666,0.33333333333333337,0.6,0.4,0.19999999999999996,0.7,0.5,0.19999999999999996,5.461538461538462,-2.3846153846153846,7.846153846153847,23.46153846153846,20.53846153846154,2.92307692307692,18.0,22.923076923076923,4.923076923076923,13.0,14.0,-1.0,1461.0397402974527,1491.3652021213068,1529.0408160615084,1517.213884957329,11.826931104179494,1
2024_15_KC_CLE,2024-12-15,2024,15,VALIDATION,CLE,KC,0,1461.2435913612553,1675.7569094256437,-214.5133180643884,0.23076923076923078,0.9230769230769231,-0.6923076923076923,0.3333333333333333,1.0,-0.6666666666666667,0.2,0.8,-0.6000000000000001,0.2,0.9,-0.7,-7.923076923076923,4.3076923076923075,-12.23076923076923,17.846153846153847,23.692307692307693,-5.846153846153847,25.76923076923077,19.384615384615383,-6.384615384615387,7.0,7.0,0.0,1675.7569094256437,1461.2435913612553,1513.4257532492506,1476.7062828340374,36.71947041521321,1
2024_15_MIA_HOU,2024-12-15,2024,15,VALIDATION,HOU,MIA,1,1479.8225168387237,1521.3750352121308,-41.55251837340711,0.6153846153846154,0.46153846153846156,0.15384615384615385,0.6666666666666666,0.6666666666666666,0.0,0.4,0.8,-0.4,0.6,0.5,0.09999999999999998,1.5384615384615385,-2.1538461538461537,3.6923076923076925,23.692307692307693,20.307692307692307,3.384615384615387,22.153846153846153,22.46153846153846,0.3076923076923066,14.0,7.0,7.0,1521.3750352121308,1479.8225168387237,1479.9752976598247,1466.953526424721,13.021771235103643,1
2024_15_NE_ARI,2024-12-15,2024,15,VALIDATION,ARI,NE,1,1423.495599422663,1391.5254924551778,31.970106967485208,0.46153846153846156,0.23076923076923078,0.23076923076923078,0.0,0.0,0.0,0.4,0.2,0.2,0.5,0.2,0.3,-0.38461538461538464,-6.615384615384615,6.23076923076923,21.846153846153847,17.0,4.846153846153847,22.23076923076923,23.615384615384617,1.3846153846153868,7.0,14.0,-7.0,1391.5254924551778,1423.495599422663,1488.649131317747,1461.5740068373136,27.075124480433487,1
2024_15_NYJ_JAX,2024-12-15,2024,15,VALIDATION,JAX,NYJ,0,1427.005867788061,1388.9125679689728,38.093299819088315,0.23076923076923078,0.23076923076923078,0.0,0.3333333333333333,0.0,0.3333333333333333,0.2,0.2,0.0,0.3,0.1,0.19999999999999998,-8.23076923076923,-3.769230769230769,-4.461538461538461,18.307692307692307,19.307692307692307,-1.0,26.53846153846154,23.076923076923077,-3.4615384615384635,7.0,7.0,0.0,1388.9125679689728,1427.005867788061,1525.8286034197633,1481.5300667468462,44.29853667291718,1
2024_15_PIT_PHI,2024-12-15,2024,15,VALIDATION,PHI,PIT,1,1642.8309998459713,1586.478643025197,56.352356820774276,0.8461538461538461,0.7692307692307693,0.07692307692307687,1.0,0.6666666666666666,0.33333333333333337,1.0,0.8,0.19999999999999996,0.9,0.7,0.20000000000000007,8.307692307692308,6.538461538461538,1.76923076923077,26.307692307692307,24.846153846153847,1.46153846153846,18.0,18.307692307692307,0.3076923076923066,7.0,7.0,0.0,1586.478643025197,1642.8309998459713,1500.4120337286588,1508.5305124546408,-8.118478725981959,1
2024_15_TB_LAC,2024-12-15,2024,15,VALIDATION,LAC,TB,0,1496.8496458604668,1522.1709443128175,-25.321298452350675,0.6153846153846154,0.5384615384615384,0.07692307692307698,0.3333333333333333,1.0,-0.6666666666666667,0.6,0.6,0.0,0.6,0.5,0.09999999999999998,5.384615384615385,4.153846153846154,1.2307692307692308,21.307692307692307,27.923076923076923,-6.615384615384617,15.923076923076923,23.76923076923077,7.846153846153847,7.0,7.0,0.0,1522.1709443128175,1496.8496458604668,1538.4526893995658,1487.6786000789734,50.77408932059234,1
2024_15_WAS_NO,2024-12-15,2024,15,VALIDATION,NO,WAS,0,1462.098878880879,1461.9674898132791,0.13138906759991187,0.38461538461538464,0.6153846153846154,-0.23076923076923078,0.6666666666666666,0.3333333333333333,0.3333333333333333,0.6,0.4,0.19999999999999996,0.3,0.6,-0.3,-0.15384615384615385,6.153846153846154,-6.307692307692308,22.307692307692307,28.923076923076923,-6.615384615384617,22.46153846153846,22.76923076923077,0.30769230769231015,7.0,14.0,-7.0,1461.9674898132791,1462.098878880879,1436.821699536623,1518.1477045497354,-81.32600501311231,1
2024_15_ATL_LV,2024-12-16,2024,15,VALIDATION,LV,ATL,0,1414.8153844125925,1444.1518470836868,-29.336462671094296,0.15384615384615385,0.46153846153846156,-0.3076923076923077,0.0,0.0,0.0,0.0,0.2,-0.2,0.1,0.5,-0.4,-9.615384615384615,-4.230769230769231,-5.384615384615384,18.153846153846153,21.384615384615383,-3.23076923076923,27.76923076923077,25.615384615384617,-2.1538461538461533,8.0,8.0,0.0,1444.1518470836868,1414.8153844125925,1540.6243629536484,1511.4526228875345,29.171740066113898,1
2024_15_CHI_MIN,2024-12-16,2024,15,VALIDATION,MIN,CHI,1,1578.5779286769657,1381.8032639634898,196.7746647134759,0.8461538461538461,0.3076923076923077,0.5384615384615384,1.0,0.0,1.0,1.0,0.0,1.0,0.8,0.3,0.5,7.615384615384615,-1.8461538461538463,9.461538461538462,26.076923076923077,19.53846153846154,6.5384615384615365,18.46153846153846,21.384615384615383,2.9230769230769234,8.0,8.0,0.0,1381.8032639634898,1578.5779286769657,1428.1096135085918,1539.1763162224627,-111.06670271387088,1
2024_16_DEN_LAC,2024-12-19,2024,16,VALIDATION,LAC,DEN,1,1487.5771637819948,1500.4945749862286,-12.917411204233758,0.5714285714285714,0.6428571428571429,-0.07142857142857151,0.3333333333333333,1.0,-0.6666666666666667,0.4,0.8,-0.4,0.6,0.7,-0.09999999999999998,3.357142857142857,6.357142857142857,-2.9999999999999996,21.0,24.0,-3.0,17.642857142857142,17.642857142857142,0.0,4.0,4.0,0.0,1500.4945749862286,1487.5771637819948,1557.8009905788372,1502.792060140476,55.008930438361176,1
2024_16_HOU_KC,2024-12-21,2024,16,VALIDATION,KC,HOU,1,1680.263625390779,1491.0128246218476,189.2508007689314,0.9285714285714286,0.6428571428571429,0.2857142857142857,1.0,0.6666666666666666,0.33333333333333337,0.8,0.6,0.20000000000000007,0.9,0.6,0.30000000000000004,5.0,2.0,3.0,23.5,23.428571428571427,0.07142857142857295,18.5,21.428571428571427,2.928571428571427,6.0,6.0,0.0,1491.0128246218476,1680.263625390779,1475.5423864891666,1502.5328809697444,-26.99049448057781,1
2024_16_PIT_BAL,2024-12-21,2024,16,VALIDATION,BAL,PIT,1,1599.3064529621806,1578.0865192962617,21.219933665918916,0.6428571428571429,0.7142857142857143,-0.0714285714285714,0.6666666666666666,0.6666666666666666,0.0,0.6,0.6,0.0,0.7,0.7,0.0,6.142857142857143,5.071428571428571,1.071428571428572,29.857142857142858,24.0,5.857142857142858,23.714285714285715,18.928571428571427,-4.785714285714288,6.0,6.0,0.0,1578.0865192962617,1599.3064529621806,1528.1337517662332,1542.398091408181,-14.2643396419478,1
2024_16_ARI_CAR,2024-12-22,2024,16,VALIDATION,CAR,ARI,1,1331.394130125095,1432.5780141067848,-101.18388398168986,0.21428571428571427,0.5,-0.2857142857142857,0.0,0.3333333333333333,-0.3333333333333333,0.2,0.4,-0.2,0.2,0.6,-0.39999999999999997,-12.214285714285714,0.5714285714285714,-12.785714285714285,17.642857142857142,22.428571428571427,-4.785714285714285,29.857142857142858,21.857142857142858,-8.0,7.0,7.0,0.0,1432.5780141067848,1331.394130125095,1557.9449491000762,1482.3226172092768,75.62233189079939,1
2024_16_CLE_CIN,2024-12-22,2024,16,VALIDATION,CIN,CLE,1,1537.7595142132839,1456.73687539612,81.02263881716385,0.42857142857142855,0.21428571428571427,0.21428571428571427,0.6666666666666666,0.0,0.6666666666666666,0.4,0.2,0.2,0.5,0.2,0.3,0.8571428571428571,-8.357142857142858,9.214285714285715,28.5,17.071428571428573,11.428571428571427,27.642857142857142,25.428571428571427,-2.2142857142857153,7.0,7.0,0.0,1456.73687539612,1537.7595142132839,1525.9679184267552,1554.5166138185682,-28.548695391813,1
2024_16_DET_CHI,2024-12-22,2024,16,VALIDATION,CHI,DET,0,1376.9300964887902,1610.882798557591,-233.95270206880082,0.2857142857142857,0.8571428571428571,-0.5714285714285714,0.0,0.6666666666666666,-0.6666666666666666,0.0,0.8,-0.8,0.2,0.9,-0.7,-3.0,12.642857142857142,-15.642857142857142,19.0,32.785714285714285,-13.785714285714285,22.0,20.142857142857142,-1.8571428571428577,6.0,7.0,-1.0,1610.882798557591,1376.9300964887902,1574.0883835923896,1500.8175014424837,73.2708821499059,1
2024_16_JAX_LV,2024-12-22,2024,16,VALIDATION,LV,JAX,1,1405.6577547047675,1415.9138268698655,-10.256072165097976,0.14285714285714285,0.21428571428571427,-0.07142857142857142,0.0,0.3333333333333333,-0.3333333333333333,0.0,0.2,-0.2,0.0,0.3,-0.3,-9.357142857142858,-8.142857142857142,-1.2142857142857153,17.5,18.785714285714285,-1.2857142857142847,26.857142857142858,26.928571428571427,0.0714285714285694,6.0,7.0,-1.0,1415.9138268698655,1405.6577547047675,1521.1972700109052,1483.0356104160014,38.16165959490377,1
2024_16_LA_NYJ,2024-12-22,2024,16,VALIDATION,NYJ,LA,0,1400.0046088871684,1544.2378645895362,-144.23325570236784,0.2857142857142857,0.5714285714285714,-0.2857142857142857,0.3333333333333333,1.0,-0.6666666666666667,0.2,0.8,-0.6000000000000001,0.2,0.7,-0.49999999999999994,-3.0,-2.0,-1.0,20.214285714285715,22.142857142857142,-1.928571428571427,23.214285714285715,24.142857142857142,0.928571428571427,7.0,10.0,-3.0,1544.2378645895362,1400.0046088871684,1468.9942615018138,1547.8764436056858,-78.88218210387208,1
2024_16_MIN_SEA,2024-12-22,2024,16,VALIDATION,SEA,MIN,0,1522.7713352000249,1583.4510961516653,-60.679760951640446,0.5714285714285714,0.8571428571428571,-0.2857142857142857,0.6666666666666666,1.0,-0.33333333333333337,0.8,1.0,-0.19999999999999996,0.5,0.8,-0.30000000000000004,0.14285714285714285,8.357142857142858,-8.214285714285715,22.5,26.357142857142858,-3.8571428571428577,22.357142857142858,18.0,-4.357142857142858,7.0,6.0,1.0,1583.4510961516653,1522.7713352000249,1490.616585180113,1416.7892506440435,73.82733453606943,1
2024_16_NE_BUF,2024-12-22,2024,16,VALIDATION,BUF,NE,1,1655.1323207978696,1382.4430777710559,272.68924302681376,0.7857142857142857,0.21428571428571427,0.5714285714285714,0.6666666666666666,0.0,0.6666666666666666,0.8,0.2,0.6000000000000001,0.8,0.2,0.6000000000000001,9.642857142857142,-7.071428571428571,16.714285714285715,31.785714285714285,17.0,14.785714285714285,22.142857142857142,24.071428571428573,1.9285714285714306,7.0,7.0,0.0,1382.4430777710559,1655.1323207978696,1570.207448827985,1463.1786154352098,107.02883339277514,1
2024_16_NYG_ATL,2024-12-22,2024,16,VALIDATION,ATL,NYG,1,1453.3094767915118,1382.9451793428507,70.36429744866109,0.5,0.14285714285714285,0.35714285714285715,0.3333333333333333,0.0,0.3333333333333333,0.2,0.0,0.2,0.5,0.1,0.4,-3.5,-8.571428571428571,5.071428571428571,20.928571428571427,14.857142857142858,6.071428571428569,24.428571428571427,23.428571428571427,-1.0,6.0,7.0,-1.0,1382.9451793428507,1453.3094767915118,1476.5807673306456,1489.266460584952,-12.685693254306443,1
2024_16_PHI_WAS,2024-12-22,2024,16,VALIDATION,WAS,PHI,1,1471.9712714944544,1651.2231235749066,-179.25185208045218,0.6428571428571429,0.8571428571428571,-0.2142857142857142,0.6666666666666666,1.0,-0.33333333333333337,0.4,1.0,-0.6,0.6,1.0,-0.4,5.785714285714286,8.714285714285714,-2.928571428571428,28.285714285714285,26.357142857142858,1.928571428571427,22.5,17.642857142857142,-4.857142857142858,7.0,7.0,0.0,1651.2231235749066,1471.9712714944544,1524.4632507519466,1502.5440469333196,21.91920381862701,1
2024_16_SF_MIA,2024-12-22,2024,16,VALIDATION,MIA,SF,1,1510.184727429007,1568.1272174948576,-57.942490065850734,0.42857142857142855,0.42857142857142855,0.0,0.3333333333333333,0.3333333333333333,0.0,0.6,0.2,0.39999999999999997,0.5,0.4,0.09999999999999998,-2.5714285714285716,-0.42857142857142855,-2.1428571428571432,19.714285714285715,22.428571428571427,-2.7142857142857117,22.285714285714285,22.857142857142858,0.571428571428573,7.0,10.0,-3.0,1568.1272174948576,1510.184727429007,1458.7505842731412,1524.9524033721134,-66.20181909897224,1
2024_16_TB_DAL,2024-12-22,2024,16,VALIDATION,DAL,TB,1,1560.167264458527,1531.4434263912894,28.723838067237466,0.42857142857142855,0.5714285714285714,-0.14285714285714285,0.6666666666666666,1.0,-0.33333333333333337,0.6,0.8,-0.20000000000000007,0.4,0.5,-0.09999999999999998,-5.857142857142857,5.5,-11.357142857142858,21.285714285714285,28.785714285714285,-7.5,27.142857142857142,23.285714285714285,-3.8571428571428577,7.0,7.0,0.0,1531.4434263912894,1560.167264458527,1437.6069165509757,1454.3106948890504,-16.7037783380747,1
2024_16_TEN_IND,2024-12-22,2024,16,VALIDATION,IND,TEN,1,1451.9103674325308,1397.2779280620532,54.63243937047764,0.42857142857142855,0.21428571428571427,0.21428571428571427,0.3333333333333333,0.0,0.3333333333333333,0.4,0.2,0.2,0.4,0.2,0.2,-3.5,-8.928571428571429,5.428571428571429,20.0,18.142857142857142,1.8571428571428577,23.5,27.071428571428573,3.571428571428573,7.0,7.0,0.0,1397.2779280620532,1451.9103674325308,1507.7395593814538,1487.5903391998202,20.14922018163361,1
2024_16_NO_GB,2024-12-23,2024,16,VALIDATION,GB,NO,1,1576.7104454293974,1452.0950971997038,124.61534822969361,0.7142857142857143,0.35714285714285715,0.35714285714285715,0.6666666666666666,0.3333333333333333,0.3333333333333333,0.8,0.6,0.20000000000000007,0.8,0.3,0.5,6.571428571428571,-0.21428571428571427,6.785714285714286,27.071428571428573,22.071428571428573,5.0,20.5,22.285714285714285,1.7857142857142847,8.0,8.0,0.0,1452.0950971997038,1576.7104454293974,1532.5410632681157,1465.0021595544463,67.53890371366947,1
2024_17_BAL_HOU,2024-12-25,2024,17,VALIDATION,HOU,BAL,0,1485.978256232164,1608.6964524743628,-122.7181962421987,0.6,0.6666666666666666,-0.06666666666666665,0.6666666666666666,0.6666666666666666,0.0,0.6,0.6,0.0,0.5,0.7,-0.19999999999999996,1.3333333333333333,6.866666666666666,-5.533333333333333,23.133333333333333,30.133333333333333,-7.0,21.8,23.266666666666666,1.466666666666665,4.0,4.0,0.0,1608.6964524743628,1485.978256232164,1520.9908725776656,1534.0032357337345,-13.012363156068886,1
2024_17_KC_PIT,2024-12-25,2024,17,VALIDATION,PIT,KC,0,1568.6965197840796,1685.2981937804625,-116.60167399638294,0.6666666666666666,0.9333333333333333,-0.2666666666666667,0.3333333333333333,1.0,-0.6666666666666667,0.4,1.0,-0.6,0.7,0.9,-0.20000000000000007,3.6,5.2,-1.6,23.533333333333335,23.733333333333334,-0.1999999999999993,19.933333333333334,18.533333333333335,-1.3999999999999986,4.0,4.0,0.0,1685.2981937804625,1568.6965197840796,1540.7468867854257,1445.6024082456597,95.14447853976594,1
2024_17_SEA_CHI,2024-12-26,2024,17,VALIDATION,CHI,SEA,0,1372.8020194642497,1514.5002954048325,-141.6982759405828,0.26666666666666666,0.5333333333333333,-0.26666666666666666,0.0,0.3333333333333333,-0.3333333333333333,0.0,0.6,-0.6,0.1,0.5,-0.4,-3.933333333333333,-0.06666666666666667,-3.8666666666666663,18.866666666666667,22.6,-3.7333333333333343,22.8,22.666666666666668,-0.13333333333333286,4.0,4.0,0.0,1514.5002954048325,1372.8020194642497,1586.0631390132603,1485.9997027243028,100.06343628895752,1
2024_17_ARI_LA,2024-12-28,2024,17,VALIDATION,LA,ARI,1,1550.309610039197,1419.7453432118014,130.5642668273956,0.6,0.4666666666666667,0.1333333333333333,1.0,0.3333333333333333,0.6666666666666667,0.8,0.2,0.6000000000000001,0.8,0.5,0.30000000000000004,-1.2,0.13333333333333333,-1.3333333333333333,21.933333333333334,22.933333333333334,-1.0,23.133333333333333,22.8,-0.33333333333333215,6.0,6.0,0.0,1419.7453432118014,1550.309610039197,1545.0207656578802,1464.4254807685775,80.59528488930277,1
2024_17_DEN_CIN,2024-12-28,2024,17,VALIDATION,CIN,DEN,1,1545.4688695760287,1490.1229532204122,55.34591635561651,0.4666666666666667,0.6,-0.1333333333333333,1.0,0.6666666666666666,0.33333333333333337,0.6,0.8,-0.20000000000000007,0.6,0.6,0.0,2.0,5.466666666666667,-3.466666666666667,28.2,24.2,4.0,26.2,18.733333333333334,-7.466666666666665,6.0,9.0,-3.0,1490.1229532204122,1545.4688695760287,1497.5154800534717,1466.3757343505483,31.139745702923392,1
2024_17_LAC_NE,2024-12-28,2024,17,VALIDATION,NE,LAC,0,1378.9979671233393,1497.9487855478112,-118.95081842447189,0.2,0.6,-0.39999999999999997,0.0,0.3333333333333333,-0.3333333333333333,0.0,0.4,-0.4,0.2,0.6,-0.39999999999999997,-6.8,3.6,-10.4,17.266666666666666,21.866666666666667,-4.600000000000001,24.066666666666666,18.266666666666666,-5.800000000000001,6.0,9.0,-3.0,1497.9487855478112,1378.9979671233393,1511.5568926837138,1549.8647674470155,-38.3078747633017,1
2024_17_ATL_WAS,2024-12-29,2024,17,VALIDATION,WAS,ATL,1,1486.716785080839,1461.3114720047222,25.405313076116727,0.6666666666666666,0.5333333333333333,0.1333333333333333,1.0,0.6666666666666666,0.33333333333333337,0.6,0.4,0.19999999999999996,0.6,0.5,0.09999999999999998,5.6,-1.4666666666666666,7.066666666666666,28.8,21.8,7.0,23.2,23.266666666666666,0.06666666666666643,7.0,7.0,0.0,1461.3114720047222,1486.716785080839,1541.568622691774,1465.06496362025,76.503659071524,1
2024_17_CAR_TB,2024-12-29,2024,17,VALIDATION,TB,CAR,1,1522.2682864671115,1344.2268010200785,178.04148544703298,0.5333333333333333,0.26666666666666666,0.26666666666666666,0.6666666666666666,0.3333333333333333,0.3333333333333333,0.8,0.2,0.6000000000000001,0.5,0.3,0.2,5.0,-11.0,16.0,28.466666666666665,18.866666666666667,9.599999999999998,23.466666666666665,29.866666666666667,6.400000000000002,7.0,7.0,0.0,1344.2268010200785,1522.2682864671115,1446.5313626661311,1560.1615334605408,-113.63017079440965,1
2024_17_DAL_PHI,2024-12-29,2024,17,VALIDATION,PHI,DAL,1,1636.477609988522,1569.342404382705,67.13520560581719,0.8,0.4666666666666667,0.33333333333333337,0.6666666666666666,0.6666666666666666,0.0,0.8,0.8,0.0,0.9,0.4,0.5,7.933333333333334,-5.333333333333333,13.266666666666666,26.8,21.6,5.199999999999999,18.866666666666667,26.933333333333334,8.066666666666666,7.0,7.0,0.0,1569.342404382705,1636.477609988522,1503.7210350314976,1449.8012617633592,53.91977326813844,1
2024_17_GB_MIN,2024-12-29,2024,17,VALIDATION,MIN,GB,1,1591.7221359468576,1583.2700095604634,8.452126386394184,0.8666666666666667,0.7333333333333333,0.13333333333333341,1.0,0.6666666666666666,0.33333333333333337,1.0,0.8,0.19999999999999996,0.8,0.8,0.0,8.0,8.4,-0.40000000000000036,26.4,27.533333333333335,-1.1333333333333364,18.4,19.133333333333333,0.7333333333333343,7.0,6.0,1.0,1583.2700095604634,1591.7221359468576,1437.9418418808573,1542.3649771567593,-104.42313527590204,1
2024_17_IND_NYG,2024-12-29,2024,17,VALIDATION,NYG,IND,1,1374.9431841296403,1460.3507525949283,-85.40756846528802,0.13333333333333333,0.4666666666666667,-0.33333333333333337,0.0,0.6666666666666666,-0.6666666666666666,0.0,0.6,-0.6,0.0,0.5,-0.5,-9.8,-2.7333333333333334,-7.066666666666667,14.333333333333334,21.2,-6.866666666666665,24.133333333333333,23.933333333333334,-0.1999999999999993,7.0,7.0,0.0,1460.3507525949283,1374.9431841296403,1512.9844715717063,1460.0980028934537,52.88646867825264,1
2024_17_LV_NO,2024-12-29,2024,17,VALIDATION,NO,LV,0,1445.5355330686377,1415.9528624775687,29.582670591069018,0.3333333333333333,0.2,0.1333333333333333,0.3333333333333333,0.3333333333333333,0.0,0.4,0.2,0.2,0.3,0.1,0.19999999999999998,-2.466666666666667,-8.4,5.933333333333334,20.6,17.6,3.0,23.066666666666666,26.0,2.9333333333333336,6.0,7.0,-1.0,1415.9528624775687,1445.5355330686377,1484.0985092263313,1502.7209332958253,-18.622424069493945,1
2024_17_MIA_CLE,2024-12-29,2024,17,VALIDATION,CLE,MIA,0,1449.0275200333751,1521.8371551007845,-72.80963506740932,0.2,0.4666666666666667,-0.26666666666666666,0.0,0.6666666666666666,-0.6666666666666666,0.2,0.6,-0.39999999999999997,0.2,0.5,-0.3,-9.0,-1.6,-7.4,16.333333333333332,20.333333333333332,-4.0,25.333333333333332,21.933333333333334,-3.3999999999999986,7.0,7.0,0.0,1521.8371551007845,1449.0275200333751,1571.7304293415712,1483.7146339817916,88.01579535977953,1
2024_17_NYJ_BUF,2024-12-29,2024,17,VALIDATION,BUF,NYJ,1,1658.5774314455862,1393.9328634375076,264.6445680080785,0.8,0.26666666666666666,0.5333333333333334,0.6666666666666666,0.3333333333333333,0.3333333333333333,0.8,0.2,0.6000000000000001,0.9,0.2,0.7,9.2,-3.466666666666667,12.666666666666666,31.266666666666666,19.466666666666665,11.8,22.066666666666666,22.933333333333334,0.8666666666666671,7.0,7.0,0.0,1393.9328634375076,1658.5774314455862,1555.6961700707504,1490.6509323843939,65.04523768635659,1
2024_17_TEN_JAX,2024-12-29,2024,17,VALIDATION,JAX,TEN,1,1405.6187190970643,1388.8375428996558,16.781176197408513,0.2,0.2,0.0,0.3333333333333333,0.0,0.3333333333333333,0.2,0.2,0.0,0.2,0.2,0.0,-7.933333333333334,-8.866666666666667,0.9333333333333336,18.466666666666665,18.933333333333334,-0.46666666666666856,26.4,27.8,1.4000000000000021,7.0,7.0,0.0,1388.8375428996558,1405.6187190970643,1454.849821946132,1467.2584422657321,-12.408620319600232,1
2024_17_DET_SF,2024-12-30,2024,17,VALIDATION,SF,DET,0,1556.47478982308,1615.0108755821316,-58.5360857590515,0.4,0.8666666666666667,-0.4666666666666667,0.3333333333333333,0.6666666666666666,-0.3333333333333333,0.2,0.8,-0.6000000000000001,0.4,0.9,-0.5,-1.2,12.933333333333334,-14.133333333333333,22.066666666666666,32.86666666666667,-10.8,23.266666666666666,19.933333333333334,-3.333333333333332,8.0,8.0,0.0,1615.0108755821316,1556.47478982308,1527.726903834589,1489.9191360927666,37.80776774182232,1
2024_18_CIN_PIT,2025-01-04,2024,18,VALIDATION,PIT,CIN,0,1561.9320149779544,1553.8892251688037,8.04278980915069,0.625,0.5,0.125,0.0,1.0,-1.0,0.4,0.8,-0.4,0.6,0.6,0.0,2.1875,2.25,-0.0625,22.6875,28.3125,-5.625,20.5,26.0625,5.5625,10.0,7.0,3.0,1553.8892251688037,1561.9320149779544,1584.8591090052219,1497.7058035187733,87.15330548644852,1
2024_18_CLE_BAL,2025-01-04,2024,18,VALIDATION,BAL,CLE,1,1615.3042478516759,1441.093001606762,174.2112462449138,0.6875,0.1875,0.5,1.0,0.0,1.0,0.8,0.0,0.8,0.7,0.2,0.49999999999999994,8.25,-9.5,17.75,30.1875,15.5,14.6875,21.9375,25.0,3.0625,10.0,6.0,4.0,1441.093001606762,1615.3042478516759,1516.5782793900726,1559.279536195795,-42.70125680572232,1
2024_18_BUF_NE,2025-01-05,2024,18,VALIDATION,NE,BUF,1,1372.2938649651956,1662.1566106371204,-289.8627456719248,0.1875,0.8125,-0.625,0.0,1.0,-1.0,0.0,0.8,-0.8,0.2,0.9,-0.7,-8.4375,10.25,-18.6875,16.625,31.8125,-15.1875,25.0625,21.5625,-3.5,8.0,7.0,1.0,1662.1566106371204,1372.2938649651956,1509.1126060760575,1499.6008392024657,9.511766873591796,1
2024_18_CAR_ATL,2025-01-05,2024,18,VALIDATION,ATL,CAR,0,1452.0413952203794,1338.9452781585776,113.0961170618018,0.5,0.25,0.25,0.6666666666666666,0.3333333333333333,0.3333333333333333,0.4,0.2,0.2,0.4,0.3,0.10000000000000003,-1.75,-12.4375,10.6875,21.9375,18.5625,3.375,23.6875,31.0,7.3125,7.0,7.0,0.0,1338.9452781585776,1452.0413952203794,1469.9458510287557,1531.9266556548287,-61.980804626072995,1
2024_18_CHI_GB,2025-01-05,2024,18,VALIDATION,GB,CHI,0,1573.5132333342522,1366.668394162953,206.8448391712991,0.6875,0.25,0.4375,0.6666666666666666,0.0,0.6666666666666666,0.6,0.0,0.6,0.7,0.0,0.7,7.75,-3.875,11.625,27.375,17.875,9.5,19.625,21.75,2.125,7.0,10.0,-3.0,1366.668394162953,1573.5132333342522,1542.016335727155,1576.9972104098783,-34.980874682723424,1
2024_18_HOU_TEN,2025-01-05,2024,18,VALIDATION,TEN,HOU,0,1379.3201687289538,1479.370460854851,-100.05029212589716,0.1875,0.5625,-0.375,0.0,0.3333333333333333,-0.3333333333333333,0.0,0.4,-0.4,0.2,0.4,-0.2,-8.75,-0.5625,-8.1875,18.5625,21.8125,-3.25,27.3125,22.375,-4.9375,7.0,11.0,-4.0,1479.370460854851,1379.3201687289538,1451.747337345421,1529.3782899080543,-77.63095256263318,1
2024_18_JAX_IND,2025-01-05,2024,18,VALIDATION,IND,JAX,1,1447.9408727976618,1415.1360932677662,32.80477952989554,0.4375,0.25,0.1875,0.3333333333333333,0.3333333333333333,0.0,0.4,0.4,0.0,0.4,0.3,0.10000000000000003,-3.3125,-7.0,3.6875,21.9375,18.5625,3.375,25.25,25.5625,0.3125,7.0,7.0,0.0,1415.1360932677662,1447.9408727976618,1452.8239547305627,1413.63849705227,39.18545767829278,1
2024_18_KC_DEN,2025-01-05,2024,18,VALIDATION,DEN,KC,1,1481.7025976276373,1692.0626985865877,-210.3601009589504,0.5625,0.9375,-0.375,0.3333333333333333,1.0,-0.6666666666666667,0.6,1.0,-0.4,0.6,0.9,-0.30000000000000004,4.75,6.0625,-1.3125,24.1875,24.0625,0.125,19.4375,18.0,-1.4375,8.0,11.0,-3.0,1692.0626985865877,1481.7025976276373,1481.4570165924483,1489.908440881416,-8.4514242889677,1
2024_18_LAC_LV,2025-01-05,2024,18,VALIDATION,LV,LAC,0,1426.8022684976922,1504.652887705955,-77.85061920826274,0.25,0.625,-0.375,0.6666666666666666,0.6666666666666666,0.0,0.4,0.6,-0.19999999999999996,0.2,0.7,-0.49999999999999994,-6.9375,5.4375,-12.375,18.0625,23.0,-4.9375,25.0,17.5625,-7.4375,7.0,8.0,-1.0,1504.652887705955,1426.8022684976922,1497.3209644787626,1506.3495822323305,-9.028617753567914,1
2024_18_MIA_NYJ,2025-01-05,2024,18,VALIDATION,NYJ,MIA,1,1390.3536842459735,1529.7716735273975,-139.41798928142407,0.25,0.5,-0.25,0.3333333333333333,0.6666666666666666,-0.3333333333333333,0.2,0.6,-0.39999999999999997,0.2,0.6,-0.39999999999999997,-4.875,-0.4375,-4.4375,19.125,20.3125,-1.1875,24.0,20.75,-3.25,7.0,7.0,0.0,1529.7716735273975,1390.3536842459735,1532.411925429531,1492.1251670418487,40.28675838768231,1
2024_18_MIN_DET,2025-01-05,2024,18,VALIDATION,DET,MIN,1,1623.3418340699122,1601.478912173069,21.862921896843318,0.875,0.875,0.0,0.6666666666666666,1.0,-0.33333333333333337,0.8,1.0,-0.19999999999999996,0.9,0.9,0.0,12.5,7.625,4.875,33.3125,26.4375,6.875,20.8125,18.8125,-2.0,6.0,7.0,-1.0,1601.478912173069,1623.3418340699122,1509.4800890264783,1475.1966669993471,34.28342202713111,1
2024_18_NO_TB,2025-01-05,2024,18,VALIDATION,TB,NO,1,1527.5498093286124,1434.6861270485142,92.86368228009815,0.5625,0.3125,0.25,0.6666666666666666,0.0,0.6666666666666666,0.8,0.2,0.6000000000000001,0.5,0.3,0.2,6.8125,-3.25,10.0625,29.6875,19.9375,9.75,22.875,23.1875,0.3125,7.0,7.0,0.0,1434.6861270485142,1527.5498093286124,1433.5670913587658,1472.2052846566498,-38.63819329788407,1
2024_18_NYG_PHI,2025-01-05,2024,18,VALIDATION,PHI,NYG,1,1644.568999147472,1387.3530639269068,257.21593522056514,0.8125,0.1875,0.625,0.6666666666666666,0.3333333333333333,0.3333333333333333,0.8,0.2,0.6000000000000001,0.9,0.1,0.8,9.5625,-8.4375,18.0,27.6875,16.25,11.4375,18.125,24.6875,6.5625,7.0,7.0,0.0,1387.3530639269068,1644.568999147472,1514.0938434121988,1504.6948405942912,9.399002817907558,1
2024_18_SEA_LA,2025-01-05,2024,18,VALIDATION,LA,SEA,0,1556.7191162164352,1520.6339207061292,36.085195510305994,0.625,0.5625,0.0625,1.0,0.3333333333333333,0.6666666666666667,1.0,0.6,0.4,0.8,0.6,0.20000000000000007,-0.875,0.125,-1.0,21.375,21.5625,-0.1875,22.25,21.4375,-0.8125,8.0,10.0,-2.0,1520.6339207061292,1556.7191162164352,1504.2587076839059,1471.4559271049263,32.80278057897954,1
2024_18_SF_ARI,2025-01-05,2024,18,VALIDATION,ARI,SF,1,1413.3358370345632,1548.1438313352994,-134.80799430073625,0.4375,0.375,0.0625,0.3333333333333333,0.0,0.3333333333333333,0.2,0.2,0.0,0.5,0.3,0.2,-0.125,-1.5,1.375,22.0625,22.8125,-0.75,22.1875,24.3125,2.125,8.0,6.0,2.0,1548.1438313352994,1413.3358370345632,1472.610924685924,1539.3313459026735,-66.72042121674963,1
2024_18_WAS_DAL,2025-01-05,2024,18,VALIDATION,DAL,WAS,0,1561.251015223755,1495.9868618651817,65.26415335857337,0.4375,0.6875,-0.25,0.6666666666666666,1.0,-0.33333333333333337,0.6,0.8,-0.20000000000000007,0.4,0.7,-0.29999999999999993,-7.125,5.625,-12.75,20.6875,28.875,-8.1875,27.8125,23.25,-4.5625,7.0,7.0,0.0,1495.9868618651817,1561.251015223755,1485.058426402536,1510.2986993185693,-25.24027291603329,1
2025_02_WAS_GB,2025-09-11,2025,2,TEST,GB,WAS,1,1570.2889696870159,1514.4137117156934,55.875257971322526,1.0,1.0,0.0,1.0,1.0,0.0,1.0,1.0,0.0,1.0,1.0,0.0,14.0,15.0,-1.0,27.0,21.0,6.0,13.0,6.0,-7.0,4.0,4.0,0.0,1514.4137117156934,1570.2889696870159,1632.713397858923,1383.6464906261451,249.0669072327778,1
2025_02_ATL_MIN,2025-09-14,2025,2,TEST,MIN,ATL,0,1596.7033432323387,1431.592524972567,165.1108182597718,1.0,0.0,1.0,1.0,0.0,1.0,1.0,0.0,1.0,1.0,0.0,1.0,3.0,-3.0,6.0,27.0,20.0,7.0,24.0,23.0,-1.0,6.0,7.0,-1.0,1431.592524972567,1596.7033432323387,1382.005699589273,1534.9388592509322,-152.93315966165915,1
2025_02_BUF_NYJ,2025-09-14,2025,2,TEST,NYJ,BUF,0,1398.1724530759138,1654.6203763440644,-256.4479232681506,0.0,1.0,-1.0,0.0,1.0,-1.0,0.0,1.0,-1.0,0.0,1.0,-1.0,-2.0,1.0,-3.0,32.0,41.0,-9.0,34.0,40.0,6.0,7.0,7.0,0.0,1654.6203763440644,1398.1724530759138,1551.700566220132,1620.6719139056863,-68.97134768555429,1
2025_02_CAR_ARI,2025-09-14,2025,2,TEST,ARI,CAR,1,1437.039880997613,1343.6316390372442,93.40824196036874,1.0,0.0,1.0,1.0,0.0,1.0,1.0,0.0,1.0,1.0,0.0,1.0,7.0,-16.0,23.0,20.0,10.0,10.0,13.0,26.0,13.0,7.0,7.0,0.0,1343.6316390372442,1437.039880997613,1427.2970771261944,1406.0774948237715,21.21958230242285,1
2025_02_CHI_DET,2025-09-14,2025,2,TEST,DET,CHI,1,1620.6003560798392,1377.4097047409925,243.1906513388467,0.0,0.0,0.0,0.0,0.0,0.0,0.0,0.0,0.0,0.0,0.0,0.0,-14.0,-3.0,-11.0,13.0,24.0,-11.0,27.0,27.0,0.0,7.0,6.0,1.0,1377.4097047409925,1620.6003560798392,1558.1759279079322,1592.1073483840582,-33.93142047612605,1
2025_02_CLE_BAL,2025-09-14,2025,2,TEST,BAL,CLE,1,1611.3804091450613,1429.2613289849364,182.1190801601249,0.0,0.0,0.0,0.0,0.0,0.0,0.0,0.0,0.0,0.0,0.0,0.0,-1.0,-1.0,0.0,40.0,16.0,24.0,41.0,17.0,-24.0,7.0,7.0,0.0,1429.2613289849364,1611.3804091450613,1645.3288715834394,1564.120673926626,81.20819765681335,1
2025_02_DEN_IND,2025-09-14,2025,2,TEST,IND,DEN,1,1468.6804217265114,1503.6619515430095,-34.981529816498096,1.0,1.0,0.0,1.0,1.0,0.0,1.0,1.0,0.0,1.0,1.0,0.0,25.0,8.0,17.0,33.0,20.0,13.0,8.0,12.0,4.0,7.0,7.0,0.0,1503.6619515430095,1468.6804217265114,1515.9612607383178,1372.1228026033912,143.83845813492667,1
2025_02_JAX_CIN,2025-09-14,2025,2,TEST,CIN,JAX,1,1570.5846804944413,1414.5360007539027,156.04867974053855,1.0,1.0,0.0,1.0,1.0,0.0,1.0,1.0,0.0,1.0,1.0,0.0,1.0,16.0,-15.0,17.0,26.0,-9.0,16.0,10.0,-6.0,7.0,7.0,0.0,1414.5360007539027,1570.5846804944413,1435.7253355527516,1352.0901449673754,83.63519058537622,1
2025_02_LA_TEN,2025-09-14,2025,2,TEST,TEN,LA,0,1365.5727181858356,1553.9989450919777,-188.42622690614212,0.0,1.0,-1.0,0.0,1.0,-1.0,0.0,1.0,-1.0,0.0,1.0,-1.0,-8.0,5.0,-13.0,12.0,14.0,-2.0,20.0,9.0,-11.0,7.0,7.0,0.0,1553.9989450919777,1365.5727181858356,1497.111867125454,1486.5678269804137,10.544040145040299,1
2025_02_NE_MIA,2025-09-14,2025,2,TEST,MIA,NE,0,1504.2803102534629,1379.9796375743692,124.30067267909362,0.0,0.0,0.0,0.0,0.0,0.0,0.0,0.0,0.0,0.0,0.0,0.0,-25.0,-7.0,-18.0,8.0,13.0,-5.0,33.0,20.0,-13.0,7.0,7.0,0.0,1379.9796375743692,1504.2803102534629,1456.9994712416565,1419.0062266491036,37.993244592552855,1
2025_02_NYG_DAL,2025-09-14,2025,2,TEST,DAL,NYG,1,1542.1659479602167,1377.0763072776058,165.08964068261093,0.0,0.0,0.0,0.0,0.0,0.0,0.0,0.0,0.0,0.0,0.0,0.0,-4.0,-15.0,11.0,20.0,6.0,14.0,24.0,21.0,-3.0,10.0,7.0,3.0,1377.0763072776058,1542.1659479602167,1648.2755724482336,1507.843528367154,140.43204408107954,1
2025_02_PHI_KC,2025-09-14,2025,2,TEST,KC,PHI,0,1662.250302914185,1655.5039732097996,6.746329704385516,0.0,1.0,-1.0,0.0,1.0,-1.0,0.0,1.0,-1.0,0.0,1.0,-1.0,-6.0,4.0,-10.0,21.0,24.0,-3.0,27.0,20.0,-7.0,9.0,10.0,-1.0,1655.5039732097996,1662.250302914185,1512.4489295545436,1549.3943487217828,-36.94541916723915,1
2025_02_SEA_PIT,2025-09-14,2025,2,TEST,PIT,SEA,0,1557.6922101792713,1521.7487901731763,35.94342000609504,1.0,0.0,1.0,1.0,0.0,1.0,1.0,0.0,1.0,1.0,0.0,1.0,2.0,-4.0,6.0,34.0,13.0,21.0,32.0,17.0,-15.0,7.0,7.0,0.0,1521.7487901731763,1557.6922101792713,1404.1640970350531,1534.4474094514947,-130.2833124164415,1
2025_02_SF_NO,2025-09-14,2025,2,TEST,NO,SF,0,1417.2894550469493,1544.3674368535512,-127.07798180660188,0.0,1.0,-1.0,0.0,1.0,-1.0,0.0,1.0,-1.0,0.0,1.0,-1.0,-7.0,4.0,-11.0,13.0,17.0,-4.0,20.0,13.0,-7.0,7.0,7.0,0.0,1544.3674368535512,1417.2894550469493,1427.032258918368,1531.6688175752329,-104.63655865686496,1
2025_02_LAC_LV,2025-09-15,2025,2,TEST,LV,LAC,0,1428.1481930936109,1526.8520557291295,-98.70386263551859,1.0,1.0,0.0,1.0,1.0,0.0,1.0,1.0,0.0,1.0,1.0,0.0,7.0,6.0,1.0,20.0,27.0,-7.0,13.0,21.0,8.0,8.0,10.0,-2.0,1526.8520557291295,1428.1481930936109,1389.1216040188765,1676.653429088771,-287.53182506989447,1
2025_02_TB_HOU,2025-09-15,2025,2,TEST,HOU,TB,0,1478.2531012357674,1542.2428626899468,-63.989761454179416,0.0,1.0,-1.0,0.0,1.0,-1.0,0.0,1.0,-1.0,0.0,1.0,-1.0,-5.0,3.0,-8.0,9.0,23.0,-14.0,14.0,20.0,6.0,8.0,8.0,0.0,1542.2428626899468,1478.2531012357674,1545.6842193473315,1438.8965284115816,106.78769093574988,1
2025_03_MIA_BUF,2025-09-18,2025,3,TEST,BUF,MIA,1,1658.3403181422138,1490.8478619102154,167.4924562319984,1.0,0.0,1.0,1.0,0.0,1.0,1.0,0.0,1.0,1.0,0.0,1.0,10.5,-15.5,26.0,35.5,17.5,18.0,25.0,33.0,8.0,4.0,4.0,0.0,1490.8478619102154,1658.3403181422138,1509.4221834908,1418.4895544080127,90.93262908278734,1
2025_03_ARI_SF,2025-09-21,2025,3,TEST,SF,ARI,1,1550.8646635678947,1444.414331703562,106.45033186433261,1.0,1.0,0.0,1.0,1.0,0.0,1.0,1.0,0.0,1.0,1.0,0.0,4.5,6.0,-1.5,21.5,23.5,-2.0,17.0,17.5,0.5,7.0,7.0,0.0,1444.414331703562,1550.8646635678947,1474.4791363110912,1385.4643580817192,89.01477822937204,1
2025_03_ATL_CAR,2025-09-21,2025,3,TEST,CAR,ATL,1,1336.257188331295,1446.0166555050275,-109.75946717373245,0.0,0.5,-0.5,0.0,0.5,-0.5,0.0,0.5,-0.5,0.0,0.5,-0.5,-10.5,6.5,-17.0,16.0,21.0,-5.0,26.5,14.5,-12.0,7.0,7.0,0.0,1446.0166555050275,1336.257188331295,1421.5586879106922,1565.8211012416355,-144.26241333094322,1
2025_03_CIN_MIN,2025-09-21,2025,3,TEST,MIN,CIN,1,1582.2792126998781,1576.3727276290338,5.906485070844383,0.5,1.0,-0.5,0.5,1.0,-0.5,0.5,1.0,-0.5,0.5,1.0,-0.5,-6.5,2.5,-9.0,16.5,24.0,-7.5,23.0,21.5,-1.5,7.0,7.0,0.0,1576.3727276290338,1582.2792126998781,1406.7991122809199,1425.1306681533272,-18.331555872407307,1
2025_03_DAL_CHI,2025-09-21,2025,3,TEST,CHI,DAL,1,1373.4531220127674,1547.742307675866,-174.28918566309858,0.0,0.5,-0.5,0.0,0.5,-0.5,0.0,0.5,-0.5,0.0,0.5,-0.5,-17.0,-0.5,-16.5,22.5,30.0,-7.5,39.5,30.5,-9.0,7.0,7.0,0.0,1547.742307675866,1373.4531220127674,1606.3538522319486,1512.6759398629197,93.67791236902895,1
2025_03_DEN_LAC,2025-09-21,2025,3,TEST,LAC,DEN,1,1534.0851698763076,1492.6584907367399,41.426679139567796,1.0,0.5,0.5,1.0,0.5,0.5,1.0,0.5,0.5,1.0,0.5,0.5,8.5,3.5,5.0,23.5,24.0,-0.5,15.0,20.5,5.5,6.0,7.0,-1.0,1492.6584907367399,1534.0851698763076,1552.400811091191,1420.4016121649513,131.99919892623961,1
2025_03_GB_CLE,2025-09-21,2025,3,TEST,CLE,GB,1,1424.0705325073159,1578.6944733615148,-154.62394085419896,0.0,1.0,-1.0,0.0,1.0,-1.0,0.0,1.0,-1.0,0.0,1.0,-1.0,-12.5,11.5,-24.0,16.5,27.0,-10.5,29.0,15.5,-13.5,7.0,10.0,-3.0,1578.6944733615148,1424.0705325073159,1587.7505415358437,1573.563554787308,14.186986748535674,1
2025_03_HOU_JAX,2025-09-21,2025,3,TEST,JAX,HOU,1,1408.7479536193102,1470.074328249004,-61.32637462969387,0.5,0.0,0.5,0.5,0.0,0.5,0.5,0.0,0.5,0.5,0.0,0.5,6.0,-3.0,9.0,26.5,14.0,12.5,20.5,17.0,-3.5,7.0,6.0,1.0,1470.074328249004,1408.7479536193102,1461.3374127309085,1543.9635410186393,-82.62612828773081,1
2025_03_IND_TEN,2025-09-21,2025,3,TEST,TEN,IND,0,1360.5202471165803,1479.6838825327811,-119.1636354162008,0.0,1.0,-1.0,0.0,1.0,-1.0,0.0,1.0,-1.0,0.0,1.0,-1.0,-11.0,13.0,-24.0,15.5,31.0,-15.5,26.5,18.0,-8.5,7.0,7.0,0.0,1479.6838825327811,1360.5202471165803,1525.555406108716,1509.8116061406636,15.743799968052372,1
2025_03_KC_NYG,2025-09-21,2025,3,TEST,NYG,KC,0,1371.4999475619566,1652.0561523367442,-280.5562047747876,0.0,0.0,0.0,0.0,0.0,0.0,0.0,0.0,0.0,0.0,0.0,0.0,-9.0,-4.5,-4.5,21.5,19.0,2.5,30.5,23.5,-7.0,7.0,7.0,0.0,1652.0561523367442,1371.4999475619566,1525.0047381636855,1583.9764513821715,-58.971713218486,1
2025_03_LA_PHI,2025-09-21,2025,3,TEST,PHI,LA,1,1665.6981237872405,1559.051416161233,106.64670762600758,1.0,1.0,0.0,1.0,1.0,0.0,1.0,1.0,0.0,1.0,1.0,0.0,3.5,9.5,-6.0,22.0,23.5,-1.5,18.5,14.0,-4.5,7.0,7.0,0.0,1559.051416161233,1665.6981237872405,1605.822325817984,1426.0702725831247,179.7520532348592,1
2025_03_LV_WAS,2025-09-21,2025,3,TEST,WAS,LV,1,1506.0082080411944,1420.9150789464327,85.09312909476171,0.5,0.5,0.0,0.5,0.5,0.0,0.5,0.5,0.0,0.5,0.5,0.0,3.0,-2.0,5.0,19.5,14.5,5.0,16.5,16.5,0.0,10.0,6.0,4.0,1420.9150789464327,1506.0082080411944,1476.9677301565805,1457.986829874003,18.980900282577522,1
2025_03_NO_SEA,2025-09-21,2025,3,TEST,SEA,NO,1,1532.7796499489707,1410.7922283326059,121.98742161636483,0.5,0.0,0.5,0.5,0.0,0.5,0.5,0.0,0.5,0.5,0.0,0.5,5.0,-6.0,11.0,22.0,17.0,5.0,17.0,23.0,6.0,7.0,7.0,0.0,1410.7922283326059,1532.7796499489707,1546.069809815383,1485.6998478859596,60.369961929423425,1
2025_03_NYJ_TB,2025-09-21,2025,3,TEST,TB,NYJ,1,1550.4216356767101,1394.4525112777644,155.96912439894572,1.0,0.0,1.0,1.0,0.0,1.0,1.0,0.0,1.0,1.0,0.0,1.0,2.0,-11.0,13.0,21.5,21.0,0.5,19.5,32.0,12.5,6.0,7.0,-1.0,1394.4525112777644,1550.4216356767101,1458.5748148236744,1603.1604712820981,-144.58565645842373,1
2025_03_PIT_NE,2025-09-21,2025,3,TEST,NE,PIT,0,1393.4120859176167,1546.661350403477,-153.2492644858603,0.5,0.5,0.0,0.5,0.5,0.0,0.5,0.5,0.0,0.5,0.5,0.0,-0.5,-6.0,5.5,23.0,25.5,-2.5,23.5,31.5,8.0,7.0,7.0,0.0,1546.661350403477,1393.4120859176167,1461.6432684512833,1462.9564436041146,-1.3131751528312634,1
2025_03_DET_BAL,2025-09-22,2025,3,TEST,BAL,DET,0,1616.5712056226819,1624.5569388080644,-7.985733185382514,0.5,0.5,0.0,0.5,0.5,0.0,0.5,0.5,0.0,0.5,0.5,0.0,11.5,8.5,3.0,40.5,32.5,8.0,29.0,24.0,-5.0,8.0,8.0,0.0,1624.5569388080644,1616.5712056226819,1537.2951002841878,1467.7928163244624,69.50228395972545,1
2025_04_SEA_ARI,2025-09-25,2025,4,TEST,ARI,SEA,0,1437.3858136376439,1539.4060716505767,-102.0202580129328,0.6666666666666666,0.6666666666666666,0.0,0.6666666666666666,0.6666666666666666,0.0,0.6666666666666666,0.6666666666666666,0.0,0.6666666666666666,0.6666666666666666,0.0,3.6666666666666665,13.666666666666666,-10.0,20.666666666666668,29.333333333333332,-8.666666666666664,17.0,15.666666666666666,-1.333333333333334,4.0,4.0,0.0,1539.4060716505767,1437.3858136376439,1440.597793243778,1500.9772826544574,-60.379489410679525,1
2025_04_BAL_KC,2025-09-28,2025,4,TEST,KC,BAL,1,1655.3740326834331,1606.8010130323526,48.573019651080585,0.3333333333333333,0.3333333333333333,0.0,0.3333333333333333,0.3333333333333333,0.0,0.3333333333333333,0.3333333333333333,0.0,0.3333333333333333,0.3333333333333333,0.0,1.3333333333333333,5.0,-3.666666666666667,20.0,37.0,-17.0,18.666666666666668,32.0,13.333333333333332,7.0,6.0,1.0,1606.8010130323526,1655.3740326834331,1513.1509501087667,1566.3823797921468,-53.231429683380156,1
2025_04_CAR_NE,2025-09-28,2025,4,TEST,NE,CAR,1,1387.557535084883,1349.3152573464652,38.2422777384179,0.3333333333333333,0.3333333333333333,0.0,0.3333333333333333,0.3333333333333333,0.0,0.3333333333333333,0.3333333333333333,0.0,0.3333333333333333,0.3333333333333333,0.0,-2.6666666666666665,3.0,-5.666666666666666,20.0,20.666666666666668,-0.6666666666666679,22.666666666666668,17.666666666666668,-5.0,7.0,7.0,0.0,1349.3152573464652,1387.557535084883,1489.9826291020145,1429.7113437754706,60.271285326543875,1
2025_04_CHI_LV,2025-09-28,2025,4,TEST,LV,CHI,0,1413.3164321913957,1388.08721767849,25.229214512905628,0.3333333333333333,0.3333333333333333,0.0,0.3333333333333333,0.3333333333333333,0.0,0.3333333333333333,0.3333333333333333,0.0,0.3333333333333333,0.3333333333333333,0.0,-7.0,-5.666666666666667,-1.333333333333333,17.666666666666668,25.333333333333332,-7.666666666666664,24.666666666666668,31.0,6.333333333333332,7.0,7.0,0.0,1388.08721767849,1413.3164321913957,1473.9939559297334,1586.8166707132543,-112.82271478352095,1
2025_04_CLE_DET,2025-09-28,2025,4,TEST,DET,CLE,1,1634.3271313983937,1438.2486948333737,196.07843656501996,0.6666666666666666,0.3333333333333333,0.3333333333333333,0.6666666666666666,0.3333333333333333,0.3333333333333333,0.6666666666666666,0.3333333333333333,0.3333333333333333,0.6666666666666666,0.3333333333333333,0.3333333333333333,8.333333333333334,-7.333333333333333,15.666666666666668,34.333333333333336,15.333333333333334,19.0,26.0,22.666666666666668,-3.333333333333332,6.0,7.0,-1.0,1438.2486948333737,1634.3271313983937,1517.3856127572024,1584.7318521444006,-67.34623938719824,1
2025_04_IND_LA,2025-09-28,2025,4,TEST,LA,IND,1,1552.0280503101508,1486.382525823194,65.64552448695667,0.6666666666666666,1.0,-0.33333333333333337,0.6666666666666666,1.0,-0.33333333333333337,0.6666666666666666,1.0,-0.33333333333333337,0.6666666666666666,1.0,-0.33333333333333337,4.0,15.666666666666666,-11.666666666666666,24.333333333333332,34.333333333333336,-10.000000000000004,20.333333333333332,18.666666666666668,-1.6666666666666643,7.0,7.0,0.0,1486.382525823194,1552.0280503101508,1505.9462229844967,1460.0478197993025,45.898403185194184,1
2025_04_JAX_SF,2025-09-28,2025,4,TEST,SF,JAX,0,1557.893181633813,1420.4949626928799,137.39821894093302,1.0,0.6666666666666666,0.33333333333333337,1.0,0.6666666666666666,0.33333333333333337,1.0,0.6666666666666666,0.33333333333333337,1.0,0.6666666666666666,0.33333333333333337,3.3333333333333335,6.333333333333333,-2.9999999999999996,19.666666666666668,23.333333333333332,-3.6666666666666643,16.333333333333332,17.0,0.6666666666666679,7.0,7.0,0.0,1420.4949626928799,1557.893181633813,1464.4575347752482,1464.249717903607,0.20781687164117102,1
2025_04_LAC_NYG,2025-09-28,2025,4,TEST,NYG,LAC,1,1368.1820672152676,1542.8984328743832,-174.71636565911558,0.0,1.0,-1.0,0.0,1.0,-1.0,0.0,1.0,-1.0,0.0,1.0,-1.0,-10.333333333333334,6.666666666666667,-17.0,17.333333333333332,23.333333333333332,-6.0,27.666666666666668,16.666666666666668,-11.0,7.0,7.0,0.0,1542.8984328743832,1368.1820672152676,1567.355209554705,1532.486704306374,34.868505248331076,1
2025_04_MIN_PIT,2025-09-28,2025,4,TEST,PIT,MIN,1,1552.5159012362105,1592.1092267693666,-39.593325533156076,0.6666666666666666,0.6666666666666666,0.0,0.6666666666666666,0.6666666666666666,0.0,0.6666666666666666,0.6666666666666666,0.0,0.6666666666666666,0.6666666666666666,0.0,-1.6666666666666667,8.333333333333334,-10.0,24.0,27.0,-3.0,25.666666666666668,18.666666666666668,-7.0,7.0,7.0,0.0,1592.1092267693666,1552.5159012362105,1439.7749910419486,1463.323650730291,-23.548659688342468,1
2025_04_NO_BUF,2025-09-28,2025,4,TEST,BUF,NO,1,1663.8612231686186,1404.165806631,259.6954165376187,1.0,0.0,1.0,1.0,0.0,1.0,1.0,0.0,1.0,1.0,0.0,1.0,10.333333333333334,-14.333333333333334,24.666666666666668,34.0,15.666666666666666,18.333333333333336,23.666666666666668,30.0,6.333333333333332,10.0,7.0,3.0,1404.165806631,1663.8612231686186,1503.2307429639386,1501.3931152402965,1.837627723642072,1
2025_04_PHI_TB,2025-09-28,2025,4,TEST,TB,PHI,0,1556.2115665590413,1672.7214896383227,-116.5099230792814,1.0,1.0,0.0,1.0,1.0,0.0,1.0,1.0,0.0,1.0,1.0,0.0,2.0,4.666666666666667,-2.666666666666667,24.0,25.666666666666668,-1.6666666666666679,22.0,21.0,-1.0,7.0,7.0,0.0,1672.7214896383227,1556.2115665590413,1437.2007136417044,1590.232022599067,-153.03130895736263,1
2025_04_TEN_HOU,2025-09-28,2025,4,TEST,HOU,TEN,1,1458.3273191754345,1353.8216038261673,104.50571534926712,0.0,0.0,0.0,0.0,0.0,0.0,0.0,0.0,0.0,0.0,0.0,0.0,-4.333333333333333,-14.333333333333334,10.0,12.666666666666666,17.0,-4.333333333333334,17.0,31.333333333333332,14.333333333333332,7.0,7.0,0.0,1353.8216038261673,1458.3273191754345,1498.891678552196,1510.2648982500712,-11.373219697875129,1
2025_04_WAS_ATL,2025-09-28,2025,4,TEST,ATL,WAS,1,1432.9585864898575,1513.6068547962313,-80.6482683063739,0.3333333333333333,0.6666666666666666,-0.3333333333333333,0.3333333333333333,0.6666666666666666,-0.3333333333333333,0.3333333333333333,0.6666666666666666,-0.3333333333333333,0.3333333333333333,0.6666666666666666,-0.3333333333333333,-5.666666666666667,7.666666666666667,-13.333333333333334,14.0,26.666666666666668,-12.666666666666668,19.666666666666668,19.0,-0.6666666666666679,7.0,7.0,0.0,1513.6068547962313,1432.9585864898575,1489.2997969381886,1458.2835130865312,31.016283851657363,1
2025_04_CIN_DEN,2025-09-29,2025,4,TEST,DEN,CIN,1,1483.8452277386643,1566.5427135595453,-82.69748582088096,0.3333333333333333,0.6666666666666666,-0.3333333333333333,0.3333333333333333,0.6666666666666666,-0.3333333333333333,0.3333333333333333,0.6666666666666666,-0.3333333333333333,0.3333333333333333,0.6666666666666666,-0.3333333333333333,1.3333333333333333,-11.0,12.333333333333334,22.666666666666668,19.333333333333332,3.3333333333333357,21.333333333333332,30.333333333333332,9.0,8.0,8.0,0.0,1566.5427135595453,1483.8452277386643,1458.2961314020702,1477.5135163355108,-19.2173849334406,1
2025_04_NYJ_MIA,2025-09-29,2025,4,TEST,MIA,NYJ,1,1485.3269568838107,1388.6625803954332,96.66437648837746,0.0,0.0,0.0,0.0,0.0,0.0,0.0,0.0,0.0,0.0,0.0,0.0,-13.666666666666666,-8.0,-5.666666666666666,18.666666666666668,23.0,-4.333333333333332,32.333333333333336,31.0,-1.3333333333333357,11.0,8.0,3.0,1388.6625803954332,1485.3269568838107,1498.43980898608,1585.5808594136354,-87.14105042755546,1
2025_05_SF_LA,2025-10-02,2025,5,TEST,LA,SF,0,1560.1607876199669,1544.1325716976999,16.02821592226701,0.75,0.75,0.0,0.6666666666666666,0.6666666666666666,0.0,0.75,0.75,0.0,0.75,0.75,0.0,4.75,1.25,3.5,25.0,20.0,5.0,20.25,18.75,-1.5,4.0,4.0,0.0,1544.1325716976999,1560.1607876199669,1501.055298694171,1453.466891754656,47.588406939514925,1
2025_05_DAL_NYJ,2025-10-05,2025,5,TEST,NYJ,DAL,0,1381.3751715141054,1534.0097552650254,-152.63458375092,0.0,0.375,-0.375,0.0,0.5,-0.5,0.0,0.375,-0.375,0.0,0.375,-0.375,-7.5,-4.5,-3.0,22.5,28.5,-6.0,30.0,33.0,3.0,6.0,7.0,-1.0,1534.0097552650254,1381.3751715141054,1560.5173837811794,1490.830328193516,69.68705558766351,1
2025_05_DEN_PHI,2025-10-05,2025,5,TEST,PHI,DEN,0,1679.488358999441,1496.181498220166,183.30686077927498,1.0,0.5,0.5,1.0,0.3333333333333333,0.6666666666666667,1.0,0.5,0.5,1.0,0.5,0.5,5.0,7.25,-2.25,27.0,24.0,3.0,22.0,16.75,-5.25,7.0,6.0,1.0,1496.181498220166,1679.488358999441,1581.7269085890605,1485.357776941439,96.36913164762154,1
2025_05_DET_CIN,2025-10-05,2025,5,TEST,CIN,DET,0,1554.2064430780435,1639.2150859537983,-85.00864287575473,0.5,0.75,-0.25,0.3333333333333333,1.0,-0.6666666666666667,0.5,0.75,-0.25,0.5,0.75,-0.25,-14.5,12.25,-26.75,15.25,34.25,-19.0,29.75,22.0,-7.75,6.0,7.0,-1.0,1639.2150859537983,1554.2064430780435,1479.0964441862993,1497.601383276245,-18.504939089945765,1
2025_05_HOU_BAL,2025-10-05,2025,5,TEST,BAL,HOU,0,1598.190019190443,1465.4069502434666,132.78306894697653,0.25,0.25,0.0,0.3333333333333333,0.3333333333333333,0.0,0.25,0.25,0.0,0.25,0.25,0.0,-0.5,3.25,-3.75,32.75,16.0,16.75,33.25,12.75,-20.5,7.0,7.0,0.0,1465.4069502434666,1598.190019190443,1588.6302930149684,1462.624159870689,126.00613314427937,1
2025_05_LV_IND,2025-10-05,2025,5,TEST,IND,LV,1,1478.249788513378,1402.5915506814301,75.65823783194787,0.75,0.25,0.5,0.6666666666666666,0.0,0.6666666666666666,0.75,0.25,0.5,0.75,0.25,0.5,10.0,-5.5,15.5,30.75,19.25,11.5,20.75,24.75,4.0,7.0,7.0,0.0,1402.5915506814301,1478.249788513378,1483.0428774270147,1452.5172713669226,30.52560606009206,1
2025_05_MIA_CAR,2025-10-05,2025,5,TEST,CAR,MIA,1,1340.4115348593775,1492.6143657651385,-152.20283090576095,0.25,0.25,0.0,0.3333333333333333,0.3333333333333333,0.0,0.25,0.25,0.0,0.25,0.25,0.0,-5.0,-8.75,3.75,18.75,20.75,-2.0,23.75,29.5,5.75,7.0,6.0,1.0,1492.6143657651385,1340.4115348593775,1419.1728916028237,1470.9955018384182,-51.82261023559454,1
2025_05_MIN_CLE,2025-10-05,2025,5,TEST,CLE,MIN,0,1433.3607402779692,1580.9745468844228,-147.61380660645364,0.25,0.5,-0.25,0.3333333333333333,0.3333333333333333,0.0,0.25,0.5,-0.25,0.25,0.5,-0.25,-11.5,5.5,-17.0,14.0,25.5,-11.5,25.5,20.0,-5.5,7.0,7.0,0.0,1580.9745468844228,1433.3607402779692,1597.130671957899,1485.6217133567711,111.50895860112792,1
2025_05_NE_BUF,2025-10-05,2025,5,TEST,BUF,NE,0,1667.5248904683021,1396.4612575719707,271.06363289633146,1.0,0.5,0.5,1.0,0.6666666666666666,0.33333333333333337,1.0,0.5,0.5,1.0,0.5,0.5,10.75,5.25,5.5,33.25,25.5,7.75,22.5,20.25,-2.25,7.0,7.0,0.0,1396.4612575719707,1667.5248904683021,1478.4645088807038,1454.815786163127,23.648722717576675,1
2025_05_NYG_NO,2025-10-05,2025,5,TEST,NO,NYG,1,1400.5021393313164,1382.8258122258292,17.67632710548719,0.0,0.25,-0.25,0.0,0.3333333333333333,-0.3333333333333333,0.0,0.25,-0.25,0.0,0.25,-0.25,-13.75,-7.0,-6.75,16.5,18.25,-1.75,30.25,25.25,-5.0,7.0,7.0,0.0,1382.8258122258292,1400.5021393313164,1542.010142222377,1561.2410153846245,-19.230873162247462,1
2025_05_TB_SEA,2025-10-05,2025,5,TEST,SEA,TB,0,1546.551274712151,1549.444697197923,-2.8934224857719073,0.75,0.75,0.0,1.0,0.6666666666666666,0.33333333333333337,0.75,0.75,0.0,0.75,0.75,0.0,11.0,0.0,11.0,27.75,24.25,3.5,16.75,24.25,7.5,10.0,7.0,3.0,1549.444697197923,1546.551274712151,1485.079415400254,1496.080907640859,-11.001492240605103,1
2025_05_TEN_ARI,2025-10-05,2025,5,TEST,ARI,TEN,0,1430.2406105760695,1346.7419727581353,83.4986378179342,0.5,0.0,0.5,0.3333333333333333,0.0,0.3333333333333333,0.5,0.0,0.5,0.5,0.0,0.5,2.0,-17.25,19.25,20.5,12.75,7.75,18.5,30.0,11.5,10.0,7.0,3.0,1346.7419727581353,1430.2406105760695,1465.2998628454775,1497.2805034814119,-31.98064063593438,1
2025_05_WAS_LAC,2025-10-05,2025,5,TEST,LAC,WAS,0,1528.2546878638216,1501.3264225421044,26.928265321717163,0.75,0.5,0.25,0.6666666666666666,0.3333333333333333,0.3333333333333333,0.75,0.5,0.25,0.75,0.5,0.25,4.25,4.0,0.25,22.0,26.75,-4.75,17.75,22.75,5.0,7.0,7.0,0.0,1501.3264225421044,1528.2546878638216,1491.4105450335974,1451.9522814373627,39.4582635962347,1
2025_05_KC_JAX,2025-10-06,2025,5,TEST,JAX,KC,1,1434.255572628993,1663.9850265253426,-229.7294538963497,0.75,0.5,0.25,0.6666666666666666,0.6666666666666666,0.0,0.75,0.5,0.25,0.75,0.5,0.25,6.0,5.25,0.75,24.0,24.25,-0.25,18.0,19.0,1.0,8.0,8.0,0.0,1663.9850265253426,1434.255572628993,1487.6605838361584,1536.563465839663,-48.9028820035046,1
2025_06_PHI_NYG,2025-10-09,2025,6,TEST,NYG,PHI,1,1373.3341393039289,1664.6529185781724,-291.3187792742435,0.2,0.8,-0.6000000000000001,0.3333333333333333,0.6666666666666666,-0.3333333333333333,0.2,0.8,-0.6000000000000001,0.2,0.8,-0.6000000000000001,-8.0,3.2,-11.2,17.4,25.0,-7.600000000000001,25.4,21.8,-3.599999999999998,4.0,4.0,0.0,1664.6529185781724,1373.3341393039289,1529.0932401739628,1564.6178265152816,-35.52458634131881,1
2025_06_ARI_IND,2025-10-12,2025,6,TEST,IND,ARI,1,1486.1059498557463,1417.8825514606058,68.22339839514052,0.8,0.4,0.4,0.6666666666666666,0.0,0.6666666666666666,0.8,0.4,0.4,0.8,0.4,0.4,14.8,1.4,13.4,32.6,20.6,12.0,17.8,19.2,1.3999999999999986,7.0,7.0,0.0,1417.8825514606058,1486.1059498557463,1466.9526120778978,1441.5882848280091,25.364327249888674,1
2025_06_CIN_GB,2025-10-12,2025,6,TEST,GB,CIN,1,1563.6147677805748,1546.6055047048076,17.009263075767194,0.625,0.4,0.22499999999999998,0.5,0.0,0.5,0.625,0.4,0.22499999999999998,0.625,0.4,0.22499999999999998,5.0,-14.2,19.2,26.0,17.0,9.0,21.0,31.2,10.2,14.0,7.0,7.0,1546.6055047048076,1563.6147677805748,1526.076463523019,1511.1201725397991,14.956290983219787,1
2025_06_CLE_PIT,2025-10-12,2025,6,TEST,PIT,CLE,1,1563.6505811211543,1427.370964460484,136.2796166606704,0.75,0.2,0.55,0.6666666666666666,0.3333333333333333,0.3333333333333333,0.75,0.2,0.55,0.75,0.2,0.55,-0.5,-10.0,9.5,24.0,14.6,9.4,24.5,24.6,0.10000000000000142,14.0,7.0,7.0,1427.370964460484,1563.6505811211543,1477.8585499738033,1593.8994469432037,-116.04089696940036,1
2025_06_DAL_CAR,2025-10-12,2025,6,TEST,CAR,DAL,1,1354.5320099776684,1539.8789684553312,-185.34695847766284,0.4,0.5,-0.09999999999999998,0.6666666666666666,0.5,0.16666666666666663,0.4,0.5,-0.09999999999999998,0.4,0.5,-0.09999999999999998,-3.4,-0.6,-2.8,20.4,30.2,-9.8,23.8,30.8,7.0,7.0,7.0,0.0,1539.8789684553312,1354.5320099776684,1433.8611864352868,1468.9392968576337,-35.07811042234698,1
2025_06_DEN_NYJ,2025-10-12,2025,6,TEST,NYJ,DEN,0,1375.5059583237996,1511.0169386414348,-135.51098031763513,0.0,0.6,-0.6,0.0,0.6666666666666666,-0.6666666666666666,0.0,0.6,-0.6,0.0,0.6,-0.6,-9.0,6.6,-15.6,22.4,23.4,-1.0,31.4,16.8,-14.599999999999998,7.0,7.0,0.0,1511.0169386414348,1375.5059583237996,1555.2158580779485,1524.1838933530394,31.03196472490913,1
2025_06_DET_KC,2025-10-12,2025,6,TEST,KC,DET,1,1648.1933154935286,1646.8160243270343,1.3772911664943877,0.4,0.8,-0.4,0.6666666666666666,1.0,-0.33333333333333337,0.4,0.8,-0.4,0.4,0.8,-0.4,3.6,12.4,-8.8,25.0,34.8,-9.799999999999997,21.4,22.4,1.0,6.0,7.0,-1.0,1646.8160243270343,1648.1933154935286,1516.101887197529,1508.9223952366049,7.179491960924224,1
2025_06_LAC_MIA,2025-10-12,2025,6,TEST,MIA,LAC,0,1478.4938906468476,1517.481178326492,-38.987287679644396,0.2,0.6,-0.39999999999999997,0.3333333333333333,0.3333333333333333,0.0,0.2,0.6,-0.39999999999999997,0.2,0.6,-0.39999999999999997,-7.6,0.0,-7.6,21.4,19.6,1.7999999999999972,29.0,19.6,-9.399999999999999,7.0,7.0,0.0,1517.481178326492,1478.4938906468476,1444.87870844261,1493.3937205352988,-48.51501209268872,1
2025_06_LA_BAL,2025-10-12,2025,6,TEST,BAL,LA,0,1584.544024022814,1549.699785477399,34.84423854541501,0.2,0.6,-0.39999999999999997,0.0,0.3333333333333333,-0.3333333333333333,0.2,0.6,-0.39999999999999997,0.2,0.6,-0.39999999999999997,-7.2,3.2,-10.4,28.2,24.6,3.599999999999998,35.4,21.4,-14.0,7.0,10.0,-3.0,1549.699785477399,1584.544024022814,1563.9856244606679,1509.6707532948767,54.314871165791146,1
2025_06_NE_NO,2025-10-12,2025,6,TEST,NO,NE,0,1409.9938122532167,1412.9893797586633,-2.9955675054466155,0.2,0.6,-0.39999999999999997,0.3333333333333333,0.6666666666666666,-0.3333333333333333,0.2,0.6,-0.39999999999999997,0.2,0.6,-0.39999999999999997,-8.6,4.8,-13.399999999999999,18.4,25.0,-6.600000000000001,27.0,20.2,-6.800000000000001,7.0,7.0,0.0,1412.9893797586633,1409.9938122532167,1510.1732762230674,1497.357607024162,12.815669198905425,1
2025_06_SEA_JAX,2025-10-12,2025,6,TEST,JAX,SEA,0,1450.047283660807,1536.634552180479,-86.58726851967208,0.8,0.6,0.20000000000000007,1.0,0.6666666666666666,0.33333333333333337,0.8,0.6,0.20000000000000007,0.8,0.6,0.20000000000000007,5.4,8.2,-2.799999999999999,25.4,29.2,-3.8000000000000007,20.0,21.0,1.0,6.0,7.0,-1.0,1536.634552180479,1450.047283660807,1522.9254723739953,1497.9524717597876,24.97300061420765,1
2025_06_SF_TB,2025-10-12,2025,6,TEST,TB,SF,1,1559.3614197295951,1554.5935738402677,4.767845889327418,0.8,0.8,0.0,0.6666666666666666,0.6666666666666666,0.0,0.8,0.8,0.0,0.8,0.8,0.0,0.6,1.6,-1.0,27.0,21.2,5.800000000000001,26.4,19.6,-6.799999999999997,7.0,10.0,-3.0,1554.5935738402677,1559.3614197295951,1506.1749810551175,1474.8056709277182,31.36931012739933,1
2025_06_TEN_LV,2025-10-12,2025,6,TEST,LV,TEN,1,1394.7353893390618,1359.100031873599,35.6353574654629,0.2,0.2,0.0,0.0,0.3333333333333333,-0.3333333333333333,0.2,0.2,0.0,0.2,0.2,0.0,-11.2,-13.6,2.4000000000000004,16.6,14.6,2.0000000000000018,27.8,28.2,0.3999999999999986,7.0,7.0,0.0,1359.100031873599,1394.7353893390618,1457.6637747962136,1483.8725249003433,-26.20875010412965,1
2025_06_BUF_ATL,2025-10-13,2025,6,TEST,ATL,BUF,1,1445.2390187439844,1650.9967682816095,-205.75774953762516,0.5,0.8,-0.30000000000000004,0.6666666666666666,0.6666666666666666,0.0,0.5,0.8,-0.30000000000000004,0.5,0.8,-0.30000000000000004,-2.5,8.0,-10.5,19.0,30.6,-11.600000000000001,21.5,22.6,1.1000000000000014,15.0,8.0,7.0,1650.9967682816095,1445.2390187439844,1495.3765614026993,1462.0638586189573,33.312702783742,1
2025_06_CHI_WAS,2025-10-13,2025,6,TEST,WAS,CHI,0,1512.099932079434,1398.8120991884557,113.28783289097828,0.6,0.5,0.09999999999999998,0.6666666666666666,0.6666666666666666,0.0,0.6,0.5,0.09999999999999998,0.6,0.5,0.09999999999999998,6.6,-4.0,10.6,26.8,25.25,1.5500000000000007,20.2,29.25,9.05,8.0,15.0,-7.0,1398.8120991884557,1512.099932079434,1467.2127627226546,1543.4416110827897,-76.22884836013509,1
2025_07_PIT_CIN,2025-10-16,2025,7,TEST,CIN,PIT,1,1537.0946799023359,1569.9176473472837,-32.822967444947835,0.3333333333333333,0.8,-0.46666666666666673,0.0,1.0,-1.0,0.2,0.8,-0.6000000000000001,0.3333333333333333,0.8,-0.46666666666666673,-13.333333333333334,2.4,-15.733333333333334,17.166666666666668,23.8,-6.633333333333333,30.5,21.4,-9.100000000000001,4.0,4.0,0.0,1569.9176473472837,1537.0946799023359,1536.6980589853636,1467.7610328711394,68.93702611422418,1
2025_07_ATL_SF,2025-10-19,2025,7,TEST,SF,ATL,1,1544.730794862448,1460.5539110901968,84.17688377225113,0.6666666666666666,0.6,0.06666666666666665,0.3333333333333333,0.6666666666666666,-0.3333333333333333,0.6,0.6,0.0,0.6666666666666666,0.6,0.06666666666666665,-0.5,0.0,-0.5,20.833333333333332,20.0,0.8333333333333321,21.333333333333332,20.0,-1.3333333333333321,7.0,6.0,1.0,1460.5539110901968,1544.730794862448,1480.3441913585907,1526.5006027784814,-46.156411419890674,1
2025_07_CAR_NYJ,2025-10-19,2025,7,TEST,NYJ,CAR,0,1369.2198360722164,1369.4123119285114,-0.19247585629500463,0.0,0.5,-0.5,0.0,0.6666666666666666,-0.6666666666666666,0.0,0.6,-0.6,0.0,0.5,-0.5,-7.833333333333333,-2.3333333333333335,-5.5,20.5,22.0,-1.5,28.333333333333332,24.333333333333332,-4.0,7.0,7.0,0.0,1369.4123119285114,1369.2198360722164,1547.079132562209,1460.6214811615987,86.4576514006103,1
2025_07_GB_ARI,2025-10-19,2025,7,TEST,ARI,GB,0,1409.8213239296585,1573.1255925830465,-163.3042686533879,0.3333333333333333,0.7,-0.36666666666666664,0.0,0.5,-0.5,0.2,0.7,-0.49999999999999994,0.3333333333333333,0.7,-0.36666666666666664,0.5,5.8,-5.3,21.666666666666668,26.2,-4.533333333333331,21.166666666666668,20.4,-0.7666666666666693,7.0,7.0,0.0,1573.1255925830465,1409.8213239296585,1453.3500593739195,1530.1822717593766,-76.83221238545707,1
2025_07_IND_LAC,2025-10-19,2025,7,TEST,LAC,IND,0,1526.3637204237564,1494.1671773866935,32.19654303706284,0.6666666666666666,0.8333333333333334,-0.16666666666666674,0.3333333333333333,0.6666666666666666,-0.3333333333333333,0.6,0.8,-0.20000000000000007,0.6666666666666666,0.8333333333333334,-0.16666666666666674,0.3333333333333333,13.0,-12.666666666666666,21.166666666666668,32.333333333333336,-11.166666666666668,20.833333333333332,19.333333333333332,-1.5,7.0,7.0,0.0,1494.1671773866935,1526.3637204237564,1453.7618128469142,1447.3368702223554,6.424942624558753,1
2025_07_LA_JAX,2025-10-19,2025,7,TEST,JAX,LA,0,1442.489119769184,1560.6993343579172,-118.21021458873315,0.6666666666666666,0.6666666666666666,0.0,0.6666666666666666,0.6666666666666666,0.0,0.6,0.6,0.0,0.6666666666666666,0.6666666666666666,0.0,3.1666666666666665,5.0,-1.8333333333333335,23.166666666666668,23.333333333333332,-0.1666666666666643,20.0,18.333333333333332,-1.6666666666666679,7.0,7.0,0.0,1560.6993343579172,1442.489119769184,1559.834353816616,1529.265992703357,30.568361113259016,1
2025_07_LV_KC,2025-10-19,2025,7,TEST,KC,LV,1,1658.1536740748195,1403.7133028910687,254.4403711837508,0.5,0.3333333333333333,0.16666666666666669,0.6666666666666666,0.3333333333333333,0.3333333333333333,0.6,0.2,0.39999999999999997,0.5,0.3333333333333333,0.16666666666666669,5.166666666666667,-7.666666666666667,12.833333333333334,25.833333333333332,17.166666666666668,8.666666666666664,20.666666666666668,24.833333333333332,4.166666666666664,7.0,7.0,0.0,1403.7133028910687,1658.1536740748195,1542.9753061520273,1451.659460367158,91.31584578486923,1
2025_07_MIA_CLE,2025-10-19,2025,7,TEST,CLE,MIA,1,1421.1038982343546,1469.6113485495832,-48.50745031522865,0.16666666666666666,0.16666666666666666,0.0,0.0,0.3333333333333333,-0.3333333333333333,0.2,0.2,0.0,0.16666666666666666,0.16666666666666666,0.0,-10.666666666666666,-6.666666666666667,-3.999999999999999,13.666666666666666,22.333333333333332,-8.666666666666666,24.333333333333332,29.0,4.666666666666668,7.0,7.0,0.0,1469.6113485495832,1421.1038982343546,1593.8054283821093,1456.9750498595772,136.8303785225321,1
2025_07_NE_TEN,2025-10-19,2025,7,TEST,TEN,NE,0,1350.122118321592,1422.9031625315133,-72.78104420992122,0.16666666666666666,0.6666666666666666,-0.5,0.3333333333333333,1.0,-0.6666666666666667,0.2,0.8,-0.6000000000000001,0.16666666666666666,0.6666666666666666,-0.5,-13.0,5.0,-18.0,13.833333333333334,25.0,-11.166666666666666,26.833333333333332,20.0,-6.833333333333332,7.0,7.0,0.0,1422.9031625315133,1350.122118321592,1463.397229343065,1495.5551241449848,-32.15789480191984,1
2025_07_NO_CHI,2025-10-19,2025,7,TEST,CHI,NO,1,1411.961937416148,1400.0800294803666,11.881907935781328,0.6,0.16666666666666666,0.43333333333333335,1.0,0.3333333333333333,0.6666666666666667,0.6,0.2,0.39999999999999997,0.6,0.16666666666666666,0.43333333333333335,-3.0,-8.166666666666666,5.166666666666666,25.2,18.5,6.699999999999999,28.2,26.666666666666668,-1.5333333333333314,6.0,7.0,-1.0,1400.0800294803666,1411.961937416148,1537.1732752821185,1507.3647003911267,29.80857489099185,1
2025_07_NYG_DEN,2025-10-19,2025,7,TEST,DEN,NYG,1,1517.303060893018,1390.1841857257748,127.11887516724323,0.6666666666666666,0.3333333333333333,0.3333333333333333,1.0,0.6666666666666666,0.33333333333333337,0.6,0.4,0.19999999999999996,0.6666666666666666,0.3333333333333333,0.3333333333333333,5.833333333333333,-3.8333333333333335,9.666666666666666,21.666666666666668,20.166666666666668,1.5,15.833333333333334,24.0,8.166666666666666,7.0,10.0,-3.0,1390.1841857257748,1517.303060893018,1524.8605244971209,1560.4551182161665,-35.59459371904563,1
2025_07_PHI_MIN,2025-10-19,2025,7,TEST,MIN,PHI,0,1586.964322701908,1647.8028721563264,-60.8385494544184,0.6,0.6666666666666666,-0.06666666666666665,0.6666666666666666,0.3333333333333333,0.3333333333333333,0.6,0.6,0.0,0.6,0.6666666666666666,-0.06666666666666665,5.2,-0.16666666666666666,5.366666666666667,24.6,23.666666666666668,0.9333333333333336,19.4,23.833333333333332,4.433333333333334,14.0,10.0,4.0,1647.8028721563264,1586.964322701908,1475.1695187410107,1529.4057846317107,-54.2362658907,1
2025_07_WAS_DAL,2025-10-19,2025,7,TEST,DAL,WAS,1,1524.998666504488,1498.9500938517417,26.048572652746316,0.4166666666666667,0.5,-0.08333333333333331,0.5,0.3333333333333333,0.16666666666666669,0.5,0.4,0.09999999999999998,0.4166666666666667,0.5,-0.08333333333333331,-1.0,5.333333333333333,-6.333333333333333,29.666666666666668,26.333333333333332,3.3333333333333357,30.666666666666668,21.0,-9.666666666666668,7.0,6.0,1.0,1498.9500938517417,1524.998666504488,1410.1905843635209,1470.2458844351165,-60.05530007159564,1
2025_07_HOU_SEA,2025-10-20,2025,7,TEST,SEA,HOU,1,1544.1927160721018,1479.0529454110956,65.1397706610062,0.6666666666666666,0.4,0.2666666666666666,0.6666666666666666,0.6666666666666666,0.0,0.8,0.4,0.4,0.6666666666666666,0.4,0.2666666666666666,8.166666666666666,9.4,-1.2333333333333343,27.666666666666668,21.6,6.066666666666666,19.5,12.2,-7.300000000000001,8.0,15.0,-7.0,1479.0529454110956,1544.1927160721018,1481.0724466016502,1489.7373317346398,-8.664885132989639,1
2025_07_TB_DET,2025-10-20,2025,7,TEST,DET,TB,1,1636.8556657457434,1569.2241987074149,67.63146703832854,0.6666666666666666,0.8333333333333334,-0.16666666666666674,0.6666666666666666,0.6666666666666666,0.0,0.8,0.8,0.0,0.6666666666666666,0.8333333333333334,-0.16666666666666674,8.166666666666666,2.3333333333333335,5.833333333333332,31.833333333333332,27.5,4.333333333333332,23.666666666666668,25.166666666666668,1.5,8.0,8.0,0.0,1569.2241987074149,1636.8556657457434,1526.925872753724,1529.3143901408548,-2.3885173871308325,1
2025_08_MIN_LAC,2025-10-23,2025,8,TEST,LAC,MIN,1,1515.4396730149588,1578.6977162364367,-63.25804322147792,0.5714285714285714,0.5,0.0714285714285714,0.3333333333333333,0.3333333333333333,0.0,0.4,0.4,0.0,0.5714285714285714,0.5,0.0714285714285714,-1.7142857142857142,3.3333333333333335,-5.0476190476190474,21.571428571428573,24.166666666666668,-2.595238095238095,23.285714285714285,20.833333333333332,-2.4523809523809526,4.0,4.0,0.0,1578.6977162364367,1515.4396730149588,1466.9656097055306,1528.3289532544215,-61.36334354889095,1
2025_08_BUF_CAR,2025-10-26,2025,8,TEST,CAR,BUF,0,1379.4067720286098,1635.681875935397,-256.2751039067873,0.5714285714285714,0.6666666666666666,-0.09523809523809523,1.0,0.3333333333333333,0.6666666666666667,0.8,0.6,0.20000000000000007,0.5714285714285714,0.6666666666666666,-0.09523809523809523,-1.0,5.0,-6.0,20.714285714285715,27.833333333333332,-7.119047619047617,21.714285714285715,22.833333333333332,1.1190476190476168,7.0,13.0,-6.0,1635.681875935397,1379.4067720286098,1447.0574721765192,1426.977279586617,20.080192589902254,1
2025_08_CHI_BAL,2025-10-26,2025,8,TEST,BAL,CHI,1,1573.5444751422958,1421.6200818785503,151.92439326374551,0.16666666666666666,0.6666666666666666,-0.5,0.0,1.0,-1.0,0.2,0.8,-0.6000000000000001,0.16666666666666666,0.6666666666666666,-0.5,-8.333333333333334,-0.5,-7.833333333333334,24.0,25.333333333333332,-1.3333333333333321,32.333333333333336,25.833333333333332,-6.5000000000000036,14.0,7.0,7.0,1421.6200818785503,1573.5444751422958,1544.8598072394598,1498.7678115013803,46.091995738079504,1
2025_08_CLE_NE,2025-10-26,2025,8,TEST,NE,CLE,1,1430.8384687753967,1432.4910535179436,-1.6525847425468783,0.7142857142857143,0.2857142857142857,0.4285714285714286,1.0,0.3333333333333333,0.6666666666666667,0.8,0.4,0.4,0.7142857142857143,0.2857142857142857,0.4285714285714286,6.857142857142857,-5.571428571428571,12.428571428571427,25.857142857142858,16.142857142857142,9.714285714285715,19.0,21.714285714285715,2.7142857142857153,7.0,7.0,0.0,1432.4910535179436,1430.8384687753967,1464.7234857586104,1565.4516162630139,-100.72813050440345,1
2025_08_DAL_DEN,2025-10-26,2025,8,TEST,DEN,DAL,1,1523.799255056164,1534.250329942389,-10.451074886225115,0.7142857142857143,0.5,0.2142857142857143,1.0,0.6666666666666666,0.33333333333333337,0.8,0.5,0.30000000000000004,0.7142857142857143,0.5,0.2142857142857143,5.142857142857143,2.2857142857142856,2.8571428571428577,23.285714285714285,31.714285714285715,-8.42857142857143,18.142857142857142,29.428571428571427,11.285714285714285,7.0,7.0,0.0,1534.250329942389,1523.799255056164,1509.1612772969736,1434.565341678348,74.59593561862562,1
2025_08_GB_PIT,2025-10-26,2025,8,TEST,PIT,GB,0,1558.9757269429238,1578.743377498812,-19.767650555888167,0.6666666666666666,0.75,-0.08333333333333337,0.6666666666666666,0.8333333333333334,-0.16666666666666674,0.6,0.7,-0.09999999999999998,0.6666666666666666,0.75,-0.08333333333333337,1.6666666666666667,5.5,-3.833333333333333,25.0,26.333333333333332,-1.3333333333333321,23.333333333333332,20.833333333333332,-2.5,10.0,7.0,3.0,1578.743377498812,1558.9757269429238,1494.3471494445957,1485.6038569735238,8.743292471071982,1
2025_08_MIA_ATL,2025-10-26,2025,8,TEST,ATL,MIA,0,1452.93039770619,1458.2241932659942,-5.293795559804266,0.5,0.14285714285714285,0.35714285714285715,0.6666666666666666,0.0,0.6666666666666666,0.6,0.2,0.39999999999999997,0.5,0.14285714285714285,0.35714285714285715,-1.6666666666666667,-9.285714285714286,7.6190476190476195,18.333333333333332,20.0,-1.6666666666666679,20.0,29.285714285714285,9.285714285714285,7.0,7.0,0.0,1458.2241932659942,1452.93039770619,1528.4589899007847,1465.1999019915743,63.25908790921039,1
2025_08_NYG_PHI,2025-10-26,2025,8,TEST,PHI,NYG,1,1656.0694786217978,1383.687991562629,272.3814870591689,0.7142857142857143,0.2857142857142857,0.4285714285714286,0.3333333333333333,0.3333333333333333,0.0,0.6,0.4,0.19999999999999996,0.7142857142857143,0.2857142857142857,0.4285714285714286,0.7142857142857143,-3.4285714285714284,4.142857142857142,24.285714285714285,21.857142857142858,2.428571428571427,23.571428571428573,25.285714285714285,1.7142857142857117,7.0,7.0,0.0,1383.687991562629,1656.0694786217978,1514.3485885892555,1555.4825408027268,-41.133952213471275,1
2025_08_NYJ_CIN,2025-10-26,2025,8,TEST,CIN,NYJ,0,1548.0366003066958,1359.225375972118,188.8112243345779,0.42857142857142855,0.0,0.42857142857142855,0.3333333333333333,0.0,0.3333333333333333,0.2,0.0,0.2,0.42857142857142855,0.0,0.42857142857142855,-11.142857142857142,-7.714285714285714,-3.428571428571428,19.428571428571427,18.428571428571427,1.0,30.571428571428573,26.142857142857142,-4.428571428571431,10.0,7.0,3.0,1359.225375972118,1548.0366003066958,1567.7743883040398,1490.0375196790985,77.73686862494128,1
2025_08_SF_HOU,2025-10-26,2025,8,TEST,HOU,SF,1,1470.906155072515,1552.3543082464548,-81.44815317393977,0.3333333333333333,0.7142857142857143,-0.380952380952381,0.6666666666666666,0.6666666666666666,0.0,0.4,0.6,-0.19999999999999996,0.3333333333333333,0.7142857142857143,-0.380952380952381,6.5,1.0,5.5,21.166666666666668,20.714285714285715,0.45238095238095255,14.666666666666666,19.714285714285715,5.047619047619049,6.0,7.0,-1.0,1552.3543082464548,1470.906155072515,1489.4390310795939,1488.99708256724,0.441948512353747,1
2025_08_TB_NO,2025-10-26,2025,8,TEST,NO,TB,0,1390.4218850179643,1561.1465690196706,-170.72468400170624,0.14285714285714285,0.7142857142857143,-0.5714285714285714,0.3333333333333333,0.6666666666666666,-0.3333333333333333,0.2,0.6,-0.39999999999999997,0.14285714285714285,0.7142857142857143,-0.5714285714285714,-8.714285714285714,-0.14285714285714285,-8.571428571428571,17.857142857142858,24.857142857142858,-7.0,26.571428571428573,25.0,-1.571428571428573,7.0,6.0,1.0,1561.1465690196706,1390.4218850179643,1480.883600503646,1561.03490304285,-80.15130253920393,1
2025_08_TEN_IND,2025-10-26,2025,8,TEST,IND,TEN,1,1505.0912247954911,1342.1868120777087,162.9044127177824,0.8571428571428571,0.14285714285714285,0.7142857142857142,1.0,0.3333333333333333,0.6666666666666667,0.8,0.2,0.6000000000000001,0.8571428571428571,0.14285714285714285,0.7142857142857142,13.142857142857142,-13.714285714285714,26.857142857142854,33.142857142857146,13.714285714285714,19.42857142857143,20.0,27.428571428571427,7.428571428571427,7.0,7.0,0.0,1342.1868120777087,1505.0912247954911,1451.8772239985046,1437.178072830972,14.699151167532591,1
2025_08_WAS_KC,2025-10-27,2025,8,TEST,KC,WAS,1,1661.9087362023045,1489.6984304138407,172.21030578846376,0.5714285714285714,0.42857142857142855,0.14285714285714285,0.6666666666666666,0.3333333333333333,0.3333333333333333,0.8,0.4,0.4,0.5714285714285714,0.42857142857142855,0.14285714285714285,8.857142857142858,1.4285714285714286,7.428571428571429,26.571428571428573,25.714285714285715,0.8571428571428577,17.714285714285715,24.285714285714285,6.571428571428569,8.0,8.0,0.0,1489.6984304138407,1661.9087362023045,1492.617172088281,1461.187823798611,31.429348289670088,1
2025_09_BAL_MIA,2025-10-30,2025,9,TEST,MIA,BAL,0,1468.0718373718144,1579.4306556442486,-111.35881827243429,0.25,0.2857142857142857,-0.0357142857142857,0.3333333333333333,0.3333333333333333,0.0,0.4,0.2,0.2,0.25,0.2857142857142857,-0.0357142857142857,-5.125,-5.142857142857143,0.017857142857143238,21.75,24.857142857142858,-3.1071428571428577,26.875,30.0,3.125,4.0,4.0,0.0,1579.4306556442486,1468.0718373718144,1424.1179179043695,1543.3315578181828,-119.21363991381327,1
2025_09_ATL_NE,2025-11-02,2025,9,TEST,NE,ATL,1,1440.8860336291007,1443.0827536003699,-2.1967199712692036,0.75,0.42857142857142855,0.32142857142857145,1.0,0.3333333333333333,0.6666666666666667,1.0,0.4,0.6,0.75,0.42857142857142855,0.32142857142857145,8.375,-4.857142857142857,13.232142857142858,26.625,17.142857142857142,9.482142857142858,18.25,22.0,3.75,7.0,7.0,0.0,1443.0827536003699,1440.8860336291007,1441.889426381504,1500.7631599075157,-58.87373352601162,1
2025_09_CAR_GB,2025-11-02,2025,9,TEST,GB,CAR,0,1588.175031919282,1375.683816906356,212.49121501292598,0.7857142857142857,0.5,0.2857142857142857,1.0,0.6666666666666666,0.33333333333333337,0.7,0.6,0.09999999999999998,0.7857142857142857,0.5,0.2857142857142857,6.142857142857143,-4.75,10.892857142857142,27.571428571428573,19.25,8.321428571428573,21.428571428571427,24.0,2.571428571428573,7.0,7.0,0.0,1375.683816906356,1588.175031919282,1494.51626001897,1484.9905162625932,9.525743756376642,1
2025_09_CHI_CIN,2025-11-02,2025,9,TEST,CIN,CHI,0,1533.080707288638,1415.7339013765975,117.34680591204051,0.375,0.5714285714285714,-0.1964285714285714,0.3333333333333333,0.6666666666666666,-0.3333333333333333,0.2,0.8,-0.6000000000000001,0.375,0.5714285714285714,-0.1964285714285714,-9.875,-2.4285714285714284,-7.446428571428571,21.75,24.0,-2.25,31.625,26.428571428571427,-5.196428571428573,7.0,7.0,0.0,1415.7339013765975,1533.080707288638,1523.1636209584879,1489.3566353138717,33.806985644616134,1
2025_09_DEN_HOU,2025-11-02,2025,9,TEST,HOU,DEN,0,1483.2084011153165,1534.0999704770193,-50.89156936170275,0.42857142857142855,0.75,-0.32142857142857145,0.6666666666666666,1.0,-0.33333333333333337,0.6,1.0,-0.4,0.42857142857142855,0.75,-0.32142857142857145,7.142857142857143,7.0,0.14285714285714324,21.857142857142858,25.875,-4.017857142857142,14.714285714285714,18.875,4.1607142857142865,7.0,7.0,0.0,1534.0999704770193,1483.2084011153165,1491.4613201908955,1509.19430931019,-17.732989119294416,1
2025_09_IND_PIT,2025-11-02,2025,9,TEST,PIT,IND,1,1549.5440725224537,1510.7183130542157,38.82575946823795,0.5714285714285714,0.875,-0.3035714285714286,0.3333333333333333,1.0,-0.6666666666666667,0.6,0.8,-0.20000000000000007,0.5714285714285714,0.875,-0.3035714285714286,0.0,14.5,-14.5,25.0,33.75,-8.75,25.0,19.25,-5.75,7.0,7.0,0.0,1510.7183130542157,1549.5440725224537,1505.7460669097231,1448.2105369907304,57.53552991899278,1
2025_09_JAX_LV,2025-11-02,2025,9,TEST,LV,JAX,0,1399.9582407635837,1435.766003565921,-35.807762802337265,0.2857142857142857,0.5714285714285714,-0.2857142857142857,0.3333333333333333,0.3333333333333333,0.0,0.2,0.6,-0.39999999999999997,0.2857142857142857,0.5714285714285714,-0.2857142857142857,-11.0,-1.2857142857142858,-9.714285714285714,14.714285714285714,20.857142857142858,-6.142857142857144,25.714285714285715,22.142857142857142,-3.571428571428573,14.0,14.0,0.0,1435.766003565921,1399.9582407635837,1477.9197840362963,1557.8572845893111,-79.93750055301484,1
2025_09_KC_BUF,2025-11-02,2025,9,TEST,BUF,KC,1,1639.4048310576509,1667.3217561232711,-27.916925065620262,0.7142857142857143,0.625,0.0892857142857143,0.3333333333333333,1.0,-0.6666666666666667,0.6,0.8,-0.20000000000000007,0.7142857142857143,0.625,0.0892857142857143,8.714285714285714,10.375,-1.6607142857142865,29.571428571428573,26.75,2.821428571428573,20.857142857142858,16.375,-4.482142857142858,7.0,6.0,1.0,1667.3217561232711,1639.4048310576509,1423.2241433771562,1516.2568686586578,-93.0327252815016,1
2025_09_LAC_TEN,2025-11-02,2025,9,TEST,TEN,LAC,0,1336.5597238189841,1527.2405302519871,-190.680806433003,0.125,0.625,-0.5,0.0,0.6666666666666666,-0.6666666666666666,0.2,0.4,-0.2,0.125,0.625,-0.5,-15.0,1.875,-16.875,13.75,23.5,-9.75,28.75,21.625,-7.125,7.0,10.0,-3.0,1527.2405302519871,1336.5597238189841,1442.259541283514,1484.17345480547,-41.91391352195615,1
2025_09_MIN_DET,2025-11-02,2025,9,TEST,DET,MIN,0,1644.9332954334877,1566.8968589994083,78.0364364340794,0.7142857142857143,0.42857142857142855,0.28571428571428575,0.6666666666666666,0.3333333333333333,0.3333333333333333,0.8,0.4,0.4,0.7142857142857143,0.42857142857142855,0.28571428571428575,9.142857142857142,-1.0,10.142857142857142,30.714285714285715,22.142857142857142,8.571428571428573,21.571428571428573,23.142857142857142,1.5714285714285694,13.0,10.0,3.0,1566.8968589994083,1644.9332954334877,1565.2887715470085,1545.0983828628998,20.19038868410871,1
2025_09_NO_LA,2025-11-02,2025,9,TEST,LA,NO,1,1567.4224505611803,1384.9750361113504,182.44741444982992,0.7142857142857143,0.125,0.5892857142857143,0.6666666666666666,0.0,0.6666666666666666,0.6,0.2,0.39999999999999997,0.7142857142857143,0.125,0.5892857142857143,8.285714285714286,-10.125,18.410714285714285,25.0,16.0,9.0,16.714285714285715,26.125,9.410714285714285,14.0,7.0,7.0,1384.9750361113504,1567.4224505611803,1544.6492730200266,1486.556984317786,58.092288702240694,1
2025_09_SEA_WAS,2025-11-02,2025,9,TEST,WAS,SEA,0,1484.285410492874,1552.3395064106824,-68.05409591780835,0.375,0.7142857142857143,-0.3392857142857143,0.0,0.6666666666666666,-0.6666666666666666,0.2,0.8,-0.6000000000000001,0.375,0.7142857142857143,-0.3392857142857143,-1.375,8.142857142857142,-9.517857142857142,23.375,27.571428571428573,-4.196428571428573,24.75,19.428571428571427,-5.321428571428573,6.0,13.0,-7.0,1552.3395064106824,1484.285410492874,1509.3865552497855,1465.3445936480152,44.041961601770254,1
2025_09_SF_NYG,2025-11-02,2025,9,TEST,NYG,SF,0,1380.2378260009873,1540.0520622036533,-159.81423620266605,0.25,0.625,-0.375,0.3333333333333333,0.3333333333333333,0.0,0.4,0.4,0.0,0.25,0.625,-0.375,-5.25,-0.5,-4.75,21.625,20.0,1.625,26.875,20.5,-6.375,7.0,7.0,0.0,1540.0520622036533,1380.2378260009873,1556.2852060597374,1494.2954472410308,61.989758818706605,1
2025_09_ARI_DAL,2025-11-03,2025,9,TEST,DAL,ARI,0,1523.9496145215337,1404.203539013893,119.74607550764063,0.4375,0.2857142857142857,0.1517857142857143,0.3333333333333333,0.0,0.3333333333333333,0.5,0.0,0.5,0.4375,0.2857142857142857,0.1517857142857143,-0.5,-0.14285714285714285,-0.35714285714285715,30.75,21.857142857142858,8.892857142857142,31.25,22.0,-9.25,8.0,15.0,-7.0,1404.203539013893,1523.9496145215337,1464.6345682870274,1499.24885008308,-34.61428179605264,1
2025_10_LV_DEN,2025-11-06,2025,10,TEST,DEN,LV,1,1542.6455801804705,1390.985237348214,151.66034283225645,0.7777777777777778,0.25,0.5277777777777778,1.0,0.3333333333333333,0.6666666666666667,1.0,0.2,0.8,0.7777777777777778,0.25,0.5277777777777778,6.555555555555555,-9.75,16.305555555555557,25.0,16.5,8.5,18.444444444444443,26.25,7.805555555555557,4.0,4.0,0.0,1390.985237348214,1542.6455801804705,1492.5274468213443,1463.8713431412416,28.65610368010266,1
2025_10_ARI_SEA,2025-11-09,2025,10,TEST,SEA,ARI,1,1560.4054241362803,1417.5198243227287,142.8855998135516,0.75,0.375,0.375,1.0,0.3333333333333333,0.6666666666666667,0.8,0.2,0.6000000000000001,0.75,0.375,0.375,10.125,1.125,9.0,28.875,22.5,6.375,18.75,21.375,2.625,7.0,6.0,1.0,1417.5198243227287,1560.4054241362803,1480.0432300800687,1493.8658402738076,-13.82261019373891,1
2025_10_ATL_IND,2025-11-09,2025,10,TEST,IND,ATL,1,1501.8311796176772,1433.0195277596342,68.81165185804298,0.7777777777777778,0.375,0.4027777777777778,0.6666666666666666,0.0,0.6666666666666666,0.8,0.4,0.4,0.7777777777777778,0.375,0.4027777777777778,12.11111111111111,-4.375,16.48611111111111,32.22222222222222,17.875,14.347222222222221,20.11111111111111,22.25,2.1388888888888893,7.0,7.0,0.0,1433.0195277596342,1501.8311796176772,1447.7137414331908,1521.6889289670767,-73.9751875338859,1
2025_10_BAL_MIN,2025-11-09,2025,10,TEST,MIN,BAL,0,1579.105905012723,1586.3309174670424,-7.225012454319312,0.5,0.375,0.125,0.3333333333333333,0.6666666666666666,-0.3333333333333333,0.4,0.4,0.0,0.5,0.375,0.125,-0.5,-1.75,1.25,22.75,25.25,-2.5,23.25,27.0,3.75,7.0,10.0,-3.0,1586.3309174670424,1579.105905012723,1558.8104964237905,1512.0345375309328,46.775958892857716,1
2025_10_BUF_MIA,2025-11-09,2025,10,TEST,MIA,BUF,1,1461.1715755490206,1650.2066199523808,-189.0350444033602,0.2222222222222222,0.75,-0.5277777777777778,0.3333333333333333,0.6666666666666666,-0.3333333333333333,0.2,0.6,-0.39999999999999997,0.2222222222222222,0.75,-0.5277777777777778,-7.0,8.5,-15.5,20.0,29.375,-9.375,27.0,20.875,-6.125,10.0,7.0,3.0,1650.2066199523808,1461.1715755490206,1462.2715329541325,1458.518922219767,3.752610734365362,1
2025_10_CLE_NYJ,2025-11-09,2025,10,TEST,NYJ,CLE,1,1374.1812689901758,1422.4434886642396,-48.26221967406377,0.125,0.25,-0.125,0.3333333333333333,0.3333333333333333,0.0,0.2,0.2,0.0,0.125,0.25,-0.125,-6.625,-7.25,0.625,21.0,15.75,5.25,27.625,23.0,-4.625,14.0,14.0,0.0,1422.4434886642396,1374.1812689901758,1489.5605126050955,1535.8804153457902,-46.319902740694715,1
2025_10_DET_WAS,2025-11-09,2025,10,TEST,WAS,DET,0,1476.219492767276,1632.724249420173,-156.50475665289696,0.3333333333333333,0.625,-0.2916666666666667,0.0,0.3333333333333333,-0.3333333333333333,0.2,0.6,-0.39999999999999997,0.3333333333333333,0.625,-0.2916666666666667,-3.888888888888889,7.625,-11.51388888888889,22.333333333333332,29.875,-7.541666666666668,26.22222222222222,22.25,-3.9722222222222214,7.0,7.0,0.0,1632.724249420173,1476.219492767276,1533.2627392339505,1555.3539022223538,-22.091162988403312,1
2025_10_JAX_HOU,2025-11-09,2025,10,TEST,HOU,JAX,1,1474.6627914118653,1444.7390069812907,29.923784430574642,0.375,0.625,-0.25,0.3333333333333333,0.3333333333333333,0.0,0.6,0.6,0.0,0.375,0.625,-0.25,5.875,-1.0,6.875,21.0,22.0,-1.0,15.125,23.0,7.875,7.0,7.0,0.0,1444.7390069812907,1474.6627914118653,1516.5317235624373,1543.834067092227,-27.302343529789823,1
2025_10_LA_SF,2025-11-09,2025,10,TEST,SF,LA,0,1545.7513639641963,1572.6059858089775,-26.85462184478115,0.6666666666666666,0.75,-0.08333333333333337,0.6666666666666666,1.0,-0.33333333333333337,0.6,0.8,-0.20000000000000007,0.6666666666666666,0.75,-0.08333333333333337,0.6666666666666666,10.25,-9.583333333333334,21.555555555555557,26.125,-4.569444444444443,20.88888888888889,15.875,-5.013888888888889,7.0,7.0,0.0,1572.6059858089775,1545.7513639641963,1486.2440199026523,1488.5046554848484,-2.2606355821960733,1
2025_10_NE_TB,2025-11-09,2025,10,TEST,TB,NE,0,1566.5934179262845,1450.9492594698363,115.64415845644817,0.75,0.7777777777777778,-0.02777777777777779,0.6666666666666666,1.0,-0.33333333333333337,0.6,1.0,-0.4,0.75,0.7777777777777778,-0.02777777777777779,2.375,7.555555555555555,-5.180555555555555,24.625,26.333333333333332,-1.7083333333333321,22.25,18.77777777777778,-3.4722222222222214,14.0,7.0,7.0,1450.9492594698363,1566.5934179262845,1560.22877779089,1460.642925632285,99.58585215860512,1
2025_10_NO_CAR,2025-11-09,2025,10,TEST,CAR,NO,0,1391.1363330300585,1379.7915008635532,11.344832166505284,0.5555555555555556,0.1111111111111111,0.4444444444444445,0.6666666666666666,0.0,0.6666666666666666,0.8,0.2,0.6000000000000001,0.5555555555555556,0.1111111111111111,0.4444444444444445,-3.888888888888889,-11.666666666666666,7.777777777777777,18.88888888888889,15.333333333333334,3.5555555555555554,22.77777777777778,27.0,4.222222222222221,7.0,7.0,0.0,1379.7915008635532,1391.1363330300585,1525.114015629473,1467.269229796298,57.84478583317491,1
2025_10_NYG_CHI,2025-11-09,2025,10,TEST,CHI,NYG,1,1428.988584722553,1374.5385242404443,54.45006048210871,0.625,0.2222222222222222,0.4027777777777778,0.6666666666666666,0.0,0.6666666666666666,0.8,0.2,0.6000000000000001,0.625,0.2222222222222222,0.4027777777777778,-1.5,-5.777777777777778,4.277777777777778,26.875,21.88888888888889,4.986111111111111,28.375,27.666666666666668,-0.7083333333333321,7.0,7.0,0.0,1374.5385242404443,1428.988584722553,1486.424315236426,1555.7159319255916,-69.2916166891655,1
2025_10_PIT_LAC,2025-11-09,2025,10,TEST,LAC,PIT,1,1532.2441511229283,1558.4312059589922,-26.187054836063908,0.6666666666666666,0.625,0.04166666666666663,0.6666666666666666,0.3333333333333333,0.3333333333333333,0.6,0.6,0.0,0.6666666666666666,0.625,0.04166666666666663,2.4444444444444446,0.875,1.5694444444444446,23.88888888888889,25.25,-1.3611111111111107,21.444444444444443,24.375,2.930555555555557,7.0,7.0,0.0,1558.4312059589922,1532.2441511229283,1477.8489861262133,1529.2073123370428,-51.358326210829546,1
2025_10_PHI_GB,2025-11-10,2025,10,TEST,GB,PHI,0,1572.7225157955795,1659.5196441834394,-86.79712838785986,0.6875,0.75,-0.0625,0.6666666666666666,0.6666666666666666,0.0,0.7,0.6,0.09999999999999998,0.6875,0.75,-0.0625,5.0,2.875,2.125,25.75,26.0,-0.25,20.75,23.125,2.375,8.0,15.0,-7.0,1659.5196441834394,1572.7225157955795,1484.8389168987778,1479.2759036695347,5.563013229243097,1
2025_11_NYJ_NE,2025-11-13,2025,11,TEST,NE,NYJ,1,1464.160058240208,1385.56150110773,78.59855713247794,0.8,0.2222222222222222,0.5777777777777778,1.0,0.6666666666666666,0.33333333333333337,1.0,0.4,0.6,0.8,0.2222222222222222,0.5777777777777778,7.3,-5.111111111111111,12.411111111111111,26.5,21.666666666666668,4.833333333333332,19.2,26.77777777777778,7.577777777777779,4.0,4.0,0.0,1385.56150110773,1464.160058240208,1440.4566311238814,1476.9838189611814,-36.52718783730006,1
2025_11_BAL_CLE,2025-11-16,2025,11,TEST,CLE,BAL,0,1411.0632565466854,1596.122994863043,-185.05973831635765,0.2222222222222222,0.4444444444444444,-0.2222222222222222,0.3333333333333333,1.0,-0.6666666666666667,0.2,0.6,-0.39999999999999997,0.2222222222222222,0.4444444444444444,-0.2222222222222222,-7.222222222222222,-0.6666666666666666,-6.555555555555555,16.22222222222222,25.444444444444443,-9.222222222222221,23.444444444444443,26.11111111111111,2.666666666666668,7.0,7.0,0.0,1596.122994863043,1411.0632565466854,1483.8512428641466,1496.7809119967906,-12.929669132643994,1
2025_11_CAR_ATL,2025-11-16,2025,11,TEST,ATL,CAR,0,1424.9745897415273,1380.8099185140393,44.16467122748804,0.3333333333333333,0.5,-0.16666666666666669,0.0,0.3333333333333333,-0.3333333333333333,0.2,0.6,-0.39999999999999997,0.3333333333333333,0.5,-0.16666666666666669,-4.555555555555555,-4.5,-0.05555555555555536,18.666666666666668,17.7,0.9666666666666686,23.22222222222222,22.2,-1.0222222222222221,7.0,7.0,0.0,1380.8099185140393,1424.9745897415273,1519.333793931366,1502.5494426491562,16.784351282209855,1
2025_11_CHI_MIN,2025-11-16,2025,11,TEST,MIN,CHI,0,1569.3138276167224,1437.4340919066235,131.87973571009888,0.4444444444444444,0.6666666666666666,-0.2222222222222222,0.3333333333333333,0.6666666666666666,-0.3333333333333333,0.4,0.8,-0.4,0.4444444444444444,0.6666666666666666,-0.2222222222222222,-1.3333333333333333,-0.8888888888888888,-0.4444444444444444,22.333333333333332,26.555555555555557,-4.222222222222225,23.666666666666668,27.444444444444443,3.777777777777775,7.0,7.0,0.0,1437.4340919066235,1569.3138276167224,1565.5734996699568,1478.6687336462358,86.9047660237211,1
2025_11_CIN_PIT,2025-11-16,2025,11,TEST,PIT,CIN,1,1547.6789059986786,1519.8260239426825,27.852882055996133,0.5555555555555556,0.3333333333333333,0.22222222222222227,0.3333333333333333,0.3333333333333333,0.0,0.4,0.2,0.2,0.5555555555555556,0.3333333333333333,0.22222222222222227,-0.8888888888888888,-9.333333333333334,8.444444444444445,23.555555555555557,24.0,-0.44444444444444287,24.444444444444443,33.333333333333336,8.888888888888893,7.0,14.0,-7.0,1519.8260239426825,1547.6789059986786,1517.2342972077554,1509.5413556860744,7.69294152168095,1
2025_11_DET_PHI,2025-11-16,2025,11,TEST,PHI,DET,1,1667.0721288147517,1638.5015043717303,28.570624443021416,0.7777777777777778,0.6666666666666666,0.11111111111111116,1.0,0.6666666666666666,0.33333333333333337,0.6,0.6,0.0,0.7777777777777778,0.6666666666666666,0.11111111111111116,2.888888888888889,9.222222222222221,-6.333333333333332,24.22222222222222,31.444444444444443,-7.222222222222221,21.333333333333332,22.22222222222222,0.8888888888888893,6.0,7.0,-1.0,1638.5015043717303,1667.0721288147517,1482.5780935168423,1562.9480618091343,-80.36996829229201,1
2025_11_GB_NYG,2025-11-16,2025,11,TEST,NYG,GB,0,1366.0930170563738,1565.1700311642671,-199.07701410789332,0.2,0.6111111111111112,-0.41111111111111115,0.0,0.3333333333333333,-0.3333333333333333,0.2,0.6,-0.39999999999999997,0.2,0.6111111111111112,-0.41111111111111115,-5.6,4.111111111111111,-9.71111111111111,21.7,23.666666666666668,-1.9666666666666686,27.3,19.555555555555557,-7.744444444444444,7.0,6.0,1.0,1565.1700311642671,1366.0930170563738,1561.413221003839,1510.121203333437,51.29201767040195,1
2025_11_HOU_TEN,2025-11-16,2025,11,TEST,TEN,HOU,0,1331.556102948043,1483.8036389984256,-152.24753605038268,0.1111111111111111,0.4444444444444444,-0.3333333333333333,0.0,0.6666666666666666,-0.6666666666666666,0.2,0.6,-0.39999999999999997,0.1111111111111111,0.4444444444444444,-0.3333333333333333,-14.11111111111111,6.0,-20.11111111111111,14.444444444444445,22.666666666666668,-8.222222222222223,28.555555555555557,16.666666666666668,-11.88888888888889,14.0,7.0,7.0,1483.8036389984256,1331.556102948043,1456.0421834988244,1534.715204193462,-78.67302069463744,1
2025_11_KC_DEN,2025-11-16,2025,11,TEST,DEN,KC,1,1548.5380764543352,1656.5199672285412,-107.98189077420602,0.8,0.5555555555555556,0.24444444444444446,1.0,0.6666666666666666,0.33333333333333337,1.0,0.6,0.4,0.8,0.5555555555555556,0.24444444444444446,6.2,8.444444444444445,-2.2444444444444445,23.5,26.11111111111111,-2.6111111111111107,17.3,17.666666666666668,0.36666666666666714,10.0,14.0,-4.0,1656.5199672285412,1548.5380764543352,1434.826822491099,1522.7776322637176,-87.95080977261864,1
2025_11_LAC_JAX,2025-11-16,2025,11,TEST,JAX,LAC,1,1435.5981593947304,1542.996451083242,-107.39829168851156,0.5555555555555556,0.7,-0.14444444444444438,0.3333333333333333,1.0,-0.6666666666666667,0.4,0.8,-0.4,0.5555555555555556,0.7,-0.14444444444444438,-1.6666666666666667,3.7,-5.366666666666667,22.77777777777778,24.0,-1.2222222222222214,24.444444444444443,20.3,-4.144444444444442,7.0,7.0,0.0,1542.996451083242,1435.5981593947304,1527.1879890478376,1489.2699428095907,37.918046238246916,1
2025_11_SEA_LA,2025-11-16,2025,11,TEST,LA,SEA,1,1581.834583253709,1566.5100225857807,15.324560667928381,0.7777777777777778,0.7777777777777778,0.0,1.0,1.0,0.0,0.8,0.8,0.0,0.7777777777777778,0.7777777777777778,0.0,10.88888888888889,11.444444444444445,-0.5555555555555554,27.88888888888889,30.555555555555557,-2.666666666666668,17.0,19.11111111111111,2.1111111111111107,7.0,7.0,0.0,1566.5100225857807,1581.834583253709,1500.378423113049,1476.0700322170856,24.308390895963385,1
2025_11_SF_ARI,2025-11-16,2025,11,TEST,ARI,SF,0,1411.4152258732283,1536.5227665194648,-125.10754064623643,0.3333333333333333,0.6,-0.26666666666666666,0.3333333333333333,0.3333333333333333,0.0,0.2,0.4,-0.2,0.3333333333333333,0.6,-0.26666666666666666,-1.4444444444444444,-1.0,-0.4444444444444444,22.444444444444443,22.0,0.44444444444444287,23.88888888888889,23.0,-0.8888888888888893,7.0,7.0,0.0,1536.5227665194648,1411.4152258732283,1498.0657107709485,1488.7330595404544,9.332651230494093,1
2025_11_TB_BUF,2025-11-16,2025,11,TEST,BUF,TB,1,1635.2458686528355,1553.3826191559128,81.86324949692266,0.6666666666666666,0.6666666666666666,0.0,0.6666666666666666,0.3333333333333333,0.3333333333333333,0.4,0.6,-0.19999999999999996,0.6666666666666666,0.6666666666666666,0.0,5.666666666666667,1.5555555555555556,4.111111111111112,27.555555555555557,24.444444444444443,3.1111111111111143,21.88888888888889,22.88888888888889,1.0,7.0,7.0,0.0,1553.3826191559128,1635.2458686528355,1469.9200760033714,1515.8743317571925,-45.954255753821144,1
2025_11_WAS_MIA,2025-11-16,2025,11,TEST,MIA,WAS,1,1476.132326848566,1470.4422378157187,5.690089032847254,0.3,0.3,0.0,0.6666666666666666,0.0,0.6666666666666666,0.4,0.0,0.4,0.3,0.3,0.0,-4.6,-5.7,1.1000000000000005,21.0,22.3,-1.3000000000000007,25.6,28.0,2.3999999999999986,7.0,7.0,0.0,1470.4422378157187,1476.132326848566,1524.2305499727331,1554.1566515452207,-29.926101572487596,1
2025_11_DAL_LV,2025-11-17,2025,11,TEST,LV,DAL,0,1385.0927410743493,1510.633329212698,-125.54058813834877,0.2222222222222222,0.3888888888888889,-0.16666666666666669,0.0,0.3333333333333333,-0.3333333333333333,0.2,0.4,-0.2,0.2222222222222222,0.3888888888888889,-0.16666666666666669,-9.0,-1.5555555555555556,-7.444444444444445,15.444444444444445,29.22222222222222,-13.777777777777777,24.444444444444443,30.77777777777778,6.333333333333336,11.0,14.0,-3.0,1510.633329212698,1385.0927410743493,1494.7830156416376,1432.5720138827146,62.211001758922976,1
2025_12_BUF_HOU,2025-11-20,2025,12,TEST,HOU,BUF,1,1489.6820956822326,1642.9323115482302,-153.2502158659977,0.5,0.7,-0.19999999999999996,0.6666666666666666,0.6666666666666666,0.0,0.6,0.6,0.0,0.5,0.7,-0.19999999999999996,5.7,6.3,-0.5999999999999996,22.0,29.2,-7.199999999999999,16.3,22.9,6.599999999999998,4.0,4.0,0.0,1642.9323115482302,1489.6820956822326,1481.388420944982,1501.3043483201598,-19.915927375177716,1
2025_12_ATL_NO,2025-11-23,2025,12,TEST,NO,ATL,0,1390.1179153795724,1413.710231049068,-23.59231566949552,0.2,0.3,-0.09999999999999998,0.3333333333333333,0.0,0.3333333333333333,0.2,0.0,0.2,0.2,0.3,-0.09999999999999998,-9.5,-4.4,-5.1,15.5,19.5,-4.0,25.0,23.9,-1.1000000000000014,14.0,7.0,7.0,1413.710231049068,1390.1179153795724,1468.931333957144,1465.2964239778519,3.6349099792921606,1
2025_12_CLE_LV,2025-11-23,2025,12,TEST,LV,CLE,0,1378.5566337909263,1405.9372580432137,-27.38062425228736,0.2,0.2,0.0,0.0,0.0,0.0,0.2,0.2,0.0,0.2,0.2,0.0,-9.8,-7.2,-2.6000000000000005,15.5,16.2,-0.6999999999999993,25.3,23.4,-1.9000000000000021,6.0,7.0,-1.0,1405.9372580432137,1378.5566337909263,1501.2597237815016,1486.8809324598706,14.37879132163107,1
2025_12_IND_KC,2025-11-23,2025,12,TEST,KC,IND,1,1643.5083486134945,1509.876117635784,133.63223097771038,0.5,0.8,-0.30000000000000004,0.3333333333333333,0.6666666666666666,-0.3333333333333333,0.6,0.8,-0.20000000000000007,0.5,0.8,-0.30000000000000004,7.3,11.5,-4.2,25.4,32.1,-6.700000000000003,18.1,20.6,2.5,7.0,14.0,-7.0,1509.876117635784,1643.5083486134945,1545.6341330287858,1453.799336848832,91.83479617995386,1
2025_12_JAX_ARI,2025-11-23,2025,12,TEST,ARI,JAX,0,1404.868145261741,1448.5944964539606,-43.72635119221968,0.3,0.6,-0.3,0.3333333333333333,0.6666666666666666,-0.3333333333333333,0.2,0.4,-0.2,0.3,0.6,-0.3,-3.2,1.4,-4.6,22.4,24.0,-1.6000000000000014,25.6,22.6,-3.0,7.0,7.0,0.0,1448.5944964539606,1404.868145261741,1536.0218695232143,1502.9902739594174,33.03159556379683,1
2025_12_MIN_GB,2025-11-23,2025,12,TEST,GB,MIN,1,1569.9945156803853,1555.6903975538853,14.304118126500043,0.65,0.4,0.25,0.3333333333333333,0.3333333333333333,0.0,0.6,0.2,0.39999999999999997,0.65,0.4,0.25,4.4,-1.4,5.800000000000001,24.0,21.8,2.1999999999999993,19.6,23.2,3.599999999999998,7.0,7.0,0.0,1555.6903975538853,1569.9945156803853,1474.0187058037504,1566.3881699956878,-92.36946419193737,1
2025_12_NE_CIN,2025-11-23,2025,12,TEST,CIN,NE,0,1510.625981354351,1471.9356281274365,38.69035322691457,0.3,0.8181818181818182,-0.5181818181818183,0.0,1.0,-1.0,0.2,1.0,-0.8,0.3,0.9,-0.6000000000000001,-10.6,7.818181818181818,-18.418181818181818,22.8,26.545454545454547,-3.745454545454546,33.4,18.727272727272727,-14.672727272727272,7.0,10.0,-3.0,1471.9356281274365,1510.625981354351,1491.2341196950506,1435.570168894784,55.66395080026655,1
2025_12_NYG_DET,2025-11-23,2025,12,TEST,DET,NYG,1,1629.3219844502348,1361.2685325402556,268.05345190997923,0.6,0.18181818181818182,0.41818181818181815,0.3333333333333333,0.0,0.3333333333333333,0.4,0.0,0.4,0.6,0.2,0.39999999999999997,7.6,-5.7272727272727275,13.327272727272728,29.2,21.545454545454547,7.6545454545454525,21.6,27.272727272727273,5.672727272727272,7.0,7.0,0.0,1361.2685325402556,1629.3219844502348,1585.521198956476,1541.5166435210579,44.00455543541807,1
2025_12_NYJ_BAL,2025-11-23,2025,12,TEST,BAL,NYJ,1,1601.2489933665147,1377.7859312205014,223.46306214601327,0.5,0.2,0.3,1.0,0.6666666666666666,0.33333333333333337,0.8,0.4,0.4,0.5,0.2,0.3,0.1,-5.9,6.0,25.2,20.9,4.300000000000001,25.1,26.8,1.6999999999999993,7.0,10.0,-3.0,1377.7859312205014,1601.2489933665147,1485.9121732574345,1463.013879556218,22.898293701216517,1
2025_12_PHI_DAL,2025-11-23,2025,12,TEST,DAL,PHI,1,1517.169436496121,1676.2516487362473,-159.08221224012618,0.45,0.8,-0.35000000000000003,0.3333333333333333,1.0,-0.6666666666666667,0.4,0.8,-0.4,0.45,0.8,-0.35000000000000003,0.3,3.3,-3.0,29.6,23.4,6.200000000000003,29.3,20.1,-9.2,6.0,7.0,-1.0,1676.2516487362473,1517.169436496121,1433.3155277947633,1511.042094747155,-77.72656695239175,1
2025_12_PIT_CHI,2025-11-23,2025,12,TEST,CHI,PIT,1,1451.0575219694606,1556.87894858701,-105.82142661754938,0.7,0.6,0.09999999999999998,1.0,0.6666666666666666,0.33333333333333337,0.8,0.4,0.4,0.7,0.6,0.09999999999999998,-0.6,1.4,-2.0,25.8,24.6,1.1999999999999993,26.4,23.2,-3.1999999999999993,7.0,7.0,0.0,1556.87894858701,1451.0575219694606,1490.1115127536934,1535.7253091041948,-45.61379635050139,1
2025_12_SEA_TEN,2025-11-23,2025,12,TEST,TEN,SEA,0,1325.677646264236,1556.9508130845718,-231.27316682033575,0.1,0.7,-0.6,0.0,0.6666666666666666,-0.6666666666666666,0.0,0.8,-0.8,0.1,0.7,-0.6,-13.0,10.1,-23.1,14.3,29.4,-15.099999999999998,27.3,19.3,-8.0,7.0,7.0,0.0,1556.9508130845718,1325.677646264236,1466.7547891832958,1482.548009428243,-15.793220244947179,1
2025_12_TB_LA,2025-11-23,2025,12,TEST,LA,TB,1,1591.393792754918,1545.696176260518,45.69761649439988,0.8,0.6,0.20000000000000007,1.0,0.3333333333333333,0.6666666666666667,1.0,0.4,0.6,0.8,0.6,0.20000000000000007,10.0,0.2,9.8,27.2,25.2,2.0,17.2,25.0,7.800000000000001,7.0,7.0,0.0,1545.696176260518,1591.393792754918,1504.853913290665,1533.6132505453293,-28.75933725466416,1
2025_12_CAR_SF,2025-11-24,2025,12,TEST,SF,CAR,1,1543.0698471309522,1392.0742772064987,150.99556992445355,0.6363636363636364,0.5454545454545454,0.09090909090909094,0.6666666666666666,0.6666666666666666,0.0,0.6,0.6,0.0,0.6,0.6,0.0,0.8181818181818182,-3.8181818181818183,4.636363636363637,23.727272727272727,18.818181818181817,4.90909090909091,22.90909090909091,22.636363636363637,-0.2727272727272734,8.0,8.0,0.0,1392.0742772064987,1543.0698471309522,1459.143820769181,1479.568566906395,-20.424746137214015,1
2025_13_CIN_BAL,2025-11-27,2025,13,TEST,BAL,CIN,0,1605.5783953738458,1499.5169639955218,106.06143137832396,0.5454545454545454,0.2727272727272727,0.2727272727272727,1.0,0.0,1.0,1.0,0.2,0.8,0.6,0.2,0.39999999999999997,1.2727272727272727,-10.181818181818182,11.454545454545455,25.0,22.545454545454547,2.4545454545454533,23.727272727272727,32.72727272727273,9.0,4.0,4.0,0.0,1499.5169639955218,1605.5783953738458,1451.5294024060547,1472.898291764423,-21.36888935836828,1
2025_13_GB_DET,2025-11-27,2025,13,TEST,DET,GB,0,1632.8438609569603,1579.583042523946,53.260818433014265,0.6363636363636364,0.6818181818181818,-0.045454545454545414,0.6666666666666666,0.6666666666666666,0.0,0.6,0.6,0.0,0.7,0.65,0.04999999999999993,7.545454545454546,5.545454545454546,2.0,29.636363636363637,23.90909090909091,5.727272727272727,22.09090909090909,18.363636363636363,-3.7272727272727266,4.0,4.0,0.0,1579.583042523946,1632.8438609569603,1528.1362423658213,1503.1925205285957,24.943721837225667,1
2025_13_KC_DAL,2025-11-27,2025,13,TEST,DAL,KC,1,1531.4529468301187,1649.841180498111,-118.38823366799238,0.5,0.5454545454545454,-0.045454545454545414,0.6666666666666666,0.3333333333333333,0.3333333333333333,0.6,0.6,0.0,0.55,0.6,-0.04999999999999993,0.5454545454545454,6.909090909090909,-6.363636363636363,29.09090909090909,25.181818181818183,3.9090909090909065,28.545454545454547,18.272727272727273,-10.272727272727273,4.0,4.0,0.0,1649.841180498111,1531.4529468301187,1497.659455546479,1518.2461516905357,-20.58669614405676,1
2025_13_CHI_PHI,2025-11-28,2025,13,TEST,PHI,CHI,0,1661.9681384022497,1464.0124919877142,197.95564641453552,0.7272727272727273,0.7272727272727273,0.0,0.6666666666666666,1.0,-0.33333333333333337,0.8,0.8,0.0,0.7,0.8,-0.10000000000000009,2.727272727272727,-0.2727272727272727,3.0,23.181818181818183,26.272727272727273,-3.09090909090909,20.454545454545453,26.545454545454547,6.0909090909090935,5.0,5.0,0.0,1464.0124919877142,1661.9681384022497,1539.8091541855936,1521.471296575022,18.33785761057152,1
2025_13_ARI_TB,2025-11-30,2025,13,TEST,TB,ARI,1,1537.003926845485,1396.1200877931287,140.88383905235628,0.5454545454545454,0.2727272727272727,0.2727272727272727,0.0,0.0,0.0,0.2,0.2,0.0,0.5,0.2,0.3,-2.272727272727273,-3.1818181818181817,0.9090909090909087,23.545454545454547,22.545454545454547,1.0,25.818181818181817,25.727272727272727,-0.09090909090908994,7.0,7.0,0.0,1396.1200877931287,1537.003926845485,1540.9732943282593,1528.519578842857,12.4537154854022,1
2025_13_ATL_NYJ,2025-11-30,2025,13,TEST,NYJ,ATL,1,1373.4565292131704,1423.0322313785612,-49.575702165390794,0.18181818181818182,0.36363636363636365,-0.18181818181818182,0.3333333333333333,0.3333333333333333,0.0,0.4,0.2,0.2,0.2,0.4,-0.2,-6.545454545454546,-2.727272727272727,-3.818181818181819,19.90909090909091,19.90909090909091,0.0,26.454545454545453,22.636363636363637,-3.8181818181818166,7.0,7.0,0.0,1423.0322313785612,1373.4565292131704,1481.060290501234,1434.3738480812767,46.6864424199573,1
2025_13_BUF_PIT,2025-11-30,2025,13,TEST,PIT,BUF,0,1543.9239785687564,1628.7868397037544,-84.86286113499796,0.5454545454545454,0.6363636363636364,-0.09090909090909094,0.3333333333333333,0.3333333333333333,0.0,0.4,0.6,-0.19999999999999996,0.5,0.6,-0.09999999999999998,1.0,5.363636363636363,-4.363636363636363,24.90909090909091,28.272727272727273,-3.3636363636363633,23.90909090909091,22.90909090909091,-1.0,7.0,10.0,-3.0,1628.7868397037544,1543.9239785687564,1518.5178775176198,1510.1929637078094,8.324913809810369,1
2025_13_DEN_WAS,2025-11-30,2025,13,TEST,WAS,DEN,0,1460.6059971021741,1561.5496950693819,-100.94369796720775,0.2727272727272727,0.8181818181818182,-0.5454545454545455,0.0,1.0,-1.0,0.0,1.0,-1.0,0.2,0.8,-0.6000000000000001,-5.454545454545454,5.909090909090909,-11.363636363636363,21.454545454545453,23.363636363636363,-1.90909090909091,26.90909090909091,17.454545454545453,-9.454545454545457,14.0,14.0,0.0,1561.5496950693819,1460.6059971021741,1569.6206970772428,1491.0296242720472,78.59107280519561,1
2025_13_HOU_IND,2025-11-30,2025,13,TEST,IND,HOU,0,1503.5432857511676,1503.8275675267084,-0.28428177554087597,0.7272727272727273,0.5454545454545454,0.18181818181818188,0.3333333333333333,1.0,-0.6666666666666667,0.6,0.8,-0.20000000000000007,0.7,0.6,0.09999999999999998,10.181818181818182,5.545454545454546,4.636363636363636,31.0,22.09090909090909,8.90909090909091,20.818181818181817,16.545454545454547,-4.27272727272727,7.0,10.0,-3.0,1503.8275675267084,1503.5432857511676,1498.9244962794096,1501.1363400402074,-2.2118437607978194,1
2025_13_JAX_TEN,2025-11-30,2025,13,TEST,TEN,JAX,0,1321.4988088338587,1457.3425539225727,-135.84374508871406,0.09090909090909091,0.6363636363636364,-0.5454545454545454,0.0,0.6666666666666666,-0.6666666666666666,0.0,0.6,-0.6,0.1,0.6,-0.5,-12.363636363636363,1.5454545454545454,-13.909090909090908,15.181818181818182,24.272727272727273,-9.090909090909092,27.545454545454547,22.727272727272727,-4.81818181818182,7.0,7.0,0.0,1457.3425539225727,1321.4988088338587,1499.197873932398,1476.6369925756696,22.56088135672826,1
2025_13_LA_CAR,2025-11-30,2025,13,TEST,CAR,LA,1,1386.1658628986615,1600.086042169951,-213.9201792712895,0.5,0.8181818181818182,-0.31818181818181823,0.3333333333333333,1.0,-0.6666666666666667,0.4,1.0,-0.6,0.6,0.8,-0.20000000000000007,-4.416666666666667,11.545454545454545,-15.962121212121211,18.0,27.818181818181817,-9.818181818181817,22.416666666666668,16.272727272727273,-6.1439393939393945,6.0,7.0,-1.0,1600.086042169951,1386.1658628986615,1514.3385691181425,1497.084343738206,17.254225379936543,1
2025_13_LV_LAC,2025-11-30,2025,13,TEST,LAC,LV,1,1530.0001140240117,1369.3430840538101,160.65702997020162,0.6363636363636364,0.18181818181818182,0.45454545454545453,0.6666666666666666,0.0,0.6666666666666666,0.6,0.0,0.6,0.6,0.1,0.5,0.7272727272727273,-10.181818181818182,10.909090909090908,22.363636363636363,15.0,7.363636363636363,21.636363636363637,25.181818181818183,3.5454545454545467,14.0,7.0,7.0,1369.3430840538101,1530.0001140240117,1480.6907965591677,1510.6271690154247,-29.936372456257004,1
2025_13_MIN_SEA,2025-11-30,2025,13,TEST,SEA,MIN,1,1561.1296505149492,1546.1018707103246,15.027779804624515,0.7272727272727273,0.36363636363636365,0.36363636363636365,0.6666666666666666,0.0,0.6666666666666666,0.8,0.2,0.6000000000000001,0.8,0.3,0.5,9.727272727272727,-2.8181818181818183,12.545454545454545,29.454545454545453,20.363636363636363,9.09090909090909,19.727272727272727,23.181818181818183,3.454545454545457,7.0,7.0,0.0,1546.1018707103246,1561.1296505149492,1457.6740819489285,1550.8264987004998,-93.15241675157131,1
2025_13_NO_MIA,2025-11-30,2025,13,TEST,MIA,NO,1,1485.9685675621106,1380.7959150500792,105.17265251203139,0.36363636363636365,0.18181818181818182,0.18181818181818182,0.6666666666666666,0.3333333333333333,0.3333333333333333,0.6,0.2,0.39999999999999997,0.4,0.2,0.2,-3.909090909090909,-9.909090909090908,5.999999999999999,20.545454545454547,15.0,5.545454545454547,24.454545454545453,24.90909090909091,0.4545454545454568,14.0,7.0,7.0,1380.7959150500792,1485.9685675621106,1514.8227618705787,1469.075504215225,45.74725765535368,1
2025_13_SF_CLE,2025-11-30,2025,13,TEST,CLE,SF,0,1415.1508077803298,1548.9782614387893,-133.8274536584595,0.2727272727272727,0.6666666666666666,-0.3939393939393939,0.3333333333333333,0.6666666666666666,-0.3333333333333333,0.4,0.6,-0.19999999999999996,0.3,0.6,-0.3,-5.2727272727272725,1.6666666666666667,-6.9393939393939394,16.90909090909091,23.416666666666668,-6.507575757575758,22.181818181818183,21.75,-0.43181818181818343,7.0,6.0,1.0,1548.9782614387893,1415.1508077803298,1449.862142993825,1445.4478939924415,4.414249001383496,1
2025_13_NYG_NE,2025-12-01,2025,13,TEST,NE,NYG,1,1483.0446454862658,1357.7466560335301,125.29798945273569,0.8333333333333334,0.16666666666666666,0.6666666666666667,1.0,0.0,1.0,1.0,0.0,1.0,0.9,0.2,0.7,7.666666666666667,-5.833333333333333,13.5,26.5,22.0,4.5,18.833333333333332,27.833333333333332,9.0,8.0,8.0,0.0,1357.7466560335301,1483.0446454862658,1467.6709415013358,1563.9204282325013,-96.24948673116546,1
2025_14_DAL_DET,2025-12-04,2025,14,TEST,DET,DAL,1,1621.322787801156,1544.7344034675687,76.58838433358733,0.5833333333333334,0.5416666666666666,0.04166666666666674,0.3333333333333333,1.0,-0.6666666666666667,0.4,0.6,-0.19999999999999996,0.6,0.55,0.04999999999999993,6.333333333333333,0.75,5.583333333333333,29.166666666666668,29.25,-0.08333333333333215,22.833333333333332,28.5,5.666666666666668,7.0,7.0,0.0,1544.7344034675687,1621.322787801156,1530.2080111291275,1527.8376728757528,2.3703382533747117,1
2025_14_CHI_GB,2025-12-07,2025,14,TEST,GB,CHI,1,1591.1041156797503,1479.1643377764917,111.93977790325857,0.7083333333333334,0.75,-0.04166666666666663,1.0,1.0,0.0,0.6,1.0,-0.4,0.65,0.9,-0.25,5.666666666666667,0.5,5.166666666666667,24.5,26.083333333333332,-1.5833333333333321,18.833333333333332,25.583333333333332,6.75,10.0,9.0,1.0,1479.1643377764917,1591.1041156797503,1517.9661473314031,1539.1560292270128,-21.189881895609687,1
2025_14_CIN_BUF,2025-12-07,2025,14,TEST,BUF,CIN,1,1636.3917329137075,1512.4782374317424,123.91349548196513,0.6666666666666666,0.3333333333333333,0.3333333333333333,0.6666666666666666,0.3333333333333333,0.3333333333333333,0.6,0.2,0.39999999999999997,0.6,0.2,0.39999999999999997,6.5,-7.833333333333333,14.333333333333332,28.083333333333332,23.333333333333332,4.75,21.583333333333332,31.166666666666668,9.583333333333336,7.0,10.0,-3.0,1512.4782374317424,1636.3917329137075,1543.0964050158386,1480.0304413697354,63.06596364610323,1
2025_14_DEN_LV,2025-12-07,2025,14,TEST,LV,DEN,0,1363.6635325261916,1568.7233838184034,-205.05985129221176,0.16666666666666666,0.8333333333333334,-0.6666666666666667,0.0,1.0,-1.0,0.0,1.0,-1.0,0.1,0.9,-0.8,-10.75,5.5,-16.25,14.916666666666666,23.666666666666668,-8.750000000000002,25.666666666666668,18.166666666666668,-7.5,7.0,7.0,0.0,1568.7233838184034,1363.6635325261916,1484.996457005263,1505.113986547327,-20.11752954206395,1
2025_14_HOU_KC,2025-12-07,2025,14,TEST,KC,HOU,0,1636.559723860661,1513.8193852413024,122.74033861935868,0.5,0.5833333333333334,-0.08333333333333337,0.3333333333333333,1.0,-0.6666666666666667,0.4,0.8,-0.4,0.6,0.7,-0.09999999999999998,6.083333333333333,5.416666666666667,0.6666666666666661,25.416666666666668,21.916666666666668,3.5,19.333333333333332,16.5,-2.833333333333332,10.0,7.0,3.0,1513.8193852413024,1636.559723860661,1543.794080478346,1491.37413554115,52.41994493719585,1
2025_14_IND_JAX,2025-12-07,2025,14,TEST,JAX,IND,1,1463.620422419516,1493.5514680365736,-29.931045617057634,0.6666666666666666,0.6666666666666666,0.0,1.0,0.3333333333333333,0.6666666666666667,0.8,0.4,0.4,0.7,0.6,0.09999999999999998,3.25,9.0,-5.75,24.333333333333332,29.75,-5.416666666666668,21.083333333333332,20.75,-0.33333333333333215,7.0,7.0,0.0,1493.5514680365736,1463.620422419516,1428.796887470858,1494.4172657,-65.6203782291418,1
2025_14_LA_ARI,2025-12-07,2025,14,TEST,ARI,LA,0,1389.9665072815797,1584.604689572157,-194.63818229057733,0.25,0.75,-0.5,0.0,0.6666666666666666,-0.6666666666666666,0.2,0.8,-0.6000000000000001,0.1,0.7,-0.6,-3.1666666666666665,10.333333333333334,-13.5,22.083333333333332,27.833333333333332,-5.75,25.25,17.5,-7.75,7.0,7.0,0.0,1584.604689572157,1389.9665072815797,1521.2952456953449,1485.8196923641012,35.475553331243646,1
2025_14_MIA_NYJ,2025-12-07,2025,14,TEST,NYJ,MIA,0,1384.8738266767123,1493.030649635845,-108.1568229591328,0.25,0.4166666666666667,-0.16666666666666669,0.3333333333333333,1.0,-0.6666666666666667,0.6,0.8,-0.20000000000000007,0.3,0.5,-0.2,-5.75,-3.25,-2.5,20.5,20.583333333333332,-0.08333333333333215,26.25,23.833333333333332,-2.416666666666668,7.0,7.0,0.0,1493.030649635845,1384.8738266767123,1491.7842743912438,1506.7611652337237,-14.976890842479861,1
2025_14_NO_TB,2025-12-07,2025,14,TEST,TB,NO,0,1543.157507357034,1373.7338329763447,169.42367438068936,0.5833333333333334,0.16666666666666666,0.41666666666666674,0.3333333333333333,0.3333333333333333,0.0,0.4,0.2,0.2,0.5,0.2,0.3,-1.8333333333333333,-9.416666666666666,7.583333333333333,23.25,15.166666666666666,8.083333333333334,25.083333333333332,24.583333333333332,-0.5,7.0,7.0,0.0,1373.7338329763447,1543.157507357034,1492.8261787377367,1483.8768302444175,8.949348493319121,1
2025_14_PIT_BAL,2025-12-07,2025,14,TEST,BAL,PIT,0,1592.6171219376251,1536.3190853588032,56.29803657882189,0.5,0.5,0.0,0.6666666666666666,0.3333333333333333,0.3333333333333333,0.8,0.4,0.4,0.5,0.5,0.0,-0.3333333333333333,-0.6666666666666666,0.3333333333333333,24.083333333333332,23.416666666666668,0.6666666666666643,24.416666666666668,24.083333333333332,-0.3333333333333357,10.0,7.0,3.0,1536.3190853588032,1592.6171219376251,1467.1087788294492,1528.5265699586084,-61.41779112915924,1
2025_14_SEA_ATL,2025-12-07,2025,14,TEST,ATL,SEA,0,1411.6149339150193,1570.697385778133,-159.08245186311365,0.3333333333333333,0.75,-0.4166666666666667,0.3333333333333333,0.6666666666666666,-0.3333333333333333,0.2,0.8,-0.6000000000000001,0.3,0.8,-0.5,-2.75,11.083333333333334,-13.833333333333334,20.25,29.166666666666668,-8.916666666666668,23.0,18.083333333333332,-4.916666666666668,7.0,7.0,0.0,1570.697385778133,1411.6149339150193,1417.4203152707119,1471.0838670087746,-53.66355173806278,1
2025_14_TEN_CLE,2025-12-07,2025,14,TEST,CLE,TEN,0,1408.8228382090674,1315.2209403369154,93.601897872152,0.25,0.08333333333333333,0.16666666666666669,0.3333333333333333,0.0,0.3333333333333333,0.2,0.0,0.2,0.3,0.1,0.19999999999999998,-6.333333333333333,-13.166666666666666,6.833333333333333,16.166666666666668,14.166666666666666,2.0000000000000018,22.5,27.333333333333332,4.833333333333332,7.0,7.0,0.0,1315.2209403369154,1408.8228382090674,1465.7355255716661,1506.0857522106098,-40.350226638943695,1
2025_14_WAS_MIN,2025-12-07,2025,14,TEST,MIN,WAS,1,1536.534135447141,1453.4323083531526,83.10182709398828,0.3333333333333333,0.25,0.08333333333333331,0.0,0.0,0.0,0.2,0.0,0.2,0.3,0.2,0.09999999999999998,-4.75,-5.083333333333333,0.33333333333333304,18.666666666666668,21.833333333333332,-3.1666666666666643,23.416666666666668,26.916666666666668,3.5,7.0,7.0,0.0,1453.4323083531526,1536.534135447141,1559.9644942004975,1576.9309027902216,-16.966408589724097,1
2025_14_PHI_LAC,2025-12-08,2025,14,TEST,LAC,PHI,1,1535.6796655516303,1646.8162926134721,-111.13662706184186,0.6666666666666666,0.6666666666666666,0.0,0.6666666666666666,0.3333333333333333,0.3333333333333333,0.8,0.6,0.20000000000000007,0.6,0.6,0.0,2.0833333333333335,1.75,0.3333333333333335,23.083333333333332,22.5,0.5833333333333321,21.0,20.75,-0.25,8.0,10.0,-2.0,1646.8162926134721,1535.6796655516303,1455.7259778925907,1515.2187880427548,-59.49281015016413,1
2025_15_ATL_TB,2025-12-11,2025,15,TEST,TB,ATL,0,1528.634089873376,1405.8984498804434,122.73563999293265,0.5384615384615384,0.3076923076923077,0.23076923076923073,0.3333333333333333,0.3333333333333333,0.0,0.2,0.2,0.0,0.4,0.3,0.10000000000000003,-2.0,-4.6923076923076925,2.6923076923076925,23.0,19.384615384615383,3.6153846153846168,25.0,24.076923076923077,-0.9230769230769234,4.0,4.0,0.0,1405.8984498804434,1528.634089873376,1489.4885683294128,1443.3825857005183,46.10598262889448,1
2025_15_ARI_HOU,2025-12-14,2025,15,TEST,HOU,ARI,1,1527.2121538251797,1385.0478671629396,142.1642866622401,0.6153846153846154,0.23076923076923078,0.38461538461538464,1.0,0.0,1.0,1.0,0.0,1.0,0.8,0.1,0.7000000000000001,5.769230769230769,-5.076923076923077,10.846153846153847,21.76923076923077,21.692307692307693,0.07692307692307665,16.0,26.76923076923077,10.76923076923077,7.0,7.0,0.0,1385.0478671629396,1527.2121538251797,1511.8660862178785,1533.4262607054695,-21.560174487590984,1
2025_15_BAL_CIN,2025-12-14,2025,15,TEST,CIN,BAL,0,1505.900851097505,1581.0107687474188,-75.10991764991377,0.3076923076923077,0.46153846153846156,-0.15384615384615385,0.3333333333333333,0.3333333333333333,0.0,0.2,0.6,-0.39999999999999997,0.2,0.5,-0.3,-7.615384615384615,-0.6923076923076923,-6.9230769230769225,24.153846153846153,23.923076923076923,0.23076923076922995,31.76923076923077,24.615384615384617,-7.153846153846153,7.0,7.0,0.0,1581.0107687474188,1505.900851097505,1535.4637127580531,1480.758228426847,54.70548433120621,1
2025_15_BUF_NE,2025-12-14,2025,15,TEST,NE,BUF,0,1489.5868990016102,1642.969119247945,-153.38222024633478,0.8461538461538461,0.6923076923076923,0.15384615384615385,1.0,0.6666666666666666,0.33333333333333337,1.0,0.6,0.4,1.0,0.6,0.4,8.461538461538462,6.384615384615385,2.0769230769230766,27.0,28.923076923076923,-1.9230769230769234,18.53846153846154,22.53846153846154,4.0,13.0,7.0,6.0,1642.969119247945,1489.5868990016102,1452.7220620044532,1512.1277012775329,-59.405639273079714,1
2025_15_CAR_NO,2025-12-14,2025,15,TEST,NO,CAR,1,1388.2572504600028,1401.6472154964556,-13.38996503645285,0.23076923076923078,0.5384615384615384,-0.30769230769230765,0.3333333333333333,0.6666666666666666,-0.3333333333333333,0.4,0.6,-0.19999999999999996,0.3,0.6,-0.3,-8.384615384615385,-3.8461538461538463,-4.538461538461538,15.846153846153847,19.0,-3.1538461538461533,24.23076923076923,22.846153846153847,-1.3846153846153832,7.0,14.0,-7.0,1401.6472154964556,1388.2572504600028,1480.2790179118904,1507.2194023650532,-26.94038445316278,1
2025_15_CLE_CHI,2025-12-14,2025,15,TEST,CHI,CLE,1,1472.2791828202778,1396.1921000446257,76.0870827756521,0.6923076923076923,0.23076923076923078,0.4615384615384615,0.6666666666666666,0.3333333333333333,0.3333333333333333,0.8,0.2,0.6000000000000001,0.8,0.2,0.6000000000000001,-0.07692307692307693,-6.0,5.923076923076923,25.692307692307693,17.153846153846153,8.53846153846154,25.76923076923077,23.153846153846153,-2.6153846153846168,7.0,7.0,0.0,1396.1921000446257,1472.2791828202778,1550.7607109052353,1442.6120198839699,108.14869102126545,1
2025_15_DET_LA,2025-12-14,2025,15,TEST,LA,DET,1,1589.523329690797,1629.1534225292867,-39.630092838489645,0.7692307692307693,0.6153846153846154,0.15384615384615385,0.6666666666666666,0.6666666666666666,0.0,0.8,0.6,0.20000000000000007,0.8,0.6,0.20000000000000007,11.692307692307692,6.923076923076923,4.769230769230768,29.153846153846153,30.307692307692307,-1.1538461538461533,17.46153846153846,23.384615384615383,5.923076923076923,7.0,10.0,-3.0,1629.1534225292867,1589.523329690797,1486.8179865981472,1525.7755200227596,-38.95753342461239,1
2025_15_GB_DEN,2025-12-14,2025,15,TEST,DEN,GB,1,1573.4229197551451,1597.9892706359642,-24.566350880819073,0.8461538461538461,0.7307692307692307,0.11538461538461542,1.0,1.0,0.0,1.0,0.8,0.19999999999999996,1.0,0.75,0.25,5.615384615384615,5.769230769230769,-0.1538461538461542,23.692307692307693,24.76923076923077,-1.0769230769230766,18.076923076923077,19.0,0.9230769230769234,7.0,7.0,0.0,1597.9892706359642,1573.4229197551451,1470.9966270640875,1538.66225150543,-67.66562444134252,1
2025_15_IND_SEA,2025-12-14,2025,15,TEST,SEA,IND,1,1576.4138698127088,1482.692108172432,93.72176164027678,0.7692307692307693,0.6153846153846154,0.15384615384615385,1.0,0.0,1.0,0.8,0.2,0.6000000000000001,0.8,0.5,0.30000000000000004,12.384615384615385,7.0,5.384615384615385,29.76923076923077,28.923076923076923,0.8461538461538467,17.384615384615383,21.923076923076923,4.53846153846154,7.0,7.0,0.0,1482.692108172432,1576.4138698127088,1456.5497716932036,1518.7039877683615,-62.15421607515782,1
2025_15_LAC_KC,2025-12-14,2025,15,TEST,KC,LAC,0,1623.1669552767837,1548.773621879063,74.39333339772065,0.46153846153846156,0.6923076923076923,-0.23076923076923073,0.3333333333333333,0.6666666666666666,-0.3333333333333333,0.2,0.8,-0.6000000000000001,0.5,0.6,-0.09999999999999998,4.846153846153846,2.1538461538461537,2.692307692307692,24.23076923076923,23.0,1.23076923076923,19.384615384615383,20.846153846153847,1.4615384615384635,7.0,6.0,1.0,1548.773621879063,1623.1669552767837,1548.6182714438382,1469.3496931679977,79.26857827584058,1
2025_15_LV_PHI,2025-12-14,2025,15,TEST,PHI,LV,1,1633.7223362860393,1358.9639965894498,274.7583396965895,0.6153846153846154,0.15384615384615385,0.46153846153846156,0.0,0.0,0.0,0.4,0.0,0.4,0.5,0.1,0.4,1.3846153846153846,-10.461538461538462,11.846153846153847,22.23076923076923,15.076923076923077,7.153846153846153,20.846153846153847,25.53846153846154,4.692307692307693,6.0,7.0,-1.0,1358.9639965894498,1633.7223362860393,1545.617122840555,1511.5879330557595,34.02918978479556,1
2025_15_MIN_DAL,2025-12-14,2025,15,TEST,DAL,MIN,0,1536.903768739438,1544.1868652979197,-7.283096558481702,0.5,0.38461538461538464,0.11538461538461536,0.6666666666666666,0.3333333333333333,0.3333333333333333,0.6,0.2,0.39999999999999997,0.55,0.3,0.25000000000000006,-0.38461538461538464,-2.0,1.6153846153846154,29.307692307692307,19.615384615384617,9.69230769230769,29.692307692307693,21.615384615384617,-8.076923076923077,10.0,7.0,3.0,1544.1868652979197,1536.903768739438,1547.3423794247515,1521.6642967844305,25.67808264032101,1
2025_15_NYJ_JAX,2025-12-14,2025,15,TEST,JAX,NYJ,1,1474.4797822836576,1377.890022887752,96.58975939590573,0.6923076923076923,0.23076923076923078,0.4615384615384615,1.0,0.3333333333333333,0.6666666666666667,0.8,0.4,0.4,0.7,0.3,0.39999999999999997,4.3076923076923075,-7.153846153846154,11.461538461538462,25.23076923076923,19.692307692307693,5.5384615384615365,20.923076923076923,26.846153846153847,5.923076923076923,7.0,7.0,0.0,1377.890022887752,1474.4797822836576,1447.5155329254562,1480.7830842570738,-33.2675513316176,1
2025_15_TEN_SF,2025-12-14,2025,15,TEST,SF,TEN,1,1555.3062310100518,1327.8516785013571,227.45455250869463,0.6923076923076923,0.15384615384615385,0.5384615384615384,1.0,0.3333333333333333,0.6666666666666667,0.8,0.2,0.6000000000000001,0.6,0.2,0.39999999999999997,2.923076923076923,-12.0,14.923076923076923,23.615384615384617,15.461538461538462,8.153846153846155,20.692307692307693,27.46153846153846,6.7692307692307665,14.0,7.0,7.0,1327.8516785013571,1555.3062310100518,1434.2968245340041,1486.832074893325,-52.5352503593208,1
2025_15_WAS_NYG,2025-12-14,2025,15,TEST,NYG,WAS,0,1351.2044025181858,1445.7795785023739,-94.57517598418804,0.15384615384615385,0.23076923076923078,-0.07692307692307693,0.0,0.0,0.0,0.0,0.0,0.0,0.2,0.1,0.1,-6.769230769230769,-7.076923076923077,0.3076923076923075,21.46153846153846,20.153846153846153,1.3076923076923066,28.23076923076923,27.23076923076923,-1.0,13.0,7.0,6.0,1445.7795785023739,1351.2044025181858,1529.3154616053948,1551.8559826391888,-22.540521033793993,1
2025_15_MIA_PIT,2025-12-15,2025,15,TEST,PIT,MIA,1,1547.9254385490096,1500.0144534248054,47.91098512420422,0.5384615384615384,0.46153846153846156,0.07692307692307687,0.3333333333333333,1.0,-0.6666666666666667,0.4,0.8,-0.4,0.5,0.6,-0.09999999999999998,-0.23076923076923078,-1.1538461538461537,0.9230769230769229,23.692307692307693,21.615384615384617,2.0769230769230766,23.923076923076923,22.76923076923077,-1.1538461538461533,8.0,8.0,0.0,1500.0144534248054,1547.9254385490096,1544.9063317352902,1493.1498510278282,51.75648070746206,1
2025_16_LA_SEA,2025-12-18,2025,16,TEST,SEA,LA,1,1583.7799207472606,1600.6590541863802,-16.87913343911964,0.7857142857142857,0.7857142857142857,0.0,1.0,0.6666666666666666,0.33333333333333337,0.8,0.8,0.0,0.8,0.8,0.0,11.642857142857142,11.357142857142858,0.2857142857142847,28.928571428571427,30.0,-1.071428571428573,17.285714285714285,18.642857142857142,1.3571428571428577,4.0,4.0,0.0,1600.6590541863802,1583.7799207472606,1469.5842284631442,1503.4983983111654,-33.914169848021174,1
2025_16_GB_CHI,2025-12-20,2025,16,TEST,CHI,GB,1,1480.1235714308239,1587.2833702270993,-107.15979879627548,0.7142857142857143,0.6785714285714286,0.0357142857142857,0.6666666666666666,0.6666666666666666,0.0,0.8,0.8,0.0,0.8,0.7,0.10000000000000009,1.9285714285714286,4.785714285714286,-2.8571428571428568,26.071428571428573,24.857142857142858,1.2142857142857153,24.142857142857142,20.071428571428573,-4.071428571428569,6.0,6.0,0.0,1587.2833702270993,1480.1235714308239,1555.0914260660716,1521.4429066197713,33.64851944630027,1
2025_16_PHI_WAS,2025-12-20,2025,16,TEST,WAS,PHI,0,1453.1227851442416,1637.1336140676988,-184.0108289234572,0.2857142857142857,0.6428571428571429,-0.3571428571428572,0.3333333333333333,0.3333333333333333,0.0,0.2,0.4,-0.2,0.2,0.5,-0.3,-6.0,3.5,-9.5,20.785714285714285,22.857142857142858,-2.071428571428573,26.785714285714285,19.357142857142858,-7.428571428571427,6.0,6.0,0.0,1637.1336140676988,1453.1227851442416,1511.6289618606893,1502.8654189993292,8.763542861360065,1
2025_16_ATL_ARI,2025-12-21,2025,16,TEST,ARI,ATL,0,1378.9256437388706,1419.291098793438,-40.36545505456752,0.21428571428571427,0.35714285714285715,-0.14285714285714288,0.0,0.3333333333333333,-0.3333333333333333,0.0,0.4,-0.4,0.1,0.3,-0.19999999999999998,-6.142857142857143,-4.285714285714286,-1.8571428571428577,21.571428571428573,20.071428571428573,1.5,27.714285714285715,24.357142857142858,-3.3571428571428577,7.0,10.0,-3.0,1419.291098793438,1378.9256437388706,1526.7876066432495,1448.7431677516583,78.0444388915912,1
2025_16_BUF_CLE,2025-12-21,2025,16,TEST,CLE,BUF,0,1388.3477114340797,1648.820501430665,-260.47278999658533,0.21428571428571427,0.7142857142857143,-0.5,0.0,1.0,-1.0,0.2,0.8,-0.6000000000000001,0.2,0.6,-0.39999999999999997,-7.571428571428571,6.214285714285714,-13.785714285714285,16.142857142857142,29.357142857142858,-13.214285714285715,23.714285714285715,23.142857142857142,-0.571428571428573,7.0,7.0,0.0,1648.820501430665,1388.3477114340797,1462.2316026499905,1517.8107659680509,-55.57916331806041,1
2025_16_CIN_MIA,2025-12-21,2025,16,TEST,MIA,CIN,0,1491.384767405952,1498.0296280924035,-6.644860686451466,0.42857142857142855,0.2857142857142857,0.14285714285714285,0.6666666666666666,0.3333333333333333,0.3333333333333333,0.8,0.2,0.6000000000000001,0.5,0.2,0.3,-2.0,-8.785714285714286,6.7857142857142865,21.142857142857142,22.428571428571427,-1.2857142857142847,23.142857142857142,31.214285714285715,8.071428571428573,6.0,7.0,-1.0,1498.0296280924035,1491.384767405952,1486.8488076087801,1568.5190862322174,-81.6702786234373,1
2025_16_JAX_DEN,2025-12-21,2025,16,TEST,DEN,JAX,0,1584.12882016401,1481.769180905922,102.35963925808801,0.8571428571428571,0.7142857142857143,0.1428571428571428,1.0,1.0,0.0,1.0,1.0,0.0,1.0,0.7,0.30000000000000004,5.785714285714286,6.0,-0.2142857142857144,24.428571428571427,26.857142857142858,-2.4285714285714306,18.642857142857142,20.857142857142858,2.2142857142857153,7.0,7.0,0.0,1481.769180905922,1584.12882016401,1493.952800968217,1428.1609792206334,65.79182174758353,1
2025_16_KC_TEN,2025-12-21,2025,16,TEST,TEN,KC,1,1323.5997111185557,1611.0578771964279,-287.4581660778722,0.14285714285714285,0.42857142857142855,-0.2857142857142857,0.3333333333333333,0.0,0.3333333333333333,0.2,0.2,0.0,0.2,0.4,-0.2,-12.071428571428571,4.285714285714286,-16.357142857142858,16.071428571428573,23.428571428571427,-7.357142857142854,28.142857142857142,19.142857142857142,-9.0,7.0,7.0,0.0,1611.0578771964279,1323.5997111185557,1492.4452150449379,1530.4920296081207,-38.04681456318281,1
2025_16_LAC_DAL,2025-12-21,2025,16,TEST,DAL,LAC,0,1527.1133624097708,1560.882699959419,-33.76933754964807,0.4642857142857143,0.7142857142857143,-0.25,0.3333333333333333,1.0,-0.6666666666666667,0.6,0.8,-0.20000000000000007,0.5,0.7,-0.19999999999999996,-0.9285714285714286,2.2142857142857144,-3.1428571428571432,29.071428571428573,22.5,6.571428571428573,30.0,20.285714285714285,-9.714285714285715,7.0,7.0,0.0,1560.882699959419,1527.1133624097708,1575.3390446815567,1526.6711394595577,48.667905221999035,1
2025_16_LV_HOU,2025-12-21,2025,16,TEST,HOU,LV,1,1533.3343772492487,1355.5527188077904,177.78165844145838,0.6428571428571429,0.14285714285714285,0.5,1.0,0.0,1.0,1.0,0.0,1.0,0.8,0.1,0.7000000000000001,6.785714285714286,-11.928571428571429,18.714285714285715,23.071428571428573,14.0,9.071428571428573,16.285714285714285,25.928571428571427,9.642857142857142,7.0,7.0,0.0,1355.5527188077904,1533.3343772492487,1499.9278582542083,1529.8032842768732,-29.875426022664897,1
2025_16_MIN_NYG,2025-12-21,2025,16,TEST,NYG,MIN,0,1343.861195876318,1553.9772716275868,-210.11607575126868,0.14285714285714285,0.42857142857142855,-0.2857142857142857,0.0,0.6666666666666666,-0.6666666666666666,0.0,0.4,-0.4,0.1,0.4,-0.30000000000000004,-6.857142857142857,-1.2857142857142858,-5.571428571428571,21.428571428571427,20.642857142857142,0.7857142857142847,28.285714285714285,21.928571428571427,-6.357142857142858,7.0,7.0,0.0,1553.9772716275868,1343.861195876318,1510.460964865139,1511.7788670389098,-1.3179021737707899,1
2025_16_NE_BAL,2025-12-21,2025,16,TEST,BAL,NE,0,1588.8819917525202,1483.7355168188901,105.14647493363009,0.5,0.7857142857142857,-0.2857142857142857,0.3333333333333333,0.6666666666666666,-0.3333333333333333,0.6,0.8,-0.20000000000000007,0.6,0.9,-0.30000000000000004,1.0714285714285714,7.571428571428571,-6.5,23.928571428571427,27.285714285714285,-3.3571428571428577,22.857142857142858,19.714285714285715,-3.1428571428571423,7.0,7.0,0.0,1483.7355168188901,1588.8819917525202,1466.1172176438035,1492.6993351339681,-26.582117490164592,1
2025_16_NYJ_NO,2025-12-21,2025,16,TEST,NO,NYJ,1,1398.6424539399584,1370.6006242654876,28.04182967447082,0.2857142857142857,0.21428571428571427,0.07142857142857142,0.6666666666666666,0.3333333333333333,0.3333333333333333,0.6,0.2,0.39999999999999997,0.4,0.3,0.10000000000000003,-7.571428571428571,-8.642857142857142,1.0714285714285712,16.142857142857142,19.714285714285715,-3.571428571428573,23.714285714285715,28.357142857142858,4.642857142857142,7.0,7.0,0.0,1370.6006242654876,1398.6424539399584,1447.1239708989453,1491.1903429809572,-44.06637208201187,1
2025_16_PIT_DET,2025-12-21,2025,16,TEST,DET,PIT,0,1618.0176980337035,1556.555124567863,61.46257346584048,0.5714285714285714,0.5714285714285714,0.0,0.3333333333333333,0.6666666666666666,-0.3333333333333333,0.4,0.6,-0.19999999999999996,0.5,0.5,0.0,5.928571428571429,0.7142857142857143,5.214285714285714,30.571428571428573,24.0,6.571428571428573,24.642857142857142,23.285714285714285,-1.3571428571428577,7.0,6.0,1.0,1556.555124567863,1618.0176980337035,1548.4362874074639,1538.4603921956655,9.975895211798388,1
2025_16_TB_CAR,2025-12-21,2025,16,TEST,CAR,TB,1,1391.2620120165,1515.2414409603814,-123.97942894388143,0.5,0.5,0.0,0.3333333333333333,0.3333333333333333,0.0,0.4,0.2,0.2,0.6,0.4,0.19999999999999996,-3.7857142857142856,-1.9285714285714286,-1.857142857142857,18.857142857142858,23.357142857142858,-4.5,22.642857142857142,25.285714285714285,2.6428571428571423,7.0,10.0,-3.0,1515.2414409603814,1391.2620120165,1467.2358460731973,1480.4784064115343,-13.242560338336943,1
2025_16_SF_IND,2025-12-22,2025,16,TEST,IND,SF,0,1475.3260572378801,1559.5581983928532,-84.23214115497308,0.5714285714285714,0.7142857142857143,-0.1428571428571429,0.0,1.0,-1.0,0.2,0.8,-0.6000000000000001,0.5,0.7,-0.19999999999999996,6.357142857142857,3.642857142857143,2.714285714285714,28.0,24.571428571428573,3.428571428571427,21.642857142857142,20.928571428571427,-0.7142857142857153,8.0,8.0,0.0,1559.5581983928532,1475.3260572378801,1524.0779472264126,1423.8195950340782,100.25835219233431,1
2025_17_DAL_WAS,2025-12-25,2025,17,TEST,WAS,DAL,0,1447.9737346641941,1518.0822728780515,-70.1085382138574,0.26666666666666666,0.43333333333333335,-0.16666666666666669,0.3333333333333333,0.0,0.3333333333333333,0.2,0.4,-0.2,0.1,0.4,-0.30000000000000004,-6.333333333333333,-2.0,-4.333333333333333,20.6,28.266666666666666,-7.666666666666664,26.933333333333334,30.266666666666666,3.333333333333332,5.0,4.0,1.0,1518.0822728780515,1447.9737346641941,1512.5108347901946,1610.4970364585706,-97.986201668376,1
2025_17_DEN_KC,2025-12-25,2025,17,TEST,KC,DEN,0,1594.2672582873927,1571.2650536455897,23.00220464180302,0.4,0.8,-0.4,0.0,0.6666666666666666,-0.6666666666666666,0.2,0.8,-0.6000000000000001,0.4,0.9,-0.5,2.8666666666666667,4.466666666666667,-1.6,22.466666666666665,24.133333333333333,-1.6666666666666679,19.6,19.666666666666668,0.06666666666666643,4.0,4.0,0.0,1571.2650536455897,1594.2672582873927,1485.5043565409646,1512.1095896797588,-26.60523313879412,1
2025_17_DET_MIN,2025-12-25,2025,17,TEST,MIN,DET,1,1558.572972505289,1606.2668887465484,-47.69391624125933,0.4666666666666667,0.5333333333333333,-0.06666666666666665,1.0,0.3333333333333333,0.6666666666666667,0.6,0.4,0.19999999999999996,0.4,0.4,0.0,-1.0,5.2,-6.2,20.333333333333332,30.133333333333333,-9.8,21.333333333333332,24.933333333333334,3.6000000000000014,4.0,4.0,0.0,1606.2668887465484,1558.572972505289,1493.0642878328485,1526.332886558086,-33.26859872523755,1
2025_17_BAL_GB,2025-12-27,2025,17,TEST,GB,BAL,0,1574.2932825432456,1575.94476225966,-1.6514797164143147,0.6333333333333333,0.4666666666666667,0.16666666666666663,0.3333333333333333,0.3333333333333333,0.0,0.6,0.4,0.19999999999999996,0.6,0.6,0.0,4.066666666666666,0.7333333333333333,3.333333333333333,24.266666666666666,23.933333333333334,0.33333333333333215,20.2,23.2,3.0,7.0,6.0,1.0,1575.94476225966,1574.2932825432456,1544.249017494661,1480.6516696982442,63.5973477964169,1
2025_17_HOU_LAC,2025-12-27,2025,17,TEST,LAC,HOU,0,1569.9137894911382,1538.6217155861918,31.292073904946392,0.7333333333333333,0.6666666666666666,0.06666666666666665,1.0,1.0,0.0,0.8,1.0,-0.19999999999999996,0.8,0.8,0.0,3.2,6.466666666666667,-3.2666666666666666,23.266666666666666,23.066666666666666,0.1999999999999993,20.066666666666666,16.6,-3.466666666666665,6.0,6.0,0.0,1538.6217155861918,1569.9137894911382,1520.4075707497134,1504.7271814261578,15.680389323555573,1
2025_17_ARI_CIN,2025-12-28,2025,17,TEST,CIN,ARI,1,1507.8383969436632,1370.0822556017904,137.75614134187276,0.3333333333333333,0.2,0.1333333333333333,0.3333333333333333,0.0,0.3333333333333333,0.4,0.0,0.4,0.3,0.1,0.19999999999999998,-6.6,-6.2,-0.39999999999999947,23.933333333333334,21.4,2.533333333333335,30.533333333333335,27.6,-2.9333333333333336,7.0,7.0,0.0,1370.0822556017904,1507.8383969436632,1557.2602585136722,1503.341273098044,53.918985415628185,1
2025_17_CHI_SF,2025-12-28,2025,17,TEST,SF,CHI,1,1567.180211221102,1493.1136591146776,74.0665521064243,0.7333333333333333,0.7333333333333333,0.0,1.0,0.6666666666666666,0.33333333333333337,1.0,0.8,0.19999999999999996,0.7,0.8,-0.10000000000000009,4.8,2.2,2.5999999999999996,26.133333333333333,25.8,0.33333333333333215,21.333333333333332,23.6,2.2666666666666693,6.0,8.0,-2.0,1493.1136591146776,1567.180211221102,1404.3636093198588,1558.685334588147,-154.32172526828822,1
2025_17_JAX_IND,2025-12-28,2025,17,TEST,IND,JAX,0,1467.7040444096315,1494.6329474243423,-26.92890301471084,0.5333333333333333,0.7333333333333333,-0.19999999999999996,0.0,1.0,-1.0,0.0,1.0,-1.0,0.4,0.7,-0.29999999999999993,4.533333333333333,6.533333333333333,-2.0,27.933333333333334,27.333333333333332,0.6000000000000014,23.4,20.8,-2.599999999999998,6.0,7.0,-1.0,1494.6329474243423,1467.7040444096315,1549.385681353056,1436.387453036787,112.99822831626898,1
2025_17_NE_NYJ,2025-12-28,2025,17,TEST,NYJ,NE,0,1361.405984989444,1496.6727463117504,-135.26676132230637,0.2,0.8,-0.6000000000000001,0.0,0.6666666666666666,-0.6666666666666666,0.2,0.8,-0.6000000000000001,0.3,0.9,-0.6000000000000001,-9.6,7.333333333333333,-16.933333333333334,18.8,27.333333333333332,-8.533333333333331,28.4,20.0,-8.399999999999999,7.0,7.0,0.0,1496.6727463117504,1361.405984989444,1478.0868221209073,1497.1570498992153,-19.07022777830798,1
2025_17_NO_TEN,2025-12-28,2025,17,TEST,TEN,NO,0,1340.3903300275908,1407.837093216002,-67.44676318841107,0.2,0.3333333333333333,-0.1333333333333333,0.6666666666666666,1.0,-0.33333333333333337,0.4,0.6,-0.19999999999999996,0.2,0.4,-0.2,-10.133333333333333,-5.533333333333333,-4.6,16.733333333333334,17.0,-0.2666666666666657,26.866666666666667,22.533333333333335,-4.333333333333332,7.0,7.0,0.0,1407.837093216002,1340.3903300275908,1517.8960626845383,1443.0168291460311,74.87923353850715,1
2025_17_NYG_LV,2025-12-28,2025,17,TEST,LV,NYG,0,1350.2653804708473,1339.2654949986158,10.999885472231426,0.13333333333333333,0.13333333333333333,0.0,0.0,0.0,0.0,0.0,0.0,0.0,0.1,0.1,0.0,-11.266666666666667,-6.6,-4.666666666666668,14.466666666666667,20.866666666666667,-6.4,25.733333333333334,27.466666666666665,1.7333333333333307,7.0,7.0,0.0,1339.2654949986158,1350.2653804708473,1534.3434938841833,1535.4587022461458,-1.115208361962459,1
2025_17_PHI_BUF,2025-12-28,2025,17,TEST,BUF,PHI,0,1652.4707963103444,1642.2826645477462,10.188131762598232,0.7333333333333333,0.6666666666666666,0.06666666666666665,1.0,0.6666666666666666,0.33333333333333337,0.8,0.4,0.4,0.7,0.6,0.09999999999999998,6.0,4.0,2.0,28.933333333333334,23.266666666666666,5.666666666666668,22.933333333333334,19.266666666666666,-3.666666666666668,7.0,8.0,-1.0,1642.2826645477462,1652.4707963103444,1484.8037844236842,1465.7896751538315,19.014109269852725,1
2025_17_PIT_CLE,2025-12-28,2025,17,TEST,CLE,PIT,1,1384.6974165544002,1568.305933855018,-183.6085173006179,0.2,0.6,-0.39999999999999997,0.0,1.0,-1.0,0.2,0.6,-0.39999999999999997,0.2,0.5,-0.3,-7.266666666666667,1.0,-8.266666666666666,16.4,24.333333333333332,-7.933333333333334,23.666666666666668,23.333333333333332,-0.3333333333333357,7.0,7.0,0.0,1568.305933855018,1384.6974165544002,1472.7711039635146,1558.0987270138698,-85.32762305035521,1
2025_17_SEA_CAR,2025-12-28,2025,17,TEST,CAR,SEA,0,1404.6863009869776,1594.2653594070182,-189.5790584200406,0.5333333333333333,0.8,-0.2666666666666667,0.6666666666666666,1.0,-0.33333333333333337,0.6,1.0,-0.4,0.6,0.9,-0.30000000000000004,-3.3333333333333335,10.933333333333334,-14.266666666666667,19.133333333333333,29.533333333333335,-10.400000000000002,22.466666666666665,18.6,-3.8666666666666636,7.0,10.0,-3.0,1594.2653594070182,1404.6863009869776,1494.325834092563,1473.3491226496785,20.97671144288438,1
2025_17_TB_MIA,2025-12-28,2025,17,TEST,MIA,TB,1,1481.5759985546924,1501.8171519899038,-20.241153435211345,0.4,0.4666666666666667,-0.06666666666666665,0.3333333333333333,0.0,0.3333333333333333,0.6,0.2,0.39999999999999997,0.5,0.3,0.2,-3.466666666666667,-2.0,-1.4666666666666668,21.133333333333333,23.133333333333333,-2.0,24.6,25.133333333333333,0.5333333333333314,7.0,7.0,0.0,1501.8171519899038,1481.5759985546924,1456.4134092367847,1431.6816350842669,24.7317741525178,1
2025_17_LA_ATL,2025-12-29,2025,17,TEST,ATL,LA,1,1428.1344869305183,1590.1736155266226,-162.03912859610432,0.4,0.7333333333333333,-0.33333333333333326,0.6666666666666666,0.6666666666666666,0.0,0.6,0.6,0.0,0.3,0.8,-0.5,-3.533333333333333,10.533333333333333,-14.066666666666666,20.466666666666665,30.466666666666665,-10.0,24.0,19.933333333333334,-4.066666666666666,8.0,11.0,-3.0,1590.1736155266226,1428.1344869305183,1448.3663127966245,1506.9523779434614,-58.58606514683697,1
2025_18_CAR_TB,2026-01-03,2025,18,TEST,TB,CAR,1,1491.2352229848802,1399.6588478155525,91.57637516932778,0.4375,0.5,-0.0625,0.0,0.3333333333333333,-0.3333333333333333,0.2,0.4,-0.2,0.2,0.5,-0.3,-2.0625,-4.1875,2.125,22.75,18.5625,4.1875,24.8125,22.75,-2.0625,6.0,6.0,0.0,1399.6588478155525,1491.2352229848802,1409.718076244222,1528.1839880256612,-118.46591178143922,1
2025_18_SEA_SF,2026-01-03,2025,18,TEST,SF,SEA,0,1575.0801220654653,1599.2928125784433,-24.212690512978043,0.75,0.8125,-0.0625,1.0,1.0,0.0,1.0,1.0,0.0,0.8,0.9,-0.09999999999999998,4.75,11.3125,-6.5625,27.125,29.375,-2.25,22.375,18.0625,-4.3125,6.0,6.0,0.0,1599.2928125784433,1575.0801220654653,1420.7032959681487,1489.1508535942266,-68.44755762607792,1
2025_18_ARI_LA,2026-01-04,2025,18,TEST,LA,ARI,1,1575.820868183166,1363.8517070395314,211.96916114363466,0.6875,0.1875,0.5,0.3333333333333333,0.0,0.3333333333333333,0.4,0.0,0.4,0.7,0.1,0.6,9.6875,-7.25,16.9375,30.0625,20.9375,9.125,20.375,28.1875,7.8125,6.0,7.0,-1.0,1363.8517070395314,1575.820868183166,1483.4400400774614,1515.1900531959848,-31.750013118523384,1
2025_18_BAL_PIT,2026-01-04,2025,18,TEST,PIT,BAL,1,1553.4638439220453,1585.8972292104456,-32.43338528840036,0.5625,0.5,0.0625,0.6666666666666666,0.6666666666666666,0.0,0.6,0.4,0.19999999999999996,0.5,0.7,-0.19999999999999996,0.5,1.75,-1.25,23.1875,25.0,-1.8125,22.6875,23.25,0.5625,7.0,8.0,-1.0,1585.8972292104456,1553.4638439220453,1544.8267059308578,1519.9531399627933,24.87356596806444,1
2025_18_CLE_CIN,2026-01-04,2025,18,TEST,CIN,CLE,0,1514.068945505922,1399.539506487373,114.52943901854906,0.375,0.25,0.125,0.6666666666666666,0.3333333333333333,0.3333333333333333,0.6,0.2,0.39999999999999997,0.4,0.3,0.10000000000000003,-4.75,-6.375,1.625,24.75,16.1875,8.5625,29.5,22.5625,-6.9375,7.0,7.0,0.0,1399.539506487373,1514.068945505922,1536.889584008543,1510.7209639763332,26.168620032209674,1
2025_18_DAL_NYG,2026-01-04,2025,18,TEST,NYG,DAL,1,1349.5819914108383,1526.0913366056445,-176.5093451948062,0.1875,0.46875,-0.28125,0.3333333333333333,0.3333333333333333,0.0,0.2,0.4,-0.2,0.1,0.5,-0.4,-4.6875,-1.4375,-3.25,21.6875,28.375,-6.6875,26.375,29.8125,3.4375,7.0,10.0,-3.0,1526.0913366056445,1349.5819914108383,1492.4777721074618,1564.84145364416,-72.36368153669832,1
2025_18_DET_CHI,2026-01-04,2025,18,TEST,CHI,DET,0,1485.2137482703142,1594.902705716497,-109.68895744618271,0.6875,0.5,0.1875,0.6666666666666666,0.0,0.6666666666666666,0.6,0.2,0.39999999999999997,0.7,0.4,0.29999999999999993,1.8125,4.0625,-2.25,26.5625,28.875,-2.3125,24.75,24.8125,0.0625,7.0,10.0,-3.0,1594.902705716497,1485.2137482703142,1560.7455871149655,1565.7937745510928,-5.048187436127364,1
2025_18_GB_MIN,2026-01-04,2025,18,TEST,MIN,GB,1,1569.9371555353405,1564.3408155924599,5.596339942880604,0.5,0.59375,-0.09375,1.0,0.0,1.0,0.8,0.4,0.4,0.5,0.5,0.0,-0.125,2.75,-2.875,20.5,24.25,-3.75,20.625,21.5,0.875,10.0,8.0,2.0,1564.3408155924599,1569.9371555353405,1500.318762446081,1548.2998904358162,-47.981127989735114,1
2025_18_IND_HOU,2026-01-04,2025,18,TEST,HOU,IND,1,1549.5199464126272,1458.4775721914216,91.04237422120559,0.6875,0.5,0.1875,1.0,0.0,1.0,1.0,0.0,1.0,0.9,0.3,0.6000000000000001,6.3125,3.875,2.4375,22.875,27.25,-4.375,16.5625,23.375,6.8125,8.0,7.0,1.0,1458.4775721914216,1549.5199464126272,1490.1234770147394,1519.6106011152256,-29.4871241004862,1
2025_18_KC_LV,2026-01-04,2025,18,TEST,LV,KC,1,1339.9488840586248,1583.6061672323087,-243.65728317368394,0.125,0.375,-0.25,0.0,0.0,0.0,0.0,0.0,0.0,0.0,0.3,-0.3,-12.0625,2.25,-14.3125,14.1875,21.875,-7.6875,26.25,19.625,-6.625,7.0,10.0,-3.0,1583.6061672323087,1339.9488840586248,1521.0091412752638,1497.782143742926,23.22699753233769,1
2025_18_LAC_DEN,2026-01-04,2025,18,TEST,DEN,LAC,1,1581.9261447006736,1559.015558664703,22.91058603597071,0.8125,0.6875,0.125,0.6666666666666666,0.6666666666666666,0.0,0.8,0.8,0.0,0.9,0.7,0.20000000000000007,4.625,2.75,1.875,23.875,22.8125,1.0625,19.25,20.0625,0.8125,10.0,8.0,2.0,1559.015558664703,1581.9261447006736,1499.6590478915289,1541.0122819880057,-41.353234096476854,1
2025_18_MIA_NE,2026-01-04,2025,18,TEST,NE,MIA,1,1502.9649298043958,1492.157927559716,10.80700224467978,0.8125,0.4375,0.375,0.6666666666666666,0.3333333333333333,0.3333333333333333,0.8,0.6,0.20000000000000007,0.9,0.6,0.30000000000000004,8.875,-3.0625,11.9375,28.25,21.0625,7.1875,19.375,24.125,4.75,7.0,7.0,0.0,1492.157927559716,1502.9649298043958,1492.3259466755583,1462.6883920716216,29.637554603936678,1
2025_18_NO_ATL,2026-01-04,2025,18,TEST,ATL,NO,1,1442.4872342739748,1415.9198431699544,26.567391104020317,0.4375,0.375,0.0625,1.0,1.0,0.0,0.6,0.8,-0.20000000000000007,0.4,0.5,-0.09999999999999998,-3.125,-4.6875,1.5625,20.875,18.0625,2.8125,24.0,22.75,-1.25,6.0,7.0,-1.0,1415.9198431699544,1442.4872342739748,1488.3774528260346,1428.3528489417356,60.02460388429904,1
2025_18_NYJ_BUF,2026-01-04,2025,18,TEST,BUF,NYJ,1,1642.1776423277665,1355.1138014967987,287.0638408309678,0.6875,0.1875,0.5,0.6666666666666666,0.0,0.6666666666666666,0.8,0.2,0.6000000000000001,0.7,0.3,0.39999999999999997,5.5625,-11.0,16.5625,27.875,18.25,9.625,22.3125,29.25,6.9375,7.0,7.0,0.0,1355.1138014967987,1642.1776423277665,1515.323898196787,1457.1715727099545,58.152325486832524,1
2025_18_TEN_JAX,2026-01-04,2025,18,TEST,JAX,TEN,1,1503.8594196425522,1332.3075800736383,171.55183956891392,0.75,0.1875,0.5625,1.0,0.3333333333333333,0.6666666666666667,1.0,0.4,0.6,0.8,0.2,0.6000000000000001,6.5,-10.0,16.5,27.0625,17.3125,9.75,20.5625,27.3125,6.75,7.0,7.0,0.0,1332.3075800736383,1503.8594196425522,1448.954632866365,1488.0733187108242,-39.11868584445915,1
2025_18_WAS_PHI,2026-01-04,2025,18,TEST,PHI,WAS,0,1652.575818530324,1439.9646709366011,212.611147593723,0.6875,0.25,0.4375,1.0,0.3333333333333333,0.6666666666666667,0.6,0.2,0.39999999999999997,0.7,0.1,0.6,3.8125,-6.375,10.1875,22.625,20.75,1.875,18.8125,27.125,8.3125,7.0,10.0,-3.0,1439.9646709366011,1652.575818530324,1492.849947116676,1520.9008239960917,-28.050876879415682,1
