game_id,season,week,game_date,data_split,home_team,away_team,home_team_name,away_team_name,home_score,away_score,HOME_MARGIN,result_category,HOME_WIN,is_tie,home_is_home,away_is_home,is_neutral_site,gametime,weekday,stadium,roof,surface,home_rest,away_rest
2021_01_DAL_TB,2021,1,2021-09-09,TRAIN,TB,DAL,Tampa Bay Buccaneers,Dallas Cowboys,31.0,29.0,2.0,HOME_WIN,1,False,1,0,False,20:20,Thursday,Raymond James Stadium,outdoors,grass ,7,7
2021_01_ARI_TEN,2021,1,2021-09-12,TRAIN,TEN,ARI,Tennessee Titans,Arizona Cardinals,13.0,38.0,-25.0,AWAY_WIN,0,False,1,0,False,13:00,Sunday,Nissan Stadium,outdoors,grass ,7,7
2021_01_CHI_LA,2021,1,2021-09-12,TRAIN,LA,CHI,Los Angeles Rams,Chicago Bears,34.0,14.0,20.0,HOME_WIN,1,False,1,0,False,20:20,Sunday,SoFi Stadium,dome,matrixturf,7,7
2021_01_CLE_KC,2021,1,2021-09-12,TRAIN,KC,CLE,Kansas City Chiefs,Cleveland Browns,33.0,29.0,4.0,HOME_WIN,1,False,1,0,False,16:25,Sunday,GEHA Field at Arrowhead Stadium,outdoors,grass ,7,7
2021_01_DEN_NYG,2021,1,2021-09-12,TRAIN,NYG,DEN,New York Giants,Denver Broncos,13.0,27.0,-14.0,AWAY_WIN,0,False,1,0,False,16:25,Sunday,MetLife Stadium,outdoors,fieldturf,7,7
2021_01_GB_NO,2021,1,2021-09-12,TRAIN,NO,GB,New Orleans Saints,Green Bay Packers,38.0,3.0,35.0,HOME_WIN,1,False,1,0,True,16:25,Sunday,TIAA Bank Stadium,outdoors,grass ,7,7
2021_01_JAX_HOU,2021,1,2021-09-12,TRAIN,HOU,JAX,Houston Texans,Jacksonville Jaguars,37.0,21.0,16.0,HOME_WIN,1,False,1,0,False,13:00,Sunday,NRG Stadium,closed,astroturf,7,7
2021_01_LAC_WAS,2021,1,2021-09-12,TRAIN,WAS,LAC,Washington Commanders,Los Angeles Chargers,16.0,20.0,-4.0,AWAY_WIN,0,False,1,0,False,13:00,Sunday,FedExField,outdoors,grass ,7,7
2021_01_MIA_NE,2021,1,2021-09-12,TRAIN,NE,MIA,New England Patriots,Miami Dolphins,16.0,17.0,-1.0,AWAY_WIN,0,False,1,0,False,16:25,Sunday,Gillette Stadium,outdoors,fieldturf,7,7
2021_01_MIN_CIN,2021,1,2021-09-12,TRAIN,CIN,MIN,Cincinnati Bengals,Minnesota Vikings,27.0,24.0,3.0,HOME_WIN,1,False,1,0,False,13:00,Sunday,Paul Brown Stadium,outdoors,fieldturf,7,7
2021_01_NYJ_CAR,2021,1,2021-09-12,TRAIN,CAR,NYJ,Carolina Panthers,New York Jets,19.0,14.0,5.0,HOME_WIN,1,False,1,0,False,13:00,Sunday,Bank of America Stadium,outdoors,grass ,7,7
2021_01_PHI_ATL,2021,1,2021-09-12,TRAIN,ATL,PHI,Atlanta Falcons,Philadelphia Eagles,6.0,32.0,-26.0,AWAY_WIN,0,False,1,0,False,13:00,Sunday,Mercedes-Benz Stadium,open,fieldturf,7,7
2021_01_PIT_BUF,2021,1,2021-09-12,TRAIN,BUF,PIT,Buffalo Bills,Pittsburgh Steelers,16.0,23.0,-7.0,AWAY_WIN,0,False,1,0,False,13:00,Sunday,New Era Field,outdoors,a_turf,7,7
2021_01_SEA_IND,2021,1,2021-09-12,TRAIN,IND,SEA,Indianapolis Colts,Seattle Seahawks,16.0,28.0,-12.0,AWAY_WIN,0,False,1,0,False,13:00,Sunday,Lucas Oil Stadium,closed,fieldturf,7,7
2021_01_SF_DET,2021,1,2021-09-12,TRAIN,DET,SF,Detroit Lions,San Francisco 49ers,33.0,41.0,-8.0,AWAY_WIN,0,False,1,0,False,13:00,Sunday,Ford Field,dome,fieldturf,7,7
2021_01_BAL_LV,2021,1,2021-09-13,TRAIN,LV,BAL,Las Vegas Raiders,Baltimore Ravens,33.0,27.0,6.0,HOME_WIN,1,False,1,0,False,20:15,Monday,Allegiant Stadium,dome,grass,7,7
2021_02_NYG_WAS,2021,2,2021-09-16,TRAIN,WAS,NYG,Washington Commanders,New York Giants,30.0,29.0,1.0,HOME_WIN,1,False,1,0,False,20:20,Thursday,FedExField,outdoors,grass ,4,4
2021_02_ATL_TB,2021,2,2021-09-19,TRAIN,TB,ATL,Tampa Bay Buccaneers,Atlanta Falcons,48.0,25.0,23.0,HOME_WIN,1,False,1,0,False,16:05,Sunday,Raymond James Stadium,outdoors,grass ,10,7
2021_02_BUF_MIA,2021,2,2021-09-19,TRAIN,MIA,BUF,Miami Dolphins,Buffalo Bills,0.0,35.0,-35.0,AWAY_WIN,0,False,1,0,False,13:00,Sunday,Hard Rock Stadium,outdoors,grass ,7,7
2021_02_CIN_CHI,2021,2,2021-09-19,TRAIN,CHI,CIN,Chicago Bears,Cincinnati Bengals,20.0,17.0,3.0,HOME_WIN,1,False,1,0,False,13:00,Sunday,Soldier Field,outdoors,grass ,7,7
2021_02_DAL_LAC,2021,2,2021-09-19,TRAIN,LAC,DAL,Los Angeles Chargers,Dallas Cowboys,17.0,20.0,-3.0,AWAY_WIN,0,False,1,0,False,16:25,Sunday,SoFi Stadium,dome,matrixturf,7,10
2021_02_DEN_JAX,2021,2,2021-09-19,TRAIN,JAX,DEN,Jacksonville Jaguars,Denver Broncos,13.0,23.0,-10.0,AWAY_WIN,0,False,1,0,False,13:00,Sunday,TIAA Bank Stadium,outdoors,grass ,7,7
2021_02_HOU_CLE,2021,2,2021-09-19,TRAIN,CLE,HOU,Cleveland Browns,Houston Texans,31.0,21.0,10.0,HOME_WIN,1,False,1,0,False,13:00,Sunday,FirstEnergy Stadium,outdoors,grass ,7,7
2021_02_KC_BAL,2021,2,2021-09-19,TRAIN,BAL,KC,Baltimore Ravens,Kansas City Chiefs,36.0,35.0,1.0,HOME_WIN,1,False,1,0,False,20:20,Sunday,M&T Bank Stadium,outdoors,grass,6,7
2021_02_LA_IND,2021,2,2021-09-19,TRAIN,IND,LA,Indianapolis Colts,Los Angeles Rams,24.0,27.0,-3.0,AWAY_WIN,0,False,1,0,False,13:00,Sunday,Lucas Oil Stadium,closed,fieldturf,7,7
2021_02_LV_PIT,2021,2,2021-09-19,TRAIN,PIT,LV,Pittsburgh Steelers,Las Vegas Raiders,17.0,26.0,-9.0,AWAY_WIN,0,False,1,0,False,13:00,Sunday,Heinz Field,outdoors,grass ,7,6
2021_02_MIN_ARI,2021,2,2021-09-19,TRAIN,ARI,MIN,Arizona Cardinals,Minnesota Vikings,34.0,33.0,1.0,HOME_WIN,1,False,1,0,False,16:05,Sunday,State Farm Stadium,closed,grass ,7,7
2021_02_NE_NYJ,2021,2,2021-09-19,TRAIN,NYJ,NE,New York Jets,New England Patriots,6.0,25.0,-19.0,AWAY_WIN,0,False,1,0,False,13:00,Sunday,MetLife Stadium,outdoors,fieldturf,7,7
2021_02_NO_CAR,2021,2,2021-09-19,TRAIN,CAR,NO,Carolina Panthers,New Orleans Saints,26.0,7.0,19.0,HOME_WIN,1,False,1,0,False,13:00,Sunday,Bank of America Stadium,outdoors,grass ,7,7
2021_02_SF_PHI,2021,2,2021-09-19,TRAIN,PHI,SF,Philadelphia Eagles,San Francisco 49ers,11.0,17.0,-6.0,AWAY_WIN,0,False,1,0,False,13:00,Sunday,Lincoln Financial Field,outdoors,grass ,7,7
2021_02_TEN_SEA,2021,2,2021-09-19,TRAIN,SEA,TEN,Seattle Seahawks,Tennessee Titans,30.0,33.0,-3.0,AWAY_WIN,0,False,1,0,False,16:25,Sunday,Lumen Field,outdoors,fieldturf,7,7
2021_02_DET_GB,2021,2,2021-09-20,TRAIN,GB,DET,Green Bay Packers,Detroit Lions,35.0,17.0,18.0,HOME_WIN,1,False,1,0,False,20:15,Monday,Lambeau Field,outdoors,grass ,8,8
2021_03_CAR_HOU,2021,3,2021-09-23,TRAIN,HOU,CAR,Houston Texans,Carolina Panthers,9.0,24.0,-15.0,AWAY_WIN,0,False,1,0,False,20:20,Thursday,NRG Stadium,closed,astroturf,4,4
2021_03_ARI_JAX,2021,3,2021-09-26,TRAIN,JAX,ARI,Jacksonville Jaguars,Arizona Cardinals,19.0,31.0,-12.0,AWAY_WIN,0,False,1,0,False,13:00,Sunday,TIAA Bank Stadium,outdoors,grass ,7,7
2021_03_ATL_NYG,2021,3,2021-09-26,TRAIN,NYG,ATL,New York Giants,Atlanta Falcons,14.0,17.0,-3.0,AWAY_WIN,0,False,1,0,False,13:00,Sunday,MetLife Stadium,outdoors,fieldturf,10,7
2021_03_BAL_DET,2021,3,2021-09-26,TRAIN,DET,BAL,Detroit Lions,Baltimore Ravens,17.0,19.0,-2.0,AWAY_WIN,0,False,1,0,False,13:00,Sunday,Ford Field,dome,fieldturf,6,7
2021_03_CHI_CLE,2021,3,2021-09-26,TRAIN,CLE,CHI,Cleveland Browns,Chicago Bears,26.0,6.0,20.0,HOME_WIN,1,False,1,0,False,13:00,Sunday,FirstEnergy Stadium,outdoors,grass ,7,7
2021_03_CIN_PIT,2021,3,2021-09-26,TRAIN,PIT,CIN,Pittsburgh Steelers,Cincinnati Bengals,10.0,24.0,-14.0,AWAY_WIN,0,False,1,0,False,13:00,Sunday,Heinz Field,outdoors,grass ,7,7
2021_03_GB_SF,2021,3,2021-09-26,TRAIN,SF,GB,San Francisco 49ers,Green Bay Packers,28.0,30.0,-2.0,AWAY_WIN,0,False,1,0,False,20:20,Sunday,Levi's Stadium,outdoors,grass,7,6
2021_03_IND_TEN,2021,3,2021-09-26,TRAIN,TEN,IND,Tennessee Titans,Indianapolis Colts,25.0,16.0,9.0,HOME_WIN,1,False,1,0,False,13:00,Sunday,Nissan Stadium,outdoors,grass ,7,7
2021_03_LAC_KC,2021,3,2021-09-26,TRAIN,KC,LAC,Kansas City Chiefs,Los Angeles Chargers,24.0,30.0,-6.0,AWAY_WIN,0,False,1,0,False,13:00,Sunday,GEHA Field at Arrowhead Stadium,outdoors,grass ,7,7
2021_03_MIA_LV,2021,3,2021-09-26,TRAIN,LV,MIA,Las Vegas Raiders,Miami Dolphins,31.0,28.0,3.0,HOME_WIN,1,False,1,0,False,16:05,Sunday,Allegiant Stadium,dome,grass,7,7
2021_03_NO_NE,2021,3,2021-09-26,TRAIN,NE,NO,New England Patriots,New Orleans Saints,13.0,28.0,-15.0,AWAY_WIN,0,False,1,0,False,13:00,Sunday,Gillette Stadium,outdoors,fieldturf,7,7
2021_03_NYJ_DEN,2021,3,2021-09-26,TRAIN,DEN,NYJ,Denver Broncos,New York Jets,26.0,0.0,26.0,HOME_WIN,1,False,1,0,False,16:05,Sunday,Empower Field at Mile High,outdoors,grass ,7,7
2021_03_SEA_MIN,2021,3,2021-09-26,TRAIN,MIN,SEA,Minnesota Vikings,Seattle Seahawks,30.0,17.0,13.0,HOME_WIN,1,False,1,0,False,16:25,Sunday,U.S. Bank Stadium,dome,sportturf,7,7
2021_03_TB_LA,2021,3,2021-09-26,TRAIN,LA,TB,Los Angeles Rams,Tampa Bay Buccaneers,34.0,24.0,10.0,HOME_WIN,1,False,1,0,False,16:25,Sunday,SoFi Stadium,dome,matrixturf,7,7
2021_03_WAS_BUF,2021,3,2021-09-26,TRAIN,BUF,WAS,Buffalo Bills,Washington Commanders,43.0,21.0,22.0,HOME_WIN,1,False,1,0,False,13:00,Sunday,New Era Field,outdoors,a_turf,7,10
2021_03_PHI_DAL,2021,3,2021-09-27,TRAIN,DAL,PHI,Dallas Cowboys,Philadelphia Eagles,41.0,21.0,20.0,HOME_WIN,1,False,1,0,False,20:15,Monday,AT&T Stadium,open,matrixturf,8,8
2021_04_JAX_CIN,2021,4,2021-09-30,TRAIN,CIN,JAX,Cincinnati Bengals,Jacksonville Jaguars,24.0,21.0,3.0,HOME_WIN,1,False,1,0,False,20:20,Thursday,Paul Brown Stadium,outdoors,fieldturf,4,4
2021_04_ARI_LA,2021,4,2021-10-03,TRAIN,LA,ARI,Los Angeles Rams,Arizona Cardinals,20.0,37.0,-17.0,AWAY_WIN,0,False,1,0,False,16:05,Sunday,SoFi Stadium,dome,matrixturf,7,7
2021_04_BAL_DEN,2021,4,2021-10-03,TRAIN,DEN,BAL,Denver Broncos,Baltimore Ravens,7.0,23.0,-16.0,AWAY_WIN,0,False,1,0,False,16:25,Sunday,Empower Field at Mile High,outdoors,grass ,7,7
2021_04_CAR_DAL,2021,4,2021-10-03,TRAIN,DAL,CAR,Dallas Cowboys,Carolina Panthers,36.0,28.0,8.0,HOME_WIN,1,False,1,0,False,13:00,Sunday,AT&T Stadium,closed,matrixturf,6,10
2021_04_CLE_MIN,2021,4,2021-10-03,TRAIN,MIN,CLE,Minnesota Vikings,Cleveland Browns,7.0,14.0,-7.0,AWAY_WIN,0,False,1,0,False,13:00,Sunday,U.S. Bank Stadium,dome,sportturf,7,7
2021_04_DET_CHI,2021,4,2021-10-03,TRAIN,CHI,DET,Chicago Bears,Detroit Lions,24.0,14.0,10.0,HOME_WIN,1,False,1,0,False,13:00,Sunday,Soldier Field,outdoors,grass ,7,7
2021_04_HOU_BUF,2021,4,2021-10-03,TRAIN,BUF,HOU,Buffalo Bills,Houston Texans,40.0,0.0,40.0,HOME_WIN,1,False,1,0,False,13:00,Sunday,New Era Field,outdoors,a_turf,7,10
2021_04_IND_MIA,2021,4,2021-10-03,TRAIN,MIA,IND,Miami Dolphins,Indianapolis Colts,17.0,27.0,-10.0,AWAY_WIN,0,False,1,0,False,13:00,Sunday,Hard Rock Stadium,outdoors,grass ,7,7
2021_04_KC_PHI,2021,4,2021-10-03,TRAIN,PHI,KC,Philadelphia Eagles,Kansas City Chiefs,30.0,42.0,-12.0,AWAY_WIN,0,False,1,0,False,13:00,Sunday,Lincoln Financial Field,outdoors,grass ,6,7
2021_04_NYG_NO,2021,4,2021-10-03,TRAIN,NO,NYG,New Orleans Saints,New York Giants,21.0,27.0,-6.0,AWAY_WIN,0,False,1,0,False,13:00,Sunday,Mercedes-Benz Superdome,dome,sportturf,7,7
2021_04_PIT_GB,2021,4,2021-10-03,TRAIN,GB,PIT,Green Bay Packers,Pittsburgh Steelers,27.0,17.0,10.0,HOME_WIN,1,False,1,0,False,16:25,Sunday,Lambeau Field,outdoors,grass ,7,7
2021_04_SEA_SF,2021,4,2021-10-03,TRAIN,SF,SEA,San Francisco 49ers,Seattle Seahawks,21.0,28.0,-7.0,AWAY_WIN,0,False,1,0,False,16:05,Sunday,Levi's Stadium,outdoors,grass,7,7
2021_04_TB_NE,2021,4,2021-10-03,TRAIN,NE,TB,New England Patriots,Tampa Bay Buccaneers,17.0,19.0,-2.0,AWAY_WIN,0,False,1,0,False,20:20,Sunday,Gillette Stadium,outdoors,fieldturf,7,7
2021_04_TEN_NYJ,2021,4,2021-10-03,TRAIN,NYJ,TEN,New York Jets,Tennessee Titans,27.0,24.0,3.0,HOME_WIN,1,False,1,0,False,13:00,Sunday,MetLife Stadium,outdoors,fieldturf,7,7
2021_04_WAS_ATL,2021,4,2021-10-03,TRAIN,ATL,WAS,Atlanta Falcons,Washington Commanders,30.0,34.0,-4.0,AWAY_WIN,0,False,1,0,False,13:00,Sunday,Mercedes-Benz Stadium,open,fieldturf,7,7
2021_04_LV_LAC,2021,4,2021-10-04,TRAIN,LAC,LV,Los Angeles Chargers,Las Vegas Raiders,28.0,14.0,14.0,HOME_WIN,1,False,1,0,False,20:15,Monday,SoFi Stadium,dome,matrixturf,8,8
2021_05_LA_SEA,2021,5,2021-10-07,TRAIN,SEA,LA,Seattle Seahawks,Los Angeles Rams,17.0,26.0,-9.0,AWAY_WIN,0,False,1,0,False,20:20,Thursday,Lumen Field,outdoors,fieldturf,4,4
2021_05_BUF_KC,2021,5,2021-10-10,TRAIN,KC,BUF,Kansas City Chiefs,Buffalo Bills,20.0,38.0,-18.0,AWAY_WIN,0,False,1,0,False,20:20,Sunday,GEHA Field at Arrowhead Stadium,outdoors,grass ,7,7
2021_05_CHI_LV,2021,5,2021-10-10,TRAIN,LV,CHI,Las Vegas Raiders,Chicago Bears,9.0,20.0,-11.0,AWAY_WIN,0,False,1,0,False,16:05,Sunday,Allegiant Stadium,dome,grass,6,7
2021_05_CLE_LAC,2021,5,2021-10-10,TRAIN,LAC,CLE,Los Angeles Chargers,Cleveland Browns,47.0,42.0,5.0,HOME_WIN,1,False,1,0,False,16:05,Sunday,SoFi Stadium,dome,matrixturf,6,7
2021_05_DEN_PIT,2021,5,2021-10-10,TRAIN,PIT,DEN,Pittsburgh Steelers,Denver Broncos,27.0,19.0,8.0,HOME_WIN,1,False,1,0,False,13:00,Sunday,Heinz Field,outdoors,grass ,7,7
2021_05_DET_MIN,2021,5,2021-10-10,TRAIN,MIN,DET,Minnesota Vikings,Detroit Lions,19.0,17.0,2.0,HOME_WIN,1,False,1,0,False,13:00,Sunday,U.S. Bank Stadium,dome,sportturf,7,7
2021_05_GB_CIN,2021,5,2021-10-10,TRAIN,CIN,GB,Cincinnati Bengals,Green Bay Packers,22.0,25.0,-3.0,AWAY_WIN,0,False,1,0,False,13:00,Sunday,Paul Brown Stadium,outdoors,fieldturf,10,7
2021_05_MIA_TB,2021,5,2021-10-10,TRAIN,TB,MIA,Tampa Bay Buccaneers,Miami Dolphins,45.0,17.0,28.0,HOME_WIN,1,False,1,0,False,13:00,Sunday,Raymond James Stadium,outdoors,grass ,7,7
2021_05_NE_HOU,2021,5,2021-10-10,TRAIN,HOU,NE,Houston Texans,New England Patriots,22.0,25.0,-3.0,AWAY_WIN,0,False,1,0,False,13:00,Sunday,NRG Stadium,closed,astroturf,7,7
2021_05_NO_WAS,2021,5,2021-10-10,TRAIN,WAS,NO,Washington Commanders,New Orleans Saints,22.0,33.0,-11.0,AWAY_WIN,0,False,1,0,False,13:00,Sunday,FedExField,outdoors,grass ,7,7
2021_05_NYG_DAL,2021,5,2021-10-10,TRAIN,DAL,NYG,Dallas Cowboys,New York Giants,44.0,20.0,24.0,HOME_WIN,1,False,1,0,False,16:25,Sunday,AT&T Stadium,closed,matrixturf,7,7
2021_05_NYJ_ATL,2021,5,2021-10-10,TRAIN,ATL,NYJ,Atlanta Falcons,New York Jets,27.0,20.0,7.0,HOME_WIN,1,False,1,0,True,09:30,Sunday,Tottenham Stadium,outdoors,grass,7,7
2021_05_PHI_CAR,2021,5,2021-10-10,TRAIN,CAR,PHI,Carolina Panthers,Philadelphia Eagles,18.0,21.0,-3.0,AWAY_WIN,0,False,1,0,False,13:00,Sunday,Bank of America Stadium,outdoors,grass ,7,7
2021_05_SF_ARI,2021,5,2021-10-10,TRAIN,ARI,SF,Arizona Cardinals,San Francisco 49ers,17.0,10.0,7.0,HOME_WIN,1,False,1,0,False,16:25,Sunday,State Farm Stadium,closed,grass ,7,7
2021_05_TEN_JAX,2021,5,2021-10-10,TRAIN,JAX,TEN,Jacksonville Jaguars,Tennessee Titans,19.0,37.0,-18.0,AWAY_WIN,0,False,1,0,False,13:00,Sunday,TIAA Bank Stadium,outdoors,grass ,10,7
2021_05_IND_BAL,2021,5,2021-10-11,TRAIN,BAL,IND,Baltimore Ravens,Indianapolis Colts,31.0,25.0,6.0,HOME_WIN,1,False,1,0,False,20:15,Monday,M&T Bank Stadium,outdoors,grass,8,8
2021_06_TB_PHI,2021,6,2021-10-14,TRAIN,PHI,TB,Philadelphia Eagles,Tampa Bay Buccaneers,22.0,28.0,-6.0,AWAY_WIN,0,False,1,0,False,20:20,Thursday,Lincoln Financial Field,outdoors,grass ,4,4
2021_06_ARI_CLE,2021,6,2021-10-17,TRAIN,CLE,ARI,Cleveland Browns,Arizona Cardinals,14.0,37.0,-23.0,AWAY_WIN,0,False,1,0,False,16:05,Sunday,FirstEnergy Stadium,outdoors,grass ,7,7
2021_06_CIN_DET,2021,6,2021-10-17,TRAIN,DET,CIN,Detroit Lions,Cincinnati Bengals,11.0,34.0,-23.0,AWAY_WIN,0,False,1,0,False,13:00,Sunday,Ford Field,dome,fieldturf,7,7
2021_06_DAL_NE,2021,6,2021-10-17,TRAIN,NE,DAL,New England Patriots,Dallas Cowboys,29.0,35.0,-6.0,AWAY_WIN,0,False,1,0,False,16:25,Sunday,Gillette Stadium,outdoors,fieldturf,7,7
2021_06_GB_CHI,2021,6,2021-10-17,TRAIN,CHI,GB,Chicago Bears,Green Bay Packers,14.0,24.0,-10.0,AWAY_WIN,0,False,1,0,False,13:00,Sunday,Soldier Field,outdoors,grass ,7,7
2021_06_HOU_IND,2021,6,2021-10-17,TRAIN,IND,HOU,Indianapolis Colts,Houston Texans,31.0,3.0,28.0,HOME_WIN,1,False,1,0,False,13:00,Sunday,Lucas Oil Stadium,open,fieldturf,6,7
2021_06_KC_WAS,2021,6,2021-10-17,TRAIN,WAS,KC,Washington Commanders,Kansas City Chiefs,13.0,31.0,-18.0,AWAY_WIN,0,False,1,0,False,13:00,Sunday,FedExField,outdoors,grass ,7,7
2021_06_LAC_BAL,2021,6,2021-10-17,TRAIN,BAL,LAC,Baltimore Ravens,Los Angeles Chargers,34.0,6.0,28.0,HOME_WIN,1,False,1,0,False,13:00,Sunday,M&T Bank Stadium,outdoors,grass,6,7
2021_06_LA_NYG,2021,6,2021-10-17,TRAIN,NYG,LA,New York Giants,Los Angeles Rams,11.0,38.0,-27.0,AWAY_WIN,0,False,1,0,False,13:00,Sunday,MetLife Stadium,outdoors,fieldturf,7,10
2021_06_LV_DEN,2021,6,2021-10-17,TRAIN,DEN,LV,Denver Broncos,Las Vegas Raiders,24.0,34.0,-10.0,AWAY_WIN,0,False,1,0,False,16:25,Sunday,Empower Field at Mile High,outdoors,grass ,7,7
2021_06_MIA_JAX,2021,6,2021-10-17,TRAIN,JAX,MIA,Jacksonville Jaguars,Miami Dolphins,23.0,20.0,3.0,HOME_WIN,1,False,1,0,True,09:30,Sunday,Tottenham Stadium,outdoors,grass,7,7
2021_06_MIN_CAR,2021,6,2021-10-17,TRAIN,CAR,MIN,Carolina Panthers,Minnesota Vikings,28.0,34.0,-6.0,AWAY_WIN,0,False,1,0,False,13:00,Sunday,Bank of America Stadium,outdoors,grass ,7,7
2021_06_SEA_PIT,2021,6,2021-10-17,TRAIN,PIT,SEA,Pittsburgh Steelers,Seattle Seahawks,23.0,20.0,3.0,HOME_WIN,1,False,1,0,False,20:20,Sunday,Heinz Field,outdoors,grass ,7,10
2021_06_BUF_TEN,2021,6,2021-10-18,TRAIN,TEN,BUF,Tennessee Titans,Buffalo Bills,34.0,31.0,3.0,HOME_WIN,1,False,1,0,False,20:15,Monday,Nissan Stadium,outdoors,grass ,8,8
2021_07_DEN_CLE,2021,7,2021-10-21,TRAIN,CLE,DEN,Cleveland Browns,Denver Broncos,17.0,14.0,3.0,HOME_WIN,1,False,1,0,False,20:20,Thursday,FirstEnergy Stadium,outdoors,grass ,4,4
2021_07_ATL_MIA,2021,7,2021-10-24,TRAIN,MIA,ATL,Miami Dolphins,Atlanta Falcons,28.0,30.0,-2.0,AWAY_WIN,0,False,1,0,False,13:00,Sunday,Hard Rock Stadium,outdoors,grass ,7,14
2021_07_CAR_NYG,2021,7,2021-10-24,TRAIN,NYG,CAR,New York Giants,Carolina Panthers,25.0,3.0,22.0,HOME_WIN,1,False,1,0,False,13:00,Sunday,MetLife Stadium,outdoors,fieldturf,7,7
2021_07_CHI_TB,2021,7,2021-10-24,TRAIN,TB,CHI,Tampa Bay Buccaneers,Chicago Bears,38.0,3.0,35.0,HOME_WIN,1,False,1,0,False,16:25,Sunday,Raymond James Stadium,outdoors,grass ,10,7
2021_07_CIN_BAL,2021,7,2021-10-24,TRAIN,BAL,CIN,Baltimore Ravens,Cincinnati Bengals,17.0,41.0,-24.0,AWAY_WIN,0,False,1,0,False,13:00,Sunday,M&T Bank Stadium,outdoors,grass,7,7
2021_07_DET_LA,2021,7,2021-10-24,TRAIN,LA,DET,Los Angeles Rams,Detroit Lions,28.0,19.0,9.0,HOME_WIN,1,False,1,0,False,16:05,Sunday,SoFi Stadium,dome,matrixturf,7,7
2021_07_HOU_ARI,2021,7,2021-10-24,TRAIN,ARI,HOU,Arizona Cardinals,Houston Texans,31.0,5.0,26.0,HOME_WIN,1,False,1,0,False,16:25,Sunday,State Farm Stadium,closed,grass ,7,7
2021_07_IND_SF,2021,7,2021-10-24,TRAIN,SF,IND,San Francisco 49ers,Indianapolis Colts,18.0,30.0,-12.0,AWAY_WIN,0,False,1,0,False,20:20,Sunday,Levi's Stadium,outdoors,grass,14,7
2021_07_KC_TEN,2021,7,2021-10-24,TRAIN,TEN,KC,Tennessee Titans,Kansas City Chiefs,27.0,3.0,24.0,HOME_WIN,1,False,1,0,False,13:00,Sunday,Nissan Stadium,outdoors,grass ,6,7
2021_07_NYJ_NE,2021,7,2021-10-24,TRAIN,NE,NYJ,New England Patriots,New York Jets,54.0,13.0,41.0,HOME_WIN,1,False,1,0,False,13:00,Sunday,Gillette Stadium,outdoors,fieldturf,7,14
2021_07_PHI_LV,2021,7,2021-10-24,TRAIN,LV,PHI,Las Vegas Raiders,Philadelphia Eagles,33.0,22.0,11.0,HOME_WIN,1,False,1,0,False,16:05,Sunday,Allegiant Stadium,dome,grass,7,10
2021_07_WAS_GB,2021,7,2021-10-24,TRAIN,GB,WAS,Green Bay Packers,Washington Commanders,24.0,10.0,14.0,HOME_WIN,1,False,1,0,False,13:00,Sunday,Lambeau Field,outdoors,grass ,7,7
2021_07_NO_SEA,2021,7,2021-10-25,TRAIN,SEA,NO,Seattle Seahawks,New Orleans Saints,10.0,13.0,-3.0,AWAY_WIN,0,False,1,0,False,20:15,Monday,Lumen Field,outdoors,fieldturf,8,15
2021_08_GB_ARI,2021,8,2021-10-28,TRAIN,ARI,GB,Arizona Cardinals,Green Bay Packers,21.0,24.0,-3.0,AWAY_WIN,0,False,1,0,False,20:20,Thursday,State Farm Stadium,open,grass ,4,4
2021_08_CAR_ATL,2021,8,2021-10-31,TRAIN,ATL,CAR,Atlanta Falcons,Carolina Panthers,13.0,19.0,-6.0,AWAY_WIN,0,False,1,0,False,13:00,Sunday,Mercedes-Benz Stadium,open,fieldturf,7,7
2021_08_CIN_NYJ,2021,8,2021-10-31,TRAIN,NYJ,CIN,New York Jets,Cincinnati Bengals,34.0,31.0,3.0,HOME_WIN,1,False,1,0,False,13:00,Sunday,MetLife Stadium,outdoors,fieldturf,7,7
2021_08_DAL_MIN,2021,8,2021-10-31,TRAIN,MIN,DAL,Minnesota Vikings,Dallas Cowboys,16.0,20.0,-4.0,AWAY_WIN,0,False,1,0,False,20:20,Sunday,U.S. Bank Stadium,dome,sportturf,14,14
2021_08_JAX_SEA,2021,8,2021-10-31,TRAIN,SEA,JAX,Seattle Seahawks,Jacksonville Jaguars,31.0,7.0,24.0,HOME_WIN,1,False,1,0,False,16:05,Sunday,Lumen Field,outdoors,fieldturf,6,14
2021_08_LA_HOU,2021,8,2021-10-31,TRAIN,HOU,LA,Houston Texans,Los Angeles Rams,22.0,38.0,-16.0,AWAY_WIN,0,False,1,0,False,13:00,Sunday,NRG Stadium,closed,astroturf,7,7
2021_08_MIA_BUF,2021,8,2021-10-31,TRAIN,BUF,MIA,Buffalo Bills,Miami Dolphins,26.0,11.0,15.0,HOME_WIN,1,False,1,0,False,13:00,Sunday,New Era Field,outdoors,a_turf,13,7
2021_08_NE_LAC,2021,8,2021-10-31,TRAIN,LAC,NE,Los Angeles Chargers,New England Patriots,24.0,27.0,-3.0,AWAY_WIN,0,False,1,0,False,16:05,Sunday,SoFi Stadium,dome,matrixturf,14,7
2021_08_PHI_DET,2021,8,2021-10-31,TRAIN,DET,PHI,Detroit Lions,Philadelphia Eagles,6.0,44.0,-38.0,AWAY_WIN,0,False,1,0,False,13:00,Sunday,Ford Field,dome,fieldturf,7,7
2021_08_PIT_CLE,2021,8,2021-10-31,TRAIN,CLE,PIT,Cleveland Browns,Pittsburgh Steelers,10.0,15.0,-5.0,AWAY_WIN,0,False,1,0,False,13:00,Sunday,FirstEnergy Stadium,outdoors,grass ,10,14
2021_08_SF_CHI,2021,8,2021-10-31,TRAIN,CHI,SF,Chicago Bears,San Francisco 49ers,22.0,33.0,-11.0,AWAY_WIN,0,False,1,0,False,13:00,Sunday,Soldier Field,outdoors,grass ,7,7
2021_08_TB_NO,2021,8,2021-10-31,TRAIN,NO,TB,New Orleans Saints,Tampa Bay Buccaneers,36.0,27.0,9.0,HOME_WIN,1,False,1,0,False,16:25,Sunday,Mercedes-Benz Superdome,dome,sportturf,6,7
2021_08_TEN_IND,2021,8,2021-10-31,TRAIN,IND,TEN,Indianapolis Colts,Tennessee Titans,31.0,34.0,-3.0,AWAY_WIN,0,False,1,0,False,13:00,Sunday,Lucas Oil Stadium,open,fieldturf,7,7
2021_08_WAS_DEN,2021,8,2021-10-31,TRAIN,DEN,WAS,Denver Broncos,Washington Commanders,17.0,10.0,7.0,HOME_WIN,1,False,1,0,False,16:25,Sunday,Empower Field at Mile High,outdoors,grass ,10,7
2021_08_NYG_KC,2021,8,2021-11-01,TRAIN,KC,NYG,Kansas City Chiefs,New York Giants,20.0,17.0,3.0,HOME_WIN,1,False,1,0,False,20:15,Monday,GEHA Field at Arrowhead Stadium,outdoors,grass ,8,8
2021_09_NYJ_IND,2021,9,2021-11-04,TRAIN,IND,NYJ,Indianapolis Colts,New York Jets,45.0,30.0,15.0,HOME_WIN,1,False,1,0,False,20:20,Thursday,Lucas Oil Stadium,closed,fieldturf,4,4
2021_09_ARI_SF,2021,9,2021-11-07,TRAIN,SF,ARI,San Francisco 49ers,Arizona Cardinals,17.0,31.0,-14.0,AWAY_WIN,0,False,1,0,False,16:25,Sunday,Levi's Stadium,outdoors,grass,7,10
2021_09_ATL_NO,2021,9,2021-11-07,TRAIN,NO,ATL,New Orleans Saints,Atlanta Falcons,25.0,27.0,-2.0,AWAY_WIN,0,False,1,0,False,13:00,Sunday,Mercedes-Benz Superdome,dome,sportturf,7,7
2021_09_BUF_JAX,2021,9,2021-11-07,TRAIN,JAX,BUF,Jacksonville Jaguars,Buffalo Bills,9.0,6.0,3.0,HOME_WIN,1,False,1,0,False,13:00,Sunday,TIAA Bank Stadium,outdoors,grass ,7,7
2021_09_CLE_CIN,2021,9,2021-11-07,TRAIN,CIN,CLE,Cincinnati Bengals,Cleveland Browns,16.0,41.0,-25.0,AWAY_WIN,0,False,1,0,False,13:00,Sunday,Paul Brown Stadium,outdoors,fieldturf,7,7
2021_09_DEN_DAL,2021,9,2021-11-07,TRAIN,DAL,DEN,Dallas Cowboys,Denver Broncos,16.0,30.0,-14.0,AWAY_WIN,0,False,1,0,False,13:00,Sunday,AT&T Stadium,closed,matrixturf,7,7
2021_09_GB_KC,2021,9,2021-11-07,TRAIN,KC,GB,Kansas City Chiefs,Green Bay Packers,13.0,7.0,6.0,HOME_WIN,1,False,1,0,False,16:25,Sunday,GEHA Field at Arrowhead Stadium,outdoors,grass ,6,10
2021_09_HOU_MIA,2021,9,2021-11-07,TRAIN,MIA,HOU,Miami Dolphins,Houston Texans,17.0,9.0,8.0,HOME_WIN,1,False,1,0,False,13:00,Sunday,Hard Rock Stadium,outdoors,grass ,7,7
2021_09_LAC_PHI,2021,9,2021-11-07,TRAIN,PHI,LAC,Philadelphia Eagles,Los Angeles Chargers,24.0,27.0,-3.0,AWAY_WIN,0,False,1,0,False,16:05,Sunday,Lincoln Financial Field,outdoors,grass ,7,7
2021_09_LV_NYG,2021,9,2021-11-07,TRAIN,NYG,LV,New York Giants,Las Vegas Raiders,23.0,16.0,7.0,HOME_WIN,1,False,1,0,False,13:00,Sunday,MetLife Stadium,outdoors,fieldturf,6,14
2021_09_MIN_BAL,2021,9,2021-11-07,TRAIN,BAL,MIN,Baltimore Ravens,Minnesota Vikings,34.0,31.0,3.0,HOME_WIN,1,False,1,0,False,13:00,Sunday,M&T Bank Stadium,outdoors,grass,14,7
2021_09_NE_CAR,2021,9,2021-11-07,TRAIN,CAR,NE,Carolina Panthers,New England Patriots,6.0,24.0,-18.0,AWAY_WIN,0,False,1,0,False,13:00,Sunday,Bank of America Stadium,outdoors,grass ,7,7
2021_09_TEN_LA,2021,9,2021-11-07,TRAIN,LA,TEN,Los Angeles Rams,Tennessee Titans,16.0,28.0,-12.0,AWAY_WIN,0,False,1,0,False,20:20,Sunday,SoFi Stadium,dome,matrixturf,7,7
2021_09_CHI_PIT,2021,9,2021-11-08,TRAIN,PIT,CHI,Pittsburgh Steelers,Chicago Bears,29.0,27.0,2.0,HOME_WIN,1,False,1,0,False,20:15,Monday,Heinz Field,outdoors,grass ,8,8
2021_10_BAL_MIA,2021,10,2021-11-11,TRAIN,MIA,BAL,Miami Dolphins,Baltimore Ravens,22.0,10.0,12.0,HOME_WIN,1,False,1,0,False,20:20,Thursday,Hard Rock Stadium,outdoors,grass ,4,4
2021_10_ATL_DAL,2021,10,2021-11-14,TRAIN,DAL,ATL,Dallas Cowboys,Atlanta Falcons,43.0,3.0,40.0,HOME_WIN,1,False,1,0,False,13:00,Sunday,AT&T Stadium,closed,matrixturf,7,7
2021_10_BUF_NYJ,2021,10,2021-11-14,TRAIN,NYJ,BUF,New York Jets,Buffalo Bills,17.0,45.0,-28.0,AWAY_WIN,0,False,1,0,False,13:00,Sunday,MetLife Stadium,outdoors,fieldturf,10,7
2021_10_CAR_ARI,2021,10,2021-11-14,TRAIN,ARI,CAR,Arizona Cardinals,Carolina Panthers,10.0,34.0,-24.0,AWAY_WIN,0,False,1,0,False,16:05,Sunday,State Farm Stadium,closed,grass ,7,7
2021_10_CLE_NE,2021,10,2021-11-14,TRAIN,NE,CLE,New England Patriots,Cleveland Browns,45.0,7.0,38.0,HOME_WIN,1,False,1,0,False,13:00,Sunday,Gillette Stadium,outdoors,fieldturf,7,7
2021_10_JAX_IND,2021,10,2021-11-14,TRAIN,IND,JAX,Indianapolis Colts,Jacksonville Jaguars,23.0,17.0,6.0,HOME_WIN,1,False,1,0,False,13:00,Sunday,Lucas Oil Stadium,closed,fieldturf,10,7
2021_10_KC_LV,2021,10,2021-11-14,TRAIN,LV,KC,Las Vegas Raiders,Kansas City Chiefs,14.0,41.0,-27.0,AWAY_WIN,0,False,1,0,False,20:20,Sunday,Allegiant Stadium,dome,grass,7,7
2021_10_MIN_LAC,2021,10,2021-11-14,TRAIN,LAC,MIN,Los Angeles Chargers,Minnesota Vikings,20.0,27.0,-7.0,AWAY_WIN,0,False,1,0,False,16:05,Sunday,SoFi Stadium,dome,matrixturf,7,7
2021_10_NO_TEN,2021,10,2021-11-14,TRAIN,TEN,NO,Tennessee Titans,New Orleans Saints,23.0,21.0,2.0,HOME_WIN,1,False,1,0,False,13:00,Sunday,Nissan Stadium,outdoors,grass ,7,7
2021_10_PHI_DEN,2021,10,2021-11-14,TRAIN,DEN,PHI,Denver Broncos,Philadelphia Eagles,13.0,30.0,-17.0,AWAY_WIN,0,False,1,0,False,16:25,Sunday,Empower Field at Mile High,outdoors,grass ,7,7
2021_10_SEA_GB,2021,10,2021-11-14,TRAIN,GB,SEA,Green Bay Packers,Seattle Seahawks,17.0,0.0,17.0,HOME_WIN,1,False,1,0,False,16:25,Sunday,Lambeau Field,outdoors,grass ,7,14
2021_10_TB_WAS,2021,10,2021-11-14,TRAIN,WAS,TB,Washington Commanders,Tampa Bay Buccaneers,29.0,19.0,10.0,HOME_WIN,1,False,1,0,False,13:00,Sunday,FedExField,outdoors,grass ,14,14
2021_10_LA_SF,2021,10,2021-11-15,TRAIN,SF,LA,San Francisco 49ers,Los Angeles Rams,31.0,10.0,21.0,HOME_WIN,1,False,1,0,False,20:15,Monday,Levi's Stadium,outdoors,grass,8,8
2021_11_NE_ATL,2021,11,2021-11-18,TRAIN,ATL,NE,Atlanta Falcons,New England Patriots,0.0,25.0,-25.0,AWAY_WIN,0,False,1,0,False,20:20,Thursday,Mercedes-Benz Stadium,closed,fieldturf,4,4
2021_11_ARI_SEA,2021,11,2021-11-21,TRAIN,SEA,ARI,Seattle Seahawks,Arizona Cardinals,13.0,23.0,-10.0,AWAY_WIN,0,False,1,0,False,16:25,Sunday,Lumen Field,outdoors,fieldturf,7,7
2021_11_BAL_CHI,2021,11,2021-11-21,TRAIN,CHI,BAL,Chicago Bears,Baltimore Ravens,13.0,16.0,-3.0,AWAY_WIN,0,False,1,0,False,13:00,Sunday,Soldier Field,outdoors,grass ,13,10
2021_11_CIN_LV,2021,11,2021-11-21,TRAIN,LV,CIN,Las Vegas Raiders,Cincinnati Bengals,13.0,32.0,-19.0,AWAY_WIN,0,False,1,0,False,16:05,Sunday,Allegiant Stadium,dome,grass,7,14
2021_11_DAL_KC,2021,11,2021-11-21,TRAIN,KC,DAL,Kansas City Chiefs,Dallas Cowboys,19.0,9.0,10.0,HOME_WIN,1,False,1,0,False,16:25,Sunday,GEHA Field at Arrowhead Stadium,outdoors,grass ,7,7
2021_11_DET_CLE,2021,11,2021-11-21,TRAIN,CLE,DET,Cleveland Browns,Detroit Lions,13.0,10.0,3.0,HOME_WIN,1,False,1,0,False,13:00,Sunday,FirstEnergy Stadium,outdoors,grass ,7,7
2021_11_GB_MIN,2021,11,2021-11-21,TRAIN,MIN,GB,Minnesota Vikings,Green Bay Packers,34.0,31.0,3.0,HOME_WIN,1,False,1,0,False,13:00,Sunday,U.S. Bank Stadium,dome,sportturf,7,7
2021_11_HOU_TEN,2021,11,2021-11-21,TRAIN,TEN,HOU,Tennessee Titans,Houston Texans,13.0,22.0,-9.0,AWAY_WIN,0,False,1,0,False,13:00,Sunday,Nissan Stadium,outdoors,grass ,7,14
2021_11_IND_BUF,2021,11,2021-11-21,TRAIN,BUF,IND,Buffalo Bills,Indianapolis Colts,15.0,41.0,-26.0,AWAY_WIN,0,False,1,0,False,13:00,Sunday,New Era Field,outdoors,a_turf,7,7
2021_11_MIA_NYJ,2021,11,2021-11-21,TRAIN,NYJ,MIA,New York Jets,Miami Dolphins,17.0,24.0,-7.0,AWAY_WIN,0,False,1,0,False,13:00,Sunday,MetLife Stadium,outdoors,fieldturf,7,10
2021_11_NO_PHI,2021,11,2021-11-21,TRAIN,PHI,NO,Philadelphia Eagles,New Orleans Saints,40.0,29.0,11.0,HOME_WIN,1,False,1,0,False,13:00,Sunday,Lincoln Financial Field,outdoors,grass ,7,7
2021_11_PIT_LAC,2021,11,2021-11-21,TRAIN,LAC,PIT,Los Angeles Chargers,Pittsburgh Steelers,41.0,37.0,4.0,HOME_WIN,1,False,1,0,False,20:20,Sunday,SoFi Stadium,dome,matrixturf,7,7
2021_11_SF_JAX,2021,11,2021-11-21,TRAIN,JAX,SF,Jacksonville Jaguars,San Francisco 49ers,10.0,30.0,-20.0,AWAY_WIN,0,False,1,0,False,13:00,Sunday,TIAA Bank Stadium,outdoors,grass ,7,6
2021_11_WAS_CAR,2021,11,2021-11-21,TRAIN,CAR,WAS,Carolina Panthers,Washington Commanders,21.0,27.0,-6.0,AWAY_WIN,0,False,1,0,False,13:00,Sunday,Bank of America Stadium,outdoors,grass ,7,7
2021_11_NYG_TB,2021,11,2021-11-22,TRAIN,TB,NYG,Tampa Bay Buccaneers,New York Giants,30.0,10.0,20.0,HOME_WIN,1,False,1,0,False,20:15,Monday,Raymond James Stadium,outdoors,grass ,8,15
2021_12_BUF_NO,2021,12,2021-11-25,TRAIN,NO,BUF,New Orleans Saints,Buffalo Bills,6.0,31.0,-25.0,AWAY_WIN,0,False,1,0,False,20:20,Thursday,Mercedes-Benz Superdome,dome,sportturf,4,4
2021_12_CHI_DET,2021,12,2021-11-25,TRAIN,DET,CHI,Detroit Lions,Chicago Bears,14.0,16.0,-2.0,AWAY_WIN,0,False,1,0,False,12:30,Thursday,Ford Field,dome,fieldturf,4,4
2021_12_LV_DAL,2021,12,2021-11-25,TRAIN,DAL,LV,Dallas Cowboys,Las Vegas Raiders,33.0,36.0,-3.0,AWAY_WIN,0,False,1,0,False,16:30,Thursday,AT&T Stadium,closed,matrixturf,4,4
2021_12_ATL_JAX,2021,12,2021-11-28,TRAIN,JAX,ATL,Jacksonville Jaguars,Atlanta Falcons,14.0,21.0,-7.0,AWAY_WIN,0,False,1,0,False,13:00,Sunday,TIAA Bank Stadium,outdoors,grass ,7,10
2021_12_CAR_MIA,2021,12,2021-11-28,TRAIN,MIA,CAR,Miami Dolphins,Carolina Panthers,33.0,10.0,23.0,HOME_WIN,1,False,1,0,False,13:00,Sunday,Hard Rock Stadium,outdoors,grass ,7,7
2021_12_CLE_BAL,2021,12,2021-11-28,TRAIN,BAL,CLE,Baltimore Ravens,Cleveland Browns,16.0,10.0,6.0,HOME_WIN,1,False,1,0,False,20:20,Sunday,M&T Bank Stadium,outdoors,grass,7,7
2021_12_LAC_DEN,2021,12,2021-11-28,TRAIN,DEN,LAC,Denver Broncos,Los Angeles Chargers,28.0,13.0,15.0,HOME_WIN,1,False,1,0,False,16:05,Sunday,Empower Field at Mile High,outdoors,grass ,14,7
2021_12_LA_GB,2021,12,2021-11-28,TRAIN,GB,LA,Green Bay Packers,Los Angeles Rams,36.0,28.0,8.0,HOME_WIN,1,False,1,0,False,16:25,Sunday,Lambeau Field,outdoors,grass ,7,13
2021_12_MIN_SF,2021,12,2021-11-28,TRAIN,SF,MIN,San Francisco 49ers,Minnesota Vikings,34.0,26.0,8.0,HOME_WIN,1,False,1,0,False,16:25,Sunday,Levi's Stadium,outdoors,grass,7,7
2021_12_NYJ_HOU,2021,12,2021-11-28,TRAIN,HOU,NYJ,Houston Texans,New York Jets,14.0,21.0,-7.0,AWAY_WIN,0,False,1,0,False,13:00,Sunday,NRG Stadium,closed,astroturf,7,7
2021_12_PHI_NYG,2021,12,2021-11-28,TRAIN,NYG,PHI,New York Giants,Philadelphia Eagles,13.0,7.0,6.0,HOME_WIN,1,False,1,0,False,13:00,Sunday,MetLife Stadium,outdoors,fieldturf,6,7
2021_12_PIT_CIN,2021,12,2021-11-28,TRAIN,CIN,PIT,Cincinnati Bengals,Pittsburgh Steelers,41.0,10.0,31.0,HOME_WIN,1,False,1,0,False,13:00,Sunday,Paul Brown Stadium,outdoors,fieldturf,7,7
2021_12_TB_IND,2021,12,2021-11-28,TRAIN,IND,TB,Indianapolis Colts,Tampa Bay Buccaneers,31.0,38.0,-7.0,AWAY_WIN,0,False,1,0,False,13:00,Sunday,Lucas Oil Stadium,closed,fieldturf,7,6
2021_12_TEN_NE,2021,12,2021-11-28,TRAIN,NE,TEN,New England Patriots,Tennessee Titans,36.0,13.0,23.0,HOME_WIN,1,False,1,0,False,13:00,Sunday,Gillette Stadium,outdoors,fieldturf,10,7
2021_12_SEA_WAS,2021,12,2021-11-29,TRAIN,WAS,SEA,Washington Commanders,Seattle Seahawks,17.0,15.0,2.0,HOME_WIN,1,False,1,0,False,20:15,Monday,FedExField,outdoors,grass ,8,8
2021_13_DAL_NO,2021,13,2021-12-02,TRAIN,NO,DAL,New Orleans Saints,Dallas Cowboys,17.0,27.0,-10.0,AWAY_WIN,0,False,1,0,False,20:20,Thursday,Mercedes-Benz Superdome,dome,sportturf,7,7
2021_13_ARI_CHI,2021,13,2021-12-05,TRAIN,CHI,ARI,Chicago Bears,Arizona Cardinals,22.0,33.0,-11.0,AWAY_WIN,0,False,1,0,False,13:00,Sunday,Soldier Field,outdoors,grass ,10,14
2021_13_BAL_PIT,2021,13,2021-12-05,TRAIN,PIT,BAL,Pittsburgh Steelers,Baltimore Ravens,20.0,19.0,1.0,HOME_WIN,1,False,1,0,False,16:25,Sunday,Heinz Field,outdoors,grass ,7,7
2021_13_DEN_KC,2021,13,2021-12-05,TRAIN,KC,DEN,Kansas City Chiefs,Denver Broncos,22.0,9.0,13.0,HOME_WIN,1,False,1,0,False,20:20,Sunday,GEHA Field at Arrowhead Stadium,outdoors,grass ,14,7
2021_13_IND_HOU,2021,13,2021-12-05,TRAIN,HOU,IND,Houston Texans,Indianapolis Colts,0.0,31.0,-31.0,AWAY_WIN,0,False,1,0,False,13:00,Sunday,NRG Stadium,closed,astroturf,7,7
2021_13_JAX_LA,2021,13,2021-12-05,TRAIN,LA,JAX,Los Angeles Rams,Jacksonville Jaguars,37.0,7.0,30.0,HOME_WIN,1,False,1,0,False,16:05,Sunday,SoFi Stadium,dome,matrixturf,7,7
2021_13_LAC_CIN,2021,13,2021-12-05,TRAIN,CIN,LAC,Cincinnati Bengals,Los Angeles Chargers,22.0,41.0,-19.0,AWAY_WIN,0,False,1,0,False,13:00,Sunday,Paul Brown Stadium,outdoors,fieldturf,7,7
2021_13_MIN_DET,2021,13,2021-12-05,TRAIN,DET,MIN,Detroit Lions,Minnesota Vikings,29.0,27.0,2.0,HOME_WIN,1,False,1,0,False,13:00,Sunday,Ford Field,dome,fieldturf,10,7
2021_13_NYG_MIA,2021,13,2021-12-05,TRAIN,MIA,NYG,Miami Dolphins,New York Giants,20.0,9.0,11.0,HOME_WIN,1,False,1,0,False,13:00,Sunday,Hard Rock Stadium,outdoors,grass ,7,7
2021_13_PHI_NYJ,2021,13,2021-12-05,TRAIN,NYJ,PHI,New York Jets,Philadelphia Eagles,18.0,33.0,-15.0,AWAY_WIN,0,False,1,0,False,13:00,Sunday,MetLife Stadium,outdoors,fieldturf,7,7
2021_13_SF_SEA,2021,13,2021-12-05,TRAIN,SEA,SF,Seattle Seahawks,San Francisco 49ers,30.0,23.0,7.0,HOME_WIN,1,False,1,0,False,16:25,Sunday,Lumen Field,outdoors,fieldturf,6,7
2021_13_TB_ATL,2021,13,2021-12-05,TRAIN,ATL,TB,Atlanta Falcons,Tampa Bay Buccaneers,17.0,30.0,-13.0,AWAY_WIN,0,False,1,0,False,13:00,Sunday,Mercedes-Benz Stadium,closed,fieldturf,7,7
2021_13_WAS_LV,2021,13,2021-12-05,TRAIN,LV,WAS,Las Vegas Raiders,Washington Commanders,15.0,17.0,-2.0,AWAY_WIN,0,False,1,0,False,16:05,Sunday,Allegiant Stadium,dome,grass,10,6
2021_13_NE_BUF,2021,13,2021-12-06,TRAIN,BUF,NE,Buffalo Bills,New England Patriots,10.0,14.0,-4.0,AWAY_WIN,0,False,1,0,False,20:15,Monday,New Era Field,outdoors,a_turf,11,8
2021_14_PIT_MIN,2021,14,2021-12-09,TRAIN,MIN,PIT,Minnesota Vikings,Pittsburgh Steelers,36.0,28.0,8.0,HOME_WIN,1,False,1,0,False,20:20,Thursday,U.S. Bank Stadium,dome,sportturf,4,4
2021_14_ATL_CAR,2021,14,2021-12-12,TRAIN,CAR,ATL,Carolina Panthers,Atlanta Falcons,21.0,29.0,-8.0,AWAY_WIN,0,False,1,0,False,13:00,Sunday,Bank of America Stadium,outdoors,grass ,14,7
2021_14_BAL_CLE,2021,14,2021-12-12,TRAIN,CLE,BAL,Cleveland Browns,Baltimore Ravens,24.0,22.0,2.0,HOME_WIN,1,False,1,0,False,13:00,Sunday,FirstEnergy Stadium,outdoors,grass ,14,7
2021_14_BUF_TB,2021,14,2021-12-12,TRAIN,TB,BUF,Tampa Bay Buccaneers,Buffalo Bills,33.0,27.0,6.0,HOME_WIN,1,False,1,0,False,16:25,Sunday,Raymond James Stadium,outdoors,grass ,7,6
2021_14_CHI_GB,2021,14,2021-12-12,TRAIN,GB,CHI,Green Bay Packers,Chicago Bears,45.0,30.0,15.0,HOME_WIN,1,False,1,0,False,20:20,Sunday,Lambeau Field,outdoors,grass ,14,7
2021_14_DAL_WAS,2021,14,2021-12-12,TRAIN,WAS,DAL,Washington Commanders,Dallas Cowboys,20.0,27.0,-7.0,AWAY_WIN,0,False,1,0,False,13:00,Sunday,FedExField,outdoors,grass ,7,10
2021_14_DET_DEN,2021,14,2021-12-12,TRAIN,DEN,DET,Denver Broncos,Detroit Lions,38.0,10.0,28.0,HOME_WIN,1,False,1,0,False,16:05,Sunday,Empower Field at Mile High,outdoors,grass ,7,7
2021_14_JAX_TEN,2021,14,2021-12-12,TRAIN,TEN,JAX,Tennessee Titans,Jacksonville Jaguars,20.0,0.0,20.0,HOME_WIN,1,False,1,0,False,13:00,Sunday,Nissan Stadium,outdoors,grass ,14,7
2021_14_LV_KC,2021,14,2021-12-12,TRAIN,KC,LV,Kansas City Chiefs,Las Vegas Raiders,48.0,9.0,39.0,HOME_WIN,1,False,1,0,False,13:00,Sunday,GEHA Field at Arrowhead Stadium,outdoors,grass ,7,7
2021_14_NO_NYJ,2021,14,2021-12-12,TRAIN,NYJ,NO,New York Jets,New Orleans Saints,9.0,30.0,-21.0,AWAY_WIN,0,False,1,0,False,13:00,Sunday,MetLife Stadium,outdoors,fieldturf,7,10
2021_14_NYG_LAC,2021,14,2021-12-12,TRAIN,LAC,NYG,Los Angeles Chargers,New York Giants,37.0,21.0,16.0,HOME_WIN,1,False,1,0,False,16:05,Sunday,SoFi Stadium,dome,matrixturf,7,7
2021_14_SEA_HOU,2021,14,2021-12-12,TRAIN,HOU,SEA,Houston Texans,Seattle Seahawks,13.0,33.0,-20.0,AWAY_WIN,0,False,1,0,False,13:00,Sunday,NRG Stadium,open,astroturf,7,7
2021_14_SF_CIN,2021,14,2021-12-12,TRAIN,CIN,SF,Cincinnati Bengals,San Francisco 49ers,23.0,26.0,-3.0,AWAY_WIN,0,False,1,0,False,16:25,Sunday,Paul Brown Stadium,outdoors,fieldturf,7,7
2021_14_LA_ARI,2021,14,2021-12-13,TRAIN,ARI,LA,Arizona Cardinals,Los Angeles Rams,23.0,30.0,-7.0,AWAY_WIN,0,False,1,0,False,20:15,Monday,State Farm Stadium,open,grass ,8,8
2021_15_KC_LAC,2021,15,2021-12-16,TRAIN,LAC,KC,Los Angeles Chargers,Kansas City Chiefs,28.0,34.0,-6.0,AWAY_WIN,0,False,1,0,False,20:20,Thursday,SoFi Stadium,dome,matrixturf,4,4
2021_15_NE_IND,2021,15,2021-12-18,TRAIN,IND,NE,Indianapolis Colts,New England Patriots,27.0,17.0,10.0,HOME_WIN,1,False,1,0,False,20:20,Saturday,Lucas Oil Stadium,closed,fieldturf,14,13
2021_15_ARI_DET,2021,15,2021-12-19,TRAIN,DET,ARI,Detroit Lions,Arizona Cardinals,30.0,12.0,18.0,HOME_WIN,1,False,1,0,False,13:00,Sunday,Ford Field,dome,fieldturf,7,6
2021_15_ATL_SF,2021,15,2021-12-19,TRAIN,SF,ATL,San Francisco 49ers,Atlanta Falcons,31.0,13.0,18.0,HOME_WIN,1,False,1,0,False,16:05,Sunday,Levi's Stadium,outdoors,grass,7,7
2021_15_CAR_BUF,2021,15,2021-12-19,TRAIN,BUF,CAR,Buffalo Bills,Carolina Panthers,31.0,14.0,17.0,HOME_WIN,1,False,1,0,False,13:00,Sunday,New Era Field,outdoors,a_turf,7,7
2021_15_CIN_DEN,2021,15,2021-12-19,TRAIN,DEN,CIN,Denver Broncos,Cincinnati Bengals,10.0,15.0,-5.0,AWAY_WIN,0,False,1,0,False,16:05,Sunday,Empower Field at Mile High,outdoors,grass,7,7
2021_15_DAL_NYG,2021,15,2021-12-19,TRAIN,NYG,DAL,New York Giants,Dallas Cowboys,6.0,21.0,-15.0,AWAY_WIN,0,False,1,0,False,13:00,Sunday,MetLife Stadium,outdoors,fieldturf,7,7
2021_15_GB_BAL,2021,15,2021-12-19,TRAIN,BAL,GB,Baltimore Ravens,Green Bay Packers,30.0,31.0,-1.0,AWAY_WIN,0,False,1,0,False,16:25,Sunday,M&T Bank Stadium,outdoors,grass,7,7
2021_15_HOU_JAX,2021,15,2021-12-19,TRAIN,JAX,HOU,Jacksonville Jaguars,Houston Texans,16.0,30.0,-14.0,AWAY_WIN,0,False,1,0,False,13:00,Sunday,TIAA Bank Stadium,outdoors,grass,7,7
2021_15_NO_TB,2021,15,2021-12-19,TRAIN,TB,NO,Tampa Bay Buccaneers,New Orleans Saints,0.0,9.0,-9.0,AWAY_WIN,0,False,1,0,False,20:20,Sunday,Raymond James Stadium,outdoors,grass,7,7
2021_15_NYJ_MIA,2021,15,2021-12-19,TRAIN,MIA,NYJ,Miami Dolphins,New York Jets,31.0,24.0,7.0,HOME_WIN,1,False,1,0,False,13:00,Sunday,Hard Rock Stadium,outdoors,grass,14,7
2021_15_TEN_PIT,2021,15,2021-12-19,TRAIN,PIT,TEN,Pittsburgh Steelers,Tennessee Titans,19.0,13.0,6.0,HOME_WIN,1,False,1,0,False,13:00,Sunday,Heinz Field,outdoors,grass,10,7
2021_15_LV_CLE,2021,15,2021-12-20,TRAIN,CLE,LV,Cleveland Browns,Las Vegas Raiders,14.0,16.0,-2.0,AWAY_WIN,0,False,1,0,False,17:00,Monday,FirstEnergy Stadium,outdoors,grass,7,7
2021_15_MIN_CHI,2021,15,2021-12-20,TRAIN,CHI,MIN,Chicago Bears,Minnesota Vikings,9.0,17.0,-8.0,AWAY_WIN,0,False,1,0,False,20:15,Monday,Soldier Field,outdoors,grass,8,11
2021_15_SEA_LA,2021,15,2021-12-21,TRAIN,LA,SEA,Los Angeles Rams,Seattle Seahawks,20.0,10.0,10.0,HOME_WIN,1,False,1,0,False,19:00,Tuesday,SoFi Stadium,dome,matrixturf,6,7
2021_15_WAS_PHI,2021,15,2021-12-21,TRAIN,PHI,WAS,Philadelphia Eagles,Washington Commanders,27.0,17.0,10.0,HOME_WIN,1,False,1,0,False,19:00,Tuesday,Lincoln Financial Field,outdoors,grass,14,7
2021_16_SF_TEN,2021,16,2021-12-23,TRAIN,TEN,SF,Tennessee Titans,San Francisco 49ers,20.0,17.0,3.0,HOME_WIN,1,False,1,0,False,20:20,Thursday,Nissan Stadium,outdoors,grass,4,4
2021_16_CLE_GB,2021,16,2021-12-25,TRAIN,GB,CLE,Green Bay Packers,Cleveland Browns,24.0,22.0,2.0,HOME_WIN,1,False,1,0,False,16:30,Saturday,Lambeau Field,outdoors,grass,6,6
2021_16_IND_ARI,2021,16,2021-12-25,TRAIN,ARI,IND,Arizona Cardinals,Indianapolis Colts,16.0,22.0,-6.0,AWAY_WIN,0,False,1,0,False,20:15,Saturday,State Farm Stadium,closed,grass,6,6
2021_16_BAL_CIN,2021,16,2021-12-26,TRAIN,CIN,BAL,Cincinnati Bengals,Baltimore Ravens,41.0,21.0,20.0,HOME_WIN,1,False,1,0,False,13:00,Sunday,Paul Brown Stadium,outdoors,fieldturf,7,7
2021_16_BUF_NE,2021,16,2021-12-26,TRAIN,NE,BUF,New England Patriots,Buffalo Bills,21.0,33.0,-12.0,AWAY_WIN,0,False,1,0,False,13:00,Sunday,Gillette Stadium,outdoors,fieldturf,7,7
2021_16_CHI_SEA,2021,16,2021-12-26,TRAIN,SEA,CHI,Seattle Seahawks,Chicago Bears,24.0,25.0,-1.0,AWAY_WIN,0,False,1,0,False,16:05,Sunday,Lumen Field,outdoors,fieldturf,7,6
2021_16_DEN_LV,2021,16,2021-12-26,TRAIN,LV,DEN,Las Vegas Raiders,Denver Broncos,17.0,13.0,4.0,HOME_WIN,1,False,1,0,False,16:25,Sunday,Allegiant Stadium,dome,grass,7,7
2021_16_DET_ATL,2021,16,2021-12-26,TRAIN,ATL,DET,Atlanta Falcons,Detroit Lions,20.0,16.0,4.0,HOME_WIN,1,False,1,0,False,13:00,Sunday,Mercedes-Benz Stadium,open,fieldturf,7,7
2021_16_JAX_NYJ,2021,16,2021-12-26,TRAIN,NYJ,JAX,New York Jets,Jacksonville Jaguars,26.0,21.0,5.0,HOME_WIN,1,False,1,0,False,13:00,Sunday,MetLife Stadium,outdoors,fieldturf,7,7
2021_16_LAC_HOU,2021,16,2021-12-26,TRAIN,HOU,LAC,Houston Texans,Los Angeles Chargers,41.0,29.0,12.0,HOME_WIN,1,False,1,0,False,13:00,Sunday,NRG Stadium,closed,astroturf,7,10
2021_16_LA_MIN,2021,16,2021-12-26,TRAIN,MIN,LA,Minnesota Vikings,Los Angeles Rams,23.0,30.0,-7.0,AWAY_WIN,0,False,1,0,False,13:00,Sunday,U.S. Bank Stadium,dome,sportturf,6,7
2021_16_NYG_PHI,2021,16,2021-12-26,TRAIN,PHI,NYG,Philadelphia Eagles,New York Giants,34.0,10.0,24.0,HOME_WIN,1,False,1,0,False,13:00,Sunday,Lincoln Financial Field,outdoors,grass,7,7
2021_16_PIT_KC,2021,16,2021-12-26,TRAIN,KC,PIT,Kansas City Chiefs,Pittsburgh Steelers,36.0,10.0,26.0,HOME_WIN,1,False,1,0,False,16:25,Sunday,GEHA Field at Arrowhead Stadium,outdoors,grass,10,7
2021_16_TB_CAR,2021,16,2021-12-26,TRAIN,CAR,TB,Carolina Panthers,Tampa Bay Buccaneers,6.0,32.0,-26.0,AWAY_WIN,0,False,1,0,False,13:00,Sunday,Bank of America Stadium,outdoors,grass,7,7
2021_16_WAS_DAL,2021,16,2021-12-26,TRAIN,DAL,WAS,Dallas Cowboys,Washington Commanders,56.0,14.0,42.0,HOME_WIN,1,False,1,0,False,20:20,Sunday,AT&T Stadium,closed,matrixturf,7,7
2021_16_MIA_NO,2021,16,2021-12-27,TRAIN,NO,MIA,New Orleans Saints,Miami Dolphins,3.0,20.0,-17.0,AWAY_WIN,0,False,1,0,False,20:15,Monday,Mercedes-Benz Superdome,dome,sportturf,8,8
2021_17_ARI_DAL,2021,17,2022-01-02,TRAIN,DAL,ARI,Dallas Cowboys,Arizona Cardinals,22.0,25.0,-3.0,AWAY_WIN,0,False,1,0,False,16:25,Sunday,AT&T Stadium,closed,matrixturf,7,8
2021_17_ATL_BUF,2021,17,2022-01-02,TRAIN,BUF,ATL,Buffalo Bills,Atlanta Falcons,29.0,15.0,14.0,HOME_WIN,1,False,1,0,False,13:00,Sunday,New Era Field,outdoors,a_turf,7,7
2021_17_CAR_NO,2021,17,2022-01-02,TRAIN,NO,CAR,New Orleans Saints,Carolina Panthers,18.0,10.0,8.0,HOME_WIN,1,False,1,0,False,16:25,Sunday,Mercedes-Benz Superdome,dome,sportturf,6,7
2021_17_DEN_LAC,2021,17,2022-01-02,TRAIN,LAC,DEN,Los Angeles Chargers,Denver Broncos,34.0,13.0,21.0,HOME_WIN,1,False,1,0,False,16:05,Sunday,SoFi Stadium,dome,matrixturf,7,7
2021_17_DET_SEA,2021,17,2022-01-02,TRAIN,SEA,DET,Seattle Seahawks,Detroit Lions,51.0,29.0,22.0,HOME_WIN,1,False,1,0,False,16:25,Sunday,Lumen Field,outdoors,fieldturf,7,7
2021_17_HOU_SF,2021,17,2022-01-02,TRAIN,SF,HOU,San Francisco 49ers,Houston Texans,23.0,7.0,16.0,HOME_WIN,1,False,1,0,False,16:05,Sunday,Levi's Stadium,outdoors,grass,10,7
2021_17_JAX_NE,2021,17,2022-01-02,TRAIN,NE,JAX,New England Patriots,Jacksonville Jaguars,50.0,10.0,40.0,HOME_WIN,1,False,1,0,False,13:00,Sunday,Gillette Stadium,outdoors,fieldturf,7,7
2021_17_KC_CIN,2021,17,2022-01-02,TRAIN,CIN,KC,Cincinnati Bengals,Kansas City Chiefs,34.0,31.0,3.0,HOME_WIN,1,False,1,0,False,13:00,Sunday,Paul Brown Stadium,outdoors,fieldturf,7,7
2021_17_LA_BAL,2021,17,2022-01-02,TRAIN,BAL,LA,Baltimore Ravens,Los Angeles Rams,19.0,20.0,-1.0,AWAY_WIN,0,False,1,0,False,13:00,Sunday,M&T Bank Stadium,outdoors,grass,7,7
2021_17_LV_IND,2021,17,2022-01-02,TRAIN,IND,LV,Indianapolis Colts,Las Vegas Raiders,20.0,23.0,-3.0,AWAY_WIN,0,False,1,0,False,13:00,Sunday,Lucas Oil Stadium,closed,fieldturf,8,7
2021_17_MIA_TEN,2021,17,2022-01-02,TRAIN,TEN,MIA,Tennessee Titans,Miami Dolphins,34.0,3.0,31.0,HOME_WIN,1,False,1,0,False,13:00,Sunday,Nissan Stadium,outdoors,grass,10,6
2021_17_MIN_GB,2021,17,2022-01-02,TRAIN,GB,MIN,Green Bay Packers,Minnesota Vikings,37.0,10.0,27.0,HOME_WIN,1,False,1,0,False,20:20,Sunday,Lambeau Field,outdoors,grass,8,7
2021_17_NYG_CHI,2021,17,2022-01-02,TRAIN,CHI,NYG,Chicago Bears,New York Giants,29.0,3.0,26.0,HOME_WIN,1,False,1,0,False,13:00,Sunday,Soldier Field,outdoors,grass,7,7
2021_17_PHI_WAS,2021,17,2022-01-02,TRAIN,WAS,PHI,Washington Commanders,Philadelphia Eagles,16.0,20.0,-4.0,AWAY_WIN,0,False,1,0,False,13:00,Sunday,FedExField,outdoors,grass,7,7
2021_17_TB_NYJ,2021,17,2022-01-02,TRAIN,NYJ,TB,New York Jets,Tampa Bay Buccaneers,24.0,28.0,-4.0,AWAY_WIN,0,False,1,0,False,13:00,Sunday,MetLife Stadium,outdoors,fieldturf,7,7
2021_17_CLE_PIT,2021,17,2022-01-03,TRAIN,PIT,CLE,Pittsburgh Steelers,Cleveland Browns,26.0,14.0,12.0,HOME_WIN,1,False,1,0,False,20:15,Monday,Heinz Field,outdoors,grass,8,9
2021_18_DAL_PHI,2021,18,2022-01-08,TRAIN,PHI,DAL,Philadelphia Eagles,Dallas Cowboys,26.0,51.0,-25.0,AWAY_WIN,0,False,1,0,False,20:15,Saturday,Lincoln Financial Field,outdoors,grass,7,7
2021_18_KC_DEN,2021,18,2022-01-08,TRAIN,DEN,KC,Denver Broncos,Kansas City Chiefs,24.0,28.0,-4.0,AWAY_WIN,0,False,1,0,False,16:30,Saturday,Empower Field at Mile High,outdoors,grass,7,7
2021_18_CAR_TB,2021,18,2022-01-09,TRAIN,TB,CAR,Tampa Bay Buccaneers,Carolina Panthers,41.0,17.0,24.0,HOME_WIN,1,False,1,0,False,16:25,Sunday,Raymond James Stadium,outdoors,grass,7,7
2021_18_CHI_MIN,2021,18,2022-01-09,TRAIN,MIN,CHI,Minnesota Vikings,Chicago Bears,31.0,17.0,14.0,HOME_WIN,1,False,1,0,False,13:00,Sunday,U.S. Bank Stadium,dome,sportturf,7,7
2021_18_CIN_CLE,2021,18,2022-01-09,TRAIN,CLE,CIN,Cleveland Browns,Cincinnati Bengals,21.0,16.0,5.0,HOME_WIN,1,False,1,0,False,13:00,Sunday,FirstEnergy Stadium,outdoors,grass,6,7
2021_18_GB_DET,2021,18,2022-01-09,TRAIN,DET,GB,Detroit Lions,Green Bay Packers,37.0,30.0,7.0,HOME_WIN,1,False,1,0,False,13:00,Sunday,Ford Field,dome,fieldturf,7,7
2021_18_IND_JAX,2021,18,2022-01-09,TRAIN,JAX,IND,Jacksonville Jaguars,Indianapolis Colts,26.0,11.0,15.0,HOME_WIN,1,False,1,0,False,13:00,Sunday,TIAA Bank Stadium,outdoors,grass,7,7
2021_18_LAC_LV,2021,18,2022-01-09,TRAIN,LV,LAC,Las Vegas Raiders,Los Angeles Chargers,35.0,32.0,3.0,HOME_WIN,1,False,1,0,False,20:20,Sunday,Allegiant Stadium,dome,grass,7,7
2021_18_NE_MIA,2021,18,2022-01-09,TRAIN,MIA,NE,Miami Dolphins,New England Patriots,33.0,24.0,9.0,HOME_WIN,1,False,1,0,False,16:25,Sunday,Hard Rock Stadium,outdoors,grass,7,7
2021_18_NO_ATL,2021,18,2022-01-09,TRAIN,ATL,NO,Atlanta Falcons,New Orleans Saints,20.0,30.0,-10.0,AWAY_WIN,0,False,1,0,False,16:25,Sunday,Mercedes-Benz Stadium,closed,fieldturf,7,7
2021_18_NYJ_BUF,2021,18,2022-01-09,TRAIN,BUF,NYJ,Buffalo Bills,New York Jets,27.0,10.0,17.0,HOME_WIN,1,False,1,0,False,16:25,Sunday,New Era Field,outdoors,a_turf,7,7
2021_18_PIT_BAL,2021,18,2022-01-09,TRAIN,BAL,PIT,Baltimore Ravens,Pittsburgh Steelers,13.0,16.0,-3.0,AWAY_WIN,0,False,1,0,False,13:00,Sunday,M&T Bank Stadium,outdoors,grass,7,6
2021_18_SEA_ARI,2021,18,2022-01-09,TRAIN,ARI,SEA,Arizona Cardinals,Seattle Seahawks,30.0,38.0,-8.0,AWAY_WIN,0,False,1,0,False,16:25,Sunday,State Farm Stadium,open,grass,7,7
2021_18_SF_LA,2021,18,2022-01-09,TRAIN,LA,SF,Los Angeles Rams,San Francisco 49ers,24.0,27.0,-3.0,AWAY_WIN,0,False,1,0,False,16:25,Sunday,SoFi Stadium,dome,matrixturf,7,7
2021_18_TEN_HOU,2021,18,2022-01-09,TRAIN,HOU,TEN,Houston Texans,Tennessee Titans,25.0,28.0,-3.0,AWAY_WIN,0,False,1,0,False,13:00,Sunday,NRG Stadium,closed,astroturf,7,7
2021_18_WAS_NYG,2021,18,2022-01-09,TRAIN,NYG,WAS,New York Giants,Washington Commanders,7.0,22.0,-15.0,AWAY_WIN,0,False,1,0,False,13:00,Sunday,MetLife Stadium,outdoors,fieldturf,7,7
2022_01_BUF_LA,2022,1,2022-09-08,TRAIN,LA,BUF,Los Angeles Rams,Buffalo Bills,10.0,31.0,-21.0,AWAY_WIN,0,False,1,0,False,20:20,Thursday,SoFi Stadium,dome,matrixturf,7,7
2022_01_BAL_NYJ,2022,1,2022-09-11,TRAIN,NYJ,BAL,New York Jets,Baltimore Ravens,9.0,24.0,-15.0,AWAY_WIN,0,False,1,0,False,13:00,Sunday,MetLife Stadium,outdoors,fieldturf,7,7
2022_01_CLE_CAR,2022,1,2022-09-11,TRAIN,CAR,CLE,Carolina Panthers,Cleveland Browns,24.0,26.0,-2.0,AWAY_WIN,0,False,1,0,False,13:00,Sunday,Bank of America Stadium,outdoors,grass,7,7
2022_01_GB_MIN,2022,1,2022-09-11,TRAIN,MIN,GB,Minnesota Vikings,Green Bay Packers,23.0,7.0,16.0,HOME_WIN,1,False,1,0,False,16:25,Sunday,U.S. Bank Stadium,dome,sportturf,7,7
2022_01_JAX_WAS,2022,1,2022-09-11,TRAIN,WAS,JAX,Washington Commanders,Jacksonville Jaguars,28.0,22.0,6.0,HOME_WIN,1,False,1,0,False,13:00,Sunday,FedExField,outdoors,grass,7,7
2022_01_KC_ARI,2022,1,2022-09-11,TRAIN,ARI,KC,Arizona Cardinals,Kansas City Chiefs,21.0,44.0,-23.0,AWAY_WIN,0,False,1,0,False,16:25,Sunday,State Farm Stadium,closed,grass,7,7
2022_01_LV_LAC,2022,1,2022-09-11,TRAIN,LAC,LV,Los Angeles Chargers,Las Vegas Raiders,24.0,19.0,5.0,HOME_WIN,1,False,1,0,False,16:25,Sunday,SoFi Stadium,dome,matrixturf,7,7
2022_01_NE_MIA,2022,1,2022-09-11,TRAIN,MIA,NE,Miami Dolphins,New England Patriots,20.0,7.0,13.0,HOME_WIN,1,False,1,0,False,13:00,Sunday,Hard Rock Stadium,outdoors,grass,7,7
2022_01_NO_ATL,2022,1,2022-09-11,TRAIN,ATL,NO,Atlanta Falcons,New Orleans Saints,26.0,27.0,-1.0,AWAY_WIN,0,False,1,0,False,13:00,Sunday,Mercedes-Benz Stadium,closed,fieldturf,7,7
2022_01_NYG_TEN,2022,1,2022-09-11,TRAIN,TEN,NYG,Tennessee Titans,New York Giants,20.0,21.0,-1.0,AWAY_WIN,0,False,1,0,False,16:25,Sunday,Nissan Stadium,outdoors,grass,7,7
2022_01_PHI_DET,2022,1,2022-09-11,TRAIN,DET,PHI,Detroit Lions,Philadelphia Eagles,35.0,38.0,-3.0,AWAY_WIN,0,False,1,0,False,13:00,Sunday,Ford Field,dome,fieldturf,7,7
2022_01_PIT_CIN,2022,1,2022-09-11,TRAIN,CIN,PIT,Cincinnati Bengals,Pittsburgh Steelers,20.0,23.0,-3.0,AWAY_WIN,0,False,1,0,False,13:00,Sunday,Paycor Stadium,outdoors,fieldturf,7,7
2022_01_SF_CHI,2022,1,2022-09-11,TRAIN,CHI,SF,Chicago Bears,San Francisco 49ers,19.0,10.0,9.0,HOME_WIN,1,False,1,0,False,13:00,Sunday,Soldier Field,outdoors,grass,7,7
2022_01_TB_DAL,2022,1,2022-09-11,TRAIN,DAL,TB,Dallas Cowboys,Tampa Bay Buccaneers,3.0,19.0,-16.0,AWAY_WIN,0,False,1,0,False,20:20,Sunday,AT&T Stadium,closed,matrixturf,7,7
2022_01_DEN_SEA,2022,1,2022-09-12,TRAIN,SEA,DEN,Seattle Seahawks,Denver Broncos,17.0,16.0,1.0,HOME_WIN,1,False,1,0,False,20:15,Monday,Lumen Field,outdoors,fieldturf,7,7
2022_02_LAC_KC,2022,2,2022-09-15,TRAIN,KC,LAC,Kansas City Chiefs,Los Angeles Chargers,27.0,24.0,3.0,HOME_WIN,1,False,1,0,False,20:15,Thursday,GEHA Field at Arrowhead Stadium,outdoors,grass,4,4
2022_02_ARI_LV,2022,2,2022-09-18,TRAIN,LV,ARI,Las Vegas Raiders,Arizona Cardinals,23.0,29.0,-6.0,AWAY_WIN,0,False,1,0,False,16:25,Sunday,Allegiant Stadium,dome,grass,7,7
2022_02_ATL_LA,2022,2,2022-09-18,TRAIN,LA,ATL,Los Angeles Rams,Atlanta Falcons,31.0,27.0,4.0,HOME_WIN,1,False,1,0,False,16:05,Sunday,SoFi Stadium,dome,matrixturf,10,7
2022_02_CAR_NYG,2022,2,2022-09-18,TRAIN,NYG,CAR,New York Giants,Carolina Panthers,19.0,16.0,3.0,HOME_WIN,1,False,1,0,False,13:00,Sunday,MetLife Stadium,outdoors,fieldturf,7,7
2022_02_CHI_GB,2022,2,2022-09-18,TRAIN,GB,CHI,Green Bay Packers,Chicago Bears,27.0,10.0,17.0,HOME_WIN,1,False,1,0,False,20:20,Sunday,Lambeau Field,outdoors,grass,7,7
2022_02_CIN_DAL,2022,2,2022-09-18,TRAIN,DAL,CIN,Dallas Cowboys,Cincinnati Bengals,20.0,17.0,3.0,HOME_WIN,1,False,1,0,False,16:25,Sunday,AT&T Stadium,closed,matrixturf,7,7
2022_02_HOU_DEN,2022,2,2022-09-18,TRAIN,DEN,HOU,Denver Broncos,Houston Texans,16.0,9.0,7.0,HOME_WIN,1,False,1,0,False,16:25,Sunday,Empower Field at Mile High,outdoors,grass,6,7
2022_02_IND_JAX,2022,2,2022-09-18,TRAIN,JAX,IND,Jacksonville Jaguars,Indianapolis Colts,24.0,0.0,24.0,HOME_WIN,1,False,1,0,False,13:00,Sunday,TIAA Bank Stadium,outdoors,grass,7,7
2022_02_MIA_BAL,2022,2,2022-09-18,TRAIN,BAL,MIA,Baltimore Ravens,Miami Dolphins,38.0,42.0,-4.0,AWAY_WIN,0,False,1,0,False,13:00,Sunday,M&T Bank Stadium,outdoors,grass,7,7
2022_02_NE_PIT,2022,2,2022-09-18,TRAIN,PIT,NE,Pittsburgh Steelers,New England Patriots,14.0,17.0,-3.0,AWAY_WIN,0,False,1,0,False,13:00,Sunday,Acrisure Stadium,outdoors,grass,7,7
2022_02_NYJ_CLE,2022,2,2022-09-18,TRAIN,CLE,NYJ,Cleveland Browns,New York Jets,30.0,31.0,-1.0,AWAY_WIN,0,False,1,0,False,13:00,Sunday,FirstEnergy Stadium,outdoors,grass,7,7
2022_02_SEA_SF,2022,2,2022-09-18,TRAIN,SF,SEA,San Francisco 49ers,Seattle Seahawks,27.0,7.0,20.0,HOME_WIN,1,False,1,0,False,16:05,Sunday,Levi's Stadium,outdoors,grass,7,6
2022_02_TB_NO,2022,2,2022-09-18,TRAIN,NO,TB,New Orleans Saints,Tampa Bay Buccaneers,10.0,20.0,-10.0,AWAY_WIN,0,False,1,0,False,13:00,Sunday,Mercedes-Benz Superdome,dome,sportturf,7,7
2022_02_WAS_DET,2022,2,2022-09-18,TRAIN,DET,WAS,Detroit Lions,Washington Commanders,36.0,27.0,9.0,HOME_WIN,1,False,1,0,False,13:00,Sunday,Ford Field,dome,fieldturf,7,7
2022_02_MIN_PHI,2022,2,2022-09-19,TRAIN,PHI,MIN,Philadelphia Eagles,Minnesota Vikings,24.0,7.0,17.0,HOME_WIN,1,False,1,0,False,20:30,Monday,Lincoln Financial Field,outdoors,grass,8,8
2022_02_TEN_BUF,2022,2,2022-09-19,TRAIN,BUF,TEN,Buffalo Bills,Tennessee Titans,41.0,7.0,34.0,HOME_WIN,1,False,1,0,False,19:15,Monday,New Era Field,outdoors,a_turf,11,8
2022_03_PIT_CLE,2022,3,2022-09-22,TRAIN,CLE,PIT,Cleveland Browns,Pittsburgh Steelers,29.0,17.0,12.0,HOME_WIN,1,False,1,0,False,20:15,Thursday,FirstEnergy Stadium,outdoors,grass,4,4
2022_03_ATL_SEA,2022,3,2022-09-25,TRAIN,SEA,ATL,Seattle Seahawks,Atlanta Falcons,23.0,27.0,-4.0,AWAY_WIN,0,False,1,0,False,16:25,Sunday,Lumen Field,outdoors,fieldturf,7,7
2022_03_BAL_NE,2022,3,2022-09-25,TRAIN,NE,BAL,New England Patriots,Baltimore Ravens,26.0,37.0,-11.0,AWAY_WIN,0,False,1,0,False,13:00,Sunday,Gillette Stadium,outdoors,fieldturf,7,7
2022_03_BUF_MIA,2022,3,2022-09-25,TRAIN,MIA,BUF,Miami Dolphins,Buffalo Bills,21.0,19.0,2.0,HOME_WIN,1,False,1,0,False,13:00,Sunday,Hard Rock Stadium,outdoors,grass,7,6
2022_03_CIN_NYJ,2022,3,2022-09-25,TRAIN,NYJ,CIN,New York Jets,Cincinnati Bengals,12.0,27.0,-15.0,AWAY_WIN,0,False,1,0,False,13:00,Sunday,MetLife Stadium,outdoors,fieldturf,7,7
2022_03_DET_MIN,2022,3,2022-09-25,TRAIN,MIN,DET,Minnesota Vikings,Detroit Lions,28.0,24.0,4.0,HOME_WIN,1,False,1,0,False,13:00,Sunday,U.S. Bank Stadium,dome,sportturf,6,7
2022_03_GB_TB,2022,3,2022-09-25,TRAIN,TB,GB,Tampa Bay Buccaneers,Green Bay Packers,12.0,14.0,-2.0,AWAY_WIN,0,False,1,0,False,16:25,Sunday,Raymond James Stadium,outdoors,grass,7,7
2022_03_HOU_CHI,2022,3,2022-09-25,TRAIN,CHI,HOU,Chicago Bears,Houston Texans,23.0,20.0,3.0,HOME_WIN,1,False,1,0,False,13:00,Sunday,Soldier Field,outdoors,grass,7,7
2022_03_JAX_LAC,2022,3,2022-09-25,TRAIN,LAC,JAX,Los Angeles Chargers,Jacksonville Jaguars,10.0,38.0,-28.0,AWAY_WIN,0,False,1,0,False,16:05,Sunday,SoFi Stadium,dome,matrixturf,10,7
2022_03_KC_IND,2022,3,2022-09-25,TRAIN,IND,KC,Indianapolis Colts,Kansas City Chiefs,20.0,17.0,3.0,HOME_WIN,1,False,1,0,False,13:00,Sunday,Lucas Oil Stadium,open,fieldturf,7,10
2022_03_LA_ARI,2022,3,2022-09-25,TRAIN,ARI,LA,Arizona Cardinals,Los Angeles Rams,12.0,20.0,-8.0,AWAY_WIN,0,False,1,0,False,16:25,Sunday,State Farm Stadium,closed,grass,7,7
2022_03_LV_TEN,2022,3,2022-09-25,TRAIN,TEN,LV,Tennessee Titans,Las Vegas Raiders,24.0,22.0,2.0,HOME_WIN,1,False,1,0,False,13:00,Sunday,Nissan Stadium,outdoors,grass,6,7
2022_03_NO_CAR,2022,3,2022-09-25,TRAIN,CAR,NO,Carolina Panthers,New Orleans Saints,22.0,14.0,8.0,HOME_WIN,1,False,1,0,False,13:00,Sunday,Bank of America Stadium,outdoors,grass,7,7
2022_03_PHI_WAS,2022,3,2022-09-25,TRAIN,WAS,PHI,Washington Commanders,Philadelphia Eagles,8.0,24.0,-16.0,AWAY_WIN,0,False,1,0,False,13:00,Sunday,FedExField,outdoors,grass,7,6
2022_03_SF_DEN,2022,3,2022-09-25,TRAIN,DEN,SF,Denver Broncos,San Francisco 49ers,11.0,10.0,1.0,HOME_WIN,1,False,1,0,False,20:20,Sunday,Empower Field at Mile High,outdoors,grass,7,7
2022_03_DAL_NYG,2022,3,2022-09-26,TRAIN,NYG,DAL,New York Giants,Dallas Cowboys,16.0,23.0,-7.0,AWAY_WIN,0,False,1,0,False,20:15,Monday,MetLife Stadium,outdoors,fieldturf,8,8
2022_04_MIA_CIN,2022,4,2022-09-29,TRAIN,CIN,MIA,Cincinnati Bengals,Miami Dolphins,27.0,15.0,12.0,HOME_WIN,1,False,1,0,False,20:15,Thursday,Paycor Stadium,outdoors,fieldturf,4,4
2022_04_ARI_CAR,2022,4,2022-10-02,TRAIN,CAR,ARI,Carolina Panthers,Arizona Cardinals,16.0,26.0,-10.0,AWAY_WIN,0,False,1,0,False,16:05,Sunday,Bank of America Stadium,outdoors,grass,7,7
2022_04_BUF_BAL,2022,4,2022-10-02,TRAIN,BAL,BUF,Baltimore Ravens,Buffalo Bills,20.0,23.0,-3.0,AWAY_WIN,0,False,1,0,False,13:00,Sunday,M&T Bank Stadium,outdoors,grass,7,7
2022_04_CHI_NYG,2022,4,2022-10-02,TRAIN,NYG,CHI,New York Giants,Chicago Bears,20.0,12.0,8.0,HOME_WIN,1,False,1,0,False,13:00,Sunday,MetLife Stadium,outdoors,fieldturf,6,7
2022_04_CLE_ATL,2022,4,2022-10-02,TRAIN,ATL,CLE,Atlanta Falcons,Cleveland Browns,23.0,20.0,3.0,HOME_WIN,1,False,1,0,False,13:00,Sunday,Mercedes-Benz Stadium,open,fieldturf,7,10
2022_04_DEN_LV,2022,4,2022-10-02,TRAIN,LV,DEN,Las Vegas Raiders,Denver Broncos,32.0,23.0,9.0,HOME_WIN,1,False,1,0,False,16:25,Sunday,Allegiant Stadium,dome,grass,7,7
2022_04_JAX_PHI,2022,4,2022-10-02,TRAIN,PHI,JAX,Philadelphia Eagles,Jacksonville Jaguars,29.0,21.0,8.0,HOME_WIN,1,False,1,0,False,13:00,Sunday,Lincoln Financial Field,outdoors,grass,7,7
2022_04_KC_TB,2022,4,2022-10-02,TRAIN,TB,KC,Tampa Bay Buccaneers,Kansas City Chiefs,31.0,41.0,-10.0,AWAY_WIN,0,False,1,0,False,20:20,Sunday,Raymond James Stadium,outdoors,grass,7,7
2022_04_LAC_HOU,2022,4,2022-10-02,TRAIN,HOU,LAC,Houston Texans,Los Angeles Chargers,24.0,34.0,-10.0,AWAY_WIN,0,False,1,0,False,13:00,Sunday,NRG Stadium,closed,astroturf,7,7
2022_04_MIN_NO,2022,4,2022-10-02,TRAIN,NO,MIN,New Orleans Saints,Minnesota Vikings,25.0,28.0,-3.0,AWAY_WIN,0,False,1,0,True,09:30,Sunday,Tottenham Stadium,outdoors,,7,7
2022_04_NE_GB,2022,4,2022-10-02,TRAIN,GB,NE,Green Bay Packers,New England Patriots,27.0,24.0,3.0,HOME_WIN,1,False,1,0,False,16:25,Sunday,Lambeau Field,outdoors,grass,7,7
2022_04_NYJ_PIT,2022,4,2022-10-02,TRAIN,PIT,NYJ,Pittsburgh Steelers,New York Jets,20.0,24.0,-4.0,AWAY_WIN,0,False,1,0,False,13:00,Sunday,Acrisure Stadium,outdoors,grass,10,7
2022_04_SEA_DET,2022,4,2022-10-02,TRAIN,DET,SEA,Detroit Lions,Seattle Seahawks,45.0,48.0,-3.0,AWAY_WIN,0,False,1,0,False,13:00,Sunday,Ford Field,dome,fieldturf,7,7
2022_04_TEN_IND,2022,4,2022-10-02,TRAIN,IND,TEN,Indianapolis Colts,Tennessee Titans,17.0,24.0,-7.0,AWAY_WIN,0,False,1,0,False,13:00,Sunday,Lucas Oil Stadium,open,fieldturf,7,7
2022_04_WAS_DAL,2022,4,2022-10-02,TRAIN,DAL,WAS,Dallas Cowboys,Washington Commanders,25.0,10.0,15.0,HOME_WIN,1,False,1,0,False,13:00,Sunday,AT&T Stadium,closed,matrixturf,6,7
2022_04_LA_SF,2022,4,2022-10-03,TRAIN,SF,LA,San Francisco 49ers,Los Angeles Rams,24.0,9.0,15.0,HOME_WIN,1,False,1,0,False,20:15,Monday,Levi's Stadium,outdoors,grass,8,8
2022_05_IND_DEN,2022,5,2022-10-06,TRAIN,DEN,IND,Denver Broncos,Indianapolis Colts,9.0,12.0,-3.0,AWAY_WIN,0,False,1,0,False,20:15,Thursday,Empower Field at Mile High,outdoors,grass,4,4
2022_05_ATL_TB,2022,5,2022-10-09,TRAIN,TB,ATL,Tampa Bay Buccaneers,Atlanta Falcons,21.0,15.0,6.0,HOME_WIN,1,False,1,0,False,13:00,Sunday,Raymond James Stadium,outdoors,grass,7,7
2022_05_CHI_MIN,2022,5,2022-10-09,TRAIN,MIN,CHI,Minnesota Vikings,Chicago Bears,29.0,22.0,7.0,HOME_WIN,1,False,1,0,False,13:00,Sunday,U.S. Bank Stadium,dome,sportturf,7,7
2022_05_CIN_BAL,2022,5,2022-10-09,TRAIN,BAL,CIN,Baltimore Ravens,Cincinnati Bengals,19.0,17.0,2.0,HOME_WIN,1,False,1,0,False,20:20,Sunday,M&T Bank Stadium,outdoors,grass,7,10
2022_05_DAL_LA,2022,5,2022-10-09,TRAIN,LA,DAL,Los Angeles Rams,Dallas Cowboys,10.0,22.0,-12.0,AWAY_WIN,0,False,1,0,False,16:25,Sunday,SoFi Stadium,dome,matrixturf,6,7
2022_05_DET_NE,2022,5,2022-10-09,TRAIN,NE,DET,New England Patriots,Detroit Lions,29.0,0.0,29.0,HOME_WIN,1,False,1,0,False,13:00,Sunday,Gillette Stadium,outdoors,fieldturf,7,7
2022_05_HOU_JAX,2022,5,2022-10-09,TRAIN,JAX,HOU,Jacksonville Jaguars,Houston Texans,6.0,13.0,-7.0,AWAY_WIN,0,False,1,0,False,13:00,Sunday,TIAA Bank Stadium,outdoors,grass,7,7
2022_05_LAC_CLE,2022,5,2022-10-09,TRAIN,CLE,LAC,Cleveland Browns,Los Angeles Chargers,28.0,30.0,-2.0,AWAY_WIN,0,False,1,0,False,13:00,Sunday,FirstEnergy Stadium,outdoors,grass,7,7
2022_05_MIA_NYJ,2022,5,2022-10-09,TRAIN,NYJ,MIA,New York Jets,Miami Dolphins,40.0,17.0,23.0,HOME_WIN,1,False,1,0,False,13:00,Sunday,MetLife Stadium,outdoors,fieldturf,7,10
2022_05_NYG_GB,2022,5,2022-10-09,TRAIN,GB,NYG,Green Bay Packers,New York Giants,22.0,27.0,-5.0,AWAY_WIN,0,False,1,0,True,09:30,Sunday,Tottenham Stadium,outdoors,,7,7
2022_05_PHI_ARI,2022,5,2022-10-09,TRAIN,ARI,PHI,Arizona Cardinals,Philadelphia Eagles,17.0,20.0,-3.0,AWAY_WIN,0,False,1,0,False,16:25,Sunday,State Farm Stadium,closed,grass,7,7
2022_05_PIT_BUF,2022,5,2022-10-09,TRAIN,BUF,PIT,Buffalo Bills,Pittsburgh Steelers,38.0,3.0,35.0,HOME_WIN,1,False,1,0,False,13:00,Sunday,New Era Field,outdoors,a_turf,7,7
2022_05_SEA_NO,2022,5,2022-10-09,TRAIN,NO,SEA,New Orleans Saints,Seattle Seahawks,39.0,32.0,7.0,HOME_WIN,1,False,1,0,False,13:00,Sunday,Mercedes-Benz Superdome,dome,sportturf,7,7
2022_05_SF_CAR,2022,5,2022-10-09,TRAIN,CAR,SF,Carolina Panthers,San Francisco 49ers,15.0,37.0,-22.0,AWAY_WIN,0,False,1,0,False,16:05,Sunday,Bank of America Stadium,outdoors,grass,7,6
2022_05_TEN_WAS,2022,5,2022-10-09,TRAIN,WAS,TEN,Washington Commanders,Tennessee Titans,17.0,21.0,-4.0,AWAY_WIN,0,False,1,0,False,13:00,Sunday,FedExField,outdoors,grass,7,7
2022_05_LV_KC,2022,5,2022-10-10,TRAIN,KC,LV,Kansas City Chiefs,Las Vegas Raiders,30.0,29.0,1.0,HOME_WIN,1,False,1,0,False,20:15,Monday,GEHA Field at Arrowhead Stadium,outdoors,grass,8,8
2022_06_WAS_CHI,2022,6,2022-10-13,TRAIN,CHI,WAS,Chicago Bears,Washington Commanders,7.0,12.0,-5.0,AWAY_WIN,0,False,1,0,False,20:15,Thursday,Soldier Field,outdoors,grass,4,4
2022_06_ARI_SEA,2022,6,2022-10-16,TRAIN,SEA,ARI,Seattle Seahawks,Arizona Cardinals,19.0,9.0,10.0,HOME_WIN,1,False,1,0,False,16:05,Sunday,Lumen Field,outdoors,fieldturf,7,7
2022_06_BAL_NYG,2022,6,2022-10-16,TRAIN,NYG,BAL,New York Giants,Baltimore Ravens,24.0,20.0,4.0,HOME_WIN,1,False,1,0,False,13:00,Sunday,MetLife Stadium,outdoors,fieldturf,7,7
2022_06_BUF_KC,2022,6,2022-10-16,TRAIN,KC,BUF,Kansas City Chiefs,Buffalo Bills,20.0,24.0,-4.0,AWAY_WIN,0,False,1,0,False,16:25,Sunday,GEHA Field at Arrowhead Stadium,outdoors,grass,6,7
2022_06_CAR_LA,2022,6,2022-10-16,TRAIN,LA,CAR,Los Angeles Rams,Carolina Panthers,24.0,10.0,14.0,HOME_WIN,1,False,1,0,False,16:05,Sunday,SoFi Stadium,dome,matrixturf,7,7
2022_06_CIN_NO,2022,6,2022-10-16,TRAIN,NO,CIN,New Orleans Saints,Cincinnati Bengals,26.0,30.0,-4.0,AWAY_WIN,0,False,1,0,False,13:00,Sunday,Mercedes-Benz Superdome,dome,sportturf,7,7
2022_06_DAL_PHI,2022,6,2022-10-16,TRAIN,PHI,DAL,Philadelphia Eagles,Dallas Cowboys,26.0,17.0,9.0,HOME_WIN,1,False,1,0,False,20:20,Sunday,Lincoln Financial Field,outdoors,grass,7,7
2022_06_JAX_IND,2022,6,2022-10-16,TRAIN,IND,JAX,Indianapolis Colts,Jacksonville Jaguars,34.0,27.0,7.0,HOME_WIN,1,False,1,0,False,13:00,Sunday,Lucas Oil Stadium,open,fieldturf,10,7
2022_06_MIN_MIA,2022,6,2022-10-16,TRAIN,MIA,MIN,Miami Dolphins,Minnesota Vikings,16.0,24.0,-8.0,AWAY_WIN,0,False,1,0,False,13:00,Sunday,Hard Rock Stadium,outdoors,grass,7,7
2022_06_NE_CLE,2022,6,2022-10-16,TRAIN,CLE,NE,Cleveland Browns,New England Patriots,15.0,38.0,-23.0,AWAY_WIN,0,False,1,0,False,13:00,Sunday,FirstEnergy Stadium,outdoors,grass,7,7
2022_06_NYJ_GB,2022,6,2022-10-16,TRAIN,GB,NYJ,Green Bay Packers,New York Jets,10.0,27.0,-17.0,AWAY_WIN,0,False,1,0,False,13:00,Sunday,Lambeau Field,outdoors,grass,7,7
2022_06_SF_ATL,2022,6,2022-10-16,TRAIN,ATL,SF,Atlanta Falcons,San Francisco 49ers,28.0,14.0,14.0,HOME_WIN,1,False,1,0,False,13:00,Sunday,Mercedes-Benz Stadium,open,fieldturf,7,7
2022_06_TB_PIT,2022,6,2022-10-16,TRAIN,PIT,TB,Pittsburgh Steelers,Tampa Bay Buccaneers,20.0,18.0,2.0,HOME_WIN,1,False,1,0,False,13:00,Sunday,Acrisure Stadium,outdoors,grass,7,7
2022_06_DEN_LAC,2022,6,2022-10-17,TRAIN,LAC,DEN,Los Angeles Chargers,Denver Broncos,19.0,16.0,3.0,HOME_WIN,1,False,1,0,False,20:15,Monday,SoFi Stadium,dome,matrixturf,8,11
2022_07_NO_ARI,2022,7,2022-10-20,TRAIN,ARI,NO,Arizona Cardinals,New Orleans Saints,42.0,34.0,8.0,HOME_WIN,1,False,1,0,False,20:15,Thursday,State Farm Stadium,open,grass,4,4
2022_07_ATL_CIN,2022,7,2022-10-23,TRAIN,CIN,ATL,Cincinnati Bengals,Atlanta Falcons,35.0,17.0,18.0,HOME_WIN,1,False,1,0,False,13:00,Sunday,Paycor Stadium,outdoors,fieldturf,7,7
2022_07_CLE_BAL,2022,7,2022-10-23,TRAIN,BAL,CLE,Baltimore Ravens,Cleveland Browns,23.0,20.0,3.0,HOME_WIN,1,False,1,0,False,13:00,Sunday,M&T Bank Stadium,outdoors,grass,7,7
2022_07_DET_DAL,2022,7,2022-10-23,TRAIN,DAL,DET,Dallas Cowboys,Detroit Lions,24.0,6.0,18.0,HOME_WIN,1,False,1,0,False,13:00,Sunday,AT&T Stadium,closed,matrixturf,7,14
2022_07_GB_WAS,2022,7,2022-10-23,TRAIN,WAS,GB,Washington Commanders,Green Bay Packers,23.0,21.0,2.0,HOME_WIN,1,False,1,0,False,13:00,Sunday,FedExField,outdoors,grass,10,7
2022_07_HOU_LV,2022,7,2022-10-23,TRAIN,LV,HOU,Las Vegas Raiders,Houston Texans,38.0,20.0,18.0,HOME_WIN,1,False,1,0,False,16:05,Sunday,Allegiant Stadium,dome,grass,13,14
2022_07_IND_TEN,2022,7,2022-10-23,TRAIN,TEN,IND,Tennessee Titans,Indianapolis Colts,19.0,10.0,9.0,HOME_WIN,1,False,1,0,False,13:00,Sunday,Nissan Stadium,outdoors,grass,14,7
2022_07_KC_SF,2022,7,2022-10-23,TRAIN,SF,KC,San Francisco 49ers,Kansas City Chiefs,23.0,44.0,-21.0,AWAY_WIN,0,False,1,0,False,16:25,Sunday,Levi's Stadium,outdoors,,7,7
2022_07_NYG_JAX,2022,7,2022-10-23,TRAIN,JAX,NYG,Jacksonville Jaguars,New York Giants,17.0,23.0,-6.0,AWAY_WIN,0,False,1,0,False,13:00,Sunday,TIAA Bank Stadium,outdoors,grass,7,7
2022_07_NYJ_DEN,2022,7,2022-10-23,TRAIN,DEN,NYJ,Denver Broncos,New York Jets,9.0,16.0,-7.0,AWAY_WIN,0,False,1,0,False,16:05,Sunday,Empower Field at Mile High,outdoors,grass,6,7
2022_07_PIT_MIA,2022,7,2022-10-23,TRAIN,MIA,PIT,Miami Dolphins,Pittsburgh Steelers,16.0,10.0,6.0,HOME_WIN,1,False,1,0,False,20:20,Sunday,Hard Rock Stadium,outdoors,grass,7,7
2022_07_SEA_LAC,2022,7,2022-10-23,TRAIN,LAC,SEA,Los Angeles Chargers,Seattle Seahawks,23.0,37.0,-14.0,AWAY_WIN,0,False,1,0,False,16:25,Sunday,SoFi Stadium,dome,matrixturf,6,7
2022_07_TB_CAR,2022,7,2022-10-23,TRAIN,CAR,TB,Carolina Panthers,Tampa Bay Buccaneers,21.0,3.0,18.0,HOME_WIN,1,False,1,0,False,13:00,Sunday,Bank of America Stadium,outdoors,grass,7,7
2022_07_CHI_NE,2022,7,2022-10-24,TRAIN,NE,CHI,New England Patriots,Chicago Bears,14.0,33.0,-19.0,AWAY_WIN,0,False,1,0,False,20:15,Monday,Gillette Stadium,outdoors,fieldturf,8,11
2022_08_BAL_TB,2022,8,2022-10-27,TRAIN,TB,BAL,Tampa Bay Buccaneers,Baltimore Ravens,22.0,27.0,-5.0,AWAY_WIN,0,False,1,0,False,20:15,Thursday,Raymond James Stadium,outdoors,grass,4,4
2022_08_ARI_MIN,2022,8,2022-10-30,TRAIN,MIN,ARI,Minnesota Vikings,Arizona Cardinals,34.0,26.0,8.0,HOME_WIN,1,False,1,0,False,13:00,Sunday,U.S. Bank Stadium,dome,sportturf,14,10
2022_08_CAR_ATL,2022,8,2022-10-30,TRAIN,ATL,CAR,Atlanta Falcons,Carolina Panthers,37.0,34.0,3.0,HOME_WIN,1,False,1,0,False,13:00,Sunday,Mercedes-Benz Stadium,closed,fieldturf,7,7
2022_08_CHI_DAL,2022,8,2022-10-30,TRAIN,DAL,CHI,Dallas Cowboys,Chicago Bears,49.0,29.0,20.0,HOME_WIN,1,False,1,0,False,13:00,Sunday,AT&T Stadium,open,matrixturf,7,6
2022_08_DEN_JAX,2022,8,2022-10-30,TRAIN,JAX,DEN,Jacksonville Jaguars,Denver Broncos,17.0,21.0,-4.0,AWAY_WIN,0,False,1,0,True,09:30,Sunday,Wembley Stadium,outdoors,,7,7
2022_08_GB_BUF,2022,8,2022-10-30,TRAIN,BUF,GB,Buffalo Bills,Green Bay Packers,27.0,17.0,10.0,HOME_WIN,1,False,1,0,False,20:20,Sunday,New Era Field,outdoors,a_turf,14,7
2022_08_LV_NO,2022,8,2022-10-30,TRAIN,NO,LV,New Orleans Saints,Las Vegas Raiders,24.0,0.0,24.0,HOME_WIN,1,False,1,0,False,13:00,Sunday,Mercedes-Benz Superdome,dome,sportturf,10,7
2022_08_MIA_DET,2022,8,2022-10-30,TRAIN,DET,MIA,Detroit Lions,Miami Dolphins,27.0,31.0,-4.0,AWAY_WIN,0,False,1,0,False,13:00,Sunday,Ford Field,dome,fieldturf,7,7
2022_08_NE_NYJ,2022,8,2022-10-30,TRAIN,NYJ,NE,New York Jets,New England Patriots,17.0,22.0,-5.0,AWAY_WIN,0,False,1,0,False,13:00,Sunday,MetLife Stadium,outdoors,fieldturf,7,6
2022_08_NYG_SEA,2022,8,2022-10-30,TRAIN,SEA,NYG,Seattle Seahawks,New York Giants,27.0,13.0,14.0,HOME_WIN,1,False,1,0,False,16:25,Sunday,Lumen Field,outdoors,fieldturf,7,7
2022_08_PIT_PHI,2022,8,2022-10-30,TRAIN,PHI,PIT,Philadelphia Eagles,Pittsburgh Steelers,35.0,13.0,22.0,HOME_WIN,1,False,1,0,False,13:00,Sunday,Lincoln Financial Field,outdoors,grass,14,7
2022_08_SF_LA,2022,8,2022-10-30,TRAIN,LA,SF,Los Angeles Rams,San Francisco 49ers,14.0,31.0,-17.0,AWAY_WIN,0,False,1,0,False,16:25,Sunday,SoFi Stadium,dome,matrixturf,14,7
2022_08_TEN_HOU,2022,8,2022-10-30,TRAIN,HOU,TEN,Houston Texans,Tennessee Titans,10.0,17.0,-7.0,AWAY_WIN,0,False,1,0,False,16:05,Sunday,NRG Stadium,closed,astroturf,7,7
2022_08_WAS_IND,2022,8,2022-10-30,TRAIN,IND,WAS,Indianapolis Colts,Washington Commanders,16.0,17.0,-1.0,AWAY_WIN,0,False,1,0,False,16:25,Sunday,Lucas Oil Stadium,closed,fieldturf,7,7
2022_08_CIN_CLE,2022,8,2022-10-31,TRAIN,CLE,CIN,Cleveland Browns,Cincinnati Bengals,32.0,13.0,19.0,HOME_WIN,1,False,1,0,False,20:15,Monday,FirstEnergy Stadium,outdoors,grass,8,8
2022_09_PHI_HOU,2022,9,2022-11-03,TRAIN,HOU,PHI,Houston Texans,Philadelphia Eagles,17.0,29.0,-12.0,AWAY_WIN,0,False,1,0,False,20:15,Thursday,NRG Stadium,closed,astroturf,4,4
2022_09_BUF_NYJ,2022,9,2022-11-06,TRAIN,NYJ,BUF,New York Jets,Buffalo Bills,20.0,17.0,3.0,HOME_WIN,1,False,1,0,False,13:00,Sunday,MetLife Stadium,outdoors,fieldturf,7,7
2022_09_CAR_CIN,2022,9,2022-11-06,TRAIN,CIN,CAR,Cincinnati Bengals,Carolina Panthers,42.0,21.0,21.0,HOME_WIN,1,False,1,0,False,13:00,Sunday,Paycor Stadium,outdoors,fieldturf,6,7
2022_09_GB_DET,2022,9,2022-11-06,TRAIN,DET,GB,Detroit Lions,Green Bay Packers,15.0,9.0,6.0,HOME_WIN,1,False,1,0,False,13:00,Sunday,Ford Field,dome,fieldturf,7,7
2022_09_IND_NE,2022,9,2022-11-06,TRAIN,NE,IND,New England Patriots,Indianapolis Colts,26.0,3.0,23.0,HOME_WIN,1,False,1,0,False,13:00,Sunday,Gillette Stadium,outdoors,fieldturf,7,7
2022_09_LAC_ATL,2022,9,2022-11-06,TRAIN,ATL,LAC,Atlanta Falcons,Los Angeles Chargers,17.0,20.0,-3.0,AWAY_WIN,0,False,1,0,False,13:00,Sunday,Mercedes-Benz Stadium,open,fieldturf,7,14
2022_09_LA_TB,2022,9,2022-11-06,TRAIN,TB,LA,Tampa Bay Buccaneers,Los Angeles Rams,16.0,13.0,3.0,HOME_WIN,1,False,1,0,False,16:25,Sunday,Raymond James Stadium,outdoors,grass,10,7
2022_09_LV_JAX,2022,9,2022-11-06,TRAIN,JAX,LV,Jacksonville Jaguars,Las Vegas Raiders,27.0,20.0,7.0,HOME_WIN,1,False,1,0,False,13:00,Sunday,TIAA Bank Stadium,outdoors,grass,7,7
2022_09_MIA_CHI,2022,9,2022-11-06,TRAIN,CHI,MIA,Chicago Bears,Miami Dolphins,32.0,35.0,-3.0,AWAY_WIN,0,False,1,0,False,13:00,Sunday,Soldier Field,outdoors,grass,7,7
2022_09_MIN_WAS,2022,9,2022-11-06,TRAIN,WAS,MIN,Washington Commanders,Minnesota Vikings,17.0,20.0,-3.0,AWAY_WIN,0,False,1,0,False,13:00,Sunday,FedExField,outdoors,grass,7,7
2022_09_SEA_ARI,2022,9,2022-11-06,TRAIN,ARI,SEA,Arizona Cardinals,Seattle Seahawks,21.0,31.0,-10.0,AWAY_WIN,0,False,1,0,False,16:05,Sunday,State Farm Stadium,open,grass,7,7
2022_09_TEN_KC,2022,9,2022-11-06,TRAIN,KC,TEN,Kansas City Chiefs,Tennessee Titans,20.0,17.0,3.0,HOME_WIN,1,False,1,0,False,20:20,Sunday,GEHA Field at Arrowhead Stadium,outdoors,grass,14,7
2022_09_BAL_NO,2022,9,2022-11-07,TRAIN,NO,BAL,New Orleans Saints,Baltimore Ravens,13.0,27.0,-14.0,AWAY_WIN,0,False,1,0,False,20:15,Monday,Mercedes-Benz Superdome,dome,sportturf,8,11
2022_10_ATL_CAR,2022,10,2022-11-10,TRAIN,CAR,ATL,Carolina Panthers,Atlanta Falcons,25.0,15.0,10.0,HOME_WIN,1,False,1,0,False,20:15,Thursday,Bank of America Stadium,outdoors,grass,4,4
2022_10_ARI_LA,2022,10,2022-11-13,TRAIN,LA,ARI,Los Angeles Rams,Arizona Cardinals,17.0,27.0,-10.0,AWAY_WIN,0,False,1,0,False,16:25,Sunday,SoFi Stadium,dome,matrixturf,7,7
2022_10_CLE_MIA,2022,10,2022-11-13,TRAIN,MIA,CLE,Miami Dolphins,Cleveland Browns,39.0,17.0,22.0,HOME_WIN,1,False,1,0,False,13:00,Sunday,Hard Rock Stadium,outdoors,grass,7,13
2022_10_DAL_GB,2022,10,2022-11-13,TRAIN,GB,DAL,Green Bay Packers,Dallas Cowboys,31.0,28.0,3.0,HOME_WIN,1,False,1,0,False,16:25,Sunday,Lambeau Field,outdoors,grass,7,14
2022_10_DEN_TEN,2022,10,2022-11-13,TRAIN,TEN,DEN,Tennessee Titans,Denver Broncos,17.0,10.0,7.0,HOME_WIN,1,False,1,0,False,13:00,Sunday,Nissan Stadium,outdoors,grass,7,14
2022_10_DET_CHI,2022,10,2022-11-13,TRAIN,CHI,DET,Chicago Bears,Detroit Lions,30.0,31.0,-1.0,AWAY_WIN,0,False,1,0,False,13:00,Sunday,Soldier Field,outdoors,grass,7,7
2022_10_HOU_NYG,2022,10,2022-11-13,TRAIN,NYG,HOU,New York Giants,Houston Texans,24.0,16.0,8.0,HOME_WIN,1,False,1,0,False,13:00,Sunday,MetLife Stadium,outdoors,fieldturf,14,10
2022_10_IND_LV,2022,10,2022-11-13,TRAIN,LV,IND,Las Vegas Raiders,Indianapolis Colts,20.0,25.0,-5.0,AWAY_WIN,0,False,1,0,False,16:05,Sunday,Allegiant Stadium,dome,grass,7,7
2022_10_JAX_KC,2022,10,2022-11-13,TRAIN,KC,JAX,Kansas City Chiefs,Jacksonville Jaguars,27.0,17.0,10.0,HOME_WIN,1,False,1,0,False,13:00,Sunday,GEHA Field at Arrowhead Stadium,outdoors,grass,7,7
2022_10_LAC_SF,2022,10,2022-11-13,TRAIN,SF,LAC,San Francisco 49ers,Los Angeles Chargers,22.0,16.0,6.0,HOME_WIN,1,False,1,0,False,20:20,Sunday,Levi's Stadium,outdoors,grass,14,7
2022_10_MIN_BUF,2022,10,2022-11-13,TRAIN,BUF,MIN,Buffalo Bills,Minnesota Vikings,30.0,33.0,-3.0,AWAY_WIN,0,False,1,0,False,13:00,Sunday,New Era Field,outdoors,a_turf,7,7
2022_10_NO_PIT,2022,10,2022-11-13,TRAIN,PIT,NO,Pittsburgh Steelers,New Orleans Saints,20.0,10.0,10.0,HOME_WIN,1,False,1,0,False,13:00,Sunday,Acrisure Stadium,outdoors,grass,14,6
2022_10_SEA_TB,2022,10,2022-11-13,TRAIN,TB,SEA,Tampa Bay Buccaneers,Seattle Seahawks,21.0,16.0,5.0,HOME_WIN,1,False,1,0,True,09:30,Sunday,Allianz Arena,outdoors,,7,7
2022_10_WAS_PHI,2022,10,2022-11-14,TRAIN,PHI,WAS,Philadelphia Eagles,Washington Commanders,21.0,32.0,-11.0,AWAY_WIN,0,False,1,0,False,20:15,Monday,Lincoln Financial Field,outdoors,grass,11,8
2022_11_TEN_GB,2022,11,2022-11-17,TRAIN,GB,TEN,Green Bay Packers,Tennessee Titans,17.0,27.0,-10.0,AWAY_WIN,0,False,1,0,False,20:15,Thursday,Lambeau Field,outdoors,grass,4,4
2022_11_CAR_BAL,2022,11,2022-11-20,TRAIN,BAL,CAR,Baltimore Ravens,Carolina Panthers,13.0,3.0,10.0,HOME_WIN,1,False,1,0,False,13:00,Sunday,M&T Bank Stadium,outdoors,grass,13,10
2022_11_CHI_ATL,2022,11,2022-11-20,TRAIN,ATL,CHI,Atlanta Falcons,Chicago Bears,27.0,24.0,3.0,HOME_WIN,1,False,1,0,False,13:00,Sunday,Mercedes-Benz Stadium,closed,fieldturf,10,7
2022_11_CIN_PIT,2022,11,2022-11-20,TRAIN,PIT,CIN,Pittsburgh Steelers,Cincinnati Bengals,30.0,37.0,-7.0,AWAY_WIN,0,False,1,0,False,16:25,Sunday,Acrisure Stadium,outdoors,grass,7,14
2022_11_CLE_BUF,2022,11,2022-11-20,TRAIN,BUF,CLE,Buffalo Bills,Cleveland Browns,31.0,23.0,8.0,HOME_WIN,1,False,1,0,True,13:00,Sunday,Ford Field,dome,fieldturf,7,7
2022_11_DAL_MIN,2022,11,2022-11-20,TRAIN,MIN,DAL,Minnesota Vikings,Dallas Cowboys,3.0,40.0,-37.0,AWAY_WIN,0,False,1,0,False,16:25,Sunday,U.S. Bank Stadium,dome,sportturf,7,7
2022_11_DET_NYG,2022,11,2022-11-20,TRAIN,NYG,DET,New York Giants,Detroit Lions,18.0,31.0,-13.0,AWAY_WIN,0,False,1,0,False,13:00,Sunday,MetLife Stadium,outdoors,fieldturf,7,7
2022_11_KC_LAC,2022,11,2022-11-20,TRAIN,LAC,KC,Los Angeles Chargers,Kansas City Chiefs,27.0,30.0,-3.0,AWAY_WIN,0,False,1,0,False,20:20,Sunday,SoFi Stadium,dome,matrixturf,7,7
2022_11_LA_NO,2022,11,2022-11-20,TRAIN,NO,LA,New Orleans Saints,Los Angeles Rams,27.0,20.0,7.0,HOME_WIN,1,False,1,0,False,13:00,Sunday,Mercedes-Benz Superdome,dome,sportturf,7,7
2022_11_LV_DEN,2022,11,2022-11-20,TRAIN,DEN,LV,Denver Broncos,Las Vegas Raiders,16.0,22.0,-6.0,AWAY_WIN,0,False,1,0,False,16:05,Sunday,Empower Field at Mile High,outdoors,grass,7,7
2022_11_NYJ_NE,2022,11,2022-11-20,TRAIN,NE,NYJ,New England Patriots,New York Jets,10.0,3.0,7.0,HOME_WIN,1,False,1,0,False,13:00,Sunday,Gillette Stadium,outdoors,fieldturf,14,14
2022_11_PHI_IND,2022,11,2022-11-20,TRAIN,IND,PHI,Indianapolis Colts,Philadelphia Eagles,16.0,17.0,-1.0,AWAY_WIN,0,False,1,0,False,13:00,Sunday,Lucas Oil Stadium,closed,fieldturf,7,6
2022_11_WAS_HOU,2022,11,2022-11-20,TRAIN,HOU,WAS,Houston Texans,Washington Commanders,10.0,23.0,-13.0,AWAY_WIN,0,False,1,0,False,13:00,Sunday,NRG Stadium,closed,astroturf,7,6
2022_11_SF_ARI,2022,11,2022-11-21,TRAIN,ARI,SF,Arizona Cardinals,San Francisco 49ers,10.0,38.0,-28.0,AWAY_WIN,0,False,1,0,True,20:15,Monday,Azteca Stadium,outdoors,,8,8
2022_12_BUF_DET,2022,12,2022-11-24,TRAIN,DET,BUF,Detroit Lions,Buffalo Bills,25.0,28.0,-3.0,AWAY_WIN,0,False,1,0,False,12:30,Thursday,Ford Field,dome,fieldturf,4,4
2022_12_NE_MIN,2022,12,2022-11-24,TRAIN,MIN,NE,Minnesota Vikings,New England Patriots,33.0,26.0,7.0,HOME_WIN,1,False,1,0,False,20:20,Thursday,U.S. Bank Stadium,dome,sportturf,4,4
2022_12_NYG_DAL,2022,12,2022-11-24,TRAIN,DAL,NYG,Dallas Cowboys,New York Giants,28.0,20.0,8.0,HOME_WIN,1,False,1,0,False,16:30,Thursday,AT&T Stadium,closed,matrixturf,4,4
2022_12_ATL_WAS,2022,12,2022-11-27,TRAIN,WAS,ATL,Washington Commanders,Atlanta Falcons,19.0,13.0,6.0,HOME_WIN,1,False,1,0,False,13:00,Sunday,FedExField,outdoors,grass,7,7
2022_12_BAL_JAX,2022,12,2022-11-27,TRAIN,JAX,BAL,Jacksonville Jaguars,Baltimore Ravens,28.0,27.0,1.0,HOME_WIN,1,False,1,0,False,13:00,Sunday,TIAA Bank Stadium,outdoors,grass,14,7
2022_12_CHI_NYJ,2022,12,2022-11-27,TRAIN,NYJ,CHI,New York Jets,Chicago Bears,31.0,10.0,21.0,HOME_WIN,1,False,1,0,False,13:00,Sunday,MetLife Stadium,outdoors,fieldturf,7,7
2022_12_CIN_TEN,2022,12,2022-11-27,TRAIN,TEN,CIN,Tennessee Titans,Cincinnati Bengals,16.0,20.0,-4.0,AWAY_WIN,0,False,1,0,False,13:00,Sunday,Nissan Stadium,outdoors,grass,10,7
2022_12_DEN_CAR,2022,12,2022-11-27,TRAIN,CAR,DEN,Carolina Panthers,Denver Broncos,23.0,10.0,13.0,HOME_WIN,1,False,1,0,False,13:00,Sunday,Bank of America Stadium,outdoors,grass,7,7
2022_12_GB_PHI,2022,12,2022-11-27,TRAIN,PHI,GB,Philadelphia Eagles,Green Bay Packers,40.0,33.0,7.0,HOME_WIN,1,False,1,0,False,20:20,Sunday,Lincoln Financial Field,outdoors,grass,7,10
2022_12_HOU_MIA,2022,12,2022-11-27,TRAIN,MIA,HOU,Miami Dolphins,Houston Texans,30.0,15.0,15.0,HOME_WIN,1,False,1,0,False,13:00,Sunday,Hard Rock Stadium,outdoors,grass,14,7
2022_12_LAC_ARI,2022,12,2022-11-27,TRAIN,ARI,LAC,Arizona Cardinals,Los Angeles Chargers,24.0,25.0,-1.0,AWAY_WIN,0,False,1,0,False,16:05,Sunday,State Farm Stadium,closed,grass,6,7
2022_12_LA_KC,2022,12,2022-11-27,TRAIN,KC,LA,Kansas City Chiefs,Los Angeles Rams,26.0,10.0,16.0,HOME_WIN,1,False,1,0,False,16:25,Sunday,GEHA Field at Arrowhead Stadium,outdoors,grass,7,7
2022_12_LV_SEA,2022,12,2022-11-27,TRAIN,SEA,LV,Seattle Seahawks,Las Vegas Raiders,34.0,40.0,-6.0,AWAY_WIN,0,False,1,0,False,16:05,Sunday,Lumen Field,outdoors,fieldturf,14,7
2022_12_NO_SF,2022,12,2022-11-27,TRAIN,SF,NO,San Francisco 49ers,New Orleans Saints,13.0,0.0,13.0,HOME_WIN,1,False,1,0,False,16:25,Sunday,Levi's Stadium,outdoors,grass,6,7
2022_12_TB_CLE,2022,12,2022-11-27,TRAIN,CLE,TB,Cleveland Browns,Tampa Bay Buccaneers,23.0,17.0,6.0,HOME_WIN,1,False,1,0,False,13:00,Sunday,FirstEnergy Stadium,outdoors,grass,7,14
2022_12_PIT_IND,2022,12,2022-11-28,TRAIN,IND,PIT,Indianapolis Colts,Pittsburgh Steelers,17.0,24.0,-7.0,AWAY_WIN,0,False,1,0,False,20:15,Monday,Lucas Oil Stadium,closed,fieldturf,8,8
2022_13_BUF_NE,2022,13,2022-12-01,TRAIN,NE,BUF,New England Patriots,Buffalo Bills,10.0,24.0,-14.0,AWAY_WIN,0,False,1,0,False,20:15,Thursday,Gillette Stadium,outdoors,fieldturf,7,7
2022_13_CLE_HOU,2022,13,2022-12-04,TRAIN,HOU,CLE,Houston Texans,Cleveland Browns,14.0,27.0,-13.0,AWAY_WIN,0,False,1,0,False,13:00,Sunday,NRG Stadium,closed,astroturf,7,7
2022_13_DEN_BAL,2022,13,2022-12-04,TRAIN,BAL,DEN,Baltimore Ravens,Denver Broncos,10.0,9.0,1.0,HOME_WIN,1,False,1,0,False,13:00,Sunday,M&T Bank Stadium,outdoors,grass,7,7
2022_13_GB_CHI,2022,13,2022-12-04,TRAIN,CHI,GB,Chicago Bears,Green Bay Packers,19.0,28.0,-9.0,AWAY_WIN,0,False,1,0,False,13:00,Sunday,Soldier Field,outdoors,grass,7,7
2022_13_IND_DAL,2022,13,2022-12-04,TRAIN,DAL,IND,Dallas Cowboys,Indianapolis Colts,54.0,19.0,35.0,HOME_WIN,1,False,1,0,False,20:20,Sunday,AT&T Stadium,closed,matrixturf,10,6
2022_13_JAX_DET,2022,13,2022-12-04,TRAIN,DET,JAX,Detroit Lions,Jacksonville Jaguars,40.0,14.0,26.0,HOME_WIN,1,False,1,0,False,13:00,Sunday,Ford Field,dome,fieldturf,10,7
2022_13_KC_CIN,2022,13,2022-12-04,TRAIN,CIN,KC,Cincinnati Bengals,Kansas City Chiefs,27.0,24.0,3.0,HOME_WIN,1,False,1,0,False,16:25,Sunday,Paycor Stadium,outdoors,fieldturf,7,7
2022_13_LAC_LV,2022,13,2022-12-04,TRAIN,LV,LAC,Las Vegas Raiders,Los Angeles Chargers,27.0,20.0,7.0,HOME_WIN,1,False,1,0,False,16:25,Sunday,Allegiant Stadium,dome,grass,7,7
2022_13_MIA_SF,2022,13,2022-12-04,TRAIN,SF,MIA,San Francisco 49ers,Miami Dolphins,33.0,17.0,16.0,HOME_WIN,1,False,1,0,False,16:05,Sunday,Levi's Stadium,outdoors,grass,7,7
2022_13_NYJ_MIN,2022,13,2022-12-04,TRAIN,MIN,NYJ,Minnesota Vikings,New York Jets,27.0,22.0,5.0,HOME_WIN,1,False,1,0,False,13:00,Sunday,U.S. Bank Stadium,dome,sportturf,10,7
2022_13_PIT_ATL,2022,13,2022-12-04,TRAIN,ATL,PIT,Atlanta Falcons,Pittsburgh Steelers,16.0,19.0,-3.0,AWAY_WIN,0,False,1,0,False,13:00,Sunday,Mercedes-Benz Stadium,closed,fieldturf,7,6
2022_13_SEA_LA,2022,13,2022-12-04,TRAIN,LA,SEA,Los Angeles Rams,Seattle Seahawks,23.0,27.0,-4.0,AWAY_WIN,0,False,1,0,False,16:05,Sunday,SoFi Stadium,dome,matrixturf,7,7
2022_13_TEN_PHI,2022,13,2022-12-04,TRAIN,PHI,TEN,Philadelphia Eagles,Tennessee Titans,35.0,10.0,25.0,HOME_WIN,1,False,1,0,False,13:00,Sunday,Lincoln Financial Field,outdoors,grass,7,7
2022_13_NO_TB,2022,13,2022-12-05,TRAIN,TB,NO,Tampa Bay Buccaneers,New Orleans Saints,17.0,16.0,1.0,HOME_WIN,1,False,1,0,False,20:15,Monday,Raymond James Stadium,outdoors,grass,8,8
2022_14_LV_LA,2022,14,2022-12-08,TRAIN,LA,LV,Los Angeles Rams,Las Vegas Raiders,17.0,16.0,1.0,HOME_WIN,1,False,1,0,False,20:15,Thursday,SoFi Stadium,dome,matrixturf,4,4
2022_14_BAL_PIT,2022,14,2022-12-11,TRAIN,PIT,BAL,Pittsburgh Steelers,Baltimore Ravens,14.0,16.0,-2.0,AWAY_WIN,0,False,1,0,False,13:00,Sunday,Acrisure Stadium,outdoors,grass,7,7
2022_14_CAR_SEA,2022,14,2022-12-11,TRAIN,SEA,CAR,Seattle Seahawks,Carolina Panthers,24.0,30.0,-6.0,AWAY_WIN,0,False,1,0,False,16:25,Sunday,Lumen Field,outdoors,fieldturf,7,14
2022_14_CLE_CIN,2022,14,2022-12-11,TRAIN,CIN,CLE,Cincinnati Bengals,Cleveland Browns,23.0,10.0,13.0,HOME_WIN,1,False,1,0,False,13:00,Sunday,Paycor Stadium,outdoors,fieldturf,7,7
2022_14_HOU_DAL,2022,14,2022-12-11,TRAIN,DAL,HOU,Dallas Cowboys,Houston Texans,27.0,23.0,4.0,HOME_WIN,1,False,1,0,False,13:00,Sunday,AT&T Stadium,closed,matrixturf,7,7
2022_14_JAX_TEN,2022,14,2022-12-11,TRAIN,TEN,JAX,Tennessee Titans,Jacksonville Jaguars,22.0,36.0,-14.0,AWAY_WIN,0,False,1,0,False,13:00,Sunday,Nissan Stadium,outdoors,grass,7,7
2022_14_KC_DEN,2022,14,2022-12-11,TRAIN,DEN,KC,Denver Broncos,Kansas City Chiefs,28.0,34.0,-6.0,AWAY_WIN,0,False,1,0,False,16:05,Sunday,Empower Field at Mile High,outdoors,grass,7,7
2022_14_MIA_LAC,2022,14,2022-12-11,TRAIN,LAC,MIA,Los Angeles Chargers,Miami Dolphins,23.0,17.0,6.0,HOME_WIN,1,False,1,0,False,20:20,Sunday,SoFi Stadium,dome,matrixturf,7,7
2022_14_MIN_DET,2022,14,2022-12-11,TRAIN,DET,MIN,Detroit Lions,Minnesota Vikings,34.0,23.0,11.0,HOME_WIN,1,False,1,0,False,13:00,Sunday,Ford Field,dome,fieldturf,7,7
2022_14_NYJ_BUF,2022,14,2022-12-11,TRAIN,BUF,NYJ,Buffalo Bills,New York Jets,20.0,12.0,8.0,HOME_WIN,1,False,1,0,False,13:00,Sunday,New Era Field,outdoors,a_turf,10,7
2022_14_PHI_NYG,2022,14,2022-12-11,TRAIN,NYG,PHI,New York Giants,Philadelphia Eagles,22.0,48.0,-26.0,AWAY_WIN,0,False,1,0,False,13:00,Sunday,MetLife Stadium,outdoors,fieldturf,7,7
2022_14_TB_SF,2022,14,2022-12-11,TRAIN,SF,TB,San Francisco 49ers,Tampa Bay Buccaneers,35.0,7.0,28.0,HOME_WIN,1,False,1,0,False,16:25,Sunday,Levi's Stadium,outdoors,grass,7,6
2022_14_NE_ARI,2022,14,2022-12-12,TRAIN,ARI,NE,Arizona Cardinals,New England Patriots,13.0,27.0,-14.0,AWAY_WIN,0,False,1,0,False,20:15,Monday,State Farm Stadium,closed,grass,15,11
2022_15_SF_SEA,2022,15,2022-12-15,TRAIN,SEA,SF,Seattle Seahawks,San Francisco 49ers,13.0,21.0,-8.0,AWAY_WIN,0,False,1,0,False,20:15,Thursday,Lumen Field,outdoors,fieldturf,4,4
2022_15_BAL_CLE,2022,15,2022-12-17,TRAIN,CLE,BAL,Cleveland Browns,Baltimore Ravens,13.0,3.0,10.0,HOME_WIN,1,False,1,0,False,16:30,Saturday,FirstEnergy Stadium,outdoors,grass,6,6
2022_15_IND_MIN,2022,15,2022-12-17,TRAIN,MIN,IND,Minnesota Vikings,Indianapolis Colts,39.0,36.0,3.0,HOME_WIN,1,False,1,0,False,13:00,Saturday,U.S. Bank Stadium,dome,sportturf,6,13
2022_15_MIA_BUF,2022,15,2022-12-17,TRAIN,BUF,MIA,Buffalo Bills,Miami Dolphins,32.0,29.0,3.0,HOME_WIN,1,False,1,0,False,20:15,Saturday,New Era Field,outdoors,a_turf,6,6
2022_15_ARI_DEN,2022,15,2022-12-18,TRAIN,DEN,ARI,Denver Broncos,Arizona Cardinals,24.0,15.0,9.0,HOME_WIN,1,False,1,0,False,16:05,Sunday,Empower Field at Mile High,outdoors,grass,7,6
2022_15_ATL_NO,2022,15,2022-12-18,TRAIN,NO,ATL,New Orleans Saints,Atlanta Falcons,21.0,18.0,3.0,HOME_WIN,1,False,1,0,False,13:00,Sunday,Mercedes-Benz Superdome,dome,sportturf,13,14
2022_15_CIN_TB,2022,15,2022-12-18,TRAIN,TB,CIN,Tampa Bay Buccaneers,Cincinnati Bengals,23.0,34.0,-11.0,AWAY_WIN,0,False,1,0,False,16:25,Sunday,Raymond James Stadium,outdoors,grass,7,7
2022_15_DAL_JAX,2022,15,2022-12-18,TRAIN,JAX,DAL,Jacksonville Jaguars,Dallas Cowboys,40.0,34.0,6.0,HOME_WIN,1,False,1,0,False,13:00,Sunday,TIAA Bank Stadium,outdoors,grass,7,7
2022_15_DET_NYJ,2022,15,2022-12-18,TRAIN,NYJ,DET,New York Jets,Detroit Lions,17.0,20.0,-3.0,AWAY_WIN,0,False,1,0,False,13:00,Sunday,MetLife Stadium,outdoors,fieldturf,7,7
2022_15_KC_HOU,2022,15,2022-12-18,TRAIN,HOU,KC,Houston Texans,Kansas City Chiefs,24.0,30.0,-6.0,AWAY_WIN,0,False,1,0,False,13:00,Sunday,NRG Stadium,closed,astroturf,7,7
2022_15_NE_LV,2022,15,2022-12-18,TRAIN,LV,NE,Las Vegas Raiders,New England Patriots,30.0,24.0,6.0,HOME_WIN,1,False,1,0,False,16:05,Sunday,Allegiant Stadium,dome,grass,10,6
2022_15_NYG_WAS,2022,15,2022-12-18,TRAIN,WAS,NYG,Washington Commanders,New York Giants,12.0,20.0,-8.0,AWAY_WIN,0,False,1,0,False,20:20,Sunday,FedExField,outdoors,grass,14,7
2022_15_PHI_CHI,2022,15,2022-12-18,TRAIN,CHI,PHI,Chicago Bears,Philadelphia Eagles,20.0,25.0,-5.0,AWAY_WIN,0,False,1,0,False,13:00,Sunday,Soldier Field,outdoors,grass,14,7
2022_15_PIT_CAR,2022,15,2022-12-18,TRAIN,CAR,PIT,Carolina Panthers,Pittsburgh Steelers,16.0,24.0,-8.0,AWAY_WIN,0,False,1,0,False,13:00,Sunday,Bank of America Stadium,outdoors,grass,7,7
2022_15_TEN_LAC,2022,15,2022-12-18,TRAIN,LAC,TEN,Los Angeles Chargers,Tennessee Titans,17.0,14.0,3.0,HOME_WIN,1,False,1,0,False,16:25,Sunday,SoFi Stadium,dome,matrixturf,7,7
2022_15_LA_GB,2022,15,2022-12-19,TRAIN,GB,LA,Green Bay Packers,Los Angeles Rams,24.0,12.0,12.0,HOME_WIN,1,False,1,0,False,20:15,Monday,Lambeau Field,outdoors,grass,15,11
2022_16_JAX_NYJ,2022,16,2022-12-22,TRAIN,NYJ,JAX,New York Jets,Jacksonville Jaguars,3.0,19.0,-16.0,AWAY_WIN,0,False,1,0,False,20:15,Thursday,MetLife Stadium,outdoors,fieldturf,4,4
2022_16_ATL_BAL,2022,16,2022-12-24,TRAIN,BAL,ATL,Baltimore Ravens,Atlanta Falcons,17.0,9.0,8.0,HOME_WIN,1,False,1,0,False,13:00,Saturday,M&T Bank Stadium,outdoors,grass,7,6
2022_16_BUF_CHI,2022,16,2022-12-24,TRAIN,CHI,BUF,Chicago Bears,Buffalo Bills,13.0,35.0,-22.0,AWAY_WIN,0,False,1,0,False,13:00,Saturday,Soldier Field,outdoors,grass,6,7
2022_16_CIN_NE,2022,16,2022-12-24,TRAIN,NE,CIN,New England Patriots,Cincinnati Bengals,18.0,22.0,-4.0,AWAY_WIN,0,False,1,0,False,13:00,Saturday,Gillette Stadium,outdoors,fieldturf,6,6
2022_16_DET_CAR,2022,16,2022-12-24,TRAIN,CAR,DET,Carolina Panthers,Detroit Lions,37.0,23.0,14.0,HOME_WIN,1,False,1,0,False,13:00,Saturday,Bank of America Stadium,outdoors,grass,6,6
2022_16_HOU_TEN,2022,16,2022-12-24,TRAIN,TEN,HOU,Tennessee Titans,Houston Texans,14.0,19.0,-5.0,AWAY_WIN,0,False,1,0,False,14:00,Saturday,Nissan Stadium,outdoors,grass,6,6
2022_16_LV_PIT,2022,16,2022-12-24,TRAIN,PIT,LV,Pittsburgh Steelers,Las Vegas Raiders,13.0,10.0,3.0,HOME_WIN,1,False,1,0,False,20:15,Saturday,Acrisure Stadium,outdoors,grass,6,6
2022_16_NO_CLE,2022,16,2022-12-24,TRAIN,CLE,NO,Cleveland Browns,New Orleans Saints,10.0,17.0,-7.0,AWAY_WIN,0,False,1,0,False,13:00,Saturday,FirstEnergy Stadium,outdoors,grass,7,6
2022_16_NYG_MIN,2022,16,2022-12-24,TRAIN,MIN,NYG,Minnesota Vikings,New York Giants,27.0,24.0,3.0,HOME_WIN,1,False,1,0,False,13:00,Saturday,U.S. Bank Stadium,dome,sportturf,7,6
2022_16_PHI_DAL,2022,16,2022-12-24,TRAIN,DAL,PHI,Dallas Cowboys,Philadelphia Eagles,40.0,34.0,6.0,HOME_WIN,1,False,1,0,False,16:25,Saturday,AT&T Stadium,closed,matrixturf,6,6
2022_16_SEA_KC,2022,16,2022-12-24,TRAIN,KC,SEA,Kansas City Chiefs,Seattle Seahawks,24.0,10.0,14.0,HOME_WIN,1,False,1,0,False,13:00,Saturday,GEHA Field at Arrowhead Stadium,outdoors,grass,6,9
2022_16_WAS_SF,2022,16,2022-12-24,TRAIN,SF,WAS,San Francisco 49ers,Washington Commanders,37.0,20.0,17.0,HOME_WIN,1,False,1,0,False,16:05,Saturday,Levi's Stadium,outdoors,grass,9,6
2022_16_DEN_LA,2022,16,2022-12-25,TRAIN,LA,DEN,Los Angeles Rams,Denver Broncos,51.0,14.0,37.0,HOME_WIN,1,False,1,0,False,16:30,Sunday,SoFi Stadium,dome,matrixturf,6,7
2022_16_GB_MIA,2022,16,2022-12-25,TRAIN,MIA,GB,Miami Dolphins,Green Bay Packers,20.0,26.0,-6.0,AWAY_WIN,0,False,1,0,False,13:00,Sunday,Hard Rock Stadium,outdoors,grass,8,6
2022_16_TB_ARI,2022,16,2022-12-25,TRAIN,ARI,TB,Arizona Cardinals,Tampa Bay Buccaneers,16.0,19.0,-3.0,AWAY_WIN,0,False,1,0,False,20:20,Sunday,State Farm Stadium,open,grass,7,7
2022_16_LAC_IND,2022,16,2022-12-26,TRAIN,IND,LAC,Indianapolis Colts,Los Angeles Chargers,3.0,20.0,-17.0,AWAY_WIN,0,False,1,0,False,20:15,Monday,Lucas Oil Stadium,closed,fieldturf,9,8
2022_17_DAL_TEN,2022,17,2022-12-29,TRAIN,TEN,DAL,Tennessee Titans,Dallas Cowboys,13.0,27.0,-14.0,AWAY_WIN,0,False,1,0,False,20:15,Thursday,Nissan Stadium,outdoors,grass,5,5
2022_17_ARI_ATL,2022,17,2023-01-01,TRAIN,ATL,ARI,Atlanta Falcons,Arizona Cardinals,20.0,19.0,1.0,HOME_WIN,1,False,1,0,False,13:00,Sunday,Mercedes-Benz Stadium,closed,fieldturf,8,7
2022_17_CAR_TB,2022,17,2023-01-01,TRAIN,TB,CAR,Tampa Bay Buccaneers,Carolina Panthers,30.0,24.0,6.0,HOME_WIN,1,False,1,0,False,13:00,Sunday,Raymond James Stadium,outdoors,grass,7,8
2022_17_CHI_DET,2022,17,2023-01-01,TRAIN,DET,CHI,Detroit Lions,Chicago Bears,41.0,10.0,31.0,HOME_WIN,1,False,1,0,False,13:00,Sunday,Ford Field,dome,fieldturf,8,8
2022_17_CLE_WAS,2022,17,2023-01-01,TRAIN,WAS,CLE,Washington Commanders,Cleveland Browns,10.0,24.0,-14.0,AWAY_WIN,0,False,1,0,False,13:00,Sunday,FedExField,outdoors,grass,8,8
2022_17_DEN_KC,2022,17,2023-01-01,TRAIN,KC,DEN,Kansas City Chiefs,Denver Broncos,27.0,24.0,3.0,HOME_WIN,1,False,1,0,False,13:00,Sunday,GEHA Field at Arrowhead Stadium,outdoors,grass,8,7
2022_17_IND_NYG,2022,17,2023-01-01,TRAIN,NYG,IND,New York Giants,Indianapolis Colts,38.0,10.0,28.0,HOME_WIN,1,False,1,0,False,13:00,Sunday,MetLife Stadium,outdoors,fieldturf,8,6
2022_17_JAX_HOU,2022,17,2023-01-01,TRAIN,HOU,JAX,Houston Texans,Jacksonville Jaguars,3.0,31.0,-28.0,AWAY_WIN,0,False,1,0,False,13:00,Sunday,NRG Stadium,closed,astroturf,8,10
2022_17_LA_LAC,2022,17,2023-01-01,TRAIN,LAC,LA,Los Angeles Chargers,Los Angeles Rams,31.0,10.0,21.0,HOME_WIN,1,False,1,0,False,16:25,Sunday,SoFi Stadium,dome,matrixturf,6,7
2022_17_MIA_NE,2022,17,2023-01-01,TRAIN,NE,MIA,New England Patriots,Miami Dolphins,23.0,21.0,2.0,HOME_WIN,1,False,1,0,False,13:00,Sunday,Gillette Stadium,outdoors,fieldturf,8,7
2022_17_MIN_GB,2022,17,2023-01-01,TRAIN,GB,MIN,Green Bay Packers,Minnesota Vikings,41.0,17.0,24.0,HOME_WIN,1,False,1,0,False,16:25,Sunday,Lambeau Field,outdoors,grass,7,8
2022_17_NO_PHI,2022,17,2023-01-01,TRAIN,PHI,NO,Philadelphia Eagles,New Orleans Saints,10.0,20.0,-10.0,AWAY_WIN,0,False,1,0,False,13:00,Sunday,Lincoln Financial Field,outdoors,grass,8,8
2022_17_NYJ_SEA,2022,17,2023-01-01,TRAIN,SEA,NYJ,Seattle Seahawks,New York Jets,23.0,6.0,17.0,HOME_WIN,1,False,1,0,False,16:05,Sunday,Lumen Field,outdoors,fieldturf,8,10
2022_17_PIT_BAL,2022,17,2023-01-01,TRAIN,BAL,PIT,Baltimore Ravens,Pittsburgh Steelers,13.0,16.0,-3.0,AWAY_WIN,0,False,1,0,False,20:20,Sunday,M&T Bank Stadium,outdoors,grass,8,8
2022_17_SF_LV,2022,17,2023-01-01,TRAIN,LV,SF,Las Vegas Raiders,San Francisco 49ers,34.0,37.0,-3.0,AWAY_WIN,0,False,1,0,False,16:05,Sunday,Allegiant Stadium,dome,grass,8,8
2022_18_KC_LV,2022,18,2023-01-07,TRAIN,LV,KC,Las Vegas Raiders,Kansas City Chiefs,13.0,31.0,-18.0,AWAY_WIN,0,False,1,0,False,16:30,Saturday,Allegiant Stadium,dome,grass,6,6
2022_18_TEN_JAX,2022,18,2023-01-07,TRAIN,JAX,TEN,Jacksonville Jaguars,Tennessee Titans,20.0,16.0,4.0,HOME_WIN,1,False,1,0,False,20:15,Saturday,TIAA Bank Stadium,outdoors,grass,6,9
2022_18_ARI_SF,2022,18,2023-01-08,TRAIN,SF,ARI,San Francisco 49ers,Arizona Cardinals,38.0,13.0,25.0,HOME_WIN,1,False,1,0,False,16:25,Sunday,Levi's Stadium,outdoors,grass,7,7
2022_18_BAL_CIN,2022,18,2023-01-08,TRAIN,CIN,BAL,Cincinnati Bengals,Baltimore Ravens,27.0,16.0,11.0,HOME_WIN,1,False,1,0,False,13:00,Sunday,Paycor Stadium,outdoors,fieldturf,6,7
2022_18_CAR_NO,2022,18,2023-01-08,TRAIN,NO,CAR,New Orleans Saints,Carolina Panthers,7.0,10.0,-3.0,AWAY_WIN,0,False,1,0,False,13:00,Sunday,Mercedes-Benz Superdome,dome,sportturf,7,7
2022_18_CLE_PIT,2022,18,2023-01-08,TRAIN,PIT,CLE,Pittsburgh Steelers,Cleveland Browns,28.0,14.0,14.0,HOME_WIN,1,False,1,0,False,13:00,Sunday,Acrisure Stadium,outdoors,grass,7,7
2022_18_DAL_WAS,2022,18,2023-01-08,TRAIN,WAS,DAL,Washington Commanders,Dallas Cowboys,26.0,6.0,20.0,HOME_WIN,1,False,1,0,False,16:25,Sunday,FedExField,outdoors,grass,7,10
2022_18_DET_GB,2022,18,2023-01-08,TRAIN,GB,DET,Green Bay Packers,Detroit Lions,16.0,20.0,-4.0,AWAY_WIN,0,False,1,0,False,20:20,Sunday,Lambeau Field,outdoors,grass,7,7
2022_18_HOU_IND,2022,18,2023-01-08,TRAIN,IND,HOU,Indianapolis Colts,Houston Texans,31.0,32.0,-1.0,AWAY_WIN,0,False,1,0,False,13:00,Sunday,Lucas Oil Stadium,closed,fieldturf,7,7
2022_18_LAC_DEN,2022,18,2023-01-08,TRAIN,DEN,LAC,Denver Broncos,Los Angeles Chargers,31.0,28.0,3.0,HOME_WIN,1,False,1,0,False,16:25,Sunday,Empower Field at Mile High,outdoors,grass,7,7
2022_18_LA_SEA,2022,18,2023-01-08,TRAIN,SEA,LA,Seattle Seahawks,Los Angeles Rams,19.0,16.0,3.0,HOME_WIN,1,False,1,0,False,16:25,Sunday,Lumen Field,outdoors,fieldturf,7,7
2022_18_MIN_CHI,2022,18,2023-01-08,TRAIN,CHI,MIN,Chicago Bears,Minnesota Vikings,13.0,29.0,-16.0,AWAY_WIN,0,False,1,0,False,13:00,Sunday,Soldier Field,outdoors,grass,7,7
2022_18_NE_BUF,2022,18,2023-01-08,TRAIN,BUF,NE,Buffalo Bills,New England Patriots,35.0,23.0,12.0,HOME_WIN,1,False,1,0,False,13:00,Sunday,New Era Field,outdoors,a_turf,6,7
2022_18_NYG_PHI,2022,18,2023-01-08,TRAIN,PHI,NYG,Philadelphia Eagles,New York Giants,22.0,16.0,6.0,HOME_WIN,1,False,1,0,False,16:25,Sunday,Lincoln Financial Field,outdoors,grass,7,7
2022_18_NYJ_MIA,2022,18,2023-01-08,TRAIN,MIA,NYJ,Miami Dolphins,New York Jets,11.0,6.0,5.0,HOME_WIN,1,False,1,0,False,13:00,Sunday,Hard Rock Stadium,outdoors,grass,7,7
2022_18_TB_ATL,2022,18,2023-01-08,TRAIN,ATL,TB,Atlanta Falcons,Tampa Bay Buccaneers,30.0,17.0,13.0,HOME_WIN,1,False,1,0,False,13:00,Sunday,Mercedes-Benz Stadium,closed,fieldturf,7,7
2023_01_DET_KC,2023,1,2023-09-07,TRAIN,KC,DET,Kansas City Chiefs,Detroit Lions,20.0,21.0,-1.0,AWAY_WIN,0,False,1,0,False,20:20,Thursday,GEHA Field at Arrowhead Stadium,outdoors,,7,7
2023_01_ARI_WAS,2023,1,2023-09-10,TRAIN,WAS,ARI,Washington Commanders,Arizona Cardinals,20.0,16.0,4.0,HOME_WIN,1,False,1,0,False,13:00,Sunday,FedExField,outdoors,,7,7
2023_01_CAR_ATL,2023,1,2023-09-10,TRAIN,ATL,CAR,Atlanta Falcons,Carolina Panthers,24.0,10.0,14.0,HOME_WIN,1,False,1,0,False,13:00,Sunday,Mercedes-Benz Stadium,closed,,7,7
2023_01_CIN_CLE,2023,1,2023-09-10,TRAIN,CLE,CIN,Cleveland Browns,Cincinnati Bengals,24.0,3.0,21.0,HOME_WIN,1,False,1,0,False,13:00,Sunday,FirstEnergy Stadium,outdoors,,7,7
2023_01_DAL_NYG,2023,1,2023-09-10,TRAIN,NYG,DAL,New York Giants,Dallas Cowboys,0.0,40.0,-40.0,AWAY_WIN,0,False,1,0,False,20:20,Sunday,MetLife Stadium,outdoors,,7,7
2023_01_GB_CHI,2023,1,2023-09-10,TRAIN,CHI,GB,Chicago Bears,Green Bay Packers,20.0,38.0,-18.0,AWAY_WIN,0,False,1,0,False,16:25,Sunday,Soldier Field,outdoors,,7,7
2023_01_HOU_BAL,2023,1,2023-09-10,TRAIN,BAL,HOU,Baltimore Ravens,Houston Texans,25.0,9.0,16.0,HOME_WIN,1,False,1,0,False,13:00,Sunday,M&T Bank Stadium,outdoors,,7,7
2023_01_JAX_IND,2023,1,2023-09-10,TRAIN,IND,JAX,Indianapolis Colts,Jacksonville Jaguars,21.0,31.0,-10.0,AWAY_WIN,0,False,1,0,False,13:00,Sunday,Lucas Oil Stadium,closed,,7,7
2023_01_LA_SEA,2023,1,2023-09-10,TRAIN,SEA,LA,Seattle Seahawks,Los Angeles Rams,13.0,30.0,-17.0,AWAY_WIN,0,False,1,0,False,16:25,Sunday,Lumen Field,outdoors,,7,7
2023_01_LV_DEN,2023,1,2023-09-10,TRAIN,DEN,LV,Denver Broncos,Las Vegas Raiders,16.0,17.0,-1.0,AWAY_WIN,0,False,1,0,False,16:25,Sunday,Empower Field at Mile High,outdoors,,7,7
2023_01_MIA_LAC,2023,1,2023-09-10,TRAIN,LAC,MIA,Los Angeles Chargers,Miami Dolphins,34.0,36.0,-2.0,AWAY_WIN,0,False,1,0,False,16:25,Sunday,SoFi Stadium,dome,,7,7
2023_01_PHI_NE,2023,1,2023-09-10,TRAIN,NE,PHI,New England Patriots,Philadelphia Eagles,20.0,25.0,-5.0,AWAY_WIN,0,False,1,0,False,16:25,Sunday,Gillette Stadium,outdoors,,7,7
2023_01_SF_PIT,2023,1,2023-09-10,TRAIN,PIT,SF,Pittsburgh Steelers,San Francisco 49ers,7.0,30.0,-23.0,AWAY_WIN,0,False,1,0,False,13:00,Sunday,Acrisure Stadium,outdoors,,7,7
2023_01_TB_MIN,2023,1,2023-09-10,TRAIN,MIN,TB,Minnesota Vikings,Tampa Bay Buccaneers,17.0,20.0,-3.0,AWAY_WIN,0,False,1,0,False,13:00,Sunday,U.S. Bank Stadium,dome,,7,7
2023_01_TEN_NO,2023,1,2023-09-10,TRAIN,NO,TEN,New Orleans Saints,Tennessee Titans,16.0,15.0,1.0,HOME_WIN,1,False,1,0,False,13:00,Sunday,Mercedes-Benz Superdome,dome,,7,7
2023_01_BUF_NYJ,2023,1,2023-09-11,TRAIN,NYJ,BUF,New York Jets,Buffalo Bills,22.0,16.0,6.0,HOME_WIN,1,False,1,0,False,20:15,Monday,MetLife Stadium,outdoors,,7,7
2023_02_MIN_PHI,2023,2,2023-09-14,TRAIN,PHI,MIN,Philadelphia Eagles,Minnesota Vikings,34.0,28.0,6.0,HOME_WIN,1,False,1,0,False,20:15,Thursday,Lincoln Financial Field,outdoors,,4,4
2023_02_BAL_CIN,2023,2,2023-09-17,TRAIN,CIN,BAL,Cincinnati Bengals,Baltimore Ravens,24.0,27.0,-3.0,AWAY_WIN,0,False,1,0,False,13:00,Sunday,Paycor Stadium,outdoors,,7,7
2023_02_CHI_TB,2023,2,2023-09-17,TRAIN,TB,CHI,Tampa Bay Buccaneers,Chicago Bears,27.0,17.0,10.0,HOME_WIN,1,False,1,0,False,13:00,Sunday,Raymond James Stadium,outdoors,,7,7
2023_02_GB_ATL,2023,2,2023-09-17,TRAIN,ATL,GB,Atlanta Falcons,Green Bay Packers,25.0,24.0,1.0,HOME_WIN,1,False,1,0,False,13:00,Sunday,Mercedes-Benz Stadium,open,,7,7
2023_02_IND_HOU,2023,2,2023-09-17,TRAIN,HOU,IND,Houston Texans,Indianapolis Colts,20.0,31.0,-11.0,AWAY_WIN,0,False,1,0,False,13:00,Sunday,NRG Stadium,open,,7,7
2023_02_KC_JAX,2023,2,2023-09-17,TRAIN,JAX,KC,Jacksonville Jaguars,Kansas City Chiefs,9.0,17.0,-8.0,AWAY_WIN,0,False,1,0,False,13:00,Sunday,TIAA Bank Stadium,outdoors,,7,10
2023_02_LAC_TEN,2023,2,2023-09-17,TRAIN,TEN,LAC,Tennessee Titans,Los Angeles Chargers,27.0,24.0,3.0,HOME_WIN,1,False,1,0,False,13:00,Sunday,Nissan Stadium,outdoors,,7,7
2023_02_LV_BUF,2023,2,2023-09-17,TRAIN,BUF,LV,Buffalo Bills,Las Vegas Raiders,38.0,10.0,28.0,HOME_WIN,1,False,1,0,False,13:00,Sunday,New Era Field,outdoors,,6,7
2023_02_MIA_NE,2023,2,2023-09-17,TRAIN,NE,MIA,New England Patriots,Miami Dolphins,17.0,24.0,-7.0,AWAY_WIN,0,False,1,0,False,20:20,Sunday,Gillette Stadium,outdoors,,7,7
2023_02_NYG_ARI,2023,2,2023-09-17,TRAIN,ARI,NYG,Arizona Cardinals,New York Giants,28.0,31.0,-3.0,AWAY_WIN,0,False,1,0,False,16:05,Sunday,State Farm Stadium,closed,,7,7
2023_02_NYJ_DAL,2023,2,2023-09-17,TRAIN,DAL,NYJ,Dallas Cowboys,New York Jets,30.0,10.0,20.0,HOME_WIN,1,False,1,0,False,16:25,Sunday,AT&T Stadium,open,,7,6
2023_02_SEA_DET,2023,2,2023-09-17,TRAIN,DET,SEA,Detroit Lions,Seattle Seahawks,31.0,37.0,-6.0,AWAY_WIN,0,False,1,0,False,13:00,Sunday,Ford Field,dome,,10,7
2023_02_SF_LA,2023,2,2023-09-17,TRAIN,LA,SF,Los Angeles Rams,San Francisco 49ers,23.0,30.0,-7.0,AWAY_WIN,0,False,1,0,False,16:05,Sunday,SoFi Stadium,dome,,7,7
2023_02_WAS_DEN,2023,2,2023-09-17,TRAIN,DEN,WAS,Denver Broncos,Washington Commanders,33.0,35.0,-2.0,AWAY_WIN,0,False,1,0,False,16:25,Sunday,Empower Field at Mile High,outdoors,,7,7
2023_02_CLE_PIT,2023,2,2023-09-18,TRAIN,PIT,CLE,Pittsburgh Steelers,Cleveland Browns,26.0,22.0,4.0,HOME_WIN,1,False,1,0,False,20:15,Monday,Acrisure Stadium,outdoors,,8,8
2023_02_NO_CAR,2023,2,2023-09-18,TRAIN,CAR,NO,Carolina Panthers,New Orleans Saints,17.0,20.0,-3.0,AWAY_WIN,0,False,1,0,False,19:15,Monday,Bank of America Stadium,outdoors,,8,8
2023_03_NYG_SF,2023,3,2023-09-21,TRAIN,SF,NYG,San Francisco 49ers,New York Giants,30.0,12.0,18.0,HOME_WIN,1,False,1,0,False,20:15,Thursday,Levi's Stadium,outdoors,grass,4,4
2023_03_ATL_DET,2023,3,2023-09-24,TRAIN,DET,ATL,Detroit Lions,Atlanta Falcons,20.0,6.0,14.0,HOME_WIN,1,False,1,0,False,13:00,Sunday,Ford Field,dome,fieldturf,7,7
2023_03_BUF_WAS,2023,3,2023-09-24,TRAIN,WAS,BUF,Washington Commanders,Buffalo Bills,3.0,37.0,-34.0,AWAY_WIN,0,False,1,0,False,13:00,Sunday,FedExField,outdoors,grass,7,7
2023_03_CAR_SEA,2023,3,2023-09-24,TRAIN,SEA,CAR,Seattle Seahawks,Carolina Panthers,37.0,27.0,10.0,HOME_WIN,1,False,1,0,False,16:05,Sunday,Lumen Field,outdoors,fieldturf,7,6
2023_03_CHI_KC,2023,3,2023-09-24,TRAIN,KC,CHI,Kansas City Chiefs,Chicago Bears,41.0,10.0,31.0,HOME_WIN,1,False,1,0,False,16:25,Sunday,GEHA Field at Arrowhead Stadium,outdoors,grass,7,7
2023_03_DAL_ARI,2023,3,2023-09-24,TRAIN,ARI,DAL,Arizona Cardinals,Dallas Cowboys,28.0,16.0,12.0,HOME_WIN,1,False,1,0,False,16:25,Sunday,State Farm Stadium,open,grass,7,7
2023_03_DEN_MIA,2023,3,2023-09-24,TRAIN,MIA,DEN,Miami Dolphins,Denver Broncos,70.0,20.0,50.0,HOME_WIN,1,False,1,0,False,13:00,Sunday,Hard Rock Stadium,outdoors,grass,7,7
2023_03_HOU_JAX,2023,3,2023-09-24,TRAIN,JAX,HOU,Jacksonville Jaguars,Houston Texans,17.0,37.0,-20.0,AWAY_WIN,0,False,1,0,False,13:00,Sunday,TIAA Bank Stadium,outdoors,grass,7,7
2023_03_IND_BAL,2023,3,2023-09-24,TRAIN,BAL,IND,Baltimore Ravens,Indianapolis Colts,19.0,22.0,-3.0,AWAY_WIN,0,False,1,0,False,13:00,Sunday,M&T Bank Stadium,outdoors,grass,7,7
2023_03_LAC_MIN,2023,3,2023-09-24,TRAIN,MIN,LAC,Minnesota Vikings,Los Angeles Chargers,24.0,28.0,-4.0,AWAY_WIN,0,False,1,0,False,13:00,Sunday,U.S. Bank Stadium,dome,sportturf,10,7
2023_03_NE_NYJ,2023,3,2023-09-24,TRAIN,NYJ,NE,New York Jets,New England Patriots,10.0,15.0,-5.0,AWAY_WIN,0,False,1,0,False,13:00,Sunday,MetLife Stadium,outdoors,fieldturf,7,7
2023_03_NO_GB,2023,3,2023-09-24,TRAIN,GB,NO,Green Bay Packers,New Orleans Saints,18.0,17.0,1.0,HOME_WIN,1,False,1,0,False,13:00,Sunday,Lambeau Field,outdoors,grass,7,6
2023_03_PIT_LV,2023,3,2023-09-24,TRAIN,LV,PIT,Las Vegas Raiders,Pittsburgh Steelers,18.0,23.0,-5.0,AWAY_WIN,0,False,1,0,False,20:20,Sunday,Allegiant Stadium,dome,grass,7,6
2023_03_TEN_CLE,2023,3,2023-09-24,TRAIN,CLE,TEN,Cleveland Browns,Tennessee Titans,27.0,3.0,24.0,HOME_WIN,1,False,1,0,False,13:00,Sunday,FirstEnergy Stadium,outdoors,grass,6,7
2023_03_LA_CIN,2023,3,2023-09-25,TRAIN,CIN,LA,Cincinnati Bengals,Los Angeles Rams,19.0,16.0,3.0,HOME_WIN,1,False,1,0,False,20:15,Monday,Paycor Stadium,outdoors,fieldturf,8,8
2023_03_PHI_TB,2023,3,2023-09-25,TRAIN,TB,PHI,Tampa Bay Buccaneers,Philadelphia Eagles,11.0,25.0,-14.0,AWAY_WIN,0,False,1,0,False,19:15,Monday,Raymond James Stadium,outdoors,grass,8,11
2023_04_DET_GB,2023,4,2023-09-28,TRAIN,GB,DET,Green Bay Packers,Detroit Lions,20.0,34.0,-14.0,AWAY_WIN,0,False,1,0,False,20:15,Thursday,Lambeau Field,outdoors,grass,4,4
2023_04_ARI_SF,2023,4,2023-10-01,TRAIN,SF,ARI,San Francisco 49ers,Arizona Cardinals,35.0,16.0,19.0,HOME_WIN,1,False,1,0,False,16:25,Sunday,Levi's Stadium,outdoors,grass,10,7
2023_04_ATL_JAX,2023,4,2023-10-01,TRAIN,JAX,ATL,Jacksonville Jaguars,Atlanta Falcons,23.0,7.0,16.0,HOME_WIN,1,False,1,0,True,09:30,Sunday,Wembley Stadium,outdoors,,7,7
2023_04_BAL_CLE,2023,4,2023-10-01,TRAIN,CLE,BAL,Cleveland Browns,Baltimore Ravens,3.0,28.0,-25.0,AWAY_WIN,0,False,1,0,False,13:00,Sunday,FirstEnergy Stadium,outdoors,grass,7,7
2023_04_CIN_TEN,2023,4,2023-10-01,TRAIN,TEN,CIN,Tennessee Titans,Cincinnati Bengals,27.0,3.0,24.0,HOME_WIN,1,False,1,0,False,13:00,Sunday,Nissan Stadium,outdoors,grass,7,6
2023_04_DEN_CHI,2023,4,2023-10-01,TRAIN,CHI,DEN,Chicago Bears,Denver Broncos,28.0,31.0,-3.0,AWAY_WIN,0,False,1,0,False,13:00,Sunday,Soldier Field,outdoors,grass,7,7
2023_04_KC_NYJ,2023,4,2023-10-01,TRAIN,NYJ,KC,New York Jets,Kansas City Chiefs,20.0,23.0,-3.0,AWAY_WIN,0,False,1,0,False,20:20,Sunday,MetLife Stadium,outdoors,fieldturf,7,7
2023_04_LA_IND,2023,4,2023-10-01,TRAIN,IND,LA,Indianapolis Colts,Los Angeles Rams,23.0,29.0,-6.0,AWAY_WIN,0,False,1,0,False,13:00,Sunday,Lucas Oil Stadium,open,fieldturf,7,6
2023_04_LV_LAC,2023,4,2023-10-01,TRAIN,LAC,LV,Los Angeles Chargers,Las Vegas Raiders,24.0,17.0,7.0,HOME_WIN,1,False,1,0,False,16:05,Sunday,SoFi Stadium,dome,matrixturf,7,7
2023_04_MIA_BUF,2023,4,2023-10-01,TRAIN,BUF,MIA,Buffalo Bills,Miami Dolphins,48.0,20.0,28.0,HOME_WIN,1,False,1,0,False,13:00,Sunday,New Era Field,outdoors,a_turf,7,7
2023_04_MIN_CAR,2023,4,2023-10-01,TRAIN,CAR,MIN,Carolina Panthers,Minnesota Vikings,13.0,21.0,-8.0,AWAY_WIN,0,False,1,0,False,13:00,Sunday,Bank of America Stadium,outdoors,grass,7,7
2023_04_NE_DAL,2023,4,2023-10-01,TRAIN,DAL,NE,Dallas Cowboys,New England Patriots,38.0,3.0,35.0,HOME_WIN,1,False,1,0,False,16:25,Sunday,AT&T Stadium,closed,matrixturf,7,7
2023_04_PIT_HOU,2023,4,2023-10-01,TRAIN,HOU,PIT,Houston Texans,Pittsburgh Steelers,30.0,6.0,24.0,HOME_WIN,1,False,1,0,False,13:00,Sunday,NRG Stadium,open,astroturf,7,7
2023_04_TB_NO,2023,4,2023-10-01,TRAIN,NO,TB,New Orleans Saints,Tampa Bay Buccaneers,9.0,26.0,-17.0,AWAY_WIN,0,False,1,0,False,13:00,Sunday,Mercedes-Benz Superdome,dome,sportturf,7,6
2023_04_WAS_PHI,2023,4,2023-10-01,TRAIN,PHI,WAS,Philadelphia Eagles,Washington Commanders,34.0,31.0,3.0,HOME_WIN,1,False,1,0,False,13:00,Sunday,Lincoln Financial Field,outdoors,grass,6,7
2023_04_SEA_NYG,2023,4,2023-10-02,TRAIN,NYG,SEA,New York Giants,Seattle Seahawks,3.0,24.0,-21.0,AWAY_WIN,0,False,1,0,False,20:15,Monday,MetLife Stadium,outdoors,fieldturf,11,8
2023_05_CHI_WAS,2023,5,2023-10-05,TRAIN,WAS,CHI,Washington Commanders,Chicago Bears,20.0,40.0,-20.0,AWAY_WIN,0,False,1,0,False,20:15,Thursday,FedExField,outdoors,grass,4,4
2023_05_BAL_PIT,2023,5,2023-10-08,TRAIN,PIT,BAL,Pittsburgh Steelers,Baltimore Ravens,17.0,10.0,7.0,HOME_WIN,1,False,1,0,False,13:00,Sunday,Acrisure Stadium,outdoors,grass,7,7
2023_05_CAR_DET,2023,5,2023-10-08,TRAIN,DET,CAR,Detroit Lions,Carolina Panthers,42.0,24.0,18.0,HOME_WIN,1,False,1,0,False,13:00,Sunday,Ford Field,dome,fieldturf,10,7
2023_05_CIN_ARI,2023,5,2023-10-08,TRAIN,ARI,CIN,Arizona Cardinals,Cincinnati Bengals,20.0,34.0,-14.0,AWAY_WIN,0,False,1,0,False,16:05,Sunday,State Farm Stadium,closed,grass,7,7
2023_05_DAL_SF,2023,5,2023-10-08,TRAIN,SF,DAL,San Francisco 49ers,Dallas Cowboys,42.0,10.0,32.0,HOME_WIN,1,False,1,0,False,20:20,Sunday,Levi's Stadium,outdoors,grass,7,7
2023_05_HOU_ATL,2023,5,2023-10-08,TRAIN,ATL,HOU,Atlanta Falcons,Houston Texans,21.0,19.0,2.0,HOME_WIN,1,False,1,0,False,13:00,Sunday,Mercedes-Benz Stadium,open,fieldturf,7,7
2023_05_JAX_BUF,2023,5,2023-10-08,TRAIN,BUF,JAX,Buffalo Bills,Jacksonville Jaguars,20.0,25.0,-5.0,AWAY_WIN,0,False,1,0,True,09:30,Sunday,Tottenham Stadium,outdoors,,7,7
2023_05_KC_MIN,2023,5,2023-10-08,TRAIN,MIN,KC,Minnesota Vikings,Kansas City Chiefs,20.0,27.0,-7.0,AWAY_WIN,0,False,1,0,False,16:25,Sunday,U.S. Bank Stadium,dome,sportturf,7,7
2023_05_NO_NE,2023,5,2023-10-08,TRAIN,NE,NO,New England Patriots,New Orleans Saints,0.0,34.0,-34.0,AWAY_WIN,0,False,1,0,False,13:00,Sunday,Gillette Stadium,outdoors,fieldturf,7,7
2023_05_NYG_MIA,2023,5,2023-10-08,TRAIN,MIA,NYG,Miami Dolphins,New York Giants,31.0,16.0,15.0,HOME_WIN,1,False,1,0,False,13:00,Sunday,Hard Rock Stadium,outdoors,grass,7,6
2023_05_NYJ_DEN,2023,5,2023-10-08,TRAIN,DEN,NYJ,Denver Broncos,New York Jets,21.0,31.0,-10.0,AWAY_WIN,0,False,1,0,False,16:25,Sunday,Empower Field at Mile High,outdoors,grass,7,7
2023_05_PHI_LA,2023,5,2023-10-08,TRAIN,LA,PHI,Los Angeles Rams,Philadelphia Eagles,14.0,23.0,-9.0,AWAY_WIN,0,False,1,0,False,16:05,Sunday,SoFi Stadium,dome,matrixturf,7,7
2023_05_TEN_IND,2023,5,2023-10-08,TRAIN,IND,TEN,Indianapolis Colts,Tennessee Titans,23.0,16.0,7.0,HOME_WIN,1,False,1,0,False,13:00,Sunday,Lucas Oil Stadium,open,fieldturf,7,7
2023_05_GB_LV,2023,5,2023-10-09,TRAIN,LV,GB,Las Vegas Raiders,Green Bay Packers,17.0,13.0,4.0,HOME_WIN,1,False,1,0,False,20:15,Monday,Allegiant Stadium,dome,grass,8,11
2023_06_DEN_KC,2023,6,2023-10-12,TRAIN,KC,DEN,Kansas City Chiefs,Denver Broncos,19.0,8.0,11.0,HOME_WIN,1,False,1,0,False,20:15,Thursday,GEHA Field at Arrowhead Stadium,outdoors,grass,4,4
2023_06_ARI_LA,2023,6,2023-10-15,TRAIN,LA,ARI,Los Angeles Rams,Arizona Cardinals,26.0,9.0,17.0,HOME_WIN,1,False,1,0,False,16:25,Sunday,SoFi Stadium,dome,matrixturf,7,7
2023_06_BAL_TEN,2023,6,2023-10-15,TRAIN,TEN,BAL,Tennessee Titans,Baltimore Ravens,16.0,24.0,-8.0,AWAY_WIN,0,False,1,0,True,09:30,Sunday,Tottenham Stadium,outdoors,,7,7
2023_06_CAR_MIA,2023,6,2023-10-15,TRAIN,MIA,CAR,Miami Dolphins,Carolina Panthers,42.0,21.0,21.0,HOME_WIN,1,False,1,0,False,13:00,Sunday,Hard Rock Stadium,outdoors,grass,7,7
2023_06_DET_TB,2023,6,2023-10-15,TRAIN,TB,DET,Tampa Bay Buccaneers,Detroit Lions,6.0,20.0,-14.0,AWAY_WIN,0,False,1,0,False,16:25,Sunday,Raymond James Stadium,outdoors,grass,14,7
2023_06_IND_JAX,2023,6,2023-10-15,TRAIN,JAX,IND,Jacksonville Jaguars,Indianapolis Colts,37.0,20.0,17.0,HOME_WIN,1,False,1,0,False,13:00,Sunday,TIAA Bank Stadium,outdoors,grass,7,7
2023_06_MIN_CHI,2023,6,2023-10-15,TRAIN,CHI,MIN,Chicago Bears,Minnesota Vikings,13.0,19.0,-6.0,AWAY_WIN,0,False,1,0,False,13:00,Sunday,Soldier Field,outdoors,grass,10,7
2023_06_NE_LV,2023,6,2023-10-15,TRAIN,LV,NE,Las Vegas Raiders,New England Patriots,21.0,17.0,4.0,HOME_WIN,1,False,1,0,False,16:05,Sunday,Allegiant Stadium,dome,grass,6,7
2023_06_NO_HOU,2023,6,2023-10-15,TRAIN,HOU,NO,Houston Texans,New Orleans Saints,20.0,13.0,7.0,HOME_WIN,1,False,1,0,False,13:00,Sunday,NRG Stadium,closed,astroturf,7,7
2023_06_NYG_BUF,2023,6,2023-10-15,TRAIN,BUF,NYG,Buffalo Bills,New York Giants,14.0,9.0,5.0,HOME_WIN,1,False,1,0,False,20:20,Sunday,New Era Field,outdoors,a_turf,7,7
2023_06_PHI_NYJ,2023,6,2023-10-15,TRAIN,NYJ,PHI,New York Jets,Philadelphia Eagles,20.0,14.0,6.0,HOME_WIN,1,False,1,0,False,16:25,Sunday,MetLife Stadium,outdoors,fieldturf,7,7
2023_06_SEA_CIN,2023,6,2023-10-15,TRAIN,CIN,SEA,Cincinnati Bengals,Seattle Seahawks,17.0,13.0,4.0,HOME_WIN,1,False,1,0,False,13:00,Sunday,Paycor Stadium,outdoors,fieldturf,7,13
2023_06_SF_CLE,2023,6,2023-10-15,TRAIN,CLE,SF,Cleveland Browns,San Francisco 49ers,19.0,17.0,2.0,HOME_WIN,1,False,1,0,False,13:00,Sunday,FirstEnergy Stadium,outdoors,grass,14,7
2023_06_WAS_ATL,2023,6,2023-10-15,TRAIN,ATL,WAS,Atlanta Falcons,Washington Commanders,16.0,24.0,-8.0,AWAY_WIN,0,False,1,0,False,13:00,Sunday,Mercedes-Benz Stadium,closed,fieldturf,7,10
2023_06_DAL_LAC,2023,6,2023-10-16,TRAIN,LAC,DAL,Los Angeles Chargers,Dallas Cowboys,17.0,20.0,-3.0,AWAY_WIN,0,False,1,0,False,20:15,Monday,SoFi Stadium,dome,matrixturf,15,8
2023_07_JAX_NO,2023,7,2023-10-19,TRAIN,NO,JAX,New Orleans Saints,Jacksonville Jaguars,24.0,31.0,-7.0,AWAY_WIN,0,False,1,0,False,20:15,Thursday,Mercedes-Benz Superdome,dome,sportturf,4,4
2023_07_ARI_SEA,2023,7,2023-10-22,TRAIN,SEA,ARI,Seattle Seahawks,Arizona Cardinals,20.0,10.0,10.0,HOME_WIN,1,False,1,0,False,16:05,Sunday,Lumen Field,outdoors,fieldturf,7,7
2023_07_ATL_TB,2023,7,2023-10-22,TRAIN,TB,ATL,Tampa Bay Buccaneers,Atlanta Falcons,13.0,16.0,-3.0,AWAY_WIN,0,False,1,0,False,13:00,Sunday,Raymond James Stadium,outdoors,grass,7,7
2023_07_BUF_NE,2023,7,2023-10-22,TRAIN,NE,BUF,New England Patriots,Buffalo Bills,29.0,25.0,4.0,HOME_WIN,1,False,1,0,False,13:00,Sunday,Gillette Stadium,outdoors,fieldturf,7,7
2023_07_CLE_IND,2023,7,2023-10-22,TRAIN,IND,CLE,Indianapolis Colts,Cleveland Browns,38.0,39.0,-1.0,AWAY_WIN,0,False,1,0,False,13:00,Sunday,Lucas Oil Stadium,open,fieldturf,7,7
2023_07_DET_BAL,2023,7,2023-10-22,TRAIN,BAL,DET,Baltimore Ravens,Detroit Lions,38.0,6.0,32.0,HOME_WIN,1,False,1,0,False,13:00,Sunday,M&T Bank Stadium,outdoors,grass,7,7
2023_07_GB_DEN,2023,7,2023-10-22,TRAIN,DEN,GB,Denver Broncos,Green Bay Packers,19.0,17.0,2.0,HOME_WIN,1,False,1,0,False,16:25,Sunday,Empower Field at Mile High,outdoors,grass,10,13
2023_07_LAC_KC,2023,7,2023-10-22,TRAIN,KC,LAC,Kansas City Chiefs,Los Angeles Chargers,31.0,17.0,14.0,HOME_WIN,1,False,1,0,False,16:25,Sunday,GEHA Field at Arrowhead Stadium,outdoors,grass,10,6
2023_07_LV_CHI,2023,7,2023-10-22,TRAIN,CHI,LV,Chicago Bears,Las Vegas Raiders,30.0,12.0,18.0,HOME_WIN,1,False,1,0,False,13:00,Sunday,Soldier Field,outdoors,grass,7,7
2023_07_MIA_PHI,2023,7,2023-10-22,TRAIN,PHI,MIA,Philadelphia Eagles,Miami Dolphins,31.0,17.0,14.0,HOME_WIN,1,False,1,0,False,20:20,Sunday,Lincoln Financial Field,outdoors,grass,7,7
2023_07_PIT_LA,2023,7,2023-10-22,TRAIN,LA,PIT,Los Angeles Rams,Pittsburgh Steelers,17.0,24.0,-7.0,AWAY_WIN,0,False,1,0,False,16:05,Sunday,SoFi Stadium,dome,matrixturf,7,14
2023_07_WAS_NYG,2023,7,2023-10-22,TRAIN,NYG,WAS,New York Giants,Washington Commanders,14.0,7.0,7.0,HOME_WIN,1,False,1,0,False,13:00,Sunday,MetLife Stadium,outdoors,fieldturf,7,7
2023_07_SF_MIN,2023,7,2023-10-23,TRAIN,MIN,SF,Minnesota Vikings,San Francisco 49ers,22.0,17.0,5.0,HOME_WIN,1,False,1,0,False,20:15,Monday,U.S. Bank Stadium,dome,sportturf,8,8
2023_08_TB_BUF,2023,8,2023-10-26,TRAIN,BUF,TB,Buffalo Bills,Tampa Bay Buccaneers,24.0,18.0,6.0,HOME_WIN,1,False,1,0,False,20:15,Thursday,New Era Field,outdoors,a_turf,4,4
2023_08_ATL_TEN,2023,8,2023-10-29,TRAIN,TEN,ATL,Tennessee Titans,Atlanta Falcons,28.0,23.0,5.0,HOME_WIN,1,False,1,0,False,13:00,Sunday,Nissan Stadium,outdoors,grass,14,7
2023_08_BAL_ARI,2023,8,2023-10-29,TRAIN,ARI,BAL,Arizona Cardinals,Baltimore Ravens,24.0,31.0,-7.0,AWAY_WIN,0,False,1,0,False,16:25,Sunday,State Farm Stadium,closed,grass,7,7
2023_08_CHI_LAC,2023,8,2023-10-29,TRAIN,LAC,CHI,Los Angeles Chargers,Chicago Bears,30.0,13.0,17.0,HOME_WIN,1,False,1,0,False,20:20,Sunday,SoFi Stadium,dome,matrixturf,7,7
2023_08_CIN_SF,2023,8,2023-10-29,TRAIN,SF,CIN,San Francisco 49ers,Cincinnati Bengals,17.0,31.0,-14.0,AWAY_WIN,0,False,1,0,False,16:25,Sunday,Levi's Stadium,outdoors,grass,6,14
2023_08_CLE_SEA,2023,8,2023-10-29,TRAIN,SEA,CLE,Seattle Seahawks,Cleveland Browns,24.0,20.0,4.0,HOME_WIN,1,False,1,0,False,16:05,Sunday,Lumen Field,outdoors,fieldturf,7,7
2023_08_HOU_CAR,2023,8,2023-10-29,TRAIN,CAR,HOU,Carolina Panthers,Houston Texans,15.0,13.0,2.0,HOME_WIN,1,False,1,0,False,13:00,Sunday,Bank of America Stadium,outdoors,grass,14,14
2023_08_JAX_PIT,2023,8,2023-10-29,TRAIN,PIT,JAX,Pittsburgh Steelers,Jacksonville Jaguars,10.0,20.0,-10.0,AWAY_WIN,0,False,1,0,False,13:00,Sunday,Acrisure Stadium,outdoors,grass,7,10
2023_08_KC_DEN,2023,8,2023-10-29,TRAIN,DEN,KC,Denver Broncos,Kansas City Chiefs,24.0,9.0,15.0,HOME_WIN,1,False,1,0,False,16:25,Sunday,Empower Field at Mile High,outdoors,grass,7,7
2023_08_LA_DAL,2023,8,2023-10-29,TRAIN,DAL,LA,Dallas Cowboys,Los Angeles Rams,43.0,20.0,23.0,HOME_WIN,1,False,1,0,False,13:00,Sunday,AT&T Stadium,closed,matrixturf,13,7
2023_08_MIN_GB,2023,8,2023-10-29,TRAIN,GB,MIN,Green Bay Packers,Minnesota Vikings,10.0,24.0,-14.0,AWAY_WIN,0,False,1,0,False,13:00,Sunday,Lambeau Field,outdoors,grass,7,6
2023_08_NE_MIA,2023,8,2023-10-29,TRAIN,MIA,NE,Miami Dolphins,New England Patriots,31.0,17.0,14.0,HOME_WIN,1,False,1,0,False,13:00,Sunday,Hard Rock Stadium,outdoors,grass,7,7
2023_08_NO_IND,2023,8,2023-10-29,TRAIN,IND,NO,Indianapolis Colts,New Orleans Saints,27.0,38.0,-11.0,AWAY_WIN,0,False,1,0,False,13:00,Sunday,Lucas Oil Stadium,closed,fieldturf,7,10
2023_08_NYJ_NYG,2023,8,2023-10-29,TRAIN,NYG,NYJ,New York Giants,New York Jets,10.0,13.0,-3.0,AWAY_WIN,0,False,1,0,False,13:00,Sunday,MetLife Stadium,outdoors,fieldturf,7,14
2023_08_PHI_WAS,2023,8,2023-10-29,TRAIN,WAS,PHI,Washington Commanders,Philadelphia Eagles,31.0,38.0,-7.0,AWAY_WIN,0,False,1,0,False,13:00,Sunday,FedExField,outdoors,grass,7,7
2023_08_LV_DET,2023,8,2023-10-30,TRAIN,DET,LV,Detroit Lions,Las Vegas Raiders,26.0,14.0,12.0,HOME_WIN,1,False,1,0,False,20:15,Monday,Ford Field,dome,fieldturf,8,8
2023_09_TEN_PIT,2023,9,2023-11-02,TRAIN,PIT,TEN,Pittsburgh Steelers,Tennessee Titans,20.0,16.0,4.0,HOME_WIN,1,False,1,0,False,20:15,Thursday,Acrisure Stadium,outdoors,grass,4,4
2023_09_ARI_CLE,2023,9,2023-11-05,TRAIN,CLE,ARI,Cleveland Browns,Arizona Cardinals,27.0,0.0,27.0,HOME_WIN,1,False,1,0,False,13:00,Sunday,FirstEnergy Stadium,outdoors,grass,7,7
2023_09_BUF_CIN,2023,9,2023-11-05,TRAIN,CIN,BUF,Cincinnati Bengals,Buffalo Bills,24.0,18.0,6.0,HOME_WIN,1,False,1,0,False,20:20,Sunday,Paycor Stadium,outdoors,fieldturf,7,10
2023_09_CHI_NO,2023,9,2023-11-05,TRAIN,NO,CHI,New Orleans Saints,Chicago Bears,24.0,17.0,7.0,HOME_WIN,1,False,1,0,False,13:00,Sunday,Mercedes-Benz Superdome,dome,sportturf,7,7
2023_09_DAL_PHI,2023,9,2023-11-05,TRAIN,PHI,DAL,Philadelphia Eagles,Dallas Cowboys,28.0,23.0,5.0,HOME_WIN,1,False,1,0,False,16:25,Sunday,Lincoln Financial Field,outdoors,grass,7,7
2023_09_IND_CAR,2023,9,2023-11-05,TRAIN,CAR,IND,Carolina Panthers,Indianapolis Colts,13.0,27.0,-14.0,AWAY_WIN,0,False,1,0,False,16:05,Sunday,Bank of America Stadium,outdoors,grass,7,7
2023_09_LA_GB,2023,9,2023-11-05,TRAIN,GB,LA,Green Bay Packers,Los Angeles Rams,20.0,3.0,17.0,HOME_WIN,1,False,1,0,False,13:00,Sunday,Lambeau Field,outdoors,grass,7,7
2023_09_MIA_KC,2023,9,2023-11-05,TRAIN,KC,MIA,Kansas City Chiefs,Miami Dolphins,21.0,14.0,7.0,HOME_WIN,1,False,1,0,True,09:30,Sunday,Deutsche Bank Park,outdoors,grass,7,7
2023_09_MIN_ATL,2023,9,2023-11-05,TRAIN,ATL,MIN,Atlanta Falcons,Minnesota Vikings,28.0,31.0,-3.0,AWAY_WIN,0,False,1,0,False,13:00,Sunday,Mercedes-Benz Stadium,open,fieldturf,7,7
2023_09_NYG_LV,2023,9,2023-11-05,TRAIN,LV,NYG,Las Vegas Raiders,New York Giants,30.0,6.0,24.0,HOME_WIN,1,False,1,0,False,16:25,Sunday,Allegiant Stadium,dome,grass,6,7
2023_09_SEA_BAL,2023,9,2023-11-05,TRAIN,BAL,SEA,Baltimore Ravens,Seattle Seahawks,37.0,3.0,34.0,HOME_WIN,1,False,1,0,False,13:00,Sunday,M&T Bank Stadium,outdoors,grass,7,7
2023_09_TB_HOU,2023,9,2023-11-05,TRAIN,HOU,TB,Houston Texans,Tampa Bay Buccaneers,39.0,37.0,2.0,HOME_WIN,1,False,1,0,False,13:00,Sunday,NRG Stadium,closed,astroturf,7,10
2023_09_WAS_NE,2023,9,2023-11-05,TRAIN,NE,WAS,New England Patriots,Washington Commanders,17.0,20.0,-3.0,AWAY_WIN,0,False,1,0,False,13:00,Sunday,Gillette Stadium,outdoors,fieldturf,7,7
2023_09_LAC_NYJ,2023,9,2023-11-06,TRAIN,NYJ,LAC,New York Jets,Los Angeles Chargers,6.0,27.0,-21.0,AWAY_WIN,0,False,1,0,False,20:15,Monday,MetLife Stadium,outdoors,fieldturf,8,8
2023_10_CAR_CHI,2023,10,2023-11-09,TRAIN,CHI,CAR,Chicago Bears,Carolina Panthers,16.0,13.0,3.0,HOME_WIN,1,False,1,0,False,20:15,Thursday,Soldier Field,outdoors,grass,4,4
2023_10_ATL_ARI,2023,10,2023-11-12,TRAIN,ARI,ATL,Arizona Cardinals,Atlanta Falcons,25.0,23.0,2.0,HOME_WIN,1,False,1,0,False,16:05,Sunday,State Farm Stadium,closed,grass,7,7
2023_10_CLE_BAL,2023,10,2023-11-12,TRAIN,BAL,CLE,Baltimore Ravens,Cleveland Browns,31.0,33.0,-2.0,AWAY_WIN,0,False,1,0,False,13:00,Sunday,M&T Bank Stadium,outdoors,grass,7,7
2023_10_DET_LAC,2023,10,2023-11-12,TRAIN,LAC,DET,Los Angeles Chargers,Detroit Lions,38.0,41.0,-3.0,AWAY_WIN,0,False,1,0,False,16:05,Sunday,SoFi Stadium,dome,matrixturf,6,13
2023_10_GB_PIT,2023,10,2023-11-12,TRAIN,PIT,GB,Pittsburgh Steelers,Green Bay Packers,23.0,19.0,4.0,HOME_WIN,1,False,1,0,False,13:00,Sunday,Acrisure Stadium,outdoors,grass,10,7
2023_10_HOU_CIN,2023,10,2023-11-12,TRAIN,CIN,HOU,Cincinnati Bengals,Houston Texans,27.0,30.0,-3.0,AWAY_WIN,0,False,1,0,False,13:00,Sunday,Paycor Stadium,outdoors,fieldturf,7,7
2023_10_IND_NE,2023,10,2023-11-12,TRAIN,NE,IND,New England Patriots,Indianapolis Colts,6.0,10.0,-4.0,AWAY_WIN,0,False,1,0,True,09:30,Sunday,Deutsche Bank Park,outdoors,grass,7,7
2023_10_NO_MIN,2023,10,2023-11-12,TRAIN,MIN,NO,Minnesota Vikings,New Orleans Saints,27.0,19.0,8.0,HOME_WIN,1,False,1,0,False,13:00,Sunday,U.S. Bank Stadium,dome,sportturf,7,7
2023_10_NYG_DAL,2023,10,2023-11-12,TRAIN,DAL,NYG,Dallas Cowboys,New York Giants,49.0,17.0,32.0,HOME_WIN,1,False,1,0,False,16:25,Sunday,AT&T Stadium,closed,matrixturf,7,7
2023_10_NYJ_LV,2023,10,2023-11-12,TRAIN,LV,NYJ,Las Vegas Raiders,New York Jets,16.0,12.0,4.0,HOME_WIN,1,False,1,0,False,20:20,Sunday,Allegiant Stadium,dome,grass,7,6
2023_10_SF_JAX,2023,10,2023-11-12,TRAIN,JAX,SF,Jacksonville Jaguars,San Francisco 49ers,3.0,34.0,-31.0,AWAY_WIN,0,False,1,0,False,13:00,Sunday,TIAA Bank Stadium,outdoors,grass,14,14
2023_10_TEN_TB,2023,10,2023-11-12,TRAIN,TB,TEN,Tampa Bay Buccaneers,Tennessee Titans,20.0,6.0,14.0,HOME_WIN,1,False,1,0,False,13:00,Sunday,Raymond James Stadium,outdoors,grass,7,10
2023_10_WAS_SEA,2023,10,2023-11-12,TRAIN,SEA,WAS,Seattle Seahawks,Washington Commanders,29.0,26.0,3.0,HOME_WIN,1,False,1,0,False,16:25,Sunday,Lumen Field,outdoors,fieldturf,7,7
2023_10_DEN_BUF,2023,10,2023-11-13,TRAIN,BUF,DEN,Buffalo Bills,Denver Broncos,22.0,24.0,-2.0,AWAY_WIN,0,False,1,0,False,20:15,Monday,New Era Field,outdoors,a_turf,8,15
2023_11_CIN_BAL,2023,11,2023-11-16,TRAIN,BAL,CIN,Baltimore Ravens,Cincinnati Bengals,34.0,20.0,14.0,HOME_WIN,1,False,1,0,False,20:15,Thursday,M&T Bank Stadium,outdoors,grass,4,4
2023_11_ARI_HOU,2023,11,2023-11-19,TRAIN,HOU,ARI,Houston Texans,Arizona Cardinals,21.0,16.0,5.0,HOME_WIN,1,False,1,0,False,13:00,Sunday,NRG Stadium,closed,astroturf,7,7
2023_11_CHI_DET,2023,11,2023-11-19,TRAIN,DET,CHI,Detroit Lions,Chicago Bears,31.0,26.0,5.0,HOME_WIN,1,False,1,0,False,13:00,Sunday,Ford Field,dome,fieldturf,7,10
2023_11_DAL_CAR,2023,11,2023-11-19,TRAIN,CAR,DAL,Carolina Panthers,Dallas Cowboys,10.0,33.0,-23.0,AWAY_WIN,0,False,1,0,False,13:00,Sunday,Bank of America Stadium,outdoors,grass,10,7
2023_11_LAC_GB,2023,11,2023-11-19,TRAIN,GB,LAC,Green Bay Packers,Los Angeles Chargers,23.0,20.0,3.0,HOME_WIN,1,False,1,0,False,13:00,Sunday,Lambeau Field,outdoors,grass,7,7
2023_11_LV_MIA,2023,11,2023-11-19,TRAIN,MIA,LV,Miami Dolphins,Las Vegas Raiders,20.0,13.0,7.0,HOME_WIN,1,False,1,0,False,13:00,Sunday,Hard Rock Stadium,outdoors,grass,14,7
2023_11_MIN_DEN,2023,11,2023-11-19,TRAIN,DEN,MIN,Denver Broncos,Minnesota Vikings,21.0,20.0,1.0,HOME_WIN,1,False,1,0,False,20:20,Sunday,Empower Field at Mile High,outdoors,grass,6,7
2023_11_NYG_WAS,2023,11,2023-11-19,TRAIN,WAS,NYG,Washington Commanders,New York Giants,19.0,31.0,-12.0,AWAY_WIN,0,False,1,0,False,13:00,Sunday,FedExField,outdoors,grass,7,7
2023_11_NYJ_BUF,2023,11,2023-11-19,TRAIN,BUF,NYJ,Buffalo Bills,New York Jets,32.0,6.0,26.0,HOME_WIN,1,False,1,0,False,16:25,Sunday,New Era Field,outdoors,a_turf,6,7
2023_11_PIT_CLE,2023,11,2023-11-19,TRAIN,CLE,PIT,Cleveland Browns,Pittsburgh Steelers,13.0,10.0,3.0,HOME_WIN,1,False,1,0,False,13:00,Sunday,FirstEnergy Stadium,outdoors,grass,7,7
2023_11_SEA_LA,2023,11,2023-11-19,TRAIN,LA,SEA,Los Angeles Rams,Seattle Seahawks,17.0,16.0,1.0,HOME_WIN,1,False,1,0,False,16:25,Sunday,SoFi Stadium,dome,matrixturf,14,7
2023_11_TB_SF,2023,11,2023-11-19,TRAIN,SF,TB,San Francisco 49ers,Tampa Bay Buccaneers,27.0,14.0,13.0,HOME_WIN,1,False,1,0,False,16:05,Sunday,Levi's Stadium,outdoors,grass,7,7
2023_11_TEN_JAX,2023,11,2023-11-19,TRAIN,JAX,TEN,Jacksonville Jaguars,Tennessee Titans,34.0,14.0,20.0,HOME_WIN,1,False,1,0,False,13:00,Sunday,TIAA Bank Stadium,outdoors,grass,7,7
2023_11_PHI_KC,2023,11,2023-11-20,TRAIN,KC,PHI,Kansas City Chiefs,Philadelphia Eagles,17.0,21.0,-4.0,AWAY_WIN,0,False,1,0,False,20:15,Monday,GEHA Field at Arrowhead Stadium,outdoors,grass,15,15
2023_12_GB_DET,2023,12,2023-11-23,TRAIN,DET,GB,Detroit Lions,Green Bay Packers,22.0,29.0,-7.0,AWAY_WIN,0,False,1,0,False,12:30,Thursday,Ford Field,dome,fieldturf,4,4
2023_12_SF_SEA,2023,12,2023-11-23,TRAIN,SEA,SF,Seattle Seahawks,San Francisco 49ers,13.0,31.0,-18.0,AWAY_WIN,0,False,1,0,False,20:20,Thursday,Lumen Field,outdoors,fieldturf,4,4
2023_12_WAS_DAL,2023,12,2023-11-23,TRAIN,DAL,WAS,Dallas Cowboys,Washington Commanders,45.0,10.0,35.0,HOME_WIN,1,False,1,0,False,16:30,Thursday,AT&T Stadium,closed,matrixturf,4,4
2023_12_MIA_NYJ,2023,12,2023-11-24,TRAIN,NYJ,MIA,New York Jets,Miami Dolphins,13.0,34.0,-21.0,AWAY_WIN,0,False,1,0,False,15:00,Friday,MetLife Stadium,outdoors,fieldturf,5,5
2023_12_BAL_LAC,2023,12,2023-11-26,TRAIN,LAC,BAL,Los Angeles Chargers,Baltimore Ravens,10.0,20.0,-10.0,AWAY_WIN,0,False,1,0,False,20:20,Sunday,SoFi Stadium,dome,matrixturf,7,10
2023_12_BUF_PHI,2023,12,2023-11-26,TRAIN,PHI,BUF,Philadelphia Eagles,Buffalo Bills,37.0,34.0,3.0,HOME_WIN,1,False,1,0,False,16:25,Sunday,Lincoln Financial Field,outdoors,grass,6,7
2023_12_CAR_TEN,2023,12,2023-11-26,TRAIN,TEN,CAR,Tennessee Titans,Carolina Panthers,17.0,10.0,7.0,HOME_WIN,1,False,1,0,False,13:00,Sunday,Nissan Stadium,outdoors,grass,7,7
2023_12_CLE_DEN,2023,12,2023-11-26,TRAIN,DEN,CLE,Denver Broncos,Cleveland Browns,29.0,12.0,17.0,HOME_WIN,1,False,1,0,False,16:05,Sunday,Empower Field at Mile High,outdoors,grass,7,7
2023_12_JAX_HOU,2023,12,2023-11-26,TRAIN,HOU,JAX,Houston Texans,Jacksonville Jaguars,21.0,24.0,-3.0,AWAY_WIN,0,False,1,0,False,13:00,Sunday,NRG Stadium,closed,astroturf,7,7
2023_12_KC_LV,2023,12,2023-11-26,TRAIN,LV,KC,Las Vegas Raiders,Kansas City Chiefs,17.0,31.0,-14.0,AWAY_WIN,0,False,1,0,False,16:25,Sunday,Allegiant Stadium,dome,grass,7,6
2023_12_LA_ARI,2023,12,2023-11-26,TRAIN,ARI,LA,Arizona Cardinals,Los Angeles Rams,14.0,37.0,-23.0,AWAY_WIN,0,False,1,0,False,16:05,Sunday,State Farm Stadium,closed,grass,7,7
2023_12_NE_NYG,2023,12,2023-11-26,TRAIN,NYG,NE,New York Giants,New England Patriots,10.0,7.0,3.0,HOME_WIN,1,False,1,0,False,13:00,Sunday,MetLife Stadium,outdoors,fieldturf,7,14
2023_12_NO_ATL,2023,12,2023-11-26,TRAIN,ATL,NO,Atlanta Falcons,New Orleans Saints,24.0,15.0,9.0,HOME_WIN,1,False,1,0,False,13:00,Sunday,Mercedes-Benz Stadium,closed,fieldturf,14,14
2023_12_PIT_CIN,2023,12,2023-11-26,TRAIN,CIN,PIT,Cincinnati Bengals,Pittsburgh Steelers,10.0,16.0,-6.0,AWAY_WIN,0,False,1,0,False,13:00,Sunday,Paycor Stadium,outdoors,fieldturf,10,7
2023_12_TB_IND,2023,12,2023-11-26,TRAIN,IND,TB,Indianapolis Colts,Tampa Bay Buccaneers,27.0,20.0,7.0,HOME_WIN,1,False,1,0,False,13:00,Sunday,Lucas Oil Stadium,closed,fieldturf,14,7
2023_12_CHI_MIN,2023,12,2023-11-27,TRAIN,MIN,CHI,Minnesota Vikings,Chicago Bears,10.0,12.0,-2.0,AWAY_WIN,0,False,1,0,False,20:15,Monday,U.S. Bank Stadium,dome,sportturf,8,8
2023_13_SEA_DAL,2023,13,2023-11-30,TRAIN,DAL,SEA,Dallas Cowboys,Seattle Seahawks,41.0,35.0,6.0,HOME_WIN,1,False,1,0,False,20:15,Thursday,AT&T Stadium,closed,matrixturf,7,7
2023_13_ARI_PIT,2023,13,2023-12-03,TRAIN,PIT,ARI,Pittsburgh Steelers,Arizona Cardinals,10.0,24.0,-14.0,AWAY_WIN,0,False,1,0,False,13:00,Sunday,Acrisure Stadium,outdoors,grass,7,7
2023_13_ATL_NYJ,2023,13,2023-12-03,TRAIN,NYJ,ATL,New York Jets,Atlanta Falcons,8.0,13.0,-5.0,AWAY_WIN,0,False,1,0,False,13:00,Sunday,MetLife Stadium,outdoors,fieldturf,9,7
2023_13_CAR_TB,2023,13,2023-12-03,TRAIN,TB,CAR,Tampa Bay Buccaneers,Carolina Panthers,21.0,18.0,3.0,HOME_WIN,1,False,1,0,False,16:05,Sunday,Raymond James Stadium,outdoors,grass,7,7
2023_13_CLE_LA,2023,13,2023-12-03,TRAIN,LA,CLE,Los Angeles Rams,Cleveland Browns,36.0,19.0,17.0,HOME_WIN,1,False,1,0,False,16:25,Sunday,SoFi Stadium,dome,matrixturf,7,7
2023_13_DEN_HOU,2023,13,2023-12-03,TRAIN,HOU,DEN,Houston Texans,Denver Broncos,22.0,17.0,5.0,HOME_WIN,1,False,1,0,False,13:00,Sunday,NRG Stadium,closed,astroturf,7,7
2023_13_DET_NO,2023,13,2023-12-03,TRAIN,NO,DET,New Orleans Saints,Detroit Lions,28.0,33.0,-5.0,AWAY_WIN,0,False,1,0,False,13:00,Sunday,Mercedes-Benz Superdome,dome,sportturf,7,10
2023_13_IND_TEN,2023,13,2023-12-03,TRAIN,TEN,IND,Tennessee Titans,Indianapolis Colts,28.0,31.0,-3.0,AWAY_WIN,0,False,1,0,False,13:00,Sunday,Nissan Stadium,outdoors,grass,7,7
2023_13_KC_GB,2023,13,2023-12-03,TRAIN,GB,KC,Green Bay Packers,Kansas City Chiefs,27.0,19.0,8.0,HOME_WIN,1,False,1,0,False,20:20,Sunday,Lambeau Field,outdoors,grass,10,7
2023_13_LAC_NE,2023,13,2023-12-03,TRAIN,NE,LAC,New England Patriots,Los Angeles Chargers,0.0,6.0,-6.0,AWAY_WIN,0,False,1,0,False,13:00,Sunday,Gillette Stadium,outdoors,fieldturf,7,7
2023_13_MIA_WAS,2023,13,2023-12-03,TRAIN,WAS,MIA,Washington Commanders,Miami Dolphins,15.0,45.0,-30.0,AWAY_WIN,0,False,1,0,False,13:00,Sunday,FedExField,outdoors,grass,10,9
2023_13_SF_PHI,2023,13,2023-12-03,TRAIN,PHI,SF,Philadelphia Eagles,San Francisco 49ers,19.0,42.0,-23.0,AWAY_WIN,0,False,1,0,False,16:25,Sunday,Lincoln Financial Field,outdoors,grass,7,10
2023_13_CIN_JAX,2023,13,2023-12-04,TRAIN,JAX,CIN,Jacksonville Jaguars,Cincinnati Bengals,31.0,34.0,-3.0,AWAY_WIN,0,False,1,0,False,20:15,Monday,TIAA Bank Stadium,outdoors,grass,8,8
2023_14_NE_PIT,2023,14,2023-12-07,TRAIN,PIT,NE,Pittsburgh Steelers,New England Patriots,18.0,21.0,-3.0,AWAY_WIN,0,False,1,0,False,20:15,Thursday,Acrisure Stadium,outdoors,grass,4,4
2023_14_BUF_KC,2023,14,2023-12-10,TRAIN,KC,BUF,Kansas City Chiefs,Buffalo Bills,17.0,20.0,-3.0,AWAY_WIN,0,False,1,0,False,16:25,Sunday,GEHA Field at Arrowhead Stadium,outdoors,grass,7,14
2023_14_CAR_NO,2023,14,2023-12-10,TRAIN,NO,CAR,New Orleans Saints,Carolina Panthers,28.0,6.0,22.0,HOME_WIN,1,False,1,0,False,13:00,Sunday,Mercedes-Benz Superdome,dome,sportturf,7,7
2023_14_DEN_LAC,2023,14,2023-12-10,TRAIN,LAC,DEN,Los Angeles Chargers,Denver Broncos,7.0,24.0,-17.0,AWAY_WIN,0,False,1,0,False,16:25,Sunday,SoFi Stadium,dome,matrixturf,7,7
2023_14_DET_CHI,2023,14,2023-12-10,TRAIN,CHI,DET,Chicago Bears,Detroit Lions,28.0,13.0,15.0,HOME_WIN,1,False,1,0,False,13:00,Sunday,Soldier Field,outdoors,grass,13,7
2023_14_HOU_NYJ,2023,14,2023-12-10,TRAIN,NYJ,HOU,New York Jets,Houston Texans,30.0,6.0,24.0,HOME_WIN,1,False,1,0,False,13:00,Sunday,MetLife Stadium,outdoors,fieldturf,7,7
2023_14_IND_CIN,2023,14,2023-12-10,TRAIN,CIN,IND,Cincinnati Bengals,Indianapolis Colts,34.0,14.0,20.0,HOME_WIN,1,False,1,0,False,13:00,Sunday,Paycor Stadium,outdoors,fieldturf,6,7
2023_14_JAX_CLE,2023,14,2023-12-10,TRAIN,CLE,JAX,Cleveland Browns,Jacksonville Jaguars,31.0,27.0,4.0,HOME_WIN,1,False,1,0,False,13:00,Sunday,FirstEnergy Stadium,outdoors,grass,7,6
2023_14_LA_BAL,2023,14,2023-12-10,TRAIN,BAL,LA,Baltimore Ravens,Los Angeles Rams,37.0,31.0,6.0,HOME_WIN,1,False,1,0,False,13:00,Sunday,M&T Bank Stadium,outdoors,grass,14,7
2023_14_MIN_LV,2023,14,2023-12-10,TRAIN,LV,MIN,Las Vegas Raiders,Minnesota Vikings,0.0,3.0,-3.0,AWAY_WIN,0,False,1,0,False,16:05,Sunday,Allegiant Stadium,dome,grass,14,13
2023_14_PHI_DAL,2023,14,2023-12-10,TRAIN,DAL,PHI,Dallas Cowboys,Philadelphia Eagles,33.0,13.0,20.0,HOME_WIN,1,False,1,0,False,20:20,Sunday,AT&T Stadium,closed,matrixturf,10,7
2023_14_SEA_SF,2023,14,2023-12-10,TRAIN,SF,SEA,San Francisco 49ers,Seattle Seahawks,28.0,16.0,12.0,HOME_WIN,1,False,1,0,False,16:05,Sunday,Levi's Stadium,outdoors,grass,7,10
2023_14_TB_ATL,2023,14,2023-12-10,TRAIN,ATL,TB,Atlanta Falcons,Tampa Bay Buccaneers,25.0,29.0,-4.0,AWAY_WIN,0,False,1,0,False,13:00,Sunday,Mercedes-Benz Stadium,closed,fieldturf,7,7
2023_14_GB_NYG,2023,14,2023-12-11,TRAIN,NYG,GB,New York Giants,Green Bay Packers,24.0,22.0,2.0,HOME_WIN,1,False,1,0,False,20:15,Monday,MetLife Stadium,outdoors,fieldturf,15,8
2023_14_TEN_MIA,2023,14,2023-12-11,TRAIN,MIA,TEN,Miami Dolphins,Tennessee Titans,27.0,28.0,-1.0,AWAY_WIN,0,False,1,0,False,20:15,Monday,Hard Rock Stadium,outdoors,grass,8,8
2023_15_LAC_LV,2023,15,2023-12-14,TRAIN,LV,LAC,Las Vegas Raiders,Los Angeles Chargers,63.0,21.0,42.0,HOME_WIN,1,False,1,0,False,20:15,Thursday,Allegiant Stadium,dome,grass,4,4
2023_15_DEN_DET,2023,15,2023-12-16,TRAIN,DET,DEN,Detroit Lions,Denver Broncos,42.0,17.0,25.0,HOME_WIN,1,False,1,0,False,20:15,Saturday,Ford Field,dome,fieldturf,6,6
2023_15_MIN_CIN,2023,15,2023-12-16,TRAIN,CIN,MIN,Cincinnati Bengals,Minnesota Vikings,27.0,24.0,3.0,HOME_WIN,1,False,1,0,False,13:00,Saturday,Paycor Stadium,outdoors,fieldturf,6,6
2023_15_PIT_IND,2023,15,2023-12-16,TRAIN,IND,PIT,Indianapolis Colts,Pittsburgh Steelers,30.0,13.0,17.0,HOME_WIN,1,False,1,0,False,16:30,Saturday,Lucas Oil Stadium,closed,fieldturf,6,9
2023_15_ATL_CAR,2023,15,2023-12-17,TRAIN,CAR,ATL,Carolina Panthers,Atlanta Falcons,9.0,7.0,2.0,HOME_WIN,1,False,1,0,False,13:00,Sunday,Bank of America Stadium,outdoors,grass,7,7
2023_15_BAL_JAX,2023,15,2023-12-17,TRAIN,JAX,BAL,Jacksonville Jaguars,Baltimore Ravens,7.0,23.0,-16.0,AWAY_WIN,0,False,1,0,False,20:20,Sunday,TIAA Bank Stadium,outdoors,grass,7,7
2023_15_CHI_CLE,2023,15,2023-12-17,TRAIN,CLE,CHI,Cleveland Browns,Chicago Bears,20.0,17.0,3.0,HOME_WIN,1,False,1,0,False,13:00,Sunday,FirstEnergy Stadium,outdoors,grass,7,7
2023_15_DAL_BUF,2023,15,2023-12-17,TRAIN,BUF,DAL,Buffalo Bills,Dallas Cowboys,31.0,10.0,21.0,HOME_WIN,1,False,1,0,False,16:25,Sunday,New Era Field,outdoors,a_turf,7,7
2023_15_HOU_TEN,2023,15,2023-12-17,TRAIN,TEN,HOU,Tennessee Titans,Houston Texans,16.0,19.0,-3.0,AWAY_WIN,0,False,1,0,False,13:00,Sunday,Nissan Stadium,outdoors,grass,6,7
2023_15_KC_NE,2023,15,2023-12-17,TRAIN,NE,KC,New England Patriots,Kansas City Chiefs,17.0,27.0,-10.0,AWAY_WIN,0,False,1,0,False,13:00,Sunday,Gillette Stadium,outdoors,fieldturf,10,7
2023_15_NYG_NO,2023,15,2023-12-17,TRAIN,NO,NYG,New Orleans Saints,New York Giants,24.0,6.0,18.0,HOME_WIN,1,False,1,0,False,13:00,Sunday,Mercedes-Benz Superdome,dome,sportturf,7,6
2023_15_NYJ_MIA,2023,15,2023-12-17,TRAIN,MIA,NYJ,Miami Dolphins,New York Jets,30.0,0.0,30.0,HOME_WIN,1,False,1,0,False,13:00,Sunday,Hard Rock Stadium,outdoors,grass,6,7
2023_15_SF_ARI,2023,15,2023-12-17,TRAIN,ARI,SF,Arizona Cardinals,San Francisco 49ers,29.0,45.0,-16.0,AWAY_WIN,0,False,1,0,False,16:05,Sunday,State Farm Stadium,open,grass,14,7
2023_15_TB_GB,2023,15,2023-12-17,TRAIN,GB,TB,Green Bay Packers,Tampa Bay Buccaneers,20.0,34.0,-14.0,AWAY_WIN,0,False,1,0,False,13:00,Sunday,Lambeau Field,outdoors,grass,6,7
2023_15_WAS_LA,2023,15,2023-12-17,TRAIN,LA,WAS,Los Angeles Rams,Washington Commanders,28.0,20.0,8.0,HOME_WIN,1,False,1,0,False,16:05,Sunday,SoFi Stadium,dome,matrixturf,7,14
2023_15_PHI_SEA,2023,15,2023-12-18,TRAIN,SEA,PHI,Seattle Seahawks,Philadelphia Eagles,20.0,17.0,3.0,HOME_WIN,1,False,1,0,False,20:15,Monday,Lumen Field,outdoors,fieldturf,8,8
2023_16_NO_LA,2023,16,2023-12-21,TRAIN,LA,NO,Los Angeles Rams,New Orleans Saints,30.0,22.0,8.0,HOME_WIN,1,False,1,0,False,20:15,Thursday,SoFi Stadium,dome,matrixturf,4,4
2023_16_BUF_LAC,2023,16,2023-12-23,TRAIN,LAC,BUF,Los Angeles Chargers,Buffalo Bills,22.0,24.0,-2.0,AWAY_WIN,0,False,1,0,False,20:00,Saturday,SoFi Stadium,dome,matrixturf,9,6
2023_16_CIN_PIT,2023,16,2023-12-23,TRAIN,PIT,CIN,Pittsburgh Steelers,Cincinnati Bengals,34.0,11.0,23.0,HOME_WIN,1,False,1,0,False,16:30,Saturday,Acrisure Stadium,outdoors,grass,7,7
2023_16_ARI_CHI,2023,16,2023-12-24,TRAIN,CHI,ARI,Chicago Bears,Arizona Cardinals,27.0,16.0,11.0,HOME_WIN,1,False,1,0,False,16:25,Sunday,Soldier Field,outdoors,grass,7,7
2023_16_CLE_HOU,2023,16,2023-12-24,TRAIN,HOU,CLE,Houston Texans,Cleveland Browns,22.0,36.0,-14.0,AWAY_WIN,0,False,1,0,False,13:00,Sunday,NRG Stadium,closed,astroturf,7,7
2023_16_DAL_MIA,2023,16,2023-12-24,TRAIN,MIA,DAL,Miami Dolphins,Dallas Cowboys,22.0,20.0,2.0,HOME_WIN,1,False,1,0,False,16:25,Sunday,Hard Rock Stadium,outdoors,grass,7,7
2023_16_DET_MIN,2023,16,2023-12-24,TRAIN,MIN,DET,Minnesota Vikings,Detroit Lions,24.0,30.0,-6.0,AWAY_WIN,0,False,1,0,False,13:00,Sunday,U.S. Bank Stadium,dome,sportturf,8,8
2023_16_GB_CAR,2023,16,2023-12-24,TRAIN,CAR,GB,Carolina Panthers,Green Bay Packers,30.0,33.0,-3.0,AWAY_WIN,0,False,1,0,False,13:00,Sunday,Bank of America Stadium,outdoors,grass,7,7
2023_16_IND_ATL,2023,16,2023-12-24,TRAIN,ATL,IND,Atlanta Falcons,Indianapolis Colts,29.0,10.0,19.0,HOME_WIN,1,False,1,0,False,13:00,Sunday,Mercedes-Benz Stadium,closed,fieldturf,7,8
2023_16_JAX_TB,2023,16,2023-12-24,TRAIN,TB,JAX,Tampa Bay Buccaneers,Jacksonville Jaguars,30.0,12.0,18.0,HOME_WIN,1,False,1,0,False,16:05,Sunday,Raymond James Stadium,outdoors,grass,7,7
2023_16_NE_DEN,2023,16,2023-12-24,TRAIN,DEN,NE,Denver Broncos,New England Patriots,23.0,26.0,-3.0,AWAY_WIN,0,False,1,0,False,20:15,Sunday,Empower Field at Mile High,outdoors,grass,8,7
2023_16_SEA_TEN,2023,16,2023-12-24,TRAIN,TEN,SEA,Tennessee Titans,Seattle Seahawks,17.0,20.0,-3.0,AWAY_WIN,0,False,1,0,False,13:00,Sunday,Nissan Stadium,outdoors,grass,7,6
2023_16_WAS_NYJ,2023,16,2023-12-24,TRAIN,NYJ,WAS,New York Jets,Washington Commanders,30.0,28.0,2.0,HOME_WIN,1,False,1,0,False,13:00,Sunday,MetLife Stadium,outdoors,fieldturf,7,7
2023_16_BAL_SF,2023,16,2023-12-25,TRAIN,SF,BAL,San Francisco 49ers,Baltimore Ravens,19.0,33.0,-14.0,AWAY_WIN,0,False,1,0,False,20:15,Monday,Levi's Stadium,outdoors,grass,8,8
2023_16_LV_KC,2023,16,2023-12-25,TRAIN,KC,LV,Kansas City Chiefs,Las Vegas Raiders,14.0,20.0,-6.0,AWAY_WIN,0,False,1,0,False,13:00,Monday,GEHA Field at Arrowhead Stadium,outdoors,grass,8,11
2023_16_NYG_PHI,2023,16,2023-12-25,TRAIN,PHI,NYG,Philadelphia Eagles,New York Giants,33.0,25.0,8.0,HOME_WIN,1,False,1,0,False,16:30,Monday,Lincoln Financial Field,outdoors,grass,7,8
2023_17_NYJ_CLE,2023,17,2023-12-28,TRAIN,CLE,NYJ,Cleveland Browns,New York Jets,37.0,20.0,17.0,HOME_WIN,1,False,1,0,False,20:15,Thursday,FirstEnergy Stadium,outdoors,grass,4,4
2023_17_DET_DAL,2023,17,2023-12-30,TRAIN,DAL,DET,Dallas Cowboys,Detroit Lions,20.0,19.0,1.0,HOME_WIN,1,False,1,0,False,20:15,Saturday,AT&T Stadium,closed,matrixturf,6,6
2023_17_ARI_PHI,2023,17,2023-12-31,TRAIN,PHI,ARI,Philadelphia Eagles,Arizona Cardinals,31.0,35.0,-4.0,AWAY_WIN,0,False,1,0,False,13:00,Sunday,Lincoln Financial Field,outdoors,grass,6,7
2023_17_ATL_CHI,2023,17,2023-12-31,TRAIN,CHI,ATL,Chicago Bears,Atlanta Falcons,37.0,17.0,20.0,HOME_WIN,1,False,1,0,False,13:00,Sunday,Soldier Field,outdoors,grass,7,7
2023_17_CAR_JAX,2023,17,2023-12-31,TRAIN,JAX,CAR,Jacksonville Jaguars,Carolina Panthers,26.0,0.0,26.0,HOME_WIN,1,False,1,0,False,13:00,Sunday,TIAA Bank Stadium,outdoors,grass,7,7
2023_17_CIN_KC,2023,17,2023-12-31,TRAIN,KC,CIN,Kansas City Chiefs,Cincinnati Bengals,25.0,17.0,8.0,HOME_WIN,1,False,1,0,False,16:25,Sunday,GEHA Field at Arrowhead Stadium,outdoors,grass,6,8
2023_17_GB_MIN,2023,17,2023-12-31,TRAIN,MIN,GB,Minnesota Vikings,Green Bay Packers,10.0,33.0,-23.0,AWAY_WIN,0,False,1,0,False,20:20,Sunday,U.S. Bank Stadium,dome,sportturf,7,7
2023_17_LAC_DEN,2023,17,2023-12-31,TRAIN,DEN,LAC,Denver Broncos,Los Angeles Chargers,16.0,9.0,7.0,HOME_WIN,1,False,1,0,False,16:25,Sunday,Empower Field at Mile High,outdoors,grass,7,8
2023_17_LA_NYG,2023,17,2023-12-31,TRAIN,NYG,LA,New York Giants,Los Angeles Rams,25.0,26.0,-1.0,AWAY_WIN,0,False,1,0,False,13:00,Sunday,MetLife Stadium,outdoors,fieldturf,6,10
2023_17_LV_IND,2023,17,2023-12-31,TRAIN,IND,LV,Indianapolis Colts,Las Vegas Raiders,23.0,20.0,3.0,HOME_WIN,1,False,1,0,False,13:00,Sunday,Lucas Oil Stadium,closed,fieldturf,7,6
2023_17_MIA_BAL,2023,17,2023-12-31,TRAIN,BAL,MIA,Baltimore Ravens,Miami Dolphins,56.0,19.0,37.0,HOME_WIN,1,False,1,0,False,13:00,Sunday,M&T Bank Stadium,outdoors,grass,6,7
2023_17_NE_BUF,2023,17,2023-12-31,TRAIN,BUF,NE,Buffalo Bills,New England Patriots,27.0,21.0,6.0,HOME_WIN,1,False,1,0,False,13:00,Sunday,New Era Field,outdoors,a_turf,8,7
2023_17_NO_TB,2023,17,2023-12-31,TRAIN,TB,NO,Tampa Bay Buccaneers,New Orleans Saints,13.0,23.0,-10.0,AWAY_WIN,0,False,1,0,False,13:00,Sunday,Raymond James Stadium,outdoors,grass,7,10
2023_17_PIT_SEA,2023,17,2023-12-31,TRAIN,SEA,PIT,Seattle Seahawks,Pittsburgh Steelers,23.0,30.0,-7.0,AWAY_WIN,0,False,1,0,False,16:05,Sunday,Lumen Field,outdoors,fieldturf,7,8
2023_17_SF_WAS,2023,17,2023-12-31,TRAIN,WAS,SF,Washington Commanders,San Francisco 49ers,10.0,27.0,-17.0,AWAY_WIN,0,False,1,0,False,13:00,Sunday,FedExField,outdoors,grass,7,6
2023_17_TEN_HOU,2023,17,2023-12-31,TRAIN,HOU,TEN,Houston Texans,Tennessee Titans,26.0,3.0,23.0,HOME_WIN,1,False,1,0,False,13:00,Sunday,NRG Stadium,closed,astroturf,7,7
2023_18_HOU_IND,2023,18,2024-01-06,TRAIN,IND,HOU,Indianapolis Colts,Houston Texans,19.0,23.0,-4.0,AWAY_WIN,0,False,1,0,False,20:15,Saturday,Lucas Oil Stadium,closed,fieldturf,6,6
2023_18_PIT_BAL,2023,18,2024-01-06,TRAIN,BAL,PIT,Baltimore Ravens,Pittsburgh Steelers,10.0,17.0,-7.0,AWAY_WIN,0,False,1,0,False,16:30,Saturday,M&T Bank Stadium,outdoors,grass,6,6
2023_18_ATL_NO,2023,18,2024-01-07,TRAIN,NO,ATL,New Orleans Saints,Atlanta Falcons,48.0,17.0,31.0,HOME_WIN,1,False,1,0,False,13:00,Sunday,Mercedes-Benz Superdome,dome,sportturf,7,7
2023_18_BUF_MIA,2023,18,2024-01-07,TRAIN,MIA,BUF,Miami Dolphins,Buffalo Bills,14.0,21.0,-7.0,AWAY_WIN,0,False,1,0,False,20:20,Sunday,Hard Rock Stadium,outdoors,grass,7,7
2023_18_CHI_GB,2023,18,2024-01-07,TRAIN,GB,CHI,Green Bay Packers,Chicago Bears,17.0,9.0,8.0,HOME_WIN,1,False,1,0,False,16:25,Sunday,Lambeau Field,outdoors,grass,7,7
2023_18_CLE_CIN,2023,18,2024-01-07,TRAIN,CIN,CLE,Cincinnati Bengals,Cleveland Browns,31.0,14.0,17.0,HOME_WIN,1,False,1,0,False,13:00,Sunday,Paycor Stadium,outdoors,fieldturf,7,10
2023_18_DAL_WAS,2023,18,2024-01-07,TRAIN,WAS,DAL,Washington Commanders,Dallas Cowboys,10.0,38.0,-28.0,AWAY_WIN,0,False,1,0,False,16:25,Sunday,FedExField,outdoors,grass,7,8
2023_18_DEN_LV,2023,18,2024-01-07,TRAIN,LV,DEN,Las Vegas Raiders,Denver Broncos,27.0,14.0,13.0,HOME_WIN,1,False,1,0,False,16:25,Sunday,Allegiant Stadium,dome,grass,7,7
2023_18_JAX_TEN,2023,18,2024-01-07,TRAIN,TEN,JAX,Tennessee Titans,Jacksonville Jaguars,28.0,20.0,8.0,HOME_WIN,1,False,1,0,False,13:00,Sunday,Nissan Stadium,outdoors,grass,7,7
2023_18_KC_LAC,2023,18,2024-01-07,TRAIN,LAC,KC,Los Angeles Chargers,Kansas City Chiefs,12.0,13.0,-1.0,AWAY_WIN,0,False,1,0,False,16:25,Sunday,SoFi Stadium,dome,matrixturf,7,7
2023_18_LA_SF,2023,18,2024-01-07,TRAIN,SF,LA,San Francisco 49ers,Los Angeles Rams,20.0,21.0,-1.0,AWAY_WIN,0,False,1,0,False,16:25,Sunday,Levi's Stadium,outdoors,grass,7,7
2023_18_MIN_DET,2023,18,2024-01-07,TRAIN,DET,MIN,Detroit Lions,Minnesota Vikings,30.0,20.0,10.0,HOME_WIN,1,False,1,0,False,13:00,Sunday,Ford Field,dome,fieldturf,8,7
2023_18_NYJ_NE,2023,18,2024-01-07,TRAIN,NE,NYJ,New England Patriots,New York Jets,3.0,17.0,-14.0,AWAY_WIN,0,False,1,0,False,13:00,Sunday,Gillette Stadium,outdoors,fieldturf,7,10
2023_18_PHI_NYG,2023,18,2024-01-07,TRAIN,NYG,PHI,New York Giants,Philadelphia Eagles,27.0,10.0,17.0,HOME_WIN,1,False,1,0,False,16:25,Sunday,MetLife Stadium,outdoors,fieldturf,7,7
2023_18_SEA_ARI,2023,18,2024-01-07,TRAIN,ARI,SEA,Arizona Cardinals,Seattle Seahawks,20.0,21.0,-1.0,AWAY_WIN,0,False,1,0,False,16:25,Sunday,State Farm Stadium,closed,grass,7,7
2023_18_TB_CAR,2023,18,2024-01-07,TRAIN,CAR,TB,Carolina Panthers,Tampa Bay Buccaneers,0.0,9.0,-9.0,AWAY_WIN,0,False,1,0,False,13:00,Sunday,Bank of America Stadium,outdoors,grass,7,7
2024_01_BAL_KC,2024,1,2024-09-05,VALIDATION,KC,BAL,Kansas City Chiefs,Baltimore Ravens,27.0,20.0,7.0,HOME_WIN,1,False,1,0,False,20:20,Thursday,GEHA Field at Arrowhead Stadium,outdoors,grass,7,7
2024_01_GB_PHI,2024,1,2024-09-06,VALIDATION,PHI,GB,Philadelphia Eagles,Green Bay Packers,34.0,29.0,5.0,HOME_WIN,1,False,1,0,True,20:15,Friday,Arena Corinthians,outdoors,,7,7
2024_01_ARI_BUF,2024,1,2024-09-08,VALIDATION,BUF,ARI,Buffalo Bills,Arizona Cardinals,34.0,28.0,6.0,HOME_WIN,1,False,1,0,False,13:00,Sunday,New Era Field,outdoors,a_turf,7,7
2024_01_CAR_NO,2024,1,2024-09-08,VALIDATION,NO,CAR,New Orleans Saints,Carolina Panthers,47.0,10.0,37.0,HOME_WIN,1,False,1,0,False,13:00,Sunday,Mercedes-Benz Superdome,dome,sportturf,7,7
2024_01_DAL_CLE,2024,1,2024-09-08,VALIDATION,CLE,DAL,Cleveland Browns,Dallas Cowboys,17.0,33.0,-16.0,AWAY_WIN,0,False,1,0,False,16:25,Sunday,FirstEnergy Stadium,outdoors,grass,7,7
2024_01_DEN_SEA,2024,1,2024-09-08,VALIDATION,SEA,DEN,Seattle Seahawks,Denver Broncos,26.0,20.0,6.0,HOME_WIN,1,False,1,0,False,16:05,Sunday,Lumen Field,outdoors,fieldturf,7,7
2024_01_HOU_IND,2024,1,2024-09-08,VALIDATION,IND,HOU,Indianapolis Colts,Houston Texans,27.0,29.0,-2.0,AWAY_WIN,0,False,1,0,False,13:00,Sunday,Lucas Oil Stadium,closed,fieldturf,7,7
2024_01_JAX_MIA,2024,1,2024-09-08,VALIDATION,MIA,JAX,Miami Dolphins,Jacksonville Jaguars,20.0,17.0,3.0,HOME_WIN,1,False,1,0,False,13:00,Sunday,Hard Rock Stadium,outdoors,grass,7,7
2024_01_LA_DET,2024,1,2024-09-08,VALIDATION,DET,LA,Detroit Lions,Los Angeles Rams,26.0,20.0,6.0,HOME_WIN,1,False,1,0,False,20:20,Sunday,Ford Field,dome,fieldturf,7,7
2024_01_LV_LAC,2024,1,2024-09-08,VALIDATION,LAC,LV,Los Angeles Chargers,Las Vegas Raiders,22.0,10.0,12.0,HOME_WIN,1,False,1,0,False,16:05,Sunday,SoFi Stadium,dome,matrixturf,7,7
2024_01_MIN_NYG,2024,1,2024-09-08,VALIDATION,NYG,MIN,New York Giants,Minnesota Vikings,6.0,28.0,-22.0,AWAY_WIN,0,False,1,0,False,13:00,Sunday,MetLife Stadium,outdoors,fieldturf,7,7
2024_01_NE_CIN,2024,1,2024-09-08,VALIDATION,CIN,NE,Cincinnati Bengals,New England Patriots,10.0,16.0,-6.0,AWAY_WIN,0,False,1,0,False,13:00,Sunday,Paycor Stadium,outdoors,fieldturf,7,7
2024_01_PIT_ATL,2024,1,2024-09-08,VALIDATION,ATL,PIT,Atlanta Falcons,Pittsburgh Steelers,10.0,18.0,-8.0,AWAY_WIN,0,False,1,0,False,13:00,Sunday,Mercedes-Benz Stadium,closed,fieldturf,7,7
2024_01_TEN_CHI,2024,1,2024-09-08,VALIDATION,CHI,TEN,Chicago Bears,Tennessee Titans,24.0,17.0,7.0,HOME_WIN,1,False,1,0,False,13:00,Sunday,Soldier Field,outdoors,grass,7,7
2024_01_WAS_TB,2024,1,2024-09-08,VALIDATION,TB,WAS,Tampa Bay Buccaneers,Washington Commanders,37.0,20.0,17.0,HOME_WIN,1,False,1,0,False,16:25,Sunday,Raymond James Stadium,outdoors,grass,7,7
2024_01_NYJ_SF,2024,1,2024-09-09,VALIDATION,SF,NYJ,San Francisco 49ers,New York Jets,32.0,19.0,13.0,HOME_WIN,1,False,1,0,False,20:15,Monday,Levi's Stadium,outdoors,grass,7,7
2024_02_BUF_MIA,2024,2,2024-09-12,VALIDATION,MIA,BUF,Miami Dolphins,Buffalo Bills,10.0,31.0,-21.0,AWAY_WIN,0,False,1,0,False,20:15,Thursday,Hard Rock Stadium,outdoors,grass,4,4
2024_02_CHI_HOU,2024,2,2024-09-15,VALIDATION,HOU,CHI,Houston Texans,Chicago Bears,19.0,13.0,6.0,HOME_WIN,1,False,1,0,False,20:20,Sunday,NRG Stadium,closed,astroturf,7,7
2024_02_CIN_KC,2024,2,2024-09-15,VALIDATION,KC,CIN,Kansas City Chiefs,Cincinnati Bengals,26.0,25.0,1.0,HOME_WIN,1,False,1,0,False,16:25,Sunday,GEHA Field at Arrowhead Stadium,outdoors,grass,10,7
2024_02_CLE_JAX,2024,2,2024-09-15,VALIDATION,JAX,CLE,Jacksonville Jaguars,Cleveland Browns,13.0,18.0,-5.0,AWAY_WIN,0,False,1,0,False,13:00,Sunday,TIAA Bank Stadium,outdoors,grass,7,7
2024_02_IND_GB,2024,2,2024-09-15,VALIDATION,GB,IND,Green Bay Packers,Indianapolis Colts,16.0,10.0,6.0,HOME_WIN,1,False,1,0,False,13:00,Sunday,Lambeau Field,outdoors,grass,9,7
2024_02_LAC_CAR,2024,2,2024-09-15,VALIDATION,CAR,LAC,Carolina Panthers,Los Angeles Chargers,3.0,26.0,-23.0,AWAY_WIN,0,False,1,0,False,13:00,Sunday,Bank of America Stadium,outdoors,grass,7,7
2024_02_LA_ARI,2024,2,2024-09-15,VALIDATION,ARI,LA,Arizona Cardinals,Los Angeles Rams,41.0,10.0,31.0,HOME_WIN,1,False,1,0,False,16:05,Sunday,State Farm Stadium,closed,grass,7,7
2024_02_LV_BAL,2024,2,2024-09-15,VALIDATION,BAL,LV,Baltimore Ravens,Las Vegas Raiders,23.0,26.0,-3.0,AWAY_WIN,0,False,1,0,False,13:00,Sunday,M&T Bank Stadium,outdoors,grass,10,7
2024_02_NO_DAL,2024,2,2024-09-15,VALIDATION,DAL,NO,Dallas Cowboys,New Orleans Saints,19.0,44.0,-25.0,AWAY_WIN,0,False,1,0,False,13:00,Sunday,AT&T Stadium,closed,matrixturf,7,7
2024_02_NYG_WAS,2024,2,2024-09-15,VALIDATION,WAS,NYG,Washington Commanders,New York Giants,21.0,18.0,3.0,HOME_WIN,1,False,1,0,False,13:00,Sunday,FedExField,outdoors,grass,7,7
2024_02_NYJ_TEN,2024,2,2024-09-15,VALIDATION,TEN,NYJ,Tennessee Titans,New York Jets,17.0,24.0,-7.0,AWAY_WIN,0,False,1,0,False,13:00,Sunday,Nissan Stadium,outdoors,grass,7,6
2024_02_PIT_DEN,2024,2,2024-09-15,VALIDATION,DEN,PIT,Denver Broncos,Pittsburgh Steelers,6.0,13.0,-7.0,AWAY_WIN,0,False,1,0,False,16:25,Sunday,Empower Field at Mile High,outdoors,grass,7,7
2024_02_SEA_NE,2024,2,2024-09-15,VALIDATION,NE,SEA,New England Patriots,Seattle Seahawks,20.0,23.0,-3.0,AWAY_WIN,0,False,1,0,False,13:00,Sunday,Gillette Stadium,outdoors,fieldturf,7,7
2024_02_SF_MIN,2024,2,2024-09-15,VALIDATION,MIN,SF,Minnesota Vikings,San Francisco 49ers,23.0,17.0,6.0,HOME_WIN,1,False,1,0,False,13:00,Sunday,U.S. Bank Stadium,dome,sportturf,7,6
2024_02_TB_DET,2024,2,2024-09-15,VALIDATION,DET,TB,Detroit Lions,Tampa Bay Buccaneers,16.0,20.0,-4.0,AWAY_WIN,0,False,1,0,False,13:00,Sunday,Ford Field,dome,fieldturf,7,7
2024_02_ATL_PHI,2024,2,2024-09-16,VALIDATION,PHI,ATL,Philadelphia Eagles,Atlanta Falcons,21.0,22.0,-1.0,AWAY_WIN,0,False,1,0,False,20:15,Monday,Lincoln Financial Field,outdoors,grass,10,8
2024_03_NE_NYJ,2024,3,2024-09-19,VALIDATION,NYJ,NE,New York Jets,New England Patriots,24.0,3.0,21.0,HOME_WIN,1,False,1,0,False,20:15,Thursday,MetLife Stadium,outdoors,fieldturf,4,4
2024_03_BAL_DAL,2024,3,2024-09-22,VALIDATION,DAL,BAL,Dallas Cowboys,Baltimore Ravens,25.0,28.0,-3.0,AWAY_WIN,0,False,1,0,False,16:25,Sunday,AT&T Stadium,closed,matrixturf,7,7
2024_03_CAR_LV,2024,3,2024-09-22,VALIDATION,LV,CAR,Las Vegas Raiders,Carolina Panthers,22.0,36.0,-14.0,AWAY_WIN,0,False,1,0,False,16:05,Sunday,Allegiant Stadium,dome,grass,7,7
2024_03_CHI_IND,2024,3,2024-09-22,VALIDATION,IND,CHI,Indianapolis Colts,Chicago Bears,21.0,16.0,5.0,HOME_WIN,1,False,1,0,False,13:00,Sunday,Lucas Oil Stadium,closed,fieldturf,7,7
2024_03_DEN_TB,2024,3,2024-09-22,VALIDATION,TB,DEN,Tampa Bay Buccaneers,Denver Broncos,7.0,26.0,-19.0,AWAY_WIN,0,False,1,0,False,13:00,Sunday,Raymond James Stadium,outdoors,grass,7,7
2024_03_DET_ARI,2024,3,2024-09-22,VALIDATION,ARI,DET,Arizona Cardinals,Detroit Lions,13.0,20.0,-7.0,AWAY_WIN,0,False,1,0,False,16:25,Sunday,State Farm Stadium,closed,grass,7,7
2024_03_GB_TEN,2024,3,2024-09-22,VALIDATION,TEN,GB,Tennessee Titans,Green Bay Packers,14.0,30.0,-16.0,AWAY_WIN,0,False,1,0,False,13:00,Sunday,Nissan Stadium,outdoors,grass,7,7
2024_03_HOU_MIN,2024,3,2024-09-22,VALIDATION,MIN,HOU,Minnesota Vikings,Houston Texans,34.0,7.0,27.0,HOME_WIN,1,False,1,0,False,13:00,Sunday,U.S. Bank Stadium,dome,sportturf,7,7
2024_03_KC_ATL,2024,3,2024-09-22,VALIDATION,ATL,KC,Atlanta Falcons,Kansas City Chiefs,17.0,22.0,-5.0,AWAY_WIN,0,False,1,0,False,20:20,Sunday,Mercedes-Benz Stadium,closed,fieldturf,6,7
2024_03_LAC_PIT,2024,3,2024-09-22,VALIDATION,PIT,LAC,Pittsburgh Steelers,Los Angeles Chargers,20.0,10.0,10.0,HOME_WIN,1,False,1,0,False,13:00,Sunday,Acrisure Stadium,outdoors,grass,7,7
2024_03_MIA_SEA,2024,3,2024-09-22,VALIDATION,SEA,MIA,Seattle Seahawks,Miami Dolphins,24.0,3.0,21.0,HOME_WIN,1,False,1,0,False,16:05,Sunday,Lumen Field,outdoors,fieldturf,7,10
2024_03_NYG_CLE,2024,3,2024-09-22,VALIDATION,CLE,NYG,Cleveland Browns,New York Giants,15.0,21.0,-6.0,AWAY_WIN,0,False,1,0,False,13:00,Sunday,FirstEnergy Stadium,outdoors,grass,7,7
2024_03_PHI_NO,2024,3,2024-09-22,VALIDATION,NO,PHI,New Orleans Saints,Philadelphia Eagles,12.0,15.0,-3.0,AWAY_WIN,0,False,1,0,False,13:00,Sunday,Mercedes-Benz Superdome,dome,sportturf,7,6
2024_03_SF_LA,2024,3,2024-09-22,VALIDATION,LA,SF,Los Angeles Rams,San Francisco 49ers,27.0,24.0,3.0,HOME_WIN,1,False,1,0,False,16:25,Sunday,SoFi Stadium,dome,matrixturf,7,7
2024_03_JAX_BUF,2024,3,2024-09-23,VALIDATION,BUF,JAX,Buffalo Bills,Jacksonville Jaguars,47.0,10.0,37.0,HOME_WIN,1,False,1,0,False,19:30,Monday,New Era Field,outdoors,a_turf,11,8
2024_03_WAS_CIN,2024,3,2024-09-23,VALIDATION,CIN,WAS,Cincinnati Bengals,Washington Commanders,33.0,38.0,-5.0,AWAY_WIN,0,False,1,0,False,20:15,Monday,Paycor Stadium,outdoors,fieldturf,8,8
2024_04_DAL_NYG,2024,4,2024-09-26,VALIDATION,NYG,DAL,New York Giants,Dallas Cowboys,15.0,20.0,-5.0,AWAY_WIN,0,False,1,0,False,20:15,Thursday,MetLife Stadium,outdoors,fieldturf,4,4
2024_04_BUF_BAL,2024,4,2024-09-29,VALIDATION,BAL,BUF,Baltimore Ravens,Buffalo Bills,35.0,10.0,25.0,HOME_WIN,1,False,1,0,False,20:20,Sunday,M&T Bank Stadium,outdoors,grass,7,6
2024_04_CIN_CAR,2024,4,2024-09-29,VALIDATION,CAR,CIN,Carolina Panthers,Cincinnati Bengals,24.0,34.0,-10.0,AWAY_WIN,0,False,1,0,False,13:00,Sunday,Bank of America Stadium,outdoors,grass,7,6
2024_04_CLE_LV,2024,4,2024-09-29,VALIDATION,LV,CLE,Las Vegas Raiders,Cleveland Browns,20.0,16.0,4.0,HOME_WIN,1,False,1,0,False,16:25,Sunday,Allegiant Stadium,dome,grass,7,7
2024_04_DEN_NYJ,2024,4,2024-09-29,VALIDATION,NYJ,DEN,New York Jets,Denver Broncos,9.0,10.0,-1.0,AWAY_WIN,0,False,1,0,False,13:00,Sunday,MetLife Stadium,outdoors,fieldturf,10,7
2024_04_JAX_HOU,2024,4,2024-09-29,VALIDATION,HOU,JAX,Houston Texans,Jacksonville Jaguars,24.0,20.0,4.0,HOME_WIN,1,False,1,0,False,13:00,Sunday,NRG Stadium,closed,astroturf,7,6
2024_04_KC_LAC,2024,4,2024-09-29,VALIDATION,LAC,KC,Los Angeles Chargers,Kansas City Chiefs,10.0,17.0,-7.0,AWAY_WIN,0,False,1,0,False,16:25,Sunday,SoFi Stadium,dome,matrixturf,7,7
2024_04_LA_CHI,2024,4,2024-09-29,VALIDATION,CHI,LA,Chicago Bears,Los Angeles Rams,24.0,18.0,6.0,HOME_WIN,1,False,1,0,False,13:00,Sunday,Soldier Field,outdoors,grass,7,7
2024_04_MIN_GB,2024,4,2024-09-29,VALIDATION,GB,MIN,Green Bay Packers,Minnesota Vikings,29.0,31.0,-2.0,AWAY_WIN,0,False,1,0,False,13:00,Sunday,Lambeau Field,outdoors,grass,7,7
2024_04_NE_SF,2024,4,2024-09-29,VALIDATION,SF,NE,San Francisco 49ers,New England Patriots,30.0,13.0,17.0,HOME_WIN,1,False,1,0,False,16:05,Sunday,Levi's Stadium,outdoors,grass,7,10
2024_04_NO_ATL,2024,4,2024-09-29,VALIDATION,ATL,NO,Atlanta Falcons,New Orleans Saints,26.0,24.0,2.0,HOME_WIN,1,False,1,0,False,13:00,Sunday,Mercedes-Benz Stadium,closed,fieldturf,7,7
2024_04_PHI_TB,2024,4,2024-09-29,VALIDATION,TB,PHI,Tampa Bay Buccaneers,Philadelphia Eagles,33.0,16.0,17.0,HOME_WIN,1,False,1,0,False,13:00,Sunday,Raymond James Stadium,outdoors,grass,7,7
2024_04_PIT_IND,2024,4,2024-09-29,VALIDATION,IND,PIT,Indianapolis Colts,Pittsburgh Steelers,27.0,24.0,3.0,HOME_WIN,1,False,1,0,False,13:00,Sunday,Lucas Oil Stadium,closed,fieldturf,7,7
2024_04_WAS_ARI,2024,4,2024-09-29,VALIDATION,ARI,WAS,Arizona Cardinals,Washington Commanders,14.0,42.0,-28.0,AWAY_WIN,0,False,1,0,False,16:05,Sunday,State Farm Stadium,closed,grass,7,6
2024_04_SEA_DET,2024,4,2024-09-30,VALIDATION,DET,SEA,Detroit Lions,Seattle Seahawks,42.0,29.0,13.0,HOME_WIN,1,False,1,0,False,20:15,Monday,Ford Field,dome,fieldturf,8,8
2024_04_TEN_MIA,2024,4,2024-09-30,VALIDATION,MIA,TEN,Miami Dolphins,Tennessee Titans,12.0,31.0,-19.0,AWAY_WIN,0,False,1,0,False,19:30,Monday,Hard Rock Stadium,outdoors,grass,8,8
2024_05_TB_ATL,2024,5,2024-10-03,VALIDATION,ATL,TB,Atlanta Falcons,Tampa Bay Buccaneers,36.0,30.0,6.0,HOME_WIN,1,False,1,0,False,20:15,Thursday,Mercedes-Benz Stadium,closed,fieldturf,4,4
2024_05_ARI_SF,2024,5,2024-10-06,VALIDATION,SF,ARI,San Francisco 49ers,Arizona Cardinals,23.0,24.0,-1.0,AWAY_WIN,0,False,1,0,False,16:05,Sunday,Levi's Stadium,outdoors,grass,7,7
2024_05_BAL_CIN,2024,5,2024-10-06,VALIDATION,CIN,BAL,Cincinnati Bengals,Baltimore Ravens,38.0,41.0,-3.0,AWAY_WIN,0,False,1,0,False,13:00,Sunday,Paycor Stadium,outdoors,fieldturf,7,7
2024_05_BUF_HOU,2024,5,2024-10-06,VALIDATION,HOU,BUF,Houston Texans,Buffalo Bills,23.0,20.0,3.0,HOME_WIN,1,False,1,0,False,13:00,Sunday,NRG Stadium,closed,astroturf,7,7
2024_05_CAR_CHI,2024,5,2024-10-06,VALIDATION,CHI,CAR,Chicago Bears,Carolina Panthers,36.0,10.0,26.0,HOME_WIN,1,False,1,0,False,13:00,Sunday,Soldier Field,outdoors,grass,7,7
2024_05_CLE_WAS,2024,5,2024-10-06,VALIDATION,WAS,CLE,Washington Commanders,Cleveland Browns,34.0,13.0,21.0,HOME_WIN,1,False,1,0,False,13:00,Sunday,FedExField,outdoors,grass,7,7
2024_05_DAL_PIT,2024,5,2024-10-06,VALIDATION,PIT,DAL,Pittsburgh Steelers,Dallas Cowboys,17.0,20.0,-3.0,AWAY_WIN,0,False,1,0,False,20:20,Sunday,Acrisure Stadium,outdoors,grass,7,10
2024_05_GB_LA,2024,5,2024-10-06,VALIDATION,LA,GB,Los Angeles Rams,Green Bay Packers,19.0,24.0,-5.0,AWAY_WIN,0,False,1,0,False,16:25,Sunday,SoFi Stadium,dome,matrixturf,7,7
2024_05_IND_JAX,2024,5,2024-10-06,VALIDATION,JAX,IND,Jacksonville Jaguars,Indianapolis Colts,37.0,34.0,3.0,HOME_WIN,1,False,1,0,False,13:00,Sunday,TIAA Bank Stadium,outdoors,grass,7,7
2024_05_LV_DEN,2024,5,2024-10-06,VALIDATION,DEN,LV,Denver Broncos,Las Vegas Raiders,34.0,18.0,16.0,HOME_WIN,1,False,1,0,False,16:05,Sunday,Empower Field at Mile High,outdoors,grass,7,7
2024_05_MIA_NE,2024,5,2024-10-06,VALIDATION,NE,MIA,New England Patriots,Miami Dolphins,10.0,15.0,-5.0,AWAY_WIN,0,False,1,0,False,13:00,Sunday,Gillette Stadium,outdoors,fieldturf,7,6
2024_05_NYG_SEA,2024,5,2024-10-06,VALIDATION,SEA,NYG,Seattle Seahawks,New York Giants,20.0,29.0,-9.0,AWAY_WIN,0,False,1,0,False,16:25,Sunday,Lumen Field,outdoors,fieldturf,6,10
2024_05_NYJ_MIN,2024,5,2024-10-06,VALIDATION,MIN,NYJ,Minnesota Vikings,New York Jets,23.0,17.0,6.0,HOME_WIN,1,False,1,0,True,09:30,Sunday,Tottenham Stadium,outdoors,grass,7,7
2024_05_NO_KC,2024,5,2024-10-07,VALIDATION,KC,NO,Kansas City Chiefs,New Orleans Saints,26.0,13.0,13.0,HOME_WIN,1,False,1,0,False,20:15,Monday,GEHA Field at Arrowhead Stadium,outdoors,grass,8,8
2024_06_SF_SEA,2024,6,2024-10-10,VALIDATION,SEA,SF,Seattle Seahawks,San Francisco 49ers,24.0,36.0,-12.0,AWAY_WIN,0,False,1,0,False,20:15,Thursday,Lumen Field,outdoors,fieldturf,4,4
2024_06_ARI_GB,2024,6,2024-10-13,VALIDATION,GB,ARI,Green Bay Packers,Arizona Cardinals,34.0,13.0,21.0,HOME_WIN,1,False,1,0,False,13:00,Sunday,Lambeau Field,outdoors,grass,7,7
2024_06_ATL_CAR,2024,6,2024-10-13,VALIDATION,CAR,ATL,Carolina Panthers,Atlanta Falcons,20.0,38.0,-18.0,AWAY_WIN,0,False,1,0,False,16:25,Sunday,Bank of America Stadium,outdoors,grass,7,10
2024_06_CIN_NYG,2024,6,2024-10-13,VALIDATION,NYG,CIN,New York Giants,Cincinnati Bengals,7.0,17.0,-10.0,AWAY_WIN,0,False,1,0,False,20:20,Sunday,MetLife Stadium,outdoors,fieldturf,7,7
2024_06_CLE_PHI,2024,6,2024-10-13,VALIDATION,PHI,CLE,Philadelphia Eagles,Cleveland Browns,20.0,16.0,4.0,HOME_WIN,1,False,1,0,False,13:00,Sunday,Lincoln Financial Field,outdoors,grass,14,7
2024_06_DET_DAL,2024,6,2024-10-13,VALIDATION,DAL,DET,Dallas Cowboys,Detroit Lions,9.0,47.0,-38.0,AWAY_WIN,0,False,1,0,False,16:25,Sunday,AT&T Stadium,closed,matrixturf,7,13
2024_06_HOU_NE,2024,6,2024-10-13,VALIDATION,NE,HOU,New England Patriots,Houston Texans,21.0,41.0,-20.0,AWAY_WIN,0,False,1,0,False,13:00,Sunday,Gillette Stadium,outdoors,fieldturf,7,7
2024_06_IND_TEN,2024,6,2024-10-13,VALIDATION,TEN,IND,Tennessee Titans,Indianapolis Colts,17.0,20.0,-3.0,AWAY_WIN,0,False,1,0,False,13:00,Sunday,Nissan Stadium,outdoors,grass,13,7
2024_06_JAX_CHI,2024,6,2024-10-13,VALIDATION,CHI,JAX,Chicago Bears,Jacksonville Jaguars,35.0,16.0,19.0,HOME_WIN,1,False,1,0,True,09:30,Sunday,Tottenham Stadium,outdoors,grass,7,7
2024_06_LAC_DEN,2024,6,2024-10-13,VALIDATION,DEN,LAC,Denver Broncos,Los Angeles Chargers,16.0,23.0,-7.0,AWAY_WIN,0,False,1,0,False,16:05,Sunday,Empower Field at Mile High,outdoors,grass,7,14
2024_06_PIT_LV,2024,6,2024-10-13,VALIDATION,LV,PIT,Las Vegas Raiders,Pittsburgh Steelers,13.0,32.0,-19.0,AWAY_WIN,0,False,1,0,False,16:05,Sunday,Allegiant Stadium,dome,grass,7,7
2024_06_TB_NO,2024,6,2024-10-13,VALIDATION,NO,TB,New Orleans Saints,Tampa Bay Buccaneers,27.0,51.0,-24.0,AWAY_WIN,0,False,1,0,False,13:00,Sunday,Mercedes-Benz Superdome,dome,sportturf,6,10
2024_06_WAS_BAL,2024,6,2024-10-13,VALIDATION,BAL,WAS,Baltimore Ravens,Washington Commanders,30.0,23.0,7.0,HOME_WIN,1,False,1,0,False,13:00,Sunday,M&T Bank Stadium,outdoors,grass,7,7
2024_06_BUF_NYJ,2024,6,2024-10-14,VALIDATION,NYJ,BUF,New York Jets,Buffalo Bills,20.0,23.0,-3.0,AWAY_WIN,0,False,1,0,False,20:15,Monday,MetLife Stadium,outdoors,fieldturf,8,8
2024_07_DEN_NO,2024,7,2024-10-17,VALIDATION,NO,DEN,New Orleans Saints,Denver Broncos,10.0,33.0,-23.0,AWAY_WIN,0,False,1,0,False,20:15,Thursday,Mercedes-Benz Superdome,dome,sportturf,4,4
2024_07_CAR_WAS,2024,7,2024-10-20,VALIDATION,WAS,CAR,Washington Commanders,Carolina Panthers,40.0,7.0,33.0,HOME_WIN,1,False,1,0,False,16:05,Sunday,FedExField,outdoors,grass,7,7
2024_07_CIN_CLE,2024,7,2024-10-20,VALIDATION,CLE,CIN,Cleveland Browns,Cincinnati Bengals,14.0,21.0,-7.0,AWAY_WIN,0,False,1,0,False,13:00,Sunday,FirstEnergy Stadium,outdoors,grass,7,7
2024_07_DET_MIN,2024,7,2024-10-20,VALIDATION,MIN,DET,Minnesota Vikings,Detroit Lions,29.0,31.0,-2.0,AWAY_WIN,0,False,1,0,False,13:00,Sunday,U.S. Bank Stadium,dome,sportturf,14,7
2024_07_HOU_GB,2024,7,2024-10-20,VALIDATION,GB,HOU,Green Bay Packers,Houston Texans,24.0,22.0,2.0,HOME_WIN,1,False,1,0,False,13:00,Sunday,Lambeau Field,outdoors,grass,7,7
2024_07_KC_SF,2024,7,2024-10-20,VALIDATION,SF,KC,San Francisco 49ers,Kansas City Chiefs,18.0,28.0,-10.0,AWAY_WIN,0,False,1,0,False,16:25,Sunday,Levi's Stadium,outdoors,grass,10,13
2024_07_LV_LA,2024,7,2024-10-20,VALIDATION,LA,LV,Los Angeles Rams,Las Vegas Raiders,20.0,15.0,5.0,HOME_WIN,1,False,1,0,False,16:05,Sunday,SoFi Stadium,dome,matrixturf,14,7
2024_07_MIA_IND,2024,7,2024-10-20,VALIDATION,IND,MIA,Indianapolis Colts,Miami Dolphins,16.0,10.0,6.0,HOME_WIN,1,False,1,0,False,13:00,Sunday,Lucas Oil Stadium,closed,fieldturf,7,14
2024_07_NE_JAX,2024,7,2024-10-20,VALIDATION,JAX,NE,Jacksonville Jaguars,New England Patriots,32.0,16.0,16.0,HOME_WIN,1,False,1,0,True,09:30,Sunday,Wembley Stadium,outdoors,grass,7,7
2024_07_NYJ_PIT,2024,7,2024-10-20,VALIDATION,PIT,NYJ,Pittsburgh Steelers,New York Jets,37.0,15.0,22.0,HOME_WIN,1,False,1,0,False,20:20,Sunday,Acrisure Stadium,outdoors,grass,7,6
2024_07_PHI_NYG,2024,7,2024-10-20,VALIDATION,NYG,PHI,New York Giants,Philadelphia Eagles,3.0,28.0,-25.0,AWAY_WIN,0,False,1,0,False,13:00,Sunday,MetLife Stadium,outdoors,fieldturf,7,7
2024_07_SEA_ATL,2024,7,2024-10-20,VALIDATION,ATL,SEA,Atlanta Falcons,Seattle Seahawks,14.0,34.0,-20.0,AWAY_WIN,0,False,1,0,False,13:00,Sunday,Mercedes-Benz Stadium,closed,fieldturf,7,10
2024_07_TEN_BUF,2024,7,2024-10-20,VALIDATION,BUF,TEN,Buffalo Bills,Tennessee Titans,34.0,10.0,24.0,HOME_WIN,1,False,1,0,False,13:00,Sunday,New Era Field,outdoors,a_turf,6,7
2024_07_BAL_TB,2024,7,2024-10-21,VALIDATION,TB,BAL,Tampa Bay Buccaneers,Baltimore Ravens,31.0,41.0,-10.0,AWAY_WIN,0,False,1,0,False,20:15,Monday,Raymond James Stadium,outdoors,grass,8,8
2024_07_LAC_ARI,2024,7,2024-10-21,VALIDATION,ARI,LAC,Arizona Cardinals,Los Angeles Chargers,17.0,15.0,2.0,HOME_WIN,1,False,1,0,False,21:00,Monday,State Farm Stadium,closed,grass,8,8
2024_08_MIN_LA,2024,8,2024-10-24,VALIDATION,LA,MIN,Los Angeles Rams,Minnesota Vikings,30.0,20.0,10.0,HOME_WIN,1,False,1,0,False,20:15,Thursday,SoFi Stadium,dome,matrixturf,4,4
2024_08_ARI_MIA,2024,8,2024-10-27,VALIDATION,MIA,ARI,Miami Dolphins,Arizona Cardinals,27.0,28.0,-1.0,AWAY_WIN,0,False,1,0,False,13:00,Sunday,Hard Rock Stadium,outdoors,grass,7,6
2024_08_ATL_TB,2024,8,2024-10-27,VALIDATION,TB,ATL,Tampa Bay Buccaneers,Atlanta Falcons,26.0,31.0,-5.0,AWAY_WIN,0,False,1,0,False,13:00,Sunday,Raymond James Stadium,outdoors,grass,6,7
2024_08_BAL_CLE,2024,8,2024-10-27,VALIDATION,CLE,BAL,Cleveland Browns,Baltimore Ravens,29.0,24.0,5.0,HOME_WIN,1,False,1,0,False,13:00,Sunday,FirstEnergy Stadium,outdoors,grass,7,6
2024_08_BUF_SEA,2024,8,2024-10-27,VALIDATION,SEA,BUF,Seattle Seahawks,Buffalo Bills,10.0,31.0,-21.0,AWAY_WIN,0,False,1,0,False,16:05,Sunday,Lumen Field,outdoors,fieldturf,7,7
2024_08_CAR_DEN,2024,8,2024-10-27,VALIDATION,DEN,CAR,Denver Broncos,Carolina Panthers,28.0,14.0,14.0,HOME_WIN,1,False,1,0,False,16:25,Sunday,Empower Field at Mile High,outdoors,grass,10,7
2024_08_CHI_WAS,2024,8,2024-10-27,VALIDATION,WAS,CHI,Washington Commanders,Chicago Bears,18.0,15.0,3.0,HOME_WIN,1,False,1,0,False,16:25,Sunday,FedExField,outdoors,grass,7,14
2024_08_DAL_SF,2024,8,2024-10-27,VALIDATION,SF,DAL,San Francisco 49ers,Dallas Cowboys,30.0,24.0,6.0,HOME_WIN,1,False,1,0,False,20:20,Sunday,Levi's Stadium,outdoors,grass,7,14
2024_08_GB_JAX,2024,8,2024-10-27,VALIDATION,JAX,GB,Jacksonville Jaguars,Green Bay Packers,27.0,30.0,-3.0,AWAY_WIN,0,False,1,0,False,13:00,Sunday,TIAA Bank Stadium,outdoors,grass,7,7
2024_08_IND_HOU,2024,8,2024-10-27,VALIDATION,HOU,IND,Houston Texans,Indianapolis Colts,23.0,20.0,3.0,HOME_WIN,1,False,1,0,False,13:00,Sunday,NRG Stadium,closed,astroturf,7,7
2024_08_KC_LV,2024,8,2024-10-27,VALIDATION,LV,KC,Las Vegas Raiders,Kansas City Chiefs,20.0,27.0,-7.0,AWAY_WIN,0,False,1,0,False,16:25,Sunday,Allegiant Stadium,dome,grass,7,7
2024_08_NO_LAC,2024,8,2024-10-27,VALIDATION,LAC,NO,Los Angeles Chargers,New Orleans Saints,26.0,8.0,18.0,HOME_WIN,1,False,1,0,False,16:05,Sunday,SoFi Stadium,dome,matrixturf,6,10
2024_08_NYJ_NE,2024,8,2024-10-27,VALIDATION,NE,NYJ,New England Patriots,New York Jets,25.0,22.0,3.0,HOME_WIN,1,False,1,0,False,13:00,Sunday,Gillette Stadium,outdoors,fieldturf,7,7
2024_08_PHI_CIN,2024,8,2024-10-27,VALIDATION,CIN,PHI,Cincinnati Bengals,Philadelphia Eagles,17.0,37.0,-20.0,AWAY_WIN,0,False,1,0,False,13:00,Sunday,Paycor Stadium,outdoors,fieldturf,7,7
2024_08_TEN_DET,2024,8,2024-10-27,VALIDATION,DET,TEN,Detroit Lions,Tennessee Titans,52.0,14.0,38.0,HOME_WIN,1,False,1,0,False,13:00,Sunday,Ford Field,dome,fieldturf,7,7
2024_08_NYG_PIT,2024,8,2024-10-28,VALIDATION,PIT,NYG,Pittsburgh Steelers,New York Giants,26.0,18.0,8.0,HOME_WIN,1,False,1,0,False,20:15,Monday,Acrisure Stadium,outdoors,grass,8,8
2024_09_HOU_NYJ,2024,9,2024-10-31,VALIDATION,NYJ,HOU,New York Jets,Houston Texans,21.0,13.0,8.0,HOME_WIN,1,False,1,0,False,20:15,Thursday,MetLife Stadium,outdoors,fieldturf,4,4
2024_09_CHI_ARI,2024,9,2024-11-03,VALIDATION,ARI,CHI,Arizona Cardinals,Chicago Bears,29.0,9.0,20.0,HOME_WIN,1,False,1,0,False,16:05,Sunday,State Farm Stadium,closed,grass,7,7
2024_09_DAL_ATL,2024,9,2024-11-03,VALIDATION,ATL,DAL,Atlanta Falcons,Dallas Cowboys,27.0,21.0,6.0,HOME_WIN,1,False,1,0,False,13:00,Sunday,Mercedes-Benz Stadium,closed,fieldturf,7,7
2024_09_DEN_BAL,2024,9,2024-11-03,VALIDATION,BAL,DEN,Baltimore Ravens,Denver Broncos,41.0,10.0,31.0,HOME_WIN,1,False,1,0,False,13:00,Sunday,M&T Bank Stadium,outdoors,grass,7,7
2024_09_DET_GB,2024,9,2024-11-03,VALIDATION,GB,DET,Green Bay Packers,Detroit Lions,14.0,24.0,-10.0,AWAY_WIN,0,False,1,0,False,16:25,Sunday,Lambeau Field,outdoors,grass,7,7
2024_09_IND_MIN,2024,9,2024-11-03,VALIDATION,MIN,IND,Minnesota Vikings,Indianapolis Colts,21.0,13.0,8.0,HOME_WIN,1,False,1,0,False,20:20,Sunday,U.S. Bank Stadium,dome,sportturf,10,7
2024_09_JAX_PHI,2024,9,2024-11-03,VALIDATION,PHI,JAX,Philadelphia Eagles,Jacksonville Jaguars,28.0,23.0,5.0,HOME_WIN,1,False,1,0,False,16:05,Sunday,Lincoln Financial Field,outdoors,grass,7,7
2024_09_LAC_CLE,2024,9,2024-11-03,VALIDATION,CLE,LAC,Cleveland Browns,Los Angeles Chargers,10.0,27.0,-17.0,AWAY_WIN,0,False,1,0,False,13:00,Sunday,FirstEnergy Stadium,outdoors,grass,7,7
2024_09_LA_SEA,2024,9,2024-11-03,VALIDATION,SEA,LA,Seattle Seahawks,Los Angeles Rams,20.0,26.0,-6.0,AWAY_WIN,0,False,1,0,False,16:25,Sunday,Lumen Field,outdoors,fieldturf,7,10
2024_09_LV_CIN,2024,9,2024-11-03,VALIDATION,CIN,LV,Cincinnati Bengals,Las Vegas Raiders,41.0,24.0,17.0,HOME_WIN,1,False,1,0,False,13:00,Sunday,Paycor Stadium,outdoors,fieldturf,7,7
2024_09_MIA_BUF,2024,9,2024-11-03,VALIDATION,BUF,MIA,Buffalo Bills,Miami Dolphins,30.0,27.0,3.0,HOME_WIN,1,False,1,0,False,13:00,Sunday,New Era Field,outdoors,a_turf,7,7
2024_09_NE_TEN,2024,9,2024-11-03,VALIDATION,TEN,NE,Tennessee Titans,New England Patriots,20.0,17.0,3.0,HOME_WIN,1,False,1,0,False,13:00,Sunday,Nissan Stadium,outdoors,grass,7,7
2024_09_NO_CAR,2024,9,2024-11-03,VALIDATION,CAR,NO,Carolina Panthers,New Orleans Saints,23.0,22.0,1.0,HOME_WIN,1,False,1,0,False,13:00,Sunday,Bank of America Stadium,outdoors,grass,7,7
2024_09_WAS_NYG,2024,9,2024-11-03,VALIDATION,NYG,WAS,New York Giants,Washington Commanders,22.0,27.0,-5.0,AWAY_WIN,0,False,1,0,False,13:00,Sunday,MetLife Stadium,outdoors,fieldturf,6,7
2024_09_TB_KC,2024,9,2024-11-04,VALIDATION,KC,TB,Kansas City Chiefs,Tampa Bay Buccaneers,30.0,24.0,6.0,HOME_WIN,1,False,1,0,False,20:15,Monday,GEHA Field at Arrowhead Stadium,outdoors,grass,8,8
2024_10_CIN_BAL,2024,10,2024-11-07,VALIDATION,BAL,CIN,Baltimore Ravens,Cincinnati Bengals,35.0,34.0,1.0,HOME_WIN,1,False,1,0,False,20:15,Thursday,M&T Bank Stadium,outdoors,grass,4,4
2024_10_ATL_NO,2024,10,2024-11-10,VALIDATION,NO,ATL,New Orleans Saints,Atlanta Falcons,20.0,17.0,3.0,HOME_WIN,1,False,1,0,False,13:00,Sunday,Mercedes-Benz Superdome,dome,sportturf,7,7
2024_10_BUF_IND,2024,10,2024-11-10,VALIDATION,IND,BUF,Indianapolis Colts,Buffalo Bills,20.0,30.0,-10.0,AWAY_WIN,0,False,1,0,False,13:00,Sunday,Lucas Oil Stadium,closed,fieldturf,7,7
2024_10_DEN_KC,2024,10,2024-11-10,VALIDATION,KC,DEN,Kansas City Chiefs,Denver Broncos,16.0,14.0,2.0,HOME_WIN,1,False,1,0,False,13:00,Sunday,GEHA Field at Arrowhead Stadium,outdoors,grass,6,7
2024_10_DET_HOU,2024,10,2024-11-10,VALIDATION,HOU,DET,Houston Texans,Detroit Lions,23.0,26.0,-3.0,AWAY_WIN,0,False,1,0,False,20:20,Sunday,NRG Stadium,closed,astroturf,10,7
2024_10_MIN_JAX,2024,10,2024-11-10,VALIDATION,JAX,MIN,Jacksonville Jaguars,Minnesota Vikings,7.0,12.0,-5.0,AWAY_WIN,0,False,1,0,False,13:00,Sunday,TIAA Bank Stadium,outdoors,grass,7,7
2024_10_NE_CHI,2024,10,2024-11-10,VALIDATION,CHI,NE,Chicago Bears,New England Patriots,3.0,19.0,-16.0,AWAY_WIN,0,False,1,0,False,13:00,Sunday,Soldier Field,outdoors,grass,7,7
2024_10_NYG_CAR,2024,10,2024-11-10,VALIDATION,CAR,NYG,Carolina Panthers,New York Giants,20.0,17.0,3.0,HOME_WIN,1,False,1,0,True,09:30,Sunday,Allianz Arena,outdoors,,7,7
2024_10_NYJ_ARI,2024,10,2024-11-10,VALIDATION,ARI,NYJ,Arizona Cardinals,New York Jets,31.0,6.0,25.0,HOME_WIN,1,False,1,0,False,16:25,Sunday,State Farm Stadium,closed,grass,7,10
2024_10_PHI_DAL,2024,10,2024-11-10,VALIDATION,DAL,PHI,Dallas Cowboys,Philadelphia Eagles,6.0,34.0,-28.0,AWAY_WIN,0,False,1,0,False,16:25,Sunday,AT&T Stadium,closed,matrixturf,7,7
2024_10_PIT_WAS,2024,10,2024-11-10,VALIDATION,WAS,PIT,Washington Commanders,Pittsburgh Steelers,27.0,28.0,-1.0,AWAY_WIN,0,False,1,0,False,13:00,Sunday,FedExField,outdoors,grass,7,13
2024_10_SF_TB,2024,10,2024-11-10,VALIDATION,TB,SF,Tampa Bay Buccaneers,San Francisco 49ers,20.0,23.0,-3.0,AWAY_WIN,0,False,1,0,False,13:00,Sunday,Raymond James Stadium,outdoors,grass,6,14
2024_10_TEN_LAC,2024,10,2024-11-10,VALIDATION,LAC,TEN,Los Angeles Chargers,Tennessee Titans,27.0,17.0,10.0,HOME_WIN,1,False,1,0,False,16:05,Sunday,SoFi Stadium,dome,matrixturf,7,7
2024_10_MIA_LA,2024,10,2024-11-11,VALIDATION,LA,MIA,Los Angeles Rams,Miami Dolphins,15.0,23.0,-8.0,AWAY_WIN,0,False,1,0,False,20:15,Monday,SoFi Stadium,dome,matrixturf,8,8
2024_11_WAS_PHI,2024,11,2024-11-14,VALIDATION,PHI,WAS,Philadelphia Eagles,Washington Commanders,26.0,18.0,8.0,HOME_WIN,1,False,1,0,False,20:15,Thursday,Lincoln Financial Field,outdoors,grass,4,4
2024_11_ATL_DEN,2024,11,2024-11-17,VALIDATION,DEN,ATL,Denver Broncos,Atlanta Falcons,38.0,6.0,32.0,HOME_WIN,1,False,1,0,False,16:05,Sunday,Empower Field at Mile High,outdoors,grass,7,7
2024_11_BAL_PIT,2024,11,2024-11-17,VALIDATION,PIT,BAL,Pittsburgh Steelers,Baltimore Ravens,18.0,16.0,2.0,HOME_WIN,1,False,1,0,False,13:00,Sunday,Acrisure Stadium,outdoors,grass,7,10
2024_11_CIN_LAC,2024,11,2024-11-17,VALIDATION,LAC,CIN,Los Angeles Chargers,Cincinnati Bengals,34.0,27.0,7.0,HOME_WIN,1,False,1,0,False,20:20,Sunday,SoFi Stadium,dome,matrixturf,7,10
2024_11_CLE_NO,2024,11,2024-11-17,VALIDATION,NO,CLE,New Orleans Saints,Cleveland Browns,35.0,14.0,21.0,HOME_WIN,1,False,1,0,False,13:00,Sunday,Mercedes-Benz Superdome,dome,sportturf,7,14
2024_11_GB_CHI,2024,11,2024-11-17,VALIDATION,CHI,GB,Chicago Bears,Green Bay Packers,19.0,20.0,-1.0,AWAY_WIN,0,False,1,0,False,13:00,Sunday,Soldier Field,outdoors,grass,7,14
2024_11_IND_NYJ,2024,11,2024-11-17,VALIDATION,NYJ,IND,New York Jets,Indianapolis Colts,27.0,28.0,-1.0,AWAY_WIN,0,False,1,0,False,13:00,Sunday,MetLife Stadium,outdoors,fieldturf,7,7
2024_11_JAX_DET,2024,11,2024-11-17,VALIDATION,DET,JAX,Detroit Lions,Jacksonville Jaguars,52.0,6.0,46.0,HOME_WIN,1,False,1,0,False,13:00,Sunday,Ford Field,dome,fieldturf,7,7
2024_11_KC_BUF,2024,11,2024-11-17,VALIDATION,BUF,KC,Buffalo Bills,Kansas City Chiefs,30.0,21.0,9.0,HOME_WIN,1,False,1,0,False,16:25,Sunday,New Era Field,outdoors,a_turf,7,7
2024_11_LA_NE,2024,11,2024-11-17,VALIDATION,NE,LA,New England Patriots,Los Angeles Rams,22.0,28.0,-6.0,AWAY_WIN,0,False,1,0,False,13:00,Sunday,Gillette Stadium,outdoors,fieldturf,7,6
2024_11_LV_MIA,2024,11,2024-11-17,VALIDATION,MIA,LV,Miami Dolphins,Las Vegas Raiders,34.0,19.0,15.0,HOME_WIN,1,False,1,0,False,13:00,Sunday,Hard Rock Stadium,outdoors,grass,6,14
2024_11_MIN_TEN,2024,11,2024-11-17,VALIDATION,TEN,MIN,Tennessee Titans,Minnesota Vikings,13.0,23.0,-10.0,AWAY_WIN,0,False,1,0,False,13:00,Sunday,Nissan Stadium,outdoors,grass,7,7
2024_11_SEA_SF,2024,11,2024-11-17,VALIDATION,SF,SEA,San Francisco 49ers,Seattle Seahawks,17.0,20.0,-3.0,AWAY_WIN,0,False,1,0,False,16:05,Sunday,Levi's Stadium,outdoors,grass,7,14
2024_11_HOU_DAL,2024,11,2024-11-18,VALIDATION,DAL,HOU,Dallas Cowboys,Houston Texans,10.0,34.0,-24.0,AWAY_WIN,0,False,1,0,False,20:15,Monday,AT&T Stadium,closed,matrixturf,8,8
2024_12_PIT_CLE,2024,12,2024-11-21,VALIDATION,CLE,PIT,Cleveland Browns,Pittsburgh Steelers,24.0,19.0,5.0,HOME_WIN,1,False,1,0,False,20:15,Thursday,FirstEnergy Stadium,outdoors,grass,4,4
2024_12_ARI_SEA,2024,12,2024-11-24,VALIDATION,SEA,ARI,Seattle Seahawks,Arizona Cardinals,16.0,6.0,10.0,HOME_WIN,1,False,1,0,False,16:25,Sunday,Lumen Field,outdoors,fieldturf,7,14
2024_12_DAL_WAS,2024,12,2024-11-24,VALIDATION,WAS,DAL,Washington Commanders,Dallas Cowboys,26.0,34.0,-8.0,AWAY_WIN,0,False,1,0,False,13:00,Sunday,FedExField,outdoors,grass,10,6
2024_12_DEN_LV,2024,12,2024-11-24,VALIDATION,LV,DEN,Las Vegas Raiders,Denver Broncos,19.0,29.0,-10.0,AWAY_WIN,0,False,1,0,False,16:05,Sunday,Allegiant Stadium,dome,grass,7,7
2024_12_DET_IND,2024,12,2024-11-24,VALIDATION,IND,DET,Indianapolis Colts,Detroit Lions,6.0,24.0,-18.0,AWAY_WIN,0,False,1,0,False,13:00,Sunday,Lucas Oil Stadium,closed,fieldturf,7,7
2024_12_KC_CAR,2024,12,2024-11-24,VALIDATION,CAR,KC,Carolina Panthers,Kansas City Chiefs,27.0,30.0,-3.0,AWAY_WIN,0,False,1,0,False,13:00,Sunday,Bank of America Stadium,outdoors,grass,14,7
2024_12_MIN_CHI,2024,12,2024-11-24,VALIDATION,CHI,MIN,Chicago Bears,Minnesota Vikings,27.0,30.0,-3.0,AWAY_WIN,0,False,1,0,False,13:00,Sunday,Soldier Field,outdoors,grass,7,7
2024_12_NE_MIA,2024,12,2024-11-24,VALIDATION,MIA,NE,Miami Dolphins,New England Patriots,34.0,15.0,19.0,HOME_WIN,1,False,1,0,False,13:00,Sunday,Hard Rock Stadium,outdoors,grass,7,7
2024_12_PHI_LA,2024,12,2024-11-24,VALIDATION,LA,PHI,Los Angeles Rams,Philadelphia Eagles,20.0,37.0,-17.0,AWAY_WIN,0,False,1,0,False,20:20,Sunday,SoFi Stadium,dome,matrixturf,7,10
2024_12_SF_GB,2024,12,2024-11-24,VALIDATION,GB,SF,Green Bay Packers,San Francisco 49ers,38.0,10.0,28.0,HOME_WIN,1,False,1,0,False,16:25,Sunday,Lambeau Field,outdoors,grass,7,7
2024_12_TB_NYG,2024,12,2024-11-24,VALIDATION,NYG,TB,New York Giants,Tampa Bay Buccaneers,7.0,30.0,-23.0,AWAY_WIN,0,False,1,0,False,13:00,Sunday,MetLife Stadium,outdoors,fieldturf,14,14
2024_12_TEN_HOU,2024,12,2024-11-24,VALIDATION,HOU,TEN,Houston Texans,Tennessee Titans,27.0,32.0,-5.0,AWAY_WIN,0,False,1,0,False,13:00,Sunday,NRG Stadium,closed,astroturf,6,7
2024_12_BAL_LAC,2024,12,2024-11-25,VALIDATION,LAC,BAL,Los Angeles Chargers,Baltimore Ravens,23.0,30.0,-7.0,AWAY_WIN,0,False,1,0,False,20:15,Monday,SoFi Stadium,dome,matrixturf,8,8
2024_13_CHI_DET,2024,13,2024-11-28,VALIDATION,DET,CHI,Detroit Lions,Chicago Bears,23.0,20.0,3.0,HOME_WIN,1,False,1,0,False,12:30,Thursday,Ford Field,dome,fieldturf,4,4
2024_13_MIA_GB,2024,13,2024-11-28,VALIDATION,GB,MIA,Green Bay Packers,Miami Dolphins,30.0,17.0,13.0,HOME_WIN,1,False,1,0,False,20:20,Thursday,Lambeau Field,outdoors,grass,4,4
2024_13_NYG_DAL,2024,13,2024-11-28,VALIDATION,DAL,NYG,Dallas Cowboys,New York Giants,27.0,20.0,7.0,HOME_WIN,1,False,1,0,False,16:30,Thursday,AT&T Stadium,closed,matrixturf,4,4
2024_13_LV_KC,2024,13,2024-11-29,VALIDATION,KC,LV,Kansas City Chiefs,Las Vegas Raiders,19.0,17.0,2.0,HOME_WIN,1,False,1,0,False,15:00,Friday,GEHA Field at Arrowhead Stadium,outdoors,grass,5,5
2024_13_ARI_MIN,2024,13,2024-12-01,VALIDATION,MIN,ARI,Minnesota Vikings,Arizona Cardinals,23.0,22.0,1.0,HOME_WIN,1,False,1,0,False,13:00,Sunday,U.S. Bank Stadium,dome,sportturf,7,7
2024_13_HOU_JAX,2024,13,2024-12-01,VALIDATION,JAX,HOU,Jacksonville Jaguars,Houston Texans,20.0,23.0,-3.0,AWAY_WIN,0,False,1,0,False,13:00,Sunday,TIAA Bank Stadium,outdoors,grass,14,7
2024_13_IND_NE,2024,13,2024-12-01,VALIDATION,NE,IND,New England Patriots,Indianapolis Colts,24.0,25.0,-1.0,AWAY_WIN,0,False,1,0,False,13:00,Sunday,Gillette Stadium,outdoors,fieldturf,7,7
2024_13_LAC_ATL,2024,13,2024-12-01,VALIDATION,ATL,LAC,Atlanta Falcons,Los Angeles Chargers,13.0,17.0,-4.0,AWAY_WIN,0,False,1,0,False,13:00,Sunday,Mercedes-Benz Stadium,closed,fieldturf,14,6
2024_13_LA_NO,2024,13,2024-12-01,VALIDATION,NO,LA,New Orleans Saints,Los Angeles Rams,14.0,21.0,-7.0,AWAY_WIN,0,False,1,0,False,16:05,Sunday,Mercedes-Benz Superdome,dome,sportturf,14,7
2024_13_PHI_BAL,2024,13,2024-12-01,VALIDATION,BAL,PHI,Baltimore Ravens,Philadelphia Eagles,19.0,24.0,-5.0,AWAY_WIN,0,False,1,0,False,16:25,Sunday,M&T Bank Stadium,outdoors,grass,6,7
2024_13_PIT_CIN,2024,13,2024-12-01,VALIDATION,CIN,PIT,Cincinnati Bengals,Pittsburgh Steelers,38.0,44.0,-6.0,AWAY_WIN,0,False,1,0,False,13:00,Sunday,Paycor Stadium,outdoors,fieldturf,14,10
2024_13_SEA_NYJ,2024,13,2024-12-01,VALIDATION,NYJ,SEA,New York Jets,Seattle Seahawks,21.0,26.0,-5.0,AWAY_WIN,0,False,1,0,False,13:00,Sunday,MetLife Stadium,outdoors,fieldturf,14,7
2024_13_SF_BUF,2024,13,2024-12-01,VALIDATION,BUF,SF,Buffalo Bills,San Francisco 49ers,35.0,10.0,25.0,HOME_WIN,1,False,1,0,False,20:20,Sunday,New Era Field,outdoors,a_turf,14,7
2024_13_TB_CAR,2024,13,2024-12-01,VALIDATION,CAR,TB,Carolina Panthers,Tampa Bay Buccaneers,23.0,26.0,-3.0,AWAY_WIN,0,False,1,0,False,16:05,Sunday,Bank of America Stadium,outdoors,grass,7,7
2024_13_TEN_WAS,2024,13,2024-12-01,VALIDATION,WAS,TEN,Washington Commanders,Tennessee Titans,42.0,19.0,23.0,HOME_WIN,1,False,1,0,False,13:00,Sunday,FedExField,outdoors,grass,7,7
2024_13_CLE_DEN,2024,13,2024-12-02,VALIDATION,DEN,CLE,Denver Broncos,Cleveland Browns,41.0,32.0,9.0,HOME_WIN,1,False,1,0,False,20:15,Monday,Empower Field at Mile High,outdoors,grass,8,11
2024_14_GB_DET,2024,14,2024-12-05,VALIDATION,DET,GB,Detroit Lions,Green Bay Packers,34.0,31.0,3.0,HOME_WIN,1,False,1,0,False,20:15,Thursday,Ford Field,dome,fieldturf,7,7
2024_14_ATL_MIN,2024,14,2024-12-08,VALIDATION,MIN,ATL,Minnesota Vikings,Atlanta Falcons,42.0,21.0,21.0,HOME_WIN,1,False,1,0,False,13:00,Sunday,U.S. Bank Stadium,dome,sportturf,7,7
2024_14_BUF_LA,2024,14,2024-12-08,VALIDATION,LA,BUF,Los Angeles Rams,Buffalo Bills,44.0,42.0,2.0,HOME_WIN,1,False,1,0,False,16:25,Sunday,SoFi Stadium,dome,matrixturf,7,7
2024_14_CAR_PHI,2024,14,2024-12-08,VALIDATION,PHI,CAR,Philadelphia Eagles,Carolina Panthers,22.0,16.0,6.0,HOME_WIN,1,False,1,0,False,13:00,Sunday,Lincoln Financial Field,outdoors,grass,7,7
2024_14_CHI_SF,2024,14,2024-12-08,VALIDATION,SF,CHI,San Francisco 49ers,Chicago Bears,38.0,13.0,25.0,HOME_WIN,1,False,1,0,False,16:25,Sunday,Levi's Stadium,outdoors,grass,7,10
2024_14_CLE_PIT,2024,14,2024-12-08,VALIDATION,PIT,CLE,Pittsburgh Steelers,Cleveland Browns,27.0,14.0,13.0,HOME_WIN,1,False,1,0,False,13:00,Sunday,Acrisure Stadium,outdoors,grass,7,6
2024_14_JAX_TEN,2024,14,2024-12-08,VALIDATION,TEN,JAX,Tennessee Titans,Jacksonville Jaguars,6.0,10.0,-4.0,AWAY_WIN,0,False,1,0,False,13:00,Sunday,Nissan Stadium,outdoors,grass,7,7
2024_14_LAC_KC,2024,14,2024-12-08,VALIDATION,KC,LAC,Kansas City Chiefs,Los Angeles Chargers,19.0,17.0,2.0,HOME_WIN,1,False,1,0,False,20:20,Sunday,GEHA Field at Arrowhead Stadium,outdoors,grass,9,7
2024_14_LV_TB,2024,14,2024-12-08,VALIDATION,TB,LV,Tampa Bay Buccaneers,Las Vegas Raiders,28.0,13.0,15.0,HOME_WIN,1,False,1,0,False,13:00,Sunday,Raymond James Stadium,outdoors,grass,7,9
2024_14_NO_NYG,2024,14,2024-12-08,VALIDATION,NYG,NO,New York Giants,New Orleans Saints,11.0,14.0,-3.0,AWAY_WIN,0,False,1,0,False,13:00,Sunday,MetLife Stadium,outdoors,fieldturf,10,7
2024_14_NYJ_MIA,2024,14,2024-12-08,VALIDATION,MIA,NYJ,Miami Dolphins,New York Jets,32.0,26.0,6.0,HOME_WIN,1,False,1,0,False,13:00,Sunday,Hard Rock Stadium,outdoors,grass,10,7
2024_14_SEA_ARI,2024,14,2024-12-08,VALIDATION,ARI,SEA,Arizona Cardinals,Seattle Seahawks,18.0,30.0,-12.0,AWAY_WIN,0,False,1,0,False,16:05,Sunday,State Farm Stadium,closed,grass,7,7
2024_14_CIN_DAL,2024,14,2024-12-09,VALIDATION,DAL,CIN,Dallas Cowboys,Cincinnati Bengals,20.0,27.0,-7.0,AWAY_WIN,0,False,1,0,False,20:15,Monday,AT&T Stadium,closed,matrixturf,11,8
2024_15_LA_SF,2024,15,2024-12-12,VALIDATION,SF,LA,San Francisco 49ers,Los Angeles Rams,6.0,12.0,-6.0,AWAY_WIN,0,False,1,0,False,20:15,Thursday,Levi's Stadium,outdoors,grass,4,4
2024_15_BAL_NYG,2024,15,2024-12-15,VALIDATION,NYG,BAL,New York Giants,Baltimore Ravens,14.0,35.0,-21.0,AWAY_WIN,0,False,1,0,False,13:00,Sunday,MetLife Stadium,outdoors,fieldturf,7,14
2024_15_BUF_DET,2024,15,2024-12-15,VALIDATION,DET,BUF,Detroit Lions,Buffalo Bills,42.0,48.0,-6.0,AWAY_WIN,0,False,1,0,False,16:25,Sunday,Ford Field,dome,fieldturf,10,7
2024_15_CIN_TEN,2024,15,2024-12-15,VALIDATION,TEN,CIN,Tennessee Titans,Cincinnati Bengals,27.0,37.0,-10.0,AWAY_WIN,0,False,1,0,False,13:00,Sunday,Nissan Stadium,outdoors,grass,7,6
2024_15_DAL_CAR,2024,15,2024-12-15,VALIDATION,CAR,DAL,Carolina Panthers,Dallas Cowboys,14.0,30.0,-16.0,AWAY_WIN,0,False,1,0,False,13:00,Sunday,Bank of America Stadium,outdoors,grass,7,6
2024_15_GB_SEA,2024,15,2024-12-15,VALIDATION,SEA,GB,Seattle Seahawks,Green Bay Packers,13.0,30.0,-17.0,AWAY_WIN,0,False,1,0,False,20:20,Sunday,Lumen Field,outdoors,fieldturf,7,10
2024_15_IND_DEN,2024,15,2024-12-15,VALIDATION,DEN,IND,Denver Broncos,Indianapolis Colts,31.0,13.0,18.0,HOME_WIN,1,False,1,0,False,16:25,Sunday,Empower Field at Mile High,outdoors,grass,13,14
2024_15_KC_CLE,2024,15,2024-12-15,VALIDATION,CLE,KC,Cleveland Browns,Kansas City Chiefs,7.0,21.0,-14.0,AWAY_WIN,0,False,1,0,False,13:00,Sunday,FirstEnergy Stadium,outdoors,grass,7,7
2024_15_MIA_HOU,2024,15,2024-12-15,VALIDATION,HOU,MIA,Houston Texans,Miami Dolphins,20.0,12.0,8.0,HOME_WIN,1,False,1,0,False,13:00,Sunday,NRG Stadium,closed,astroturf,14,7
2024_15_NE_ARI,2024,15,2024-12-15,VALIDATION,ARI,NE,Arizona Cardinals,New England Patriots,30.0,17.0,13.0,HOME_WIN,1,False,1,0,False,16:25,Sunday,State Farm Stadium,closed,grass,7,14
2024_15_NYJ_JAX,2024,15,2024-12-15,VALIDATION,JAX,NYJ,Jacksonville Jaguars,New York Jets,25.0,32.0,-7.0,AWAY_WIN,0,False,1,0,False,13:00,Sunday,TIAA Bank Stadium,outdoors,grass,7,7
2024_15_PIT_PHI,2024,15,2024-12-15,VALIDATION,PHI,PIT,Philadelphia Eagles,Pittsburgh Steelers,27.0,13.0,14.0,HOME_WIN,1,False,1,0,False,16:25,Sunday,Lincoln Financial Field,outdoors,grass,7,7
2024_15_TB_LAC,2024,15,2024-12-15,VALIDATION,LAC,TB,Los Angeles Chargers,Tampa Bay Buccaneers,17.0,40.0,-23.0,AWAY_WIN,0,False,1,0,False,16:25,Sunday,SoFi Stadium,dome,matrixturf,7,7
2024_15_WAS_NO,2024,15,2024-12-15,VALIDATION,NO,WAS,New Orleans Saints,Washington Commanders,19.0,20.0,-1.0,AWAY_WIN,0,False,1,0,False,13:00,Sunday,Mercedes-Benz Superdome,dome,sportturf,7,14
2024_15_ATL_LV,2024,15,2024-12-16,VALIDATION,LV,ATL,Las Vegas Raiders,Atlanta Falcons,9.0,15.0,-6.0,AWAY_WIN,0,False,1,0,False,20:30,Monday,Allegiant Stadium,dome,grass,8,8
2024_15_CHI_MIN,2024,15,2024-12-16,VALIDATION,MIN,CHI,Minnesota Vikings,Chicago Bears,30.0,12.0,18.0,HOME_WIN,1,False,1,0,False,20:00,Monday,U.S. Bank Stadium,dome,sportturf,8,8
2024_16_DEN_LAC,2024,16,2024-12-19,VALIDATION,LAC,DEN,Los Angeles Chargers,Denver Broncos,34.0,27.0,7.0,HOME_WIN,1,False,1,0,False,20:15,Thursday,SoFi Stadium,dome,matrixturf,4,4
2024_16_HOU_KC,2024,16,2024-12-21,VALIDATION,KC,HOU,Kansas City Chiefs,Houston Texans,27.0,19.0,8.0,HOME_WIN,1,False,1,0,False,13:00,Saturday,GEHA Field at Arrowhead Stadium,outdoors,grass,6,6
2024_16_PIT_BAL,2024,16,2024-12-21,VALIDATION,BAL,PIT,Baltimore Ravens,Pittsburgh Steelers,34.0,17.0,17.0,HOME_WIN,1,False,1,0,False,16:30,Saturday,M&T Bank Stadium,outdoors,grass,6,6
2024_16_ARI_CAR,2024,16,2024-12-22,VALIDATION,CAR,ARI,Carolina Panthers,Arizona Cardinals,36.0,30.0,6.0,HOME_WIN,1,False,1,0,False,13:00,Sunday,Bank of America Stadium,outdoors,grass,7,7
2024_16_CLE_CIN,2024,16,2024-12-22,VALIDATION,CIN,CLE,Cincinnati Bengals,Cleveland Browns,24.0,6.0,18.0,HOME_WIN,1,False,1,0,False,13:00,Sunday,Paycor Stadium,outdoors,fieldturf,7,7
2024_16_DET_CHI,2024,16,2024-12-22,VALIDATION,CHI,DET,Chicago Bears,Detroit Lions,17.0,34.0,-17.0,AWAY_WIN,0,False,1,0,False,13:00,Sunday,Soldier Field,outdoors,grass,6,7
2024_16_JAX_LV,2024,16,2024-12-22,VALIDATION,LV,JAX,Las Vegas Raiders,Jacksonville Jaguars,19.0,14.0,5.0,HOME_WIN,1,False,1,0,False,16:25,Sunday,Allegiant Stadium,dome,grass,6,7
2024_16_LA_NYJ,2024,16,2024-12-22,VALIDATION,NYJ,LA,New York Jets,Los Angeles Rams,9.0,19.0,-10.0,AWAY_WIN,0,False,1,0,False,13:00,Sunday,MetLife Stadium,outdoors,fieldturf,7,10
2024_16_MIN_SEA,2024,16,2024-12-22,VALIDATION,SEA,MIN,Seattle Seahawks,Minnesota Vikings,24.0,27.0,-3.0,AWAY_WIN,0,False,1,0,False,16:05,Sunday,Lumen Field,outdoors,fieldturf,7,6
2024_16_NE_BUF,2024,16,2024-12-22,VALIDATION,BUF,NE,Buffalo Bills,New England Patriots,24.0,21.0,3.0,HOME_WIN,1,False,1,0,False,16:25,Sunday,New Era Field,outdoors,a_turf,7,7
2024_16_NYG_ATL,2024,16,2024-12-22,VALIDATION,ATL,NYG,Atlanta Falcons,New York Giants,34.0,7.0,27.0,HOME_WIN,1,False,1,0,False,13:00,Sunday,Mercedes-Benz Stadium,closed,fieldturf,6,7
2024_16_PHI_WAS,2024,16,2024-12-22,VALIDATION,WAS,PHI,Washington Commanders,Philadelphia Eagles,36.0,33.0,3.0,HOME_WIN,1,False,1,0,False,13:00,Sunday,FedExField,outdoors,grass,7,7
2024_16_SF_MIA,2024,16,2024-12-22,VALIDATION,MIA,SF,Miami Dolphins,San Francisco 49ers,29.0,17.0,12.0,HOME_WIN,1,False,1,0,False,16:25,Sunday,Hard Rock Stadium,outdoors,grass,7,10
2024_16_TB_DAL,2024,16,2024-12-22,VALIDATION,DAL,TB,Dallas Cowboys,Tampa Bay Buccaneers,26.0,24.0,2.0,HOME_WIN,1,False,1,0,False,20:20,Sunday,AT&T Stadium,closed,matrixturf,7,7
2024_16_TEN_IND,2024,16,2024-12-22,VALIDATION,IND,TEN,Indianapolis Colts,Tennessee Titans,38.0,30.0,8.0,HOME_WIN,1,False,1,0,False,13:00,Sunday,Lucas Oil Stadium,closed,fieldturf,7,7
2024_16_NO_GB,2024,16,2024-12-23,VALIDATION,GB,NO,Green Bay Packers,New Orleans Saints,34.0,0.0,34.0,HOME_WIN,1,False,1,0,False,20:15,Monday,Lambeau Field,outdoors,grass,8,8
2024_17_BAL_HOU,2024,17,2024-12-25,VALIDATION,HOU,BAL,Houston Texans,Baltimore Ravens,2.0,31.0,-29.0,AWAY_WIN,0,False,1,0,False,16:30,Wednesday,NRG Stadium,closed,astroturf,4,4
2024_17_KC_PIT,2024,17,2024-12-25,VALIDATION,PIT,KC,Pittsburgh Steelers,Kansas City Chiefs,10.0,29.0,-19.0,AWAY_WIN,0,False,1,0,False,13:00,Wednesday,Acrisure Stadium,outdoors,grass,4,4
2024_17_SEA_CHI,2024,17,2024-12-26,VALIDATION,CHI,SEA,Chicago Bears,Seattle Seahawks,3.0,6.0,-3.0,AWAY_WIN,0,False,1,0,False,20:15,Thursday,Soldier Field,outdoors,grass,4,4
2024_17_ARI_LA,2024,17,2024-12-28,VALIDATION,LA,ARI,Los Angeles Rams,Arizona Cardinals,13.0,9.0,4.0,HOME_WIN,1,False,1,0,False,20:15,Saturday,SoFi Stadium,dome,matrixturf,6,6
2024_17_DEN_CIN,2024,17,2024-12-28,VALIDATION,CIN,DEN,Cincinnati Bengals,Denver Broncos,30.0,24.0,6.0,HOME_WIN,1,False,1,0,False,16:30,Saturday,Paycor Stadium,outdoors,fieldturf,6,9
2024_17_LAC_NE,2024,17,2024-12-28,VALIDATION,NE,LAC,New England Patriots,Los Angeles Chargers,7.0,40.0,-33.0,AWAY_WIN,0,False,1,0,False,13:00,Saturday,Gillette Stadium,outdoors,fieldturf,6,9
2024_17_ATL_WAS,2024,17,2024-12-29,VALIDATION,WAS,ATL,Washington Commanders,Atlanta Falcons,30.0,24.0,6.0,HOME_WIN,1,False,1,0,False,20:20,Sunday,FedExField,outdoors,grass,7,7
2024_17_CAR_TB,2024,17,2024-12-29,VALIDATION,TB,CAR,Tampa Bay Buccaneers,Carolina Panthers,48.0,14.0,34.0,HOME_WIN,1,False,1,0,False,13:00,Sunday,Raymond James Stadium,outdoors,grass,7,7
2024_17_DAL_PHI,2024,17,2024-12-29,VALIDATION,PHI,DAL,Philadelphia Eagles,Dallas Cowboys,41.0,7.0,34.0,HOME_WIN,1,False,1,0,False,13:00,Sunday,Lincoln Financial Field,outdoors,grass,7,7
2024_17_GB_MIN,2024,17,2024-12-29,VALIDATION,MIN,GB,Minnesota Vikings,Green Bay Packers,27.0,25.0,2.0,HOME_WIN,1,False,1,0,False,16:25,Sunday,U.S. Bank Stadium,dome,sportturf,7,6
2024_17_IND_NYG,2024,17,2024-12-29,VALIDATION,NYG,IND,New York Giants,Indianapolis Colts,45.0,33.0,12.0,HOME_WIN,1,False,1,0,False,13:00,Sunday,MetLife Stadium,outdoors,fieldturf,7,7
2024_17_LV_NO,2024,17,2024-12-29,VALIDATION,NO,LV,New Orleans Saints,Las Vegas Raiders,10.0,25.0,-15.0,AWAY_WIN,0,False,1,0,False,13:00,Sunday,Mercedes-Benz Superdome,dome,sportturf,6,7
2024_17_MIA_CLE,2024,17,2024-12-29,VALIDATION,CLE,MIA,Cleveland Browns,Miami Dolphins,3.0,20.0,-17.0,AWAY_WIN,0,False,1,0,False,16:05,Sunday,FirstEnergy Stadium,outdoors,grass,7,7
2024_17_NYJ_BUF,2024,17,2024-12-29,VALIDATION,BUF,NYJ,Buffalo Bills,New York Jets,40.0,14.0,26.0,HOME_WIN,1,False,1,0,False,13:00,Sunday,New Era Field,outdoors,a_turf,7,7
2024_17_TEN_JAX,2024,17,2024-12-29,VALIDATION,JAX,TEN,Jacksonville Jaguars,Tennessee Titans,20.0,13.0,7.0,HOME_WIN,1,False,1,0,False,13:00,Sunday,TIAA Bank Stadium,outdoors,grass,7,7
2024_17_DET_SF,2024,17,2024-12-30,VALIDATION,SF,DET,San Francisco 49ers,Detroit Lions,34.0,40.0,-6.0,AWAY_WIN,0,False,1,0,False,20:15,Monday,Levi's Stadium,outdoors,grass,8,8
2024_18_CIN_PIT,2024,18,2025-01-04,VALIDATION,PIT,CIN,Pittsburgh Steelers,Cincinnati Bengals,17.0,19.0,-2.0,AWAY_WIN,0,False,1,0,False,20:00,Saturday,Acrisure Stadium,outdoors,grass,10,7
2024_18_CLE_BAL,2024,18,2025-01-04,VALIDATION,BAL,CLE,Baltimore Ravens,Cleveland Browns,35.0,10.0,25.0,HOME_WIN,1,False,1,0,False,16:30,Saturday,M&T Bank Stadium,outdoors,grass,10,6
2024_18_BUF_NE,2024,18,2025-01-05,VALIDATION,NE,BUF,New England Patriots,Buffalo Bills,23.0,16.0,7.0,HOME_WIN,1,False,1,0,False,13:00,Sunday,Gillette Stadium,outdoors,fieldturf,8,7
2024_18_CAR_ATL,2024,18,2025-01-05,VALIDATION,ATL,CAR,Atlanta Falcons,Carolina Panthers,38.0,44.0,-6.0,AWAY_WIN,0,False,1,0,False,13:00,Sunday,Mercedes-Benz Stadium,closed,fieldturf,7,7
2024_18_CHI_GB,2024,18,2025-01-05,VALIDATION,GB,CHI,Green Bay Packers,Chicago Bears,22.0,24.0,-2.0,AWAY_WIN,0,False,1,0,False,13:00,Sunday,Lambeau Field,outdoors,grass,7,10
2024_18_HOU_TEN,2024,18,2025-01-05,VALIDATION,TEN,HOU,Tennessee Titans,Houston Texans,14.0,23.0,-9.0,AWAY_WIN,0,False,1,0,False,13:00,Sunday,Nissan Stadium,outdoors,grass,7,11
2024_18_JAX_IND,2024,18,2025-01-05,VALIDATION,IND,JAX,Indianapolis Colts,Jacksonville Jaguars,26.0,23.0,3.0,HOME_WIN,1,False,1,0,False,13:00,Sunday,Lucas Oil Stadium,closed,fieldturf,7,7
2024_18_KC_DEN,2024,18,2025-01-05,VALIDATION,DEN,KC,Denver Broncos,Kansas City Chiefs,38.0,0.0,38.0,HOME_WIN,1,False,1,0,False,16:25,Sunday,Empower Field at Mile High,outdoors,grass,8,11
2024_18_LAC_LV,2024,18,2025-01-05,VALIDATION,LV,LAC,Las Vegas Raiders,Los Angeles Chargers,20.0,34.0,-14.0,AWAY_WIN,0,False,1,0,False,16:25,Sunday,Allegiant Stadium,dome,grass,7,8
2024_18_MIA_NYJ,2024,18,2025-01-05,VALIDATION,NYJ,MIA,New York Jets,Miami Dolphins,32.0,20.0,12.0,HOME_WIN,1,False,1,0,False,16:25,Sunday,MetLife Stadium,outdoors,fieldturf,7,7
2024_18_MIN_DET,2024,18,2025-01-05,VALIDATION,DET,MIN,Detroit Lions,Minnesota Vikings,31.0,9.0,22.0,HOME_WIN,1,False,1,0,False,20:20,Sunday,Ford Field,dome,fieldturf,6,7
2024_18_NO_TB,2024,18,2025-01-05,VALIDATION,TB,NO,Tampa Bay Buccaneers,New Orleans Saints,27.0,19.0,8.0,HOME_WIN,1,False,1,0,False,13:00,Sunday,Raymond James Stadium,outdoors,grass,7,7
2024_18_NYG_PHI,2024,18,2025-01-05,VALIDATION,PHI,NYG,Philadelphia Eagles,New York Giants,20.0,13.0,7.0,HOME_WIN,1,False,1,0,False,13:00,Sunday,Lincoln Financial Field,outdoors,grass,7,7
2024_18_SEA_LA,2024,18,2025-01-05,VALIDATION,LA,SEA,Los Angeles Rams,Seattle Seahawks,25.0,30.0,-5.0,AWAY_WIN,0,False,1,0,False,16:25,Sunday,SoFi Stadium,dome,matrixturf,8,10
2024_18_SF_ARI,2024,18,2025-01-05,VALIDATION,ARI,SF,Arizona Cardinals,San Francisco 49ers,47.0,24.0,23.0,HOME_WIN,1,False,1,0,False,16:25,Sunday,State Farm Stadium,closed,grass,8,6
2024_18_WAS_DAL,2024,18,2025-01-05,VALIDATION,DAL,WAS,Dallas Cowboys,Washington Commanders,19.0,23.0,-4.0,AWAY_WIN,0,False,1,0,False,13:00,Sunday,AT&T Stadium,closed,matrixturf,7,7
2025_01_DAL_PHI,2025,1,2025-09-04,TEST,PHI,DAL,Philadelphia Eagles,Dallas Cowboys,24.0,20.0,4.0,HOME_WIN,1,False,1,0,False,20:20,Thursday,Lincoln Financial Field,outdoors,grass,7,7
2025_01_KC_LAC,2025,1,2025-09-05,TEST,LAC,KC,Los Angeles Chargers,Kansas City Chiefs,27.0,21.0,6.0,HOME_WIN,1,False,1,0,True,20:00,Friday,SoFi Stadium,dome,,7,7
2025_01_ARI_NO,2025,1,2025-09-07,TEST,NO,ARI,New Orleans Saints,Arizona Cardinals,13.0,20.0,-7.0,AWAY_WIN,0,False,1,0,False,13:00,Sunday,Mercedes-Benz Superdome,dome,sportturf,7,7
2025_01_BAL_BUF,2025,1,2025-09-07,TEST,BUF,BAL,Buffalo Bills,Baltimore Ravens,41.0,40.0,1.0,HOME_WIN,1,False,1,0,False,20:20,Sunday,New Era Field,outdoors,a_turf,7,7
2025_01_CAR_JAX,2025,1,2025-09-07,TEST,JAX,CAR,Jacksonville Jaguars,Carolina Panthers,26.0,10.0,16.0,HOME_WIN,1,False,1,0,False,13:00,Sunday,TIAA Bank Stadium,outdoors,grass,7,7
2025_01_CIN_CLE,2025,1,2025-09-07,TEST,CLE,CIN,Cleveland Browns,Cincinnati Bengals,16.0,17.0,-1.0,AWAY_WIN,0,False,1,0,False,13:00,Sunday,FirstEnergy Stadium,outdoors,grass,7,7
2025_01_DET_GB,2025,1,2025-09-07,TEST,GB,DET,Green Bay Packers,Detroit Lions,27.0,13.0,14.0,HOME_WIN,1,False,1,0,False,16:25,Sunday,Lambeau Field,outdoors,grass,7,7
2025_01_HOU_LA,2025,1,2025-09-07,TEST,LA,HOU,Los Angeles Rams,Houston Texans,14.0,9.0,5.0,HOME_WIN,1,False,1,0,False,16:25,Sunday,SoFi Stadium,dome,matrixturf,7,7
2025_01_LV_NE,2025,1,2025-09-07,TEST,NE,LV,New England Patriots,Las Vegas Raiders,13.0,20.0,-7.0,AWAY_WIN,0,False,1,0,False,13:00,Sunday,Gillette Stadium,outdoors,fieldturf,7,7
2025_01_MIA_IND,2025,1,2025-09-07,TEST,IND,MIA,Indianapolis Colts,Miami Dolphins,33.0,8.0,25.0,HOME_WIN,1,False,1,0,False,13:00,Sunday,Lucas Oil Stadium,closed,fieldturf,7,7
2025_01_NYG_WAS,2025,1,2025-09-07,TEST,WAS,NYG,Washington Commanders,New York Giants,21.0,6.0,15.0,HOME_WIN,1,False,1,0,False,13:00,Sunday,FedExField,outdoors,grass,7,7
2025_01_PIT_NYJ,2025,1,2025-09-07,TEST,NYJ,PIT,New York Jets,Pittsburgh Steelers,32.0,34.0,-2.0,AWAY_WIN,0,False,1,0,False,13:00,Sunday,MetLife Stadium,outdoors,fieldturf,7,7
2025_01_SF_SEA,2025,1,2025-09-07,TEST,SEA,SF,Seattle Seahawks,San Francisco 49ers,13.0,17.0,-4.0,AWAY_WIN,0,False,1,0,False,16:05,Sunday,Lumen Field,outdoors,fieldturf,7,7
2025_01_TB_ATL,2025,1,2025-09-07,TEST,ATL,TB,Atlanta Falcons,Tampa Bay Buccaneers,20.0,23.0,-3.0,AWAY_WIN,0,False,1,0,False,13:00,Sunday,Mercedes-Benz Stadium,closed,fieldturf,7,7
2025_01_TEN_DEN,2025,1,2025-09-07,TEST,DEN,TEN,Denver Broncos,Tennessee Titans,20.0,12.0,8.0,HOME_WIN,1,False,1,0,False,16:05,Sunday,Empower Field at Mile High,outdoors,grass,7,7
2025_01_MIN_CHI,2025,1,2025-09-08,TEST,CHI,MIN,Chicago Bears,Minnesota Vikings,24.0,27.0,-3.0,AWAY_WIN,0,False,1,0,False,20:15,Monday,Soldier Field,outdoors,grass,7,7
2025_02_WAS_GB,2025,2,2025-09-11,TEST,GB,WAS,Green Bay Packers,Washington Commanders,27.0,18.0,9.0,HOME_WIN,1,False,1,0,False,20:15,Thursday,Lambeau Field,outdoors,grass,4,4
2025_02_ATL_MIN,2025,2,2025-09-14,TEST,MIN,ATL,Minnesota Vikings,Atlanta Falcons,6.0,22.0,-16.0,AWAY_WIN,0,False,1,0,False,20:20,Sunday,U.S. Bank Stadium,dome,sportturf,6,7
2025_02_BUF_NYJ,2025,2,2025-09-14,TEST,NYJ,BUF,New York Jets,Buffalo Bills,10.0,30.0,-20.0,AWAY_WIN,0,False,1,0,False,13:00,Sunday,MetLife Stadium,outdoors,fieldturf,7,7
2025_02_CAR_ARI,2025,2,2025-09-14,TEST,ARI,CAR,Arizona Cardinals,Carolina Panthers,27.0,22.0,5.0,HOME_WIN,1,False,1,0,False,16:05,Sunday,State Farm Stadium,closed,grass,7,7
2025_02_CHI_DET,2025,2,2025-09-14,TEST,DET,CHI,Detroit Lions,Chicago Bears,52.0,21.0,31.0,HOME_WIN,1,False,1,0,False,13:00,Sunday,Ford Field,dome,fieldturf,7,6
2025_02_CLE_BAL,2025,2,2025-09-14,TEST,BAL,CLE,Baltimore Ravens,Cleveland Browns,41.0,17.0,24.0,HOME_WIN,1,False,1,0,False,13:00,Sunday,M&T Bank Stadium,outdoors,grass,7,7
2025_02_DEN_IND,2025,2,2025-09-14,TEST,IND,DEN,Indianapolis Colts,Denver Broncos,29.0,28.0,1.0,HOME_WIN,1,False,1,0,False,16:05,Sunday,Lucas Oil Stadium,closed,fieldturf,7,7
2025_02_JAX_CIN,2025,2,2025-09-14,TEST,CIN,JAX,Cincinnati Bengals,Jacksonville Jaguars,31.0,27.0,4.0,HOME_WIN,1,False,1,0,False,13:00,Sunday,Paycor Stadium,outdoors,fieldturf,7,7
2025_02_LA_TEN,2025,2,2025-09-14,TEST,TEN,LA,Tennessee Titans,Los Angeles Rams,19.0,33.0,-14.0,AWAY_WIN,0,False,1,0,False,13:00,Sunday,Nissan Stadium,outdoors,grass,7,7
2025_02_NE_MIA,2025,2,2025-09-14,TEST,MIA,NE,Miami Dolphins,New England Patriots,27.0,33.0,-6.0,AWAY_WIN,0,False,1,0,False,13:00,Sunday,Hard Rock Stadium,outdoors,grass,7,7
2025_02_NYG_DAL,2025,2,2025-09-14,TEST,DAL,NYG,Dallas Cowboys,New York Giants,40.0,37.0,3.0,HOME_WIN,1,False,1,0,False,13:00,Sunday,AT&T Stadium,closed,matrixturf,10,7
2025_02_PHI_KC,2025,2,2025-09-14,TEST,KC,PHI,Kansas City Chiefs,Philadelphia Eagles,17.0,20.0,-3.0,AWAY_WIN,0,False,1,0,False,16:25,Sunday,GEHA Field at Arrowhead Stadium,outdoors,grass,9,10
2025_02_SEA_PIT,2025,2,2025-09-14,TEST,PIT,SEA,Pittsburgh Steelers,Seattle Seahawks,17.0,31.0,-14.0,AWAY_WIN,0,False,1,0,False,13:00,Sunday,Acrisure Stadium,outdoors,grass,7,7
2025_02_SF_NO,2025,2,2025-09-14,TEST,NO,SF,New Orleans Saints,San Francisco 49ers,21.0,26.0,-5.0,AWAY_WIN,0,False,1,0,False,13:00,Sunday,Mercedes-Benz Superdome,dome,sportturf,7,7
2025_02_LAC_LV,2025,2,2025-09-15,TEST,LV,LAC,Las Vegas Raiders,Los Angeles Chargers,9.0,20.0,-11.0,AWAY_WIN,0,False,1,0,False,22:00,Monday,Allegiant Stadium,dome,grass,8,10
2025_02_TB_HOU,2025,2,2025-09-15,TEST,HOU,TB,Houston Texans,Tampa Bay Buccaneers,19.0,20.0,-1.0,AWAY_WIN,0,False,1,0,False,19:00,Monday,NRG Stadium,closed,astroturf,8,8
2025_03_MIA_BUF,2025,3,2025-09-18,TEST,BUF,MIA,Buffalo Bills,Miami Dolphins,31.0,21.0,10.0,HOME_WIN,1,False,1,0,False,20:15,Thursday,New Era Field,outdoors,a_turf,4,4
2025_03_ARI_SF,2025,3,2025-09-21,TEST,SF,ARI,San Francisco 49ers,Arizona Cardinals,16.0,15.0,1.0,HOME_WIN,1,False,1,0,False,16:25,Sunday,Levi's Stadium,outdoors,grass,7,7
2025_03_ATL_CAR,2025,3,2025-09-21,TEST,CAR,ATL,Carolina Panthers,Atlanta Falcons,30.0,0.0,30.0,HOME_WIN,1,False,1,0,False,13:00,Sunday,Bank of America Stadium,outdoors,grass,7,7
2025_03_CIN_MIN,2025,3,2025-09-21,TEST,MIN,CIN,Minnesota Vikings,Cincinnati Bengals,48.0,10.0,38.0,HOME_WIN,1,False,1,0,False,13:00,Sunday,U.S. Bank Stadium,dome,sportturf,7,7
2025_03_DAL_CHI,2025,3,2025-09-21,TEST,CHI,DAL,Chicago Bears,Dallas Cowboys,31.0,14.0,17.0,HOME_WIN,1,False,1,0,False,16:25,Sunday,Soldier Field,outdoors,grass,7,7
2025_03_DEN_LAC,2025,3,2025-09-21,TEST,LAC,DEN,Los Angeles Chargers,Denver Broncos,23.0,20.0,3.0,HOME_WIN,1,False,1,0,False,16:05,Sunday,SoFi Stadium,dome,matrixturf,6,7
2025_03_GB_CLE,2025,3,2025-09-21,TEST,CLE,GB,Cleveland Browns,Green Bay Packers,13.0,10.0,3.0,HOME_WIN,1,False,1,0,False,13:00,Sunday,FirstEnergy Stadium,outdoors,grass,7,10
2025_03_HOU_JAX,2025,3,2025-09-21,TEST,JAX,HOU,Jacksonville Jaguars,Houston Texans,17.0,10.0,7.0,HOME_WIN,1,False,1,0,False,13:00,Sunday,TIAA Bank Stadium,outdoors,grass,7,6
2025_03_IND_TEN,2025,3,2025-09-21,TEST,TEN,IND,Tennessee Titans,Indianapolis Colts,20.0,41.0,-21.0,AWAY_WIN,0,False,1,0,False,13:00,Sunday,Nissan Stadium,outdoors,grass,7,7
2025_03_KC_NYG,2025,3,2025-09-21,TEST,NYG,KC,New York Giants,Kansas City Chiefs,9.0,22.0,-13.0,AWAY_WIN,0,False,1,0,False,20:20,Sunday,MetLife Stadium,outdoors,fieldturf,7,7
2025_03_LA_PHI,2025,3,2025-09-21,TEST,PHI,LA,Philadelphia Eagles,Los Angeles Rams,33.0,26.0,7.0,HOME_WIN,1,False,1,0,False,13:00,Sunday,Lincoln Financial Field,outdoors,grass,7,7
2025_03_LV_WAS,2025,3,2025-09-21,TEST,WAS,LV,Washington Commanders,Las Vegas Raiders,41.0,24.0,17.0,HOME_WIN,1,False,1,0,False,13:00,Sunday,FedExField,outdoors,grass,10,6
2025_03_NO_SEA,2025,3,2025-09-21,TEST,SEA,NO,Seattle Seahawks,New Orleans Saints,44.0,13.0,31.0,HOME_WIN,1,False,1,0,False,16:05,Sunday,Lumen Field,outdoors,fieldturf,7,7
2025_03_NYJ_TB,2025,3,2025-09-21,TEST,TB,NYJ,Tampa Bay Buccaneers,New York Jets,29.0,27.0,2.0,HOME_WIN,1,False,1,0,False,13:00,Sunday,Raymond James Stadium,outdoors,grass,6,7
2025_03_PIT_NE,2025,3,2025-09-21,TEST,NE,PIT,New England Patriots,Pittsburgh Steelers,14.0,21.0,-7.0,AWAY_WIN,0,False,1,0,False,13:00,Sunday,Gillette Stadium,outdoors,fieldturf,7,7
2025_03_DET_BAL,2025,3,2025-09-22,TEST,BAL,DET,Baltimore Ravens,Detroit Lions,30.0,38.0,-8.0,AWAY_WIN,0,False,1,0,False,20:15,Monday,M&T Bank Stadium,outdoors,grass,8,8
2025_04_SEA_ARI,2025,4,2025-09-25,TEST,ARI,SEA,Arizona Cardinals,Seattle Seahawks,20.0,23.0,-3.0,AWAY_WIN,0,False,1,0,False,20:15,Thursday,State Farm Stadium,closed,grass,4,4
2025_04_BAL_KC,2025,4,2025-09-28,TEST,KC,BAL,Kansas City Chiefs,Baltimore Ravens,37.0,20.0,17.0,HOME_WIN,1,False,1,0,False,16:25,Sunday,GEHA Field at Arrowhead Stadium,outdoors,grass,7,6
2025_04_CAR_NE,2025,4,2025-09-28,TEST,NE,CAR,New England Patriots,Carolina Panthers,42.0,13.0,29.0,HOME_WIN,1,False,1,0,False,13:00,Sunday,Gillette Stadium,outdoors,fieldturf,7,7
2025_04_CHI_LV,2025,4,2025-09-28,TEST,LV,CHI,Las Vegas Raiders,Chicago Bears,24.0,25.0,-1.0,AWAY_WIN,0,False,1,0,False,16:25,Sunday,Allegiant Stadium,dome,grass,7,7
2025_04_CLE_DET,2025,4,2025-09-28,TEST,DET,CLE,Detroit Lions,Cleveland Browns,34.0,10.0,24.0,HOME_WIN,1,False,1,0,False,13:00,Sunday,Ford Field,dome,fieldturf,6,7
2025_04_IND_LA,2025,4,2025-09-28,TEST,LA,IND,Los Angeles Rams,Indianapolis Colts,27.0,20.0,7.0,HOME_WIN,1,False,1,0,False,16:05,Sunday,SoFi Stadium,dome,matrixturf,7,7
2025_04_JAX_SF,2025,4,2025-09-28,TEST,SF,JAX,San Francisco 49ers,Jacksonville Jaguars,21.0,26.0,-5.0,AWAY_WIN,0,False,1,0,False,16:05,Sunday,Levi's Stadium,outdoors,grass,7,7
2025_04_LAC_NYG,2025,4,2025-09-28,TEST,NYG,LAC,New York Giants,Los Angeles Chargers,21.0,18.0,3.0,HOME_WIN,1,False,1,0,False,13:00,Sunday,MetLife Stadium,outdoors,fieldturf,7,7
2025_04_MIN_PIT,2025,4,2025-09-28,TEST,PIT,MIN,Pittsburgh Steelers,Minnesota Vikings,24.0,21.0,3.0,HOME_WIN,1,False,1,0,True,09:30,Sunday,Acrisure Stadium,outdoors,grass,7,7
2025_04_NO_BUF,2025,4,2025-09-28,TEST,BUF,NO,Buffalo Bills,New Orleans Saints,31.0,19.0,12.0,HOME_WIN,1,False,1,0,False,13:00,Sunday,New Era Field,outdoors,a_turf,10,7
2025_04_PHI_TB,2025,4,2025-09-28,TEST,TB,PHI,Tampa Bay Buccaneers,Philadelphia Eagles,25.0,31.0,-6.0,AWAY_WIN,0,False,1,0,False,13:00,Sunday,Raymond James Stadium,outdoors,grass,7,7
2025_04_TEN_HOU,2025,4,2025-09-28,TEST,HOU,TEN,Houston Texans,Tennessee Titans,26.0,0.0,26.0,HOME_WIN,1,False,1,0,False,13:00,Sunday,NRG Stadium,closed,astroturf,7,7
2025_04_WAS_ATL,2025,4,2025-09-28,TEST,ATL,WAS,Atlanta Falcons,Washington Commanders,34.0,27.0,7.0,HOME_WIN,1,False,1,0,False,13:00,Sunday,Mercedes-Benz Stadium,closed,fieldturf,7,7
2025_04_CIN_DEN,2025,4,2025-09-29,TEST,DEN,CIN,Denver Broncos,Cincinnati Bengals,28.0,3.0,25.0,HOME_WIN,1,False,1,0,False,20:15,Monday,Empower Field at Mile High,outdoors,grass,8,8
2025_04_NYJ_MIA,2025,4,2025-09-29,TEST,MIA,NYJ,Miami Dolphins,New York Jets,27.0,21.0,6.0,HOME_WIN,1,False,1,0,False,19:15,Monday,Hard Rock Stadium,outdoors,grass,11,8
2025_05_SF_LA,2025,5,2025-10-02,TEST,LA,SF,Los Angeles Rams,San Francisco 49ers,23.0,26.0,-3.0,AWAY_WIN,0,False,1,0,False,20:15,Thursday,SoFi Stadium,dome,matrixturf,4,4
2025_05_DAL_NYJ,2025,5,2025-10-05,TEST,NYJ,DAL,New York Jets,Dallas Cowboys,22.0,37.0,-15.0,AWAY_WIN,0,False,1,0,False,13:00,Sunday,MetLife Stadium,outdoors,fieldturf,6,7
2025_05_DEN_PHI,2025,5,2025-10-05,TEST,PHI,DEN,Philadelphia Eagles,Denver Broncos,17.0,21.0,-4.0,AWAY_WIN,0,False,1,0,False,13:00,Sunday,Lincoln Financial Field,outdoors,grass,7,6
2025_05_DET_CIN,2025,5,2025-10-05,TEST,CIN,DET,Cincinnati Bengals,Detroit Lions,24.0,37.0,-13.0,AWAY_WIN,0,False,1,0,False,16:25,Sunday,Paycor Stadium,outdoors,fieldturf,6,7
2025_05_HOU_BAL,2025,5,2025-10-05,TEST,BAL,HOU,Baltimore Ravens,Houston Texans,10.0,44.0,-34.0,AWAY_WIN,0,False,1,0,False,13:00,Sunday,M&T Bank Stadium,outdoors,grass,7,7
2025_05_LV_IND,2025,5,2025-10-05,TEST,IND,LV,Indianapolis Colts,Las Vegas Raiders,40.0,6.0,34.0,HOME_WIN,1,False,1,0,False,13:00,Sunday,Lucas Oil Stadium,closed,fieldturf,7,7
2025_05_MIA_CAR,2025,5,2025-10-05,TEST,CAR,MIA,Carolina Panthers,Miami Dolphins,27.0,24.0,3.0,HOME_WIN,1,False,1,0,False,13:00,Sunday,Bank of America Stadium,outdoors,grass,7,6
2025_05_MIN_CLE,2025,5,2025-10-05,TEST,CLE,MIN,Cleveland Browns,Minnesota Vikings,17.0,21.0,-4.0,AWAY_WIN,0,False,1,0,True,09:30,Sunday,FirstEnergy Stadium,outdoors,grass,7,7
2025_05_NE_BUF,2025,5,2025-10-05,TEST,BUF,NE,Buffalo Bills,New England Patriots,20.0,23.0,-3.0,AWAY_WIN,0,False,1,0,False,20:20,Sunday,New Era Field,outdoors,a_turf,7,7
2025_05_NYG_NO,2025,5,2025-10-05,TEST,NO,NYG,New Orleans Saints,New York Giants,26.0,14.0,12.0,HOME_WIN,1,False,1,0,False,13:00,Sunday,Mercedes-Benz Superdome,dome,sportturf,7,7
2025_05_TB_SEA,2025,5,2025-10-05,TEST,SEA,TB,Seattle Seahawks,Tampa Bay Buccaneers,35.0,38.0,-3.0,AWAY_WIN,0,False,1,0,False,16:05,Sunday,Lumen Field,outdoors,fieldturf,10,7
2025_05_TEN_ARI,2025,5,2025-10-05,TEST,ARI,TEN,Arizona Cardinals,Tennessee Titans,21.0,22.0,-1.0,AWAY_WIN,0,False,1,0,False,16:05,Sunday,State Farm Stadium,closed,grass,10,7
2025_05_WAS_LAC,2025,5,2025-10-05,TEST,LAC,WAS,Los Angeles Chargers,Washington Commanders,10.0,27.0,-17.0,AWAY_WIN,0,False,1,0,False,16:25,Sunday,SoFi Stadium,dome,matrixturf,7,7
2025_05_KC_JAX,2025,5,2025-10-06,TEST,JAX,KC,Jacksonville Jaguars,Kansas City Chiefs,31.0,28.0,3.0,HOME_WIN,1,False,1,0,False,20:15,Monday,TIAA Bank Stadium,outdoors,grass,8,8
2025_06_PHI_NYG,2025,6,2025-10-09,TEST,NYG,PHI,New York Giants,Philadelphia Eagles,34.0,17.0,17.0,HOME_WIN,1,False,1,0,False,20:15,Thursday,MetLife Stadium,outdoors,fieldturf,4,4
2025_06_ARI_IND,2025,6,2025-10-12,TEST,IND,ARI,Indianapolis Colts,Arizona Cardinals,31.0,27.0,4.0,HOME_WIN,1,False,1,0,False,13:00,Sunday,Lucas Oil Stadium,closed,fieldturf,7,7
2025_06_CIN_GB,2025,6,2025-10-12,TEST,GB,CIN,Green Bay Packers,Cincinnati Bengals,27.0,18.0,9.0,HOME_WIN,1,False,1,0,False,16:25,Sunday,Lambeau Field,outdoors,grass,14,7
2025_06_CLE_PIT,2025,6,2025-10-12,TEST,PIT,CLE,Pittsburgh Steelers,Cleveland Browns,23.0,9.0,14.0,HOME_WIN,1,False,1,0,False,13:00,Sunday,Acrisure Stadium,outdoors,grass,14,7
2025_06_DAL_CAR,2025,6,2025-10-12,TEST,CAR,DAL,Carolina Panthers,Dallas Cowboys,30.0,27.0,3.0,HOME_WIN,1,False,1,0,False,13:00,Sunday,Bank of America Stadium,outdoors,grass,7,7
2025_06_DEN_NYJ,2025,6,2025-10-12,TEST,NYJ,DEN,New York Jets,Denver Broncos,11.0,13.0,-2.0,AWAY_WIN,0,False,1,0,True,09:30,Sunday,MetLife Stadium,outdoors,grass,7,7
2025_06_DET_KC,2025,6,2025-10-12,TEST,KC,DET,Kansas City Chiefs,Detroit Lions,30.0,17.0,13.0,HOME_WIN,1,False,1,0,False,20:20,Sunday,GEHA Field at Arrowhead Stadium,outdoors,grass,6,7
2025_06_LAC_MIA,2025,6,2025-10-12,TEST,MIA,LAC,Miami Dolphins,Los Angeles Chargers,27.0,29.0,-2.0,AWAY_WIN,0,False,1,0,False,13:00,Sunday,Hard Rock Stadium,outdoors,grass,7,7
2025_06_LA_BAL,2025,6,2025-10-12,TEST,BAL,LA,Baltimore Ravens,Los Angeles Rams,3.0,17.0,-14.0,AWAY_WIN,0,False,1,0,False,13:00,Sunday,M&T Bank Stadium,outdoors,grass,7,10
2025_06_NE_NO,2025,6,2025-10-12,TEST,NO,NE,New Orleans Saints,New England Patriots,19.0,25.0,-6.0,AWAY_WIN,0,False,1,0,False,13:00,Sunday,Mercedes-Benz Superdome,dome,sportturf,7,7
2025_06_SEA_JAX,2025,6,2025-10-12,TEST,JAX,SEA,Jacksonville Jaguars,Seattle Seahawks,12.0,20.0,-8.0,AWAY_WIN,0,False,1,0,False,13:00,Sunday,TIAA Bank Stadium,outdoors,grass,6,7
2025_06_SF_TB,2025,6,2025-10-12,TEST,TB,SF,Tampa Bay Buccaneers,San Francisco 49ers,30.0,19.0,11.0,HOME_WIN,1,False,1,0,False,16:25,Sunday,Raymond James Stadium,outdoors,grass,7,10
2025_06_TEN_LV,2025,6,2025-10-12,TEST,LV,TEN,Las Vegas Raiders,Tennessee Titans,20.0,10.0,10.0,HOME_WIN,1,False,1,0,False,16:05,Sunday,Allegiant Stadium,dome,grass,7,7
2025_06_BUF_ATL,2025,6,2025-10-13,TEST,ATL,BUF,Atlanta Falcons,Buffalo Bills,24.0,14.0,10.0,HOME_WIN,1,False,1,0,False,19:15,Monday,Mercedes-Benz Stadium,closed,fieldturf,15,8
2025_06_CHI_WAS,2025,6,2025-10-13,TEST,WAS,CHI,Washington Commanders,Chicago Bears,24.0,25.0,-1.0,AWAY_WIN,0,False,1,0,False,20:15,Monday,FedExField,outdoors,grass,8,15
2025_07_PIT_CIN,2025,7,2025-10-16,TEST,CIN,PIT,Cincinnati Bengals,Pittsburgh Steelers,33.0,31.0,2.0,HOME_WIN,1,False,1,0,False,20:15,Thursday,Paycor Stadium,outdoors,fieldturf,4,4
2025_07_ATL_SF,2025,7,2025-10-19,TEST,SF,ATL,San Francisco 49ers,Atlanta Falcons,20.0,10.0,10.0,HOME_WIN,1,False,1,0,False,20:20,Sunday,Levi's Stadium,outdoors,grass,7,6
2025_07_CAR_NYJ,2025,7,2025-10-19,TEST,NYJ,CAR,New York Jets,Carolina Panthers,6.0,13.0,-7.0,AWAY_WIN,0,False,1,0,False,13:00,Sunday,MetLife Stadium,outdoors,fieldturf,7,7
2025_07_GB_ARI,2025,7,2025-10-19,TEST,ARI,GB,Arizona Cardinals,Green Bay Packers,23.0,27.0,-4.0,AWAY_WIN,0,False,1,0,False,16:25,Sunday,State Farm Stadium,closed,grass,7,7
2025_07_IND_LAC,2025,7,2025-10-19,TEST,LAC,IND,Los Angeles Chargers,Indianapolis Colts,24.0,38.0,-14.0,AWAY_WIN,0,False,1,0,False,16:05,Sunday,SoFi Stadium,dome,matrixturf,7,7
2025_07_LA_JAX,2025,7,2025-10-19,TEST,JAX,LA,Jacksonville Jaguars,Los Angeles Rams,7.0,35.0,-28.0,AWAY_WIN,0,False,1,0,True,09:30,Sunday,TIAA Bank Stadium,outdoors,grass,7,7
2025_07_LV_KC,2025,7,2025-10-19,TEST,KC,LV,Kansas City Chiefs,Las Vegas Raiders,31.0,0.0,31.0,HOME_WIN,1,False,1,0,False,13:00,Sunday,GEHA Field at Arrowhead Stadium,outdoors,grass,7,7
2025_07_MIA_CLE,2025,7,2025-10-19,TEST,CLE,MIA,Cleveland Browns,Miami Dolphins,31.0,6.0,25.0,HOME_WIN,1,False,1,0,False,13:00,Sunday,FirstEnergy Stadium,outdoors,grass,7,7
2025_07_NE_TEN,2025,7,2025-10-19,TEST,TEN,NE,Tennessee Titans,New England Patriots,13.0,31.0,-18.0,AWAY_WIN,0,False,1,0,False,13:00,Sunday,Nissan Stadium,outdoors,grass,7,7
2025_07_NO_CHI,2025,7,2025-10-19,TEST,CHI,NO,Chicago Bears,New Orleans Saints,26.0,14.0,12.0,HOME_WIN,1,False,1,0,False,13:00,Sunday,Soldier Field,outdoors,grass,6,7
2025_07_NYG_DEN,2025,7,2025-10-19,TEST,DEN,NYG,Denver Broncos,New York Giants,33.0,32.0,1.0,HOME_WIN,1,False,1,0,False,16:05,Sunday,Empower Field at Mile High,outdoors,grass,7,10
2025_07_PHI_MIN,2025,7,2025-10-19,TEST,MIN,PHI,Minnesota Vikings,Philadelphia Eagles,22.0,28.0,-6.0,AWAY_WIN,0,False,1,0,False,13:00,Sunday,U.S. Bank Stadium,dome,sportturf,14,10
2025_07_WAS_DAL,2025,7,2025-10-19,TEST,DAL,WAS,Dallas Cowboys,Washington Commanders,44.0,22.0,22.0,HOME_WIN,1,False,1,0,False,16:25,Sunday,AT&T Stadium,closed,matrixturf,7,6
2025_07_HOU_SEA,2025,7,2025-10-20,TEST,SEA,HOU,Seattle Seahawks,Houston Texans,27.0,19.0,8.0,HOME_WIN,1,False,1,0,False,22:00,Monday,Lumen Field,outdoors,fieldturf,8,15
2025_07_TB_DET,2025,7,2025-10-20,TEST,DET,TB,Detroit Lions,Tampa Bay Buccaneers,24.0,9.0,15.0,HOME_WIN,1,False,1,0,False,19:00,Monday,Ford Field,dome,fieldturf,8,8
2025_08_MIN_LAC,2025,8,2025-10-23,TEST,LAC,MIN,Los Angeles Chargers,Minnesota Vikings,37.0,10.0,27.0,HOME_WIN,1,False,1,0,False,20:15,Thursday,SoFi Stadium,dome,matrixturf,4,4
2025_08_BUF_CAR,2025,8,2025-10-26,TEST,CAR,BUF,Carolina Panthers,Buffalo Bills,9.0,40.0,-31.0,AWAY_WIN,0,False,1,0,False,13:00,Sunday,Bank of America Stadium,outdoors,grass,7,13
2025_08_CHI_BAL,2025,8,2025-10-26,TEST,BAL,CHI,Baltimore Ravens,Chicago Bears,30.0,16.0,14.0,HOME_WIN,1,False,1,0,False,13:00,Sunday,M&T Bank Stadium,outdoors,grass,14,7
2025_08_CLE_NE,2025,8,2025-10-26,TEST,NE,CLE,New England Patriots,Cleveland Browns,32.0,13.0,19.0,HOME_WIN,1,False,1,0,False,13:00,Sunday,Gillette Stadium,outdoors,fieldturf,7,7
2025_08_DAL_DEN,2025,8,2025-10-26,TEST,DEN,DAL,Denver Broncos,Dallas Cowboys,44.0,24.0,20.0,HOME_WIN,1,False,1,0,False,16:25,Sunday,Empower Field at Mile High,outdoors,grass,7,7
2025_08_GB_PIT,2025,8,2025-10-26,TEST,PIT,GB,Pittsburgh Steelers,Green Bay Packers,25.0,35.0,-10.0,AWAY_WIN,0,False,1,0,False,20:20,Sunday,Acrisure Stadium,outdoors,grass,10,7
2025_08_MIA_ATL,2025,8,2025-10-26,TEST,ATL,MIA,Atlanta Falcons,Miami Dolphins,10.0,34.0,-24.0,AWAY_WIN,0,False,1,0,False,13:00,Sunday,Mercedes-Benz Stadium,closed,fieldturf,7,7
2025_08_NYG_PHI,2025,8,2025-10-26,TEST,PHI,NYG,Philadelphia Eagles,New York Giants,38.0,20.0,18.0,HOME_WIN,1,False,1,0,False,13:00,Sunday,Lincoln Financial Field,outdoors,grass,7,7
2025_08_NYJ_CIN,2025,8,2025-10-26,TEST,CIN,NYJ,Cincinnati Bengals,New York Jets,38.0,39.0,-1.0,AWAY_WIN,0,False,1,0,False,13:00,Sunday,Paycor Stadium,outdoors,fieldturf,10,7
2025_08_SF_HOU,2025,8,2025-10-26,TEST,HOU,SF,Houston Texans,San Francisco 49ers,26.0,15.0,11.0,HOME_WIN,1,False,1,0,False,13:00,Sunday,NRG Stadium,closed,astroturf,6,7
2025_08_TB_NO,2025,8,2025-10-26,TEST,NO,TB,New Orleans Saints,Tampa Bay Buccaneers,3.0,23.0,-20.0,AWAY_WIN,0,False,1,0,False,16:05,Sunday,Mercedes-Benz Superdome,dome,sportturf,7,6
2025_08_TEN_IND,2025,8,2025-10-26,TEST,IND,TEN,Indianapolis Colts,Tennessee Titans,38.0,14.0,24.0,HOME_WIN,1,False,1,0,False,16:25,Sunday,Lucas Oil Stadium,closed,fieldturf,7,7
2025_08_WAS_KC,2025,8,2025-10-27,TEST,KC,WAS,Kansas City Chiefs,Washington Commanders,28.0,7.0,21.0,HOME_WIN,1,False,1,0,False,20:15,Monday,GEHA Field at Arrowhead Stadium,outdoors,grass,8,8
2025_09_BAL_MIA,2025,9,2025-10-30,TEST,MIA,BAL,Miami Dolphins,Baltimore Ravens,6.0,28.0,-22.0,AWAY_WIN,0,False,1,0,False,20:15,Thursday,Hard Rock Stadium,outdoors,grass,4,4
2025_09_ATL_NE,2025,9,2025-11-02,TEST,NE,ATL,New England Patriots,Atlanta Falcons,24.0,23.0,1.0,HOME_WIN,1,False,1,0,False,13:00,Sunday,Gillette Stadium,outdoors,fieldturf,7,7
2025_09_CAR_GB,2025,9,2025-11-02,TEST,GB,CAR,Green Bay Packers,Carolina Panthers,13.0,16.0,-3.0,AWAY_WIN,0,False,1,0,False,13:00,Sunday,Lambeau Field,outdoors,grass,7,7
2025_09_CHI_CIN,2025,9,2025-11-02,TEST,CIN,CHI,Cincinnati Bengals,Chicago Bears,42.0,47.0,-5.0,AWAY_WIN,0,False,1,0,False,13:00,Sunday,Paycor Stadium,outdoors,fieldturf,7,7
2025_09_DEN_HOU,2025,9,2025-11-02,TEST,HOU,DEN,Houston Texans,Denver Broncos,15.0,18.0,-3.0,AWAY_WIN,0,False,1,0,False,13:00,Sunday,NRG Stadium,closed,astroturf,7,7
2025_09_IND_PIT,2025,9,2025-11-02,TEST,PIT,IND,Pittsburgh Steelers,Indianapolis Colts,27.0,20.0,7.0,HOME_WIN,1,False,1,0,False,13:00,Sunday,Acrisure Stadium,outdoors,grass,7,7
2025_09_JAX_LV,2025,9,2025-11-02,TEST,LV,JAX,Las Vegas Raiders,Jacksonville Jaguars,29.0,30.0,-1.0,AWAY_WIN,0,False,1,0,False,16:05,Sunday,Allegiant Stadium,dome,grass,14,14
2025_09_KC_BUF,2025,9,2025-11-02,TEST,BUF,KC,Buffalo Bills,Kansas City Chiefs,28.0,21.0,7.0,HOME_WIN,1,False,1,0,False,16:25,Sunday,New Era Field,outdoors,a_turf,7,6
2025_09_LAC_TEN,2025,9,2025-11-02,TEST,TEN,LAC,Tennessee Titans,Los Angeles Chargers,20.0,27.0,-7.0,AWAY_WIN,0,False,1,0,False,13:00,Sunday,Nissan Stadium,outdoors,grass,7,10
2025_09_MIN_DET,2025,9,2025-11-02,TEST,DET,MIN,Detroit Lions,Minnesota Vikings,24.0,27.0,-3.0,AWAY_WIN,0,False,1,0,False,13:00,Sunday,Ford Field,dome,fieldturf,13,10
2025_09_NO_LA,2025,9,2025-11-02,TEST,LA,NO,Los Angeles Rams,New Orleans Saints,34.0,10.0,24.0,HOME_WIN,1,False,1,0,False,16:05,Sunday,SoFi Stadium,dome,matrixturf,14,7
2025_09_SEA_WAS,2025,9,2025-11-02,TEST,WAS,SEA,Washington Commanders,Seattle Seahawks,14.0,38.0,-24.0,AWAY_WIN,0,False,1,0,False,20:20,Sunday,FedExField,outdoors,grass,6,13
2025_09_SF_NYG,2025,9,2025-11-02,TEST,NYG,SF,New York Giants,San Francisco 49ers,24.0,34.0,-10.0,AWAY_WIN,0,False,1,0,False,13:00,Sunday,MetLife Stadium,outdoors,fieldturf,7,7
2025_09_ARI_DAL,2025,9,2025-11-03,TEST,DAL,ARI,Dallas Cowboys,Arizona Cardinals,17.0,27.0,-10.0,AWAY_WIN,0,False,1,0,False,20:15,Monday,AT&T Stadium,closed,matrixturf,8,15
2025_10_LV_DEN,2025,10,2025-11-06,TEST,DEN,LV,Denver Broncos,Las Vegas Raiders,10.0,7.0,3.0,HOME_WIN,1,False,1,0,False,20:15,Thursday,Empower Field at Mile High,outdoors,grass,4,4
2025_10_ARI_SEA,2025,10,2025-11-09,TEST,SEA,ARI,Seattle Seahawks,Arizona Cardinals,44.0,22.0,22.0,HOME_WIN,1,False,1,0,False,16:05,Sunday,Lumen Field,outdoors,fieldturf,7,6
2025_10_ATL_IND,2025,10,2025-11-09,TEST,IND,ATL,Indianapolis Colts,Atlanta Falcons,31.0,25.0,6.0,HOME_WIN,1,False,1,0,True,09:30,Sunday,Lucas Oil Stadium,closed,grass,7,7
2025_10_BAL_MIN,2025,10,2025-11-09,TEST,MIN,BAL,Minnesota Vikings,Baltimore Ravens,19.0,27.0,-8.0,AWAY_WIN,0,False,1,0,False,13:00,Sunday,U.S. Bank Stadium,dome,sportturf,7,10
2025_10_BUF_MIA,2025,10,2025-11-09,TEST,MIA,BUF,Miami Dolphins,Buffalo Bills,30.0,13.0,17.0,HOME_WIN,1,False,1,0,False,13:00,Sunday,Hard Rock Stadium,outdoors,grass,10,7
2025_10_CLE_NYJ,2025,10,2025-11-09,TEST,NYJ,CLE,New York Jets,Cleveland Browns,27.0,20.0,7.0,HOME_WIN,1,False,1,0,False,13:00,Sunday,MetLife Stadium,outdoors,fieldturf,14,14
2025_10_DET_WAS,2025,10,2025-11-09,TEST,WAS,DET,Washington Commanders,Detroit Lions,22.0,44.0,-22.0,AWAY_WIN,0,False,1,0,False,16:25,Sunday,FedExField,outdoors,grass,7,7
2025_10_JAX_HOU,2025,10,2025-11-09,TEST,HOU,JAX,Houston Texans,Jacksonville Jaguars,36.0,29.0,7.0,HOME_WIN,1,False,1,0,False,13:00,Sunday,NRG Stadium,closed,astroturf,7,7
2025_10_LA_SF,2025,10,2025-11-09,TEST,SF,LA,San Francisco 49ers,Los Angeles Rams,26.0,42.0,-16.0,AWAY_WIN,0,False,1,0,False,16:25,Sunday,Levi's Stadium,outdoors,grass,7,7
2025_10_NE_TB,2025,10,2025-11-09,TEST,TB,NE,Tampa Bay Buccaneers,New England Patriots,23.0,28.0,-5.0,AWAY_WIN,0,False,1,0,False,13:00,Sunday,Raymond James Stadium,outdoors,grass,14,7
2025_10_NO_CAR,2025,10,2025-11-09,TEST,CAR,NO,Carolina Panthers,New Orleans Saints,7.0,17.0,-10.0,AWAY_WIN,0,False,1,0,False,13:00,Sunday,Bank of America Stadium,outdoors,grass,7,7
2025_10_NYG_CHI,2025,10,2025-11-09,TEST,CHI,NYG,Chicago Bears,New York Giants,24.0,20.0,4.0,HOME_WIN,1,False,1,0,False,13:00,Sunday,Soldier Field,outdoors,grass,7,7
2025_10_PIT_LAC,2025,10,2025-11-09,TEST,LAC,PIT,Los Angeles Chargers,Pittsburgh Steelers,25.0,10.0,15.0,HOME_WIN,1,False,1,0,False,20:20,Sunday,SoFi Stadium,dome,matrixturf,7,7
2025_10_PHI_GB,2025,10,2025-11-10,TEST,GB,PHI,Green Bay Packers,Philadelphia Eagles,7.0,10.0,-3.0,AWAY_WIN,0,False,1,0,False,20:15,Monday,Lambeau Field,outdoors,grass,8,15
2025_11_NYJ_NE,2025,11,2025-11-13,TEST,NE,NYJ,New England Patriots,New York Jets,27.0,14.0,13.0,HOME_WIN,1,False,1,0,False,20:15,Thursday,Gillette Stadium,outdoors,fieldturf,4,4
2025_11_BAL_CLE,2025,11,2025-11-16,TEST,CLE,BAL,Cleveland Browns,Baltimore Ravens,16.0,23.0,-7.0,AWAY_WIN,0,False,1,0,False,16:25,Sunday,FirstEnergy Stadium,outdoors,grass,7,7
2025_11_CAR_ATL,2025,11,2025-11-16,TEST,ATL,CAR,Atlanta Falcons,Carolina Panthers,27.0,30.0,-3.0,AWAY_WIN,0,False,1,0,False,13:00,Sunday,Mercedes-Benz Stadium,closed,fieldturf,7,7
2025_11_CHI_MIN,2025,11,2025-11-16,TEST,MIN,CHI,Minnesota Vikings,Chicago Bears,17.0,19.0,-2.0,AWAY_WIN,0,False,1,0,False,13:00,Sunday,U.S. Bank Stadium,dome,sportturf,7,7
2025_11_CIN_PIT,2025,11,2025-11-16,TEST,PIT,CIN,Pittsburgh Steelers,Cincinnati Bengals,34.0,12.0,22.0,HOME_WIN,1,False,1,0,False,13:00,Sunday,Acrisure Stadium,outdoors,grass,7,14
2025_11_DET_PHI,2025,11,2025-11-16,TEST,PHI,DET,Philadelphia Eagles,Detroit Lions,16.0,9.0,7.0,HOME_WIN,1,False,1,0,False,20:20,Sunday,Lincoln Financial Field,outdoors,grass,6,7
2025_11_GB_NYG,2025,11,2025-11-16,TEST,NYG,GB,New York Giants,Green Bay Packers,20.0,27.0,-7.0,AWAY_WIN,0,False,1,0,False,13:00,Sunday,MetLife Stadium,outdoors,fieldturf,7,6
2025_11_HOU_TEN,2025,11,2025-11-16,TEST,TEN,HOU,Tennessee Titans,Houston Texans,13.0,16.0,-3.0,AWAY_WIN,0,False,1,0,False,13:00,Sunday,Nissan Stadium,outdoors,grass,14,7
2025_11_KC_DEN,2025,11,2025-11-16,TEST,DEN,KC,Denver Broncos,Kansas City Chiefs,22.0,19.0,3.0,HOME_WIN,1,False,1,0,False,16:25,Sunday,Empower Field at Mile High,outdoors,grass,10,14
2025_11_LAC_JAX,2025,11,2025-11-16,TEST,JAX,LAC,Jacksonville Jaguars,Los Angeles Chargers,35.0,6.0,29.0,HOME_WIN,1,False,1,0,False,13:00,Sunday,TIAA Bank Stadium,outdoors,grass,7,7
2025_11_SEA_LA,2025,11,2025-11-16,TEST,LA,SEA,Los Angeles Rams,Seattle Seahawks,21.0,19.0,2.0,HOME_WIN,1,False,1,0,False,16:05,Sunday,SoFi Stadium,dome,matrixturf,7,7
2025_11_SF_ARI,2025,11,2025-11-16,TEST,ARI,SF,Arizona Cardinals,San Francisco 49ers,22.0,41.0,-19.0,AWAY_WIN,0,False,1,0,False,16:05,Sunday,State Farm Stadium,closed,grass,7,7
2025_11_TB_BUF,2025,11,2025-11-16,TEST,BUF,TB,Buffalo Bills,Tampa Bay Buccaneers,44.0,32.0,12.0,HOME_WIN,1,False,1,0,False,13:00,Sunday,New Era Field,outdoors,a_turf,7,7
2025_11_WAS_MIA,2025,11,2025-11-16,TEST,MIA,WAS,Miami Dolphins,Washington Commanders,16.0,13.0,3.0,HOME_WIN,1,False,1,0,True,09:30,Sunday,Hard Rock Stadium,outdoors,grass,7,7
2025_11_DAL_LV,2025,11,2025-11-17,TEST,LV,DAL,Las Vegas Raiders,Dallas Cowboys,16.0,33.0,-17.0,AWAY_WIN,0,False,1,0,False,20:15,Monday,Allegiant Stadium,dome,grass,11,14
2025_12_BUF_HOU,2025,12,2025-11-20,TEST,HOU,BUF,Houston Texans,Buffalo Bills,23.0,19.0,4.0,HOME_WIN,1,False,1,0,False,20:15,Thursday,NRG Stadium,closed,astroturf,4,4
2025_12_ATL_NO,2025,12,2025-11-23,TEST,NO,ATL,New Orleans Saints,Atlanta Falcons,10.0,24.0,-14.0,AWAY_WIN,0,False,1,0,False,16:25,Sunday,Mercedes-Benz Superdome,dome,sportturf,14,7
2025_12_CLE_LV,2025,12,2025-11-23,TEST,LV,CLE,Las Vegas Raiders,Cleveland Browns,10.0,24.0,-14.0,AWAY_WIN,0,False,1,0,False,16:05,Sunday,Allegiant Stadium,dome,grass,6,7
2025_12_IND_KC,2025,12,2025-11-23,TEST,KC,IND,Kansas City Chiefs,Indianapolis Colts,23.0,20.0,3.0,HOME_WIN,1,False,1,0,False,13:00,Sunday,GEHA Field at Arrowhead Stadium,outdoors,grass,7,14
2025_12_JAX_ARI,2025,12,2025-11-23,TEST,ARI,JAX,Arizona Cardinals,Jacksonville Jaguars,24.0,27.0,-3.0,AWAY_WIN,0,False,1,0,False,16:05,Sunday,State Farm Stadium,closed,grass,7,7
2025_12_MIN_GB,2025,12,2025-11-23,TEST,GB,MIN,Green Bay Packers,Minnesota Vikings,23.0,6.0,17.0,HOME_WIN,1,False,1,0,False,13:00,Sunday,Lambeau Field,outdoors,grass,7,7
2025_12_NE_CIN,2025,12,2025-11-23,TEST,CIN,NE,Cincinnati Bengals,New England Patriots,20.0,26.0,-6.0,AWAY_WIN,0,False,1,0,False,13:00,Sunday,Paycor Stadium,outdoors,fieldturf,7,10
2025_12_NYG_DET,2025,12,2025-11-23,TEST,DET,NYG,Detroit Lions,New York Giants,34.0,27.0,7.0,HOME_WIN,1,False,1,0,False,13:00,Sunday,Ford Field,dome,fieldturf,7,7
2025_12_NYJ_BAL,2025,12,2025-11-23,TEST,BAL,NYJ,Baltimore Ravens,New York Jets,23.0,10.0,13.0,HOME_WIN,1,False,1,0,False,13:00,Sunday,M&T Bank Stadium,outdoors,grass,7,10
2025_12_PHI_DAL,2025,12,2025-11-23,TEST,DAL,PHI,Dallas Cowboys,Philadelphia Eagles,24.0,21.0,3.0,HOME_WIN,1,False,1,0,False,16:25,Sunday,AT&T Stadium,closed,matrixturf,6,7
2025_12_PIT_CHI,2025,12,2025-11-23,TEST,CHI,PIT,Chicago Bears,Pittsburgh Steelers,31.0,28.0,3.0,HOME_WIN,1,False,1,0,False,13:00,Sunday,Soldier Field,outdoors,grass,7,7
2025_12_SEA_TEN,2025,12,2025-11-23,TEST,TEN,SEA,Tennessee Titans,Seattle Seahawks,24.0,30.0,-6.0,AWAY_WIN,0,False,1,0,False,13:00,Sunday,Nissan Stadium,outdoors,grass,7,7
2025_12_TB_LA,2025,12,2025-11-23,TEST,LA,TB,Los Angeles Rams,Tampa Bay Buccaneers,34.0,7.0,27.0,HOME_WIN,1,False,1,0,False,20:20,Sunday,SoFi Stadium,dome,matrixturf,7,7
2025_12_CAR_SF,2025,12,2025-11-24,TEST,SF,CAR,San Francisco 49ers,Carolina Panthers,20.0,9.0,11.0,HOME_WIN,1,False,1,0,False,20:15,Monday,Levi's Stadium,outdoors,grass,8,8
2025_13_CIN_BAL,2025,13,2025-11-27,TEST,BAL,CIN,Baltimore Ravens,Cincinnati Bengals,14.0,32.0,-18.0,AWAY_WIN,0,False,1,0,False,20:20,Thursday,M&T Bank Stadium,outdoors,grass,4,4
2025_13_GB_DET,2025,13,2025-11-27,TEST,DET,GB,Detroit Lions,Green Bay Packers,24.0,31.0,-7.0,AWAY_WIN,0,False,1,0,False,13:00,Thursday,Ford Field,dome,fieldturf,4,4
2025_13_KC_DAL,2025,13,2025-11-27,TEST,DAL,KC,Dallas Cowboys,Kansas City Chiefs,31.0,28.0,3.0,HOME_WIN,1,False,1,0,False,16:30,Thursday,AT&T Stadium,closed,matrixturf,4,4
2025_13_CHI_PHI,2025,13,2025-11-28,TEST,PHI,CHI,Philadelphia Eagles,Chicago Bears,15.0,24.0,-9.0,AWAY_WIN,0,False,1,0,False,15:00,Friday,Lincoln Financial Field,outdoors,grass,5,5
2025_13_ARI_TB,2025,13,2025-11-30,TEST,TB,ARI,Tampa Bay Buccaneers,Arizona Cardinals,20.0,17.0,3.0,HOME_WIN,1,False,1,0,False,13:00,Sunday,Raymond James Stadium,outdoors,grass,7,7
2025_13_ATL_NYJ,2025,13,2025-11-30,TEST,NYJ,ATL,New York Jets,Atlanta Falcons,27.0,24.0,3.0,HOME_WIN,1,False,1,0,False,13:00,Sunday,MetLife Stadium,outdoors,fieldturf,7,7
2025_13_BUF_PIT,2025,13,2025-11-30,TEST,PIT,BUF,Pittsburgh Steelers,Buffalo Bills,7.0,26.0,-19.0,AWAY_WIN,0,False,1,0,False,16:25,Sunday,Acrisure Stadium,outdoors,grass,7,10
2025_13_DEN_WAS,2025,13,2025-11-30,TEST,WAS,DEN,Washington Commanders,Denver Broncos,26.0,27.0,-1.0,AWAY_WIN,0,False,1,0,False,20:20,Sunday,FedExField,outdoors,grass,14,14
2025_13_HOU_IND,2025,13,2025-11-30,TEST,IND,HOU,Indianapolis Colts,Houston Texans,16.0,20.0,-4.0,AWAY_WIN,0,False,1,0,False,13:00,Sunday,Lucas Oil Stadium,closed,fieldturf,7,10
2025_13_JAX_TEN,2025,13,2025-11-30,TEST,TEN,JAX,Tennessee Titans,Jacksonville Jaguars,3.0,25.0,-22.0,AWAY_WIN,0,False,1,0,False,13:00,Sunday,Nissan Stadium,outdoors,grass,7,7
2025_13_LA_CAR,2025,13,2025-11-30,TEST,CAR,LA,Carolina Panthers,Los Angeles Rams,31.0,28.0,3.0,HOME_WIN,1,False,1,0,False,13:00,Sunday,Bank of America Stadium,outdoors,grass,6,7
2025_13_LV_LAC,2025,13,2025-11-30,TEST,LAC,LV,Los Angeles Chargers,Las Vegas Raiders,31.0,14.0,17.0,HOME_WIN,1,False,1,0,False,16:25,Sunday,SoFi Stadium,dome,matrixturf,14,7
2025_13_MIN_SEA,2025,13,2025-11-30,TEST,SEA,MIN,Seattle Seahawks,Minnesota Vikings,26.0,0.0,26.0,HOME_WIN,1,False,1,0,False,16:05,Sunday,Lumen Field,outdoors,fieldturf,7,7
2025_13_NO_MIA,2025,13,2025-11-30,TEST,MIA,NO,Miami Dolphins,New Orleans Saints,21.0,17.0,4.0,HOME_WIN,1,False,1,0,False,13:00,Sunday,Hard Rock Stadium,outdoors,grass,14,7
2025_13_SF_CLE,2025,13,2025-11-30,TEST,CLE,SF,Cleveland Browns,San Francisco 49ers,8.0,26.0,-18.0,AWAY_WIN,0,False,1,0,False,13:00,Sunday,FirstEnergy Stadium,outdoors,grass,7,6
2025_13_NYG_NE,2025,13,2025-12-01,TEST,NE,NYG,New England Patriots,New York Giants,33.0,15.0,18.0,HOME_WIN,1,False,1,0,False,20:15,Monday,Gillette Stadium,outdoors,fieldturf,8,8
2025_14_DAL_DET,2025,14,2025-12-04,TEST,DET,DAL,Detroit Lions,Dallas Cowboys,44.0,30.0,14.0,HOME_WIN,1,False,1,0,False,20:15,Thursday,Ford Field,dome,fieldturf,7,7
2025_14_CHI_GB,2025,14,2025-12-07,TEST,GB,CHI,Green Bay Packers,Chicago Bears,28.0,21.0,7.0,HOME_WIN,1,False,1,0,False,16:25,Sunday,Lambeau Field,outdoors,grass,10,9
2025_14_CIN_BUF,2025,14,2025-12-07,TEST,BUF,CIN,Buffalo Bills,Cincinnati Bengals,39.0,34.0,5.0,HOME_WIN,1,False,1,0,False,13:00,Sunday,New Era Field,outdoors,a_turf,7,10
2025_14_DEN_LV,2025,14,2025-12-07,TEST,LV,DEN,Las Vegas Raiders,Denver Broncos,17.0,24.0,-7.0,AWAY_WIN,0,False,1,0,False,16:05,Sunday,Allegiant Stadium,dome,grass,7,7
2025_14_HOU_KC,2025,14,2025-12-07,TEST,KC,HOU,Kansas City Chiefs,Houston Texans,10.0,20.0,-10.0,AWAY_WIN,0,False,1,0,False,20:20,Sunday,GEHA Field at Arrowhead Stadium,outdoors,grass,10,7
2025_14_IND_JAX,2025,14,2025-12-07,TEST,JAX,IND,Jacksonville Jaguars,Indianapolis Colts,36.0,19.0,17.0,HOME_WIN,1,False,1,0,False,13:00,Sunday,TIAA Bank Stadium,outdoors,grass,7,7
2025_14_LA_ARI,2025,14,2025-12-07,TEST,ARI,LA,Arizona Cardinals,Los Angeles Rams,17.0,45.0,-28.0,AWAY_WIN,0,False,1,0,False,16:25,Sunday,State Farm Stadium,closed,grass,7,7
2025_14_MIA_NYJ,2025,14,2025-12-07,TEST,NYJ,MIA,New York Jets,Miami Dolphins,10.0,34.0,-24.0,AWAY_WIN,0,False,1,0,False,13:00,Sunday,MetLife Stadium,outdoors,fieldturf,7,7
2025_14_NO_TB,2025,14,2025-12-07,TEST,TB,NO,Tampa Bay Buccaneers,New Orleans Saints,20.0,24.0,-4.0,AWAY_WIN,0,False,1,0,False,13:00,Sunday,Raymond James Stadium,outdoors,grass,7,7
2025_14_PIT_BAL,2025,14,2025-12-07,TEST,BAL,PIT,Baltimore Ravens,Pittsburgh Steelers,22.0,27.0,-5.0,AWAY_WIN,0,False,1,0,False,13:00,Sunday,M&T Bank Stadium,outdoors,grass,10,7
2025_14_SEA_ATL,2025,14,2025-12-07,TEST,ATL,SEA,Atlanta Falcons,Seattle Seahawks,9.0,37.0,-28.0,AWAY_WIN,0,False,1,0,False,13:00,Sunday,Mercedes-Benz Stadium,closed,fieldturf,7,7
2025_14_TEN_CLE,2025,14,2025-12-07,TEST,CLE,TEN,Cleveland Browns,Tennessee Titans,29.0,31.0,-2.0,AWAY_WIN,0,False,1,0,False,13:00,Sunday,FirstEnergy Stadium,outdoors,grass,7,7
2025_14_WAS_MIN,2025,14,2025-12-07,TEST,MIN,WAS,Minnesota Vikings,Washington Commanders,31.0,0.0,31.0,HOME_WIN,1,False,1,0,False,13:00,Sunday,U.S. Bank Stadium,dome,sportturf,7,7
2025_14_PHI_LAC,2025,14,2025-12-08,TEST,LAC,PHI,Los Angeles Chargers,Philadelphia Eagles,22.0,19.0,3.0,HOME_WIN,1,False,1,0,False,20:15,Monday,SoFi Stadium,dome,matrixturf,8,10
2025_15_ATL_TB,2025,15,2025-12-11,TEST,TB,ATL,Tampa Bay Buccaneers,Atlanta Falcons,28.0,29.0,-1.0,AWAY_WIN,0,False,1,0,False,20:15,Thursday,Raymond James Stadium,outdoors,grass,4,4
2025_15_ARI_HOU,2025,15,2025-12-14,TEST,HOU,ARI,Houston Texans,Arizona Cardinals,40.0,20.0,20.0,HOME_WIN,1,False,1,0,False,13:00,Sunday,NRG Stadium,closed,astroturf,7,7
2025_15_BAL_CIN,2025,15,2025-12-14,TEST,CIN,BAL,Cincinnati Bengals,Baltimore Ravens,0.0,24.0,-24.0,AWAY_WIN,0,False,1,0,False,13:00,Sunday,Paycor Stadium,outdoors,fieldturf,7,7
2025_15_BUF_NE,2025,15,2025-12-14,TEST,NE,BUF,New England Patriots,Buffalo Bills,31.0,35.0,-4.0,AWAY_WIN,0,False,1,0,False,13:00,Sunday,Gillette Stadium,outdoors,fieldturf,13,7
2025_15_CAR_NO,2025,15,2025-12-14,TEST,NO,CAR,New Orleans Saints,Carolina Panthers,20.0,17.0,3.0,HOME_WIN,1,False,1,0,False,16:25,Sunday,Mercedes-Benz Superdome,dome,sportturf,7,14
2025_15_CLE_CHI,2025,15,2025-12-14,TEST,CHI,CLE,Chicago Bears,Cleveland Browns,31.0,3.0,28.0,HOME_WIN,1,False,1,0,False,13:00,Sunday,Soldier Field,outdoors,grass,7,7
2025_15_DET_LA,2025,15,2025-12-14,TEST,LA,DET,Los Angeles Rams,Detroit Lions,41.0,34.0,7.0,HOME_WIN,1,False,1,0,False,16:25,Sunday,SoFi Stadium,dome,matrixturf,7,10
2025_15_GB_DEN,2025,15,2025-12-14,TEST,DEN,GB,Denver Broncos,Green Bay Packers,34.0,26.0,8.0,HOME_WIN,1,False,1,0,False,16:25,Sunday,Empower Field at Mile High,outdoors,grass,7,7
2025_15_IND_SEA,2025,15,2025-12-14,TEST,SEA,IND,Seattle Seahawks,Indianapolis Colts,18.0,16.0,2.0,HOME_WIN,1,False,1,0,False,16:25,Sunday,Lumen Field,outdoors,fieldturf,7,7
2025_15_LAC_KC,2025,15,2025-12-14,TEST,KC,LAC,Kansas City Chiefs,Los Angeles Chargers,13.0,16.0,-3.0,AWAY_WIN,0,False,1,0,False,13:00,Sunday,GEHA Field at Arrowhead Stadium,outdoors,grass,7,6
2025_15_LV_PHI,2025,15,2025-12-14,TEST,PHI,LV,Philadelphia Eagles,Las Vegas Raiders,31.0,0.0,31.0,HOME_WIN,1,False,1,0,False,13:00,Sunday,Lincoln Financial Field,outdoors,grass,6,7
2025_15_MIN_DAL,2025,15,2025-12-14,TEST,DAL,MIN,Dallas Cowboys,Minnesota Vikings,26.0,34.0,-8.0,AWAY_WIN,0,False,1,0,False,20:20,Sunday,AT&T Stadium,closed,matrixturf,10,7
2025_15_NYJ_JAX,2025,15,2025-12-14,TEST,JAX,NYJ,Jacksonville Jaguars,New York Jets,48.0,20.0,28.0,HOME_WIN,1,False,1,0,False,13:00,Sunday,TIAA Bank Stadium,outdoors,grass,7,7
2025_15_TEN_SF,2025,15,2025-12-14,TEST,SF,TEN,San Francisco 49ers,Tennessee Titans,37.0,24.0,13.0,HOME_WIN,1,False,1,0,False,16:25,Sunday,Levi's Stadium,outdoors,grass,14,7
2025_15_WAS_NYG,2025,15,2025-12-14,TEST,NYG,WAS,New York Giants,Washington Commanders,21.0,29.0,-8.0,AWAY_WIN,0,False,1,0,False,13:00,Sunday,MetLife Stadium,outdoors,fieldturf,13,7
2025_15_MIA_PIT,2025,15,2025-12-15,TEST,PIT,MIA,Pittsburgh Steelers,Miami Dolphins,28.0,15.0,13.0,HOME_WIN,1,False,1,0,False,20:15,Monday,Acrisure Stadium,outdoors,grass,8,8
2025_16_LA_SEA,2025,16,2025-12-18,TEST,SEA,LA,Seattle Seahawks,Los Angeles Rams,38.0,37.0,1.0,HOME_WIN,1,False,1,0,False,20:15,Thursday,Lumen Field,outdoors,fieldturf,4,4
2025_16_GB_CHI,2025,16,2025-12-20,TEST,CHI,GB,Chicago Bears,Green Bay Packers,22.0,16.0,6.0,HOME_WIN,1,False,1,0,False,20:20,Saturday,Soldier Field,outdoors,grass,6,6
2025_16_PHI_WAS,2025,16,2025-12-20,TEST,WAS,PHI,Washington Commanders,Philadelphia Eagles,18.0,29.0,-11.0,AWAY_WIN,0,False,1,0,False,17:00,Saturday,FedExField,outdoors,grass,6,6
2025_16_ATL_ARI,2025,16,2025-12-21,TEST,ARI,ATL,Arizona Cardinals,Atlanta Falcons,19.0,26.0,-7.0,AWAY_WIN,0,False,1,0,False,16:05,Sunday,State Farm Stadium,closed,grass,7,10
2025_16_BUF_CLE,2025,16,2025-12-21,TEST,CLE,BUF,Cleveland Browns,Buffalo Bills,20.0,23.0,-3.0,AWAY_WIN,0,False,1,0,False,13:00,Sunday,FirstEnergy Stadium,outdoors,grass,7,7
2025_16_CIN_MIA,2025,16,2025-12-21,TEST,MIA,CIN,Miami Dolphins,Cincinnati Bengals,21.0,45.0,-24.0,AWAY_WIN,0,False,1,0,False,13:00,Sunday,Hard Rock Stadium,outdoors,grass,6,7
2025_16_JAX_DEN,2025,16,2025-12-21,TEST,DEN,JAX,Denver Broncos,Jacksonville Jaguars,20.0,34.0,-14.0,AWAY_WIN,0,False,1,0,False,16:05,Sunday,Empower Field at Mile High,outdoors,grass,7,7
2025_16_KC_TEN,2025,16,2025-12-21,TEST,TEN,KC,Tennessee Titans,Kansas City Chiefs,26.0,9.0,17.0,HOME_WIN,1,False,1,0,False,13:00,Sunday,Nissan Stadium,outdoors,grass,7,7
2025_16_LAC_DAL,2025,16,2025-12-21,TEST,DAL,LAC,Dallas Cowboys,Los Angeles Chargers,17.0,34.0,-17.0,AWAY_WIN,0,False,1,0,False,13:00,Sunday,AT&T Stadium,closed,matrixturf,7,7
2025_16_LV_HOU,2025,16,2025-12-21,TEST,HOU,LV,Houston Texans,Las Vegas Raiders,23.0,21.0,2.0,HOME_WIN,1,False,1,0,False,16:25,Sunday,NRG Stadium,closed,astroturf,7,7
2025_16_MIN_NYG,2025,16,2025-12-21,TEST,NYG,MIN,New York Giants,Minnesota Vikings,13.0,16.0,-3.0,AWAY_WIN,0,False,1,0,False,13:00,Sunday,MetLife Stadium,outdoors,fieldturf,7,7
2025_16_NE_BAL,2025,16,2025-12-21,TEST,BAL,NE,Baltimore Ravens,New England Patriots,24.0,28.0,-4.0,AWAY_WIN,0,False,1,0,False,20:20,Sunday,M&T Bank Stadium,outdoors,grass,7,7
2025_16_NYJ_NO,2025,16,2025-12-21,TEST,NO,NYJ,New Orleans Saints,New York Jets,29.0,6.0,23.0,HOME_WIN,1,False,1,0,False,13:00,Sunday,Mercedes-Benz Superdome,dome,sportturf,7,7
2025_16_PIT_DET,2025,16,2025-12-21,TEST,DET,PIT,Detroit Lions,Pittsburgh Steelers,24.0,29.0,-5.0,AWAY_WIN,0,False,1,0,False,16:25,Sunday,Ford Field,dome,fieldturf,7,6
2025_16_TB_CAR,2025,16,2025-12-21,TEST,CAR,TB,Carolina Panthers,Tampa Bay Buccaneers,23.0,20.0,3.0,HOME_WIN,1,False,1,0,False,13:00,Sunday,Bank of America Stadium,outdoors,grass,7,10
2025_16_SF_IND,2025,16,2025-12-22,TEST,IND,SF,Indianapolis Colts,San Francisco 49ers,27.0,48.0,-21.0,AWAY_WIN,0,False,1,0,False,20:15,Monday,Lucas Oil Stadium,closed,fieldturf,8,8
2025_17_DAL_WAS,2025,17,2025-12-25,TEST,WAS,DAL,Washington Commanders,Dallas Cowboys,23.0,30.0,-7.0,AWAY_WIN,0,False,1,0,False,13:00,Thursday,FedExField,outdoors,grass,5,4
2025_17_DEN_KC,2025,17,2025-12-25,TEST,KC,DEN,Kansas City Chiefs,Denver Broncos,13.0,20.0,-7.0,AWAY_WIN,0,False,1,0,False,20:15,Thursday,GEHA Field at Arrowhead Stadium,outdoors,grass,4,4
2025_17_DET_MIN,2025,17,2025-12-25,TEST,MIN,DET,Minnesota Vikings,Detroit Lions,23.0,10.0,13.0,HOME_WIN,1,False,1,0,False,16:30,Thursday,U.S. Bank Stadium,dome,sportturf,4,4
2025_17_BAL_GB,2025,17,2025-12-27,TEST,GB,BAL,Green Bay Packers,Baltimore Ravens,24.0,41.0,-17.0,AWAY_WIN,0,False,1,0,False,20:00,Saturday,Lambeau Field,outdoors,grass,7,6
2025_17_HOU_LAC,2025,17,2025-12-27,TEST,LAC,HOU,Los Angeles Chargers,Houston Texans,16.0,20.0,-4.0,AWAY_WIN,0,False,1,0,False,16:30,Saturday,SoFi Stadium,dome,matrixturf,6,6
2025_17_ARI_CIN,2025,17,2025-12-28,TEST,CIN,ARI,Cincinnati Bengals,Arizona Cardinals,37.0,14.0,23.0,HOME_WIN,1,False,1,0,False,13:00,Sunday,Paycor Stadium,outdoors,fieldturf,7,7
2025_17_CHI_SF,2025,17,2025-12-28,TEST,SF,CHI,San Francisco 49ers,Chicago Bears,42.0,38.0,4.0,HOME_WIN,1,False,1,0,False,20:20,Sunday,Levi's Stadium,outdoors,grass,6,8
2025_17_JAX_IND,2025,17,2025-12-28,TEST,IND,JAX,Indianapolis Colts,Jacksonville Jaguars,17.0,23.0,-6.0,AWAY_WIN,0,False,1,0,False,13:00,Sunday,Lucas Oil Stadium,closed,fieldturf,6,7
2025_17_NE_NYJ,2025,17,2025-12-28,TEST,NYJ,NE,New York Jets,New England Patriots,10.0,42.0,-32.0,AWAY_WIN,0,False,1,0,False,13:00,Sunday,MetLife Stadium,outdoors,fieldturf,7,7
2025_17_NO_TEN,2025,17,2025-12-28,TEST,TEN,NO,Tennessee Titans,New Orleans Saints,26.0,34.0,-8.0,AWAY_WIN,0,False,1,0,False,13:00,Sunday,Nissan Stadium,outdoors,grass,7,7
2025_17_NYG_LV,2025,17,2025-12-28,TEST,LV,NYG,Las Vegas Raiders,New York Giants,10.0,34.0,-24.0,AWAY_WIN,0,False,1,0,False,16:05,Sunday,Allegiant Stadium,dome,grass,7,7
2025_17_PHI_BUF,2025,17,2025-12-28,TEST,BUF,PHI,Buffalo Bills,Philadelphia Eagles,12.0,13.0,-1.0,AWAY_WIN,0,False,1,0,False,16:25,Sunday,New Era Field,outdoors,a_turf,7,8
2025_17_PIT_CLE,2025,17,2025-12-28,TEST,CLE,PIT,Cleveland Browns,Pittsburgh Steelers,13.0,6.0,7.0,HOME_WIN,1,False,1,0,False,13:00,Sunday,FirstEnergy Stadium,outdoors,grass,7,7
2025_17_SEA_CAR,2025,17,2025-12-28,TEST,CAR,SEA,Carolina Panthers,Seattle Seahawks,10.0,27.0,-17.0,AWAY_WIN,0,False,1,0,False,13:00,Sunday,Bank of America Stadium,outdoors,grass,7,10
2025_17_TB_MIA,2025,17,2025-12-28,TEST,MIA,TB,Miami Dolphins,Tampa Bay Buccaneers,20.0,17.0,3.0,HOME_WIN,1,False,1,0,False,13:00,Sunday,Hard Rock Stadium,outdoors,grass,7,7
2025_17_LA_ATL,2025,17,2025-12-29,TEST,ATL,LA,Atlanta Falcons,Los Angeles Rams,27.0,24.0,3.0,HOME_WIN,1,False,1,0,False,20:15,Monday,Mercedes-Benz Stadium,closed,fieldturf,8,11
2025_18_CAR_TB,2025,18,2026-01-03,TEST,TB,CAR,Tampa Bay Buccaneers,Carolina Panthers,16.0,14.0,2.0,HOME_WIN,1,False,1,0,False,16:30,Saturday,Raymond James Stadium,outdoors,grass,6,6
2025_18_SEA_SF,2025,18,2026-01-03,TEST,SF,SEA,San Francisco 49ers,Seattle Seahawks,3.0,13.0,-10.0,AWAY_WIN,0,False,1,0,False,20:00,Saturday,Levi's Stadium,outdoors,grass,6,6
2025_18_ARI_LA,2025,18,2026-01-04,TEST,LA,ARI,Los Angeles Rams,Arizona Cardinals,37.0,20.0,17.0,HOME_WIN,1,False,1,0,False,16:25,Sunday,SoFi Stadium,dome,matrixturf,6,7
2025_18_BAL_PIT,2025,18,2026-01-04,TEST,PIT,BAL,Pittsburgh Steelers,Baltimore Ravens,26.0,24.0,2.0,HOME_WIN,1,False,1,0,False,20:20,Sunday,Acrisure Stadium,outdoors,grass,7,8
2025_18_CLE_CIN,2025,18,2026-01-04,TEST,CIN,CLE,Cincinnati Bengals,Cleveland Browns,18.0,20.0,-2.0,AWAY_WIN,0,False,1,0,False,13:00,Sunday,Paycor Stadium,outdoors,fieldturf,7,7
2025_18_DAL_NYG,2025,18,2026-01-04,TEST,NYG,DAL,New York Giants,Dallas Cowboys,34.0,17.0,17.0,HOME_WIN,1,False,1,0,False,13:00,Sunday,MetLife Stadium,outdoors,fieldturf,7,10
2025_18_DET_CHI,2025,18,2026-01-04,TEST,CHI,DET,Chicago Bears,Detroit Lions,16.0,19.0,-3.0,AWAY_WIN,0,False,1,0,False,16:25,Sunday,Soldier Field,outdoors,grass,7,10
2025_18_GB_MIN,2025,18,2026-01-04,TEST,MIN,GB,Minnesota Vikings,Green Bay Packers,16.0,3.0,13.0,HOME_WIN,1,False,1,0,False,13:00,Sunday,U.S. Bank Stadium,dome,sportturf,10,8
2025_18_IND_HOU,2025,18,2026-01-04,TEST,HOU,IND,Houston Texans,Indianapolis Colts,38.0,30.0,8.0,HOME_WIN,1,False,1,0,False,13:00,Sunday,NRG Stadium,closed,astroturf,8,7
2025_18_KC_LV,2025,18,2026-01-04,TEST,LV,KC,Las Vegas Raiders,Kansas City Chiefs,14.0,12.0,2.0,HOME_WIN,1,False,1,0,False,16:25,Sunday,Allegiant Stadium,dome,grass,7,10
2025_18_LAC_DEN,2025,18,2026-01-04,TEST,DEN,LAC,Denver Broncos,Los Angeles Chargers,19.0,3.0,16.0,HOME_WIN,1,False,1,0,False,16:25,Sunday,Empower Field at Mile High,outdoors,grass,10,8
2025_18_MIA_NE,2025,18,2026-01-04,TEST,NE,MIA,New England Patriots,Miami Dolphins,38.0,10.0,28.0,HOME_WIN,1,False,1,0,False,16:25,Sunday,Gillette Stadium,outdoors,fieldturf,7,7
2025_18_NO_ATL,2025,18,2026-01-04,TEST,ATL,NO,Atlanta Falcons,New Orleans Saints,19.0,17.0,2.0,HOME_WIN,1,False,1,0,False,13:00,Sunday,Mercedes-Benz Stadium,closed,fieldturf,6,7
2025_18_NYJ_BUF,2025,18,2026-01-04,TEST,BUF,NYJ,Buffalo Bills,New York Jets,35.0,8.0,27.0,HOME_WIN,1,False,1,0,False,16:25,Sunday,New Era Field,outdoors,a_turf,7,7
2025_18_TEN_JAX,2025,18,2026-01-04,TEST,JAX,TEN,Jacksonville Jaguars,Tennessee Titans,41.0,7.0,34.0,HOME_WIN,1,False,1,0,False,13:00,Sunday,TIAA Bank Stadium,outdoors,grass,7,7
2025_18_WAS_PHI,2025,18,2026-01-04,TEST,PHI,WAS,Philadelphia Eagles,Washington Commanders,17.0,24.0,-7.0,AWAY_WIN,0,False,1,0,False,16:25,Sunday,Lincoln Financial Field,outdoors,grass,7,10
