game_id,season,week,game_date,data_split,team_abbr,opponent_abbr,points_for,points_against,HOME_WIN,is_tie,is_home,team_name,opponent_name,point_differential,team_result
2021_01_DAL_TB,2021,1,2021-09-09,TRAIN,TB,DAL,31.0,29.0,1,False,1,Tampa Bay Buccaneers,Dallas Cowboys,2.0,W
2021_01_DAL_TB,2021,1,2021-09-09,TRAIN,DAL,TB,29.0,31.0,1,False,0,Dallas Cowboys,Tampa Bay Buccaneers,-2.0,L
2021_01_ARI_TEN,2021,1,2021-09-12,TRAIN,TEN,ARI,13.0,38.0,0,False,1,Tennessee Titans,Arizona Cardinals,-25.0,L
2021_01_ARI_TEN,2021,1,2021-09-12,TRAIN,ARI,TEN,38.0,13.0,0,False,0,Arizona Cardinals,Tennessee Titans,25.0,W
2021_01_CHI_LA,2021,1,2021-09-12,TRAIN,LA,CHI,34.0,14.0,1,False,1,Los Angeles Rams,Chicago Bears,20.0,W
2021_01_CHI_LA,2021,1,2021-09-12,TRAIN,CHI,LA,14.0,34.0,1,False,0,Chicago Bears,Los Angeles Rams,-20.0,L
2021_01_CLE_KC,2021,1,2021-09-12,TRAIN,KC,CLE,33.0,29.0,1,False,1,Kansas City Chiefs,Cleveland Browns,4.0,W
2021_01_CLE_KC,2021,1,2021-09-12,TRAIN,CLE,KC,29.0,33.0,1,False,0,Cleveland Browns,Kansas City Chiefs,-4.0,L
2021_01_DEN_NYG,2021,1,2021-09-12,TRAIN,NYG,DEN,13.0,27.0,0,False,1,New York Giants,Denver Broncos,-14.0,L
2021_01_DEN_NYG,2021,1,2021-09-12,TRAIN,DEN,NYG,27.0,13.0,0,False,0,Denver Broncos,New York Giants,14.0,W
2021_01_GB_NO,2021,1,2021-09-12,TRAIN,NO,GB,38.0,3.0,1,False,1,New Orleans Saints,Green Bay Packers,35.0,W
2021_01_GB_NO,2021,1,2021-09-12,TRAIN,GB,NO,3.0,38.0,1,False,0,Green Bay Packers,New Orleans Saints,-35.0,L
2021_01_JAX_HOU,2021,1,2021-09-12,TRAIN,HOU,JAX,37.0,21.0,1,False,1,Houston Texans,Jacksonville Jaguars,16.0,W
2021_01_JAX_HOU,2021,1,2021-09-12,TRAIN,JAX,HOU,21.0,37.0,1,False,0,Jacksonville Jaguars,Houston Texans,-16.0,L
2021_01_LAC_WAS,2021,1,2021-09-12,TRAIN,WAS,LAC,16.0,20.0,0,False,1,Washington Commanders,Los Angeles Chargers,-4.0,L
2021_01_LAC_WAS,2021,1,2021-09-12,TRAIN,LAC,WAS,20.0,16.0,0,False,0,Los Angeles Chargers,Washington Commanders,4.0,W
2021_01_MIA_NE,2021,1,2021-09-12,TRAIN,NE,MIA,16.0,17.0,0,False,1,New England Patriots,Miami Dolphins,-1.0,L
2021_01_MIA_NE,2021,1,2021-09-12,TRAIN,MIA,NE,17.0,16.0,0,False,0,Miami Dolphins,New England Patriots,1.0,W
2021_01_MIN_CIN,2021,1,2021-09-12,TRAIN,CIN,MIN,27.0,24.0,1,False,1,Cincinnati Bengals,Minnesota Vikings,3.0,W
2021_01_MIN_CIN,2021,1,2021-09-12,TRAIN,MIN,CIN,24.0,27.0,1,False,0,Minnesota Vikings,Cincinnati Bengals,-3.0,L
2021_01_NYJ_CAR,2021,1,2021-09-12,TRAIN,CAR,NYJ,19.0,14.0,1,False,1,Carolina Panthers,New York Jets,5.0,W
2021_01_NYJ_CAR,2021,1,2021-09-12,TRAIN,NYJ,CAR,14.0,19.0,1,False,0,New York Jets,Carolina Panthers,-5.0,L
2021_01_PHI_ATL,2021,1,2021-09-12,TRAIN,ATL,PHI,6.0,32.0,0,False,1,Atlanta Falcons,Philadelphia Eagles,-26.0,L
2021_01_PHI_ATL,2021,1,2021-09-12,TRAIN,PHI,ATL,32.0,6.0,0,False,0,Philadelphia Eagles,Atlanta Falcons,26.0,W
2021_01_PIT_BUF,2021,1,2021-09-12,TRAIN,BUF,PIT,16.0,23.0,0,False,1,Buffalo Bills,Pittsburgh Steelers,-7.0,L
2021_01_PIT_BUF,2021,1,2021-09-12,TRAIN,PIT,BUF,23.0,16.0,0,False,0,Pittsburgh Steelers,Buffalo Bills,7.0,W
2021_01_SEA_IND,2021,1,2021-09-12,TRAIN,IND,SEA,16.0,28.0,0,False,1,Indianapolis Colts,Seattle Seahawks,-12.0,L
2021_01_SEA_IND,2021,1,2021-09-12,TRAIN,SEA,IND,28.0,16.0,0,False,0,Seattle Seahawks,Indianapolis Colts,12.0,W
2021_01_SF_DET,2021,1,2021-09-12,TRAIN,DET,SF,33.0,41.0,0,False,1,Detroit Lions,San Francisco 49ers,-8.0,L
2021_01_SF_DET,2021,1,2021-09-12,TRAIN,SF,DET,41.0,33.0,0,False,0,San Francisco 49ers,Detroit Lions,8.0,W
2021_01_BAL_LV,2021,1,2021-09-13,TRAIN,LV,BAL,33.0,27.0,1,False,1,Las Vegas Raiders,Baltimore Ravens,6.0,W
2021_01_BAL_LV,2021,1,2021-09-13,TRAIN,BAL,LV,27.0,33.0,1,False,0,Baltimore Ravens,Las Vegas Raiders,-6.0,L
2021_02_NYG_WAS,2021,2,2021-09-16,TRAIN,WAS,NYG,30.0,29.0,1,False,1,Washington Commanders,New York Giants,1.0,W
2021_02_NYG_WAS,2021,2,2021-09-16,TRAIN,NYG,WAS,29.0,30.0,1,False,0,New York Giants,Washington Commanders,-1.0,L
2021_02_ATL_TB,2021,2,2021-09-19,TRAIN,TB,ATL,48.0,25.0,1,False,1,Tampa Bay Buccaneers,Atlanta Falcons,23.0,W
2021_02_ATL_TB,2021,2,2021-09-19,TRAIN,ATL,TB,25.0,48.0,1,False,0,Atlanta Falcons,Tampa Bay Buccaneers,-23.0,L
2021_02_BUF_MIA,2021,2,2021-09-19,TRAIN,MIA,BUF,0.0,35.0,0,False,1,Miami Dolphins,Buffalo Bills,-35.0,L
2021_02_BUF_MIA,2021,2,2021-09-19,TRAIN,BUF,MIA,35.0,0.0,0,False,0,Buffalo Bills,Miami Dolphins,35.0,W
2021_02_CIN_CHI,2021,2,2021-09-19,TRAIN,CHI,CIN,20.0,17.0,1,False,1,Chicago Bears,Cincinnati Bengals,3.0,W
2021_02_CIN_CHI,2021,2,2021-09-19,TRAIN,CIN,CHI,17.0,20.0,1,False,0,Cincinnati Bengals,Chicago Bears,-3.0,L
2021_02_DAL_LAC,2021,2,2021-09-19,TRAIN,LAC,DAL,17.0,20.0,0,False,1,Los Angeles Chargers,Dallas Cowboys,-3.0,L
2021_02_DAL_LAC,2021,2,2021-09-19,TRAIN,DAL,LAC,20.0,17.0,0,False,0,Dallas Cowboys,Los Angeles Chargers,3.0,W
2021_02_DEN_JAX,2021,2,2021-09-19,TRAIN,JAX,DEN,13.0,23.0,0,False,1,Jacksonville Jaguars,Denver Broncos,-10.0,L
2021_02_DEN_JAX,2021,2,2021-09-19,TRAIN,DEN,JAX,23.0,13.0,0,False,0,Denver Broncos,Jacksonville Jaguars,10.0,W
2021_02_HOU_CLE,2021,2,2021-09-19,TRAIN,CLE,HOU,31.0,21.0,1,False,1,Cleveland Browns,Houston Texans,10.0,W
2021_02_HOU_CLE,2021,2,2021-09-19,TRAIN,HOU,CLE,21.0,31.0,1,False,0,Houston Texans,Cleveland Browns,-10.0,L
2021_02_KC_BAL,2021,2,2021-09-19,TRAIN,BAL,KC,36.0,35.0,1,False,1,Baltimore Ravens,Kansas City Chiefs,1.0,W
2021_02_KC_BAL,2021,2,2021-09-19,TRAIN,KC,BAL,35.0,36.0,1,False,0,Kansas City Chiefs,Baltimore Ravens,-1.0,L
2021_02_LA_IND,2021,2,2021-09-19,TRAIN,IND,LA,24.0,27.0,0,False,1,Indianapolis Colts,Los Angeles Rams,-3.0,L
2021_02_LA_IND,2021,2,2021-09-19,TRAIN,LA,IND,27.0,24.0,0,False,0,Los Angeles Rams,Indianapolis Colts,3.0,W
2021_02_LV_PIT,2021,2,2021-09-19,TRAIN,PIT,LV,17.0,26.0,0,False,1,Pittsburgh Steelers,Las Vegas Raiders,-9.0,L
2021_02_LV_PIT,2021,2,2021-09-19,TRAIN,LV,PIT,26.0,17.0,0,False,0,Las Vegas Raiders,Pittsburgh Steelers,9.0,W
2021_02_MIN_ARI,2021,2,2021-09-19,TRAIN,ARI,MIN,34.0,33.0,1,False,1,Arizona Cardinals,Minnesota Vikings,1.0,W
2021_02_MIN_ARI,2021,2,2021-09-19,TRAIN,MIN,ARI,33.0,34.0,1,False,0,Minnesota Vikings,Arizona Cardinals,-1.0,L
2021_02_NE_NYJ,2021,2,2021-09-19,TRAIN,NYJ,NE,6.0,25.0,0,False,1,New York Jets,New England Patriots,-19.0,L
2021_02_NE_NYJ,2021,2,2021-09-19,TRAIN,NE,NYJ,25.0,6.0,0,False,0,New England Patriots,New York Jets,19.0,W
2021_02_NO_CAR,2021,2,2021-09-19,TRAIN,CAR,NO,26.0,7.0,1,False,1,Carolina Panthers,New Orleans Saints,19.0,W
2021_02_NO_CAR,2021,2,2021-09-19,TRAIN,NO,CAR,7.0,26.0,1,False,0,New Orleans Saints,Carolina Panthers,-19.0,L
2021_02_SF_PHI,2021,2,2021-09-19,TRAIN,PHI,SF,11.0,17.0,0,False,1,Philadelphia Eagles,San Francisco 49ers,-6.0,L
2021_02_SF_PHI,2021,2,2021-09-19,TRAIN,SF,PHI,17.0,11.0,0,False,0,San Francisco 49ers,Philadelphia Eagles,6.0,W
2021_02_TEN_SEA,2021,2,2021-09-19,TRAIN,SEA,TEN,30.0,33.0,0,False,1,Seattle Seahawks,Tennessee Titans,-3.0,L
2021_02_TEN_SEA,2021,2,2021-09-19,TRAIN,TEN,SEA,33.0,30.0,0,False,0,Tennessee Titans,Seattle Seahawks,3.0,W
2021_02_DET_GB,2021,2,2021-09-20,TRAIN,GB,DET,35.0,17.0,1,False,1,Green Bay Packers,Detroit Lions,18.0,W
2021_02_DET_GB,2021,2,2021-09-20,TRAIN,DET,GB,17.0,35.0,1,False,0,Detroit Lions,Green Bay Packers,-18.0,L
2021_03_CAR_HOU,2021,3,2021-09-23,TRAIN,HOU,CAR,9.0,24.0,0,False,1,Houston Texans,Carolina Panthers,-15.0,L
2021_03_CAR_HOU,2021,3,2021-09-23,TRAIN,CAR,HOU,24.0,9.0,0,False,0,Carolina Panthers,Houston Texans,15.0,W
2021_03_ARI_JAX,2021,3,2021-09-26,TRAIN,JAX,ARI,19.0,31.0,0,False,1,Jacksonville Jaguars,Arizona Cardinals,-12.0,L
2021_03_ARI_JAX,2021,3,2021-09-26,TRAIN,ARI,JAX,31.0,19.0,0,False,0,Arizona Cardinals,Jacksonville Jaguars,12.0,W
2021_03_ATL_NYG,2021,3,2021-09-26,TRAIN,NYG,ATL,14.0,17.0,0,False,1,New York Giants,Atlanta Falcons,-3.0,L
2021_03_ATL_NYG,2021,3,2021-09-26,TRAIN,ATL,NYG,17.0,14.0,0,False,0,Atlanta Falcons,New York Giants,3.0,W
2021_03_BAL_DET,2021,3,2021-09-26,TRAIN,DET,BAL,17.0,19.0,0,False,1,Detroit Lions,Baltimore Ravens,-2.0,L
2021_03_BAL_DET,2021,3,2021-09-26,TRAIN,BAL,DET,19.0,17.0,0,False,0,Baltimore Ravens,Detroit Lions,2.0,W
2021_03_CHI_CLE,2021,3,2021-09-26,TRAIN,CLE,CHI,26.0,6.0,1,False,1,Cleveland Browns,Chicago Bears,20.0,W
2021_03_CHI_CLE,2021,3,2021-09-26,TRAIN,CHI,CLE,6.0,26.0,1,False,0,Chicago Bears,Cleveland Browns,-20.0,L
2021_03_CIN_PIT,2021,3,2021-09-26,TRAIN,PIT,CIN,10.0,24.0,0,False,1,Pittsburgh Steelers,Cincinnati Bengals,-14.0,L
2021_03_CIN_PIT,2021,3,2021-09-26,TRAIN,CIN,PIT,24.0,10.0,0,False,0,Cincinnati Bengals,Pittsburgh Steelers,14.0,W
2021_03_GB_SF,2021,3,2021-09-26,TRAIN,SF,GB,28.0,30.0,0,False,1,San Francisco 49ers,Green Bay Packers,-2.0,L
2021_03_GB_SF,2021,3,2021-09-26,TRAIN,GB,SF,30.0,28.0,0,False,0,Green Bay Packers,San Francisco 49ers,2.0,W
2021_03_IND_TEN,2021,3,2021-09-26,TRAIN,TEN,IND,25.0,16.0,1,False,1,Tennessee Titans,Indianapolis Colts,9.0,W
2021_03_IND_TEN,2021,3,2021-09-26,TRAIN,IND,TEN,16.0,25.0,1,False,0,Indianapolis Colts,Tennessee Titans,-9.0,L
2021_03_LAC_KC,2021,3,2021-09-26,TRAIN,KC,LAC,24.0,30.0,0,False,1,Kansas City Chiefs,Los Angeles Chargers,-6.0,L
2021_03_LAC_KC,2021,3,2021-09-26,TRAIN,LAC,KC,30.0,24.0,0,False,0,Los Angeles Chargers,Kansas City Chiefs,6.0,W
2021_03_MIA_LV,2021,3,2021-09-26,TRAIN,LV,MIA,31.0,28.0,1,False,1,Las Vegas Raiders,Miami Dolphins,3.0,W
2021_03_MIA_LV,2021,3,2021-09-26,TRAIN,MIA,LV,28.0,31.0,1,False,0,Miami Dolphins,Las Vegas Raiders,-3.0,L
2021_03_NO_NE,2021,3,2021-09-26,TRAIN,NE,NO,13.0,28.0,0,False,1,New England Patriots,New Orleans Saints,-15.0,L
2021_03_NO_NE,2021,3,2021-09-26,TRAIN,NO,NE,28.0,13.0,0,False,0,New Orleans Saints,New England Patriots,15.0,W
2021_03_NYJ_DEN,2021,3,2021-09-26,TRAIN,DEN,NYJ,26.0,0.0,1,False,1,Denver Broncos,New York Jets,26.0,W
2021_03_NYJ_DEN,2021,3,2021-09-26,TRAIN,NYJ,DEN,0.0,26.0,1,False,0,New York Jets,Denver Broncos,-26.0,L
2021_03_SEA_MIN,2021,3,2021-09-26,TRAIN,MIN,SEA,30.0,17.0,1,False,1,Minnesota Vikings,Seattle Seahawks,13.0,W
2021_03_SEA_MIN,2021,3,2021-09-26,TRAIN,SEA,MIN,17.0,30.0,1,False,0,Seattle Seahawks,Minnesota Vikings,-13.0,L
2021_03_TB_LA,2021,3,2021-09-26,TRAIN,LA,TB,34.0,24.0,1,False,1,Los Angeles Rams,Tampa Bay Buccaneers,10.0,W
2021_03_TB_LA,2021,3,2021-09-26,TRAIN,TB,LA,24.0,34.0,1,False,0,Tampa Bay Buccaneers,Los Angeles Rams,-10.0,L
2021_03_WAS_BUF,2021,3,2021-09-26,TRAIN,BUF,WAS,43.0,21.0,1,False,1,Buffalo Bills,Washington Commanders,22.0,W
2021_03_WAS_BUF,2021,3,2021-09-26,TRAIN,WAS,BUF,21.0,43.0,1,False,0,Washington Commanders,Buffalo Bills,-22.0,L
2021_03_PHI_DAL,2021,3,2021-09-27,TRAIN,DAL,PHI,41.0,21.0,1,False,1,Dallas Cowboys,Philadelphia Eagles,20.0,W
2021_03_PHI_DAL,2021,3,2021-09-27,TRAIN,PHI,DAL,21.0,41.0,1,False,0,Philadelphia Eagles,Dallas Cowboys,-20.0,L
2021_04_JAX_CIN,2021,4,2021-09-30,TRAIN,CIN,JAX,24.0,21.0,1,False,1,Cincinnati Bengals,Jacksonville Jaguars,3.0,W
2021_04_JAX_CIN,2021,4,2021-09-30,TRAIN,JAX,CIN,21.0,24.0,1,False,0,Jacksonville Jaguars,Cincinnati Bengals,-3.0,L
2021_04_ARI_LA,2021,4,2021-10-03,TRAIN,LA,ARI,20.0,37.0,0,False,1,Los Angeles Rams,Arizona Cardinals,-17.0,L
2021_04_ARI_LA,2021,4,2021-10-03,TRAIN,ARI,LA,37.0,20.0,0,False,0,Arizona Cardinals,Los Angeles Rams,17.0,W
2021_04_BAL_DEN,2021,4,2021-10-03,TRAIN,DEN,BAL,7.0,23.0,0,False,1,Denver Broncos,Baltimore Ravens,-16.0,L
2021_04_BAL_DEN,2021,4,2021-10-03,TRAIN,BAL,DEN,23.0,7.0,0,False,0,Baltimore Ravens,Denver Broncos,16.0,W
2021_04_CAR_DAL,2021,4,2021-10-03,TRAIN,DAL,CAR,36.0,28.0,1,False,1,Dallas Cowboys,Carolina Panthers,8.0,W
2021_04_CAR_DAL,2021,4,2021-10-03,TRAIN,CAR,DAL,28.0,36.0,1,False,0,Carolina Panthers,Dallas Cowboys,-8.0,L
2021_04_CLE_MIN,2021,4,2021-10-03,TRAIN,MIN,CLE,7.0,14.0,0,False,1,Minnesota Vikings,Cleveland Browns,-7.0,L
2021_04_CLE_MIN,2021,4,2021-10-03,TRAIN,CLE,MIN,14.0,7.0,0,False,0,Cleveland Browns,Minnesota Vikings,7.0,W
2021_04_DET_CHI,2021,4,2021-10-03,TRAIN,CHI,DET,24.0,14.0,1,False,1,Chicago Bears,Detroit Lions,10.0,W
2021_04_DET_CHI,2021,4,2021-10-03,TRAIN,DET,CHI,14.0,24.0,1,False,0,Detroit Lions,Chicago Bears,-10.0,L
2021_04_HOU_BUF,2021,4,2021-10-03,TRAIN,BUF,HOU,40.0,0.0,1,False,1,Buffalo Bills,Houston Texans,40.0,W
2021_04_HOU_BUF,2021,4,2021-10-03,TRAIN,HOU,BUF,0.0,40.0,1,False,0,Houston Texans,Buffalo Bills,-40.0,L
2021_04_IND_MIA,2021,4,2021-10-03,TRAIN,MIA,IND,17.0,27.0,0,False,1,Miami Dolphins,Indianapolis Colts,-10.0,L
2021_04_IND_MIA,2021,4,2021-10-03,TRAIN,IND,MIA,27.0,17.0,0,False,0,Indianapolis Colts,Miami Dolphins,10.0,W
2021_04_KC_PHI,2021,4,2021-10-03,TRAIN,PHI,KC,30.0,42.0,0,False,1,Philadelphia Eagles,Kansas City Chiefs,-12.0,L
2021_04_KC_PHI,2021,4,2021-10-03,TRAIN,KC,PHI,42.0,30.0,0,False,0,Kansas City Chiefs,Philadelphia Eagles,12.0,W
2021_04_NYG_NO,2021,4,2021-10-03,TRAIN,NO,NYG,21.0,27.0,0,False,1,New Orleans Saints,New York Giants,-6.0,L
2021_04_NYG_NO,2021,4,2021-10-03,TRAIN,NYG,NO,27.0,21.0,0,False,0,New York Giants,New Orleans Saints,6.0,W
2021_04_PIT_GB,2021,4,2021-10-03,TRAIN,GB,PIT,27.0,17.0,1,False,1,Green Bay Packers,Pittsburgh Steelers,10.0,W
2021_04_PIT_GB,2021,4,2021-10-03,TRAIN,PIT,GB,17.0,27.0,1,False,0,Pittsburgh Steelers,Green Bay Packers,-10.0,L
2021_04_SEA_SF,2021,4,2021-10-03,TRAIN,SF,SEA,21.0,28.0,0,False,1,San Francisco 49ers,Seattle Seahawks,-7.0,L
2021_04_SEA_SF,2021,4,2021-10-03,TRAIN,SEA,SF,28.0,21.0,0,False,0,Seattle Seahawks,San Francisco 49ers,7.0,W
2021_04_TB_NE,2021,4,2021-10-03,TRAIN,NE,TB,17.0,19.0,0,False,1,New England Patriots,Tampa Bay Buccaneers,-2.0,L
2021_04_TB_NE,2021,4,2021-10-03,TRAIN,TB,NE,19.0,17.0,0,False,0,Tampa Bay Buccaneers,New England Patriots,2.0,W
2021_04_TEN_NYJ,2021,4,2021-10-03,TRAIN,NYJ,TEN,27.0,24.0,1,False,1,New York Jets,Tennessee Titans,3.0,W
2021_04_TEN_NYJ,2021,4,2021-10-03,TRAIN,TEN,NYJ,24.0,27.0,1,False,0,Tennessee Titans,New York Jets,-3.0,L
2021_04_WAS_ATL,2021,4,2021-10-03,TRAIN,ATL,WAS,30.0,34.0,0,False,1,Atlanta Falcons,Washington Commanders,-4.0,L
2021_04_WAS_ATL,2021,4,2021-10-03,TRAIN,WAS,ATL,34.0,30.0,0,False,0,Washington Commanders,Atlanta Falcons,4.0,W
2021_04_LV_LAC,2021,4,2021-10-04,TRAIN,LAC,LV,28.0,14.0,1,False,1,Los Angeles Chargers,Las Vegas Raiders,14.0,W
2021_04_LV_LAC,2021,4,2021-10-04,TRAIN,LV,LAC,14.0,28.0,1,False,0,Las Vegas Raiders,Los Angeles Chargers,-14.0,L
2021_05_LA_SEA,2021,5,2021-10-07,TRAIN,SEA,LA,17.0,26.0,0,False,1,Seattle Seahawks,Los Angeles Rams,-9.0,L
2021_05_LA_SEA,2021,5,2021-10-07,TRAIN,LA,SEA,26.0,17.0,0,False,0,Los Angeles Rams,Seattle Seahawks,9.0,W
2021_05_BUF_KC,2021,5,2021-10-10,TRAIN,KC,BUF,20.0,38.0,0,False,1,Kansas City Chiefs,Buffalo Bills,-18.0,L
2021_05_BUF_KC,2021,5,2021-10-10,TRAIN,BUF,KC,38.0,20.0,0,False,0,Buffalo Bills,Kansas City Chiefs,18.0,W
2021_05_CHI_LV,2021,5,2021-10-10,TRAIN,LV,CHI,9.0,20.0,0,False,1,Las Vegas Raiders,Chicago Bears,-11.0,L
2021_05_CHI_LV,2021,5,2021-10-10,TRAIN,CHI,LV,20.0,9.0,0,False,0,Chicago Bears,Las Vegas Raiders,11.0,W
2021_05_CLE_LAC,2021,5,2021-10-10,TRAIN,LAC,CLE,47.0,42.0,1,False,1,Los Angeles Chargers,Cleveland Browns,5.0,W
2021_05_CLE_LAC,2021,5,2021-10-10,TRAIN,CLE,LAC,42.0,47.0,1,False,0,Cleveland Browns,Los Angeles Chargers,-5.0,L
2021_05_DEN_PIT,2021,5,2021-10-10,TRAIN,PIT,DEN,27.0,19.0,1,False,1,Pittsburgh Steelers,Denver Broncos,8.0,W
2021_05_DEN_PIT,2021,5,2021-10-10,TRAIN,DEN,PIT,19.0,27.0,1,False,0,Denver Broncos,Pittsburgh Steelers,-8.0,L
2021_05_DET_MIN,2021,5,2021-10-10,TRAIN,MIN,DET,19.0,17.0,1,False,1,Minnesota Vikings,Detroit Lions,2.0,W
2021_05_DET_MIN,2021,5,2021-10-10,TRAIN,DET,MIN,17.0,19.0,1,False,0,Detroit Lions,Minnesota Vikings,-2.0,L
2021_05_GB_CIN,2021,5,2021-10-10,TRAIN,CIN,GB,22.0,25.0,0,False,1,Cincinnati Bengals,Green Bay Packers,-3.0,L
2021_05_GB_CIN,2021,5,2021-10-10,TRAIN,GB,CIN,25.0,22.0,0,False,0,Green Bay Packers,Cincinnati Bengals,3.0,W
2021_05_MIA_TB,2021,5,2021-10-10,TRAIN,TB,MIA,45.0,17.0,1,False,1,Tampa Bay Buccaneers,Miami Dolphins,28.0,W
2021_05_MIA_TB,2021,5,2021-10-10,TRAIN,MIA,TB,17.0,45.0,1,False,0,Miami Dolphins,Tampa Bay Buccaneers,-28.0,L
2021_05_NE_HOU,2021,5,2021-10-10,TRAIN,HOU,NE,22.0,25.0,0,False,1,Houston Texans,New England Patriots,-3.0,L
2021_05_NE_HOU,2021,5,2021-10-10,TRAIN,NE,HOU,25.0,22.0,0,False,0,New England Patriots,Houston Texans,3.0,W
2021_05_NO_WAS,2021,5,2021-10-10,TRAIN,WAS,NO,22.0,33.0,0,False,1,Washington Commanders,New Orleans Saints,-11.0,L
2021_05_NO_WAS,2021,5,2021-10-10,TRAIN,NO,WAS,33.0,22.0,0,False,0,New Orleans Saints,Washington Commanders,11.0,W
2021_05_NYG_DAL,2021,5,2021-10-10,TRAIN,DAL,NYG,44.0,20.0,1,False,1,Dallas Cowboys,New York Giants,24.0,W
2021_05_NYG_DAL,2021,5,2021-10-10,TRAIN,NYG,DAL,20.0,44.0,1,False,0,New York Giants,Dallas Cowboys,-24.0,L
2021_05_NYJ_ATL,2021,5,2021-10-10,TRAIN,ATL,NYJ,27.0,20.0,1,False,1,Atlanta Falcons,New York Jets,7.0,W
2021_05_NYJ_ATL,2021,5,2021-10-10,TRAIN,NYJ,ATL,20.0,27.0,1,False,0,New York Jets,Atlanta Falcons,-7.0,L
2021_05_PHI_CAR,2021,5,2021-10-10,TRAIN,CAR,PHI,18.0,21.0,0,False,1,Carolina Panthers,Philadelphia Eagles,-3.0,L
2021_05_PHI_CAR,2021,5,2021-10-10,TRAIN,PHI,CAR,21.0,18.0,0,False,0,Philadelphia Eagles,Carolina Panthers,3.0,W
2021_05_SF_ARI,2021,5,2021-10-10,TRAIN,ARI,SF,17.0,10.0,1,False,1,Arizona Cardinals,San Francisco 49ers,7.0,W
2021_05_SF_ARI,2021,5,2021-10-10,TRAIN,SF,ARI,10.0,17.0,1,False,0,San Francisco 49ers,Arizona Cardinals,-7.0,L
2021_05_TEN_JAX,2021,5,2021-10-10,TRAIN,JAX,TEN,19.0,37.0,0,False,1,Jacksonville Jaguars,Tennessee Titans,-18.0,L
2021_05_TEN_JAX,2021,5,2021-10-10,TRAIN,TEN,JAX,37.0,19.0,0,False,0,Tennessee Titans,Jacksonville Jaguars,18.0,W
2021_05_IND_BAL,2021,5,2021-10-11,TRAIN,BAL,IND,31.0,25.0,1,False,1,Baltimore Ravens,Indianapolis Colts,6.0,W
2021_05_IND_BAL,2021,5,2021-10-11,TRAIN,IND,BAL,25.0,31.0,1,False,0,Indianapolis Colts,Baltimore Ravens,-6.0,L
2021_06_TB_PHI,2021,6,2021-10-14,TRAIN,PHI,TB,22.0,28.0,0,False,1,Philadelphia Eagles,Tampa Bay Buccaneers,-6.0,L
2021_06_TB_PHI,2021,6,2021-10-14,TRAIN,TB,PHI,28.0,22.0,0,False,0,Tampa Bay Buccaneers,Philadelphia Eagles,6.0,W
2021_06_ARI_CLE,2021,6,2021-10-17,TRAIN,CLE,ARI,14.0,37.0,0,False,1,Cleveland Browns,Arizona Cardinals,-23.0,L
2021_06_ARI_CLE,2021,6,2021-10-17,TRAIN,ARI,CLE,37.0,14.0,0,False,0,Arizona Cardinals,Cleveland Browns,23.0,W
2021_06_CIN_DET,2021,6,2021-10-17,TRAIN,DET,CIN,11.0,34.0,0,False,1,Detroit Lions,Cincinnati Bengals,-23.0,L
2021_06_CIN_DET,2021,6,2021-10-17,TRAIN,CIN,DET,34.0,11.0,0,False,0,Cincinnati Bengals,Detroit Lions,23.0,W
2021_06_DAL_NE,2021,6,2021-10-17,TRAIN,NE,DAL,29.0,35.0,0,False,1,New England Patriots,Dallas Cowboys,-6.0,L
2021_06_DAL_NE,2021,6,2021-10-17,TRAIN,DAL,NE,35.0,29.0,0,False,0,Dallas Cowboys,New England Patriots,6.0,W
2021_06_GB_CHI,2021,6,2021-10-17,TRAIN,CHI,GB,14.0,24.0,0,False,1,Chicago Bears,Green Bay Packers,-10.0,L
2021_06_GB_CHI,2021,6,2021-10-17,TRAIN,GB,CHI,24.0,14.0,0,False,0,Green Bay Packers,Chicago Bears,10.0,W
2021_06_HOU_IND,2021,6,2021-10-17,TRAIN,IND,HOU,31.0,3.0,1,False,1,Indianapolis Colts,Houston Texans,28.0,W
2021_06_HOU_IND,2021,6,2021-10-17,TRAIN,HOU,IND,3.0,31.0,1,False,0,Houston Texans,Indianapolis Colts,-28.0,L
2021_06_KC_WAS,2021,6,2021-10-17,TRAIN,WAS,KC,13.0,31.0,0,False,1,Washington Commanders,Kansas City Chiefs,-18.0,L
2021_06_KC_WAS,2021,6,2021-10-17,TRAIN,KC,WAS,31.0,13.0,0,False,0,Kansas City Chiefs,Washington Commanders,18.0,W
2021_06_LAC_BAL,2021,6,2021-10-17,TRAIN,BAL,LAC,34.0,6.0,1,False,1,Baltimore Ravens,Los Angeles Chargers,28.0,W
2021_06_LAC_BAL,2021,6,2021-10-17,TRAIN,LAC,BAL,6.0,34.0,1,False,0,Los Angeles Chargers,Baltimore Ravens,-28.0,L
2021_06_LA_NYG,2021,6,2021-10-17,TRAIN,NYG,LA,11.0,38.0,0,False,1,New York Giants,Los Angeles Rams,-27.0,L
2021_06_LA_NYG,2021,6,2021-10-17,TRAIN,LA,NYG,38.0,11.0,0,False,0,Los Angeles Rams,New York Giants,27.0,W
2021_06_LV_DEN,2021,6,2021-10-17,TRAIN,DEN,LV,24.0,34.0,0,False,1,Denver Broncos,Las Vegas Raiders,-10.0,L
2021_06_LV_DEN,2021,6,2021-10-17,TRAIN,LV,DEN,34.0,24.0,0,False,0,Las Vegas Raiders,Denver Broncos,10.0,W
2021_06_MIA_JAX,2021,6,2021-10-17,TRAIN,JAX,MIA,23.0,20.0,1,False,1,Jacksonville Jaguars,Miami Dolphins,3.0,W
2021_06_MIA_JAX,2021,6,2021-10-17,TRAIN,MIA,JAX,20.0,23.0,1,False,0,Miami Dolphins,Jacksonville Jaguars,-3.0,L
2021_06_MIN_CAR,2021,6,2021-10-17,TRAIN,CAR,MIN,28.0,34.0,0,False,1,Carolina Panthers,Minnesota Vikings,-6.0,L
2021_06_MIN_CAR,2021,6,2021-10-17,TRAIN,MIN,CAR,34.0,28.0,0,False,0,Minnesota Vikings,Carolina Panthers,6.0,W
2021_06_SEA_PIT,2021,6,2021-10-17,TRAIN,PIT,SEA,23.0,20.0,1,False,1,Pittsburgh Steelers,Seattle Seahawks,3.0,W
2021_06_SEA_PIT,2021,6,2021-10-17,TRAIN,SEA,PIT,20.0,23.0,1,False,0,Seattle Seahawks,Pittsburgh Steelers,-3.0,L
2021_06_BUF_TEN,2021,6,2021-10-18,TRAIN,TEN,BUF,34.0,31.0,1,False,1,Tennessee Titans,Buffalo Bills,3.0,W
2021_06_BUF_TEN,2021,6,2021-10-18,TRAIN,BUF,TEN,31.0,34.0,1,False,0,Buffalo Bills,Tennessee Titans,-3.0,L
2021_07_DEN_CLE,2021,7,2021-10-21,TRAIN,CLE,DEN,17.0,14.0,1,False,1,Cleveland Browns,Denver Broncos,3.0,W
2021_07_DEN_CLE,2021,7,2021-10-21,TRAIN,DEN,CLE,14.0,17.0,1,False,0,Denver Broncos,Cleveland Browns,-3.0,L
2021_07_ATL_MIA,2021,7,2021-10-24,TRAIN,MIA,ATL,28.0,30.0,0,False,1,Miami Dolphins,Atlanta Falcons,-2.0,L
2021_07_ATL_MIA,2021,7,2021-10-24,TRAIN,ATL,MIA,30.0,28.0,0,False,0,Atlanta Falcons,Miami Dolphins,2.0,W
2021_07_CAR_NYG,2021,7,2021-10-24,TRAIN,NYG,CAR,25.0,3.0,1,False,1,New York Giants,Carolina Panthers,22.0,W
2021_07_CAR_NYG,2021,7,2021-10-24,TRAIN,CAR,NYG,3.0,25.0,1,False,0,Carolina Panthers,New York Giants,-22.0,L
2021_07_CHI_TB,2021,7,2021-10-24,TRAIN,TB,CHI,38.0,3.0,1,False,1,Tampa Bay Buccaneers,Chicago Bears,35.0,W
2021_07_CHI_TB,2021,7,2021-10-24,TRAIN,CHI,TB,3.0,38.0,1,False,0,Chicago Bears,Tampa Bay Buccaneers,-35.0,L
2021_07_CIN_BAL,2021,7,2021-10-24,TRAIN,BAL,CIN,17.0,41.0,0,False,1,Baltimore Ravens,Cincinnati Bengals,-24.0,L
2021_07_CIN_BAL,2021,7,2021-10-24,TRAIN,CIN,BAL,41.0,17.0,0,False,0,Cincinnati Bengals,Baltimore Ravens,24.0,W
2021_07_DET_LA,2021,7,2021-10-24,TRAIN,LA,DET,28.0,19.0,1,False,1,Los Angeles Rams,Detroit Lions,9.0,W
2021_07_DET_LA,2021,7,2021-10-24,TRAIN,DET,LA,19.0,28.0,1,False,0,Detroit Lions,Los Angeles Rams,-9.0,L
2021_07_HOU_ARI,2021,7,2021-10-24,TRAIN,ARI,HOU,31.0,5.0,1,False,1,Arizona Cardinals,Houston Texans,26.0,W
2021_07_HOU_ARI,2021,7,2021-10-24,TRAIN,HOU,ARI,5.0,31.0,1,False,0,Houston Texans,Arizona Cardinals,-26.0,L
2021_07_IND_SF,2021,7,2021-10-24,TRAIN,SF,IND,18.0,30.0,0,False,1,San Francisco 49ers,Indianapolis Colts,-12.0,L
2021_07_IND_SF,2021,7,2021-10-24,TRAIN,IND,SF,30.0,18.0,0,False,0,Indianapolis Colts,San Francisco 49ers,12.0,W
2021_07_KC_TEN,2021,7,2021-10-24,TRAIN,TEN,KC,27.0,3.0,1,False,1,Tennessee Titans,Kansas City Chiefs,24.0,W
2021_07_KC_TEN,2021,7,2021-10-24,TRAIN,KC,TEN,3.0,27.0,1,False,0,Kansas City Chiefs,Tennessee Titans,-24.0,L
2021_07_NYJ_NE,2021,7,2021-10-24,TRAIN,NE,NYJ,54.0,13.0,1,False,1,New England Patriots,New York Jets,41.0,W
2021_07_NYJ_NE,2021,7,2021-10-24,TRAIN,NYJ,NE,13.0,54.0,1,False,0,New York Jets,New England Patriots,-41.0,L
2021_07_PHI_LV,2021,7,2021-10-24,TRAIN,LV,PHI,33.0,22.0,1,False,1,Las Vegas Raiders,Philadelphia Eagles,11.0,W
2021_07_PHI_LV,2021,7,2021-10-24,TRAIN,PHI,LV,22.0,33.0,1,False,0,Philadelphia Eagles,Las Vegas Raiders,-11.0,L
2021_07_WAS_GB,2021,7,2021-10-24,TRAIN,GB,WAS,24.0,10.0,1,False,1,Green Bay Packers,Washington Commanders,14.0,W
2021_07_WAS_GB,2021,7,2021-10-24,TRAIN,WAS,GB,10.0,24.0,1,False,0,Washington Commanders,Green Bay Packers,-14.0,L
2021_07_NO_SEA,2021,7,2021-10-25,TRAIN,SEA,NO,10.0,13.0,0,False,1,Seattle Seahawks,New Orleans Saints,-3.0,L
2021_07_NO_SEA,2021,7,2021-10-25,TRAIN,NO,SEA,13.0,10.0,0,False,0,New Orleans Saints,Seattle Seahawks,3.0,W
2021_08_GB_ARI,2021,8,2021-10-28,TRAIN,ARI,GB,21.0,24.0,0,False,1,Arizona Cardinals,Green Bay Packers,-3.0,L
2021_08_GB_ARI,2021,8,2021-10-28,TRAIN,GB,ARI,24.0,21.0,0,False,0,Green Bay Packers,Arizona Cardinals,3.0,W
2021_08_CAR_ATL,2021,8,2021-10-31,TRAIN,ATL,CAR,13.0,19.0,0,False,1,Atlanta Falcons,Carolina Panthers,-6.0,L
2021_08_CAR_ATL,2021,8,2021-10-31,TRAIN,CAR,ATL,19.0,13.0,0,False,0,Carolina Panthers,Atlanta Falcons,6.0,W
2021_08_CIN_NYJ,2021,8,2021-10-31,TRAIN,NYJ,CIN,34.0,31.0,1,False,1,New York Jets,Cincinnati Bengals,3.0,W
2021_08_CIN_NYJ,2021,8,2021-10-31,TRAIN,CIN,NYJ,31.0,34.0,1,False,0,Cincinnati Bengals,New York Jets,-3.0,L
2021_08_DAL_MIN,2021,8,2021-10-31,TRAIN,MIN,DAL,16.0,20.0,0,False,1,Minnesota Vikings,Dallas Cowboys,-4.0,L
2021_08_DAL_MIN,2021,8,2021-10-31,TRAIN,DAL,MIN,20.0,16.0,0,False,0,Dallas Cowboys,Minnesota Vikings,4.0,W
2021_08_JAX_SEA,2021,8,2021-10-31,TRAIN,SEA,JAX,31.0,7.0,1,False,1,Seattle Seahawks,Jacksonville Jaguars,24.0,W
2021_08_JAX_SEA,2021,8,2021-10-31,TRAIN,JAX,SEA,7.0,31.0,1,False,0,Jacksonville Jaguars,Seattle Seahawks,-24.0,L
2021_08_LA_HOU,2021,8,2021-10-31,TRAIN,HOU,LA,22.0,38.0,0,False,1,Houston Texans,Los Angeles Rams,-16.0,L
2021_08_LA_HOU,2021,8,2021-10-31,TRAIN,LA,HOU,38.0,22.0,0,False,0,Los Angeles Rams,Houston Texans,16.0,W
2021_08_MIA_BUF,2021,8,2021-10-31,TRAIN,BUF,MIA,26.0,11.0,1,False,1,Buffalo Bills,Miami Dolphins,15.0,W
2021_08_MIA_BUF,2021,8,2021-10-31,TRAIN,MIA,BUF,11.0,26.0,1,False,0,Miami Dolphins,Buffalo Bills,-15.0,L
2021_08_NE_LAC,2021,8,2021-10-31,TRAIN,LAC,NE,24.0,27.0,0,False,1,Los Angeles Chargers,New England Patriots,-3.0,L
2021_08_NE_LAC,2021,8,2021-10-31,TRAIN,NE,LAC,27.0,24.0,0,False,0,New England Patriots,Los Angeles Chargers,3.0,W
2021_08_PHI_DET,2021,8,2021-10-31,TRAIN,DET,PHI,6.0,44.0,0,False,1,Detroit Lions,Philadelphia Eagles,-38.0,L
2021_08_PHI_DET,2021,8,2021-10-31,TRAIN,PHI,DET,44.0,6.0,0,False,0,Philadelphia Eagles,Detroit Lions,38.0,W
2021_08_PIT_CLE,2021,8,2021-10-31,TRAIN,CLE,PIT,10.0,15.0,0,False,1,Cleveland Browns,Pittsburgh Steelers,-5.0,L
2021_08_PIT_CLE,2021,8,2021-10-31,TRAIN,PIT,CLE,15.0,10.0,0,False,0,Pittsburgh Steelers,Cleveland Browns,5.0,W
2021_08_SF_CHI,2021,8,2021-10-31,TRAIN,CHI,SF,22.0,33.0,0,False,1,Chicago Bears,San Francisco 49ers,-11.0,L
2021_08_SF_CHI,2021,8,2021-10-31,TRAIN,SF,CHI,33.0,22.0,0,False,0,San Francisco 49ers,Chicago Bears,11.0,W
2021_08_TB_NO,2021,8,2021-10-31,TRAIN,NO,TB,36.0,27.0,1,False,1,New Orleans Saints,Tampa Bay Buccaneers,9.0,W
2021_08_TB_NO,2021,8,2021-10-31,TRAIN,TB,NO,27.0,36.0,1,False,0,Tampa Bay Buccaneers,New Orleans Saints,-9.0,L
2021_08_TEN_IND,2021,8,2021-10-31,TRAIN,IND,TEN,31.0,34.0,0,False,1,Indianapolis Colts,Tennessee Titans,-3.0,L
2021_08_TEN_IND,2021,8,2021-10-31,TRAIN,TEN,IND,34.0,31.0,0,False,0,Tennessee Titans,Indianapolis Colts,3.0,W
2021_08_WAS_DEN,2021,8,2021-10-31,TRAIN,DEN,WAS,17.0,10.0,1,False,1,Denver Broncos,Washington Commanders,7.0,W
2021_08_WAS_DEN,2021,8,2021-10-31,TRAIN,WAS,DEN,10.0,17.0,1,False,0,Washington Commanders,Denver Broncos,-7.0,L
2021_08_NYG_KC,2021,8,2021-11-01,TRAIN,KC,NYG,20.0,17.0,1,False,1,Kansas City Chiefs,New York Giants,3.0,W
2021_08_NYG_KC,2021,8,2021-11-01,TRAIN,NYG,KC,17.0,20.0,1,False,0,New York Giants,Kansas City Chiefs,-3.0,L
2021_09_NYJ_IND,2021,9,2021-11-04,TRAIN,IND,NYJ,45.0,30.0,1,False,1,Indianapolis Colts,New York Jets,15.0,W
2021_09_NYJ_IND,2021,9,2021-11-04,TRAIN,NYJ,IND,30.0,45.0,1,False,0,New York Jets,Indianapolis Colts,-15.0,L
2021_09_ARI_SF,2021,9,2021-11-07,TRAIN,SF,ARI,17.0,31.0,0,False,1,San Francisco 49ers,Arizona Cardinals,-14.0,L
2021_09_ARI_SF,2021,9,2021-11-07,TRAIN,ARI,SF,31.0,17.0,0,False,0,Arizona Cardinals,San Francisco 49ers,14.0,W
2021_09_ATL_NO,2021,9,2021-11-07,TRAIN,NO,ATL,25.0,27.0,0,False,1,New Orleans Saints,Atlanta Falcons,-2.0,L
2021_09_ATL_NO,2021,9,2021-11-07,TRAIN,ATL,NO,27.0,25.0,0,False,0,Atlanta Falcons,New Orleans Saints,2.0,W
2021_09_BUF_JAX,2021,9,2021-11-07,TRAIN,JAX,BUF,9.0,6.0,1,False,1,Jacksonville Jaguars,Buffalo Bills,3.0,W
2021_09_BUF_JAX,2021,9,2021-11-07,TRAIN,BUF,JAX,6.0,9.0,1,False,0,Buffalo Bills,Jacksonville Jaguars,-3.0,L
2021_09_CLE_CIN,2021,9,2021-11-07,TRAIN,CIN,CLE,16.0,41.0,0,False,1,Cincinnati Bengals,Cleveland Browns,-25.0,L
2021_09_CLE_CIN,2021,9,2021-11-07,TRAIN,CLE,CIN,41.0,16.0,0,False,0,Cleveland Browns,Cincinnati Bengals,25.0,W
2021_09_DEN_DAL,2021,9,2021-11-07,TRAIN,DAL,DEN,16.0,30.0,0,False,1,Dallas Cowboys,Denver Broncos,-14.0,L
2021_09_DEN_DAL,2021,9,2021-11-07,TRAIN,DEN,DAL,30.0,16.0,0,False,0,Denver Broncos,Dallas Cowboys,14.0,W
2021_09_GB_KC,2021,9,2021-11-07,TRAIN,KC,GB,13.0,7.0,1,False,1,Kansas City Chiefs,Green Bay Packers,6.0,W
2021_09_GB_KC,2021,9,2021-11-07,TRAIN,GB,KC,7.0,13.0,1,False,0,Green Bay Packers,Kansas City Chiefs,-6.0,L
2021_09_HOU_MIA,2021,9,2021-11-07,TRAIN,MIA,HOU,17.0,9.0,1,False,1,Miami Dolphins,Houston Texans,8.0,W
2021_09_HOU_MIA,2021,9,2021-11-07,TRAIN,HOU,MIA,9.0,17.0,1,False,0,Houston Texans,Miami Dolphins,-8.0,L
2021_09_LAC_PHI,2021,9,2021-11-07,TRAIN,PHI,LAC,24.0,27.0,0,False,1,Philadelphia Eagles,Los Angeles Chargers,-3.0,L
2021_09_LAC_PHI,2021,9,2021-11-07,TRAIN,LAC,PHI,27.0,24.0,0,False,0,Los Angeles Chargers,Philadelphia Eagles,3.0,W
2021_09_LV_NYG,2021,9,2021-11-07,TRAIN,NYG,LV,23.0,16.0,1,False,1,New York Giants,Las Vegas Raiders,7.0,W
2021_09_LV_NYG,2021,9,2021-11-07,TRAIN,LV,NYG,16.0,23.0,1,False,0,Las Vegas Raiders,New York Giants,-7.0,L
2021_09_MIN_BAL,2021,9,2021-11-07,TRAIN,BAL,MIN,34.0,31.0,1,False,1,Baltimore Ravens,Minnesota Vikings,3.0,W
2021_09_MIN_BAL,2021,9,2021-11-07,TRAIN,MIN,BAL,31.0,34.0,1,False,0,Minnesota Vikings,Baltimore Ravens,-3.0,L
2021_09_NE_CAR,2021,9,2021-11-07,TRAIN,CAR,NE,6.0,24.0,0,False,1,Carolina Panthers,New England Patriots,-18.0,L
2021_09_NE_CAR,2021,9,2021-11-07,TRAIN,NE,CAR,24.0,6.0,0,False,0,New England Patriots,Carolina Panthers,18.0,W
2021_09_TEN_LA,2021,9,2021-11-07,TRAIN,LA,TEN,16.0,28.0,0,False,1,Los Angeles Rams,Tennessee Titans,-12.0,L
2021_09_TEN_LA,2021,9,2021-11-07,TRAIN,TEN,LA,28.0,16.0,0,False,0,Tennessee Titans,Los Angeles Rams,12.0,W
2021_09_CHI_PIT,2021,9,2021-11-08,TRAIN,PIT,CHI,29.0,27.0,1,False,1,Pittsburgh Steelers,Chicago Bears,2.0,W
2021_09_CHI_PIT,2021,9,2021-11-08,TRAIN,CHI,PIT,27.0,29.0,1,False,0,Chicago Bears,Pittsburgh Steelers,-2.0,L
2021_10_BAL_MIA,2021,10,2021-11-11,TRAIN,MIA,BAL,22.0,10.0,1,False,1,Miami Dolphins,Baltimore Ravens,12.0,W
2021_10_BAL_MIA,2021,10,2021-11-11,TRAIN,BAL,MIA,10.0,22.0,1,False,0,Baltimore Ravens,Miami Dolphins,-12.0,L
2021_10_ATL_DAL,2021,10,2021-11-14,TRAIN,DAL,ATL,43.0,3.0,1,False,1,Dallas Cowboys,Atlanta Falcons,40.0,W
2021_10_ATL_DAL,2021,10,2021-11-14,TRAIN,ATL,DAL,3.0,43.0,1,False,0,Atlanta Falcons,Dallas Cowboys,-40.0,L
2021_10_BUF_NYJ,2021,10,2021-11-14,TRAIN,NYJ,BUF,17.0,45.0,0,False,1,New York Jets,Buffalo Bills,-28.0,L
2021_10_BUF_NYJ,2021,10,2021-11-14,TRAIN,BUF,NYJ,45.0,17.0,0,False,0,Buffalo Bills,New York Jets,28.0,W
2021_10_CAR_ARI,2021,10,2021-11-14,TRAIN,ARI,CAR,10.0,34.0,0,False,1,Arizona Cardinals,Carolina Panthers,-24.0,L
2021_10_CAR_ARI,2021,10,2021-11-14,TRAIN,CAR,ARI,34.0,10.0,0,False,0,Carolina Panthers,Arizona Cardinals,24.0,W
2021_10_CLE_NE,2021,10,2021-11-14,TRAIN,NE,CLE,45.0,7.0,1,False,1,New England Patriots,Cleveland Browns,38.0,W
2021_10_CLE_NE,2021,10,2021-11-14,TRAIN,CLE,NE,7.0,45.0,1,False,0,Cleveland Browns,New England Patriots,-38.0,L
2021_10_DET_PIT,2021,10,2021-11-14,TRAIN,PIT,DET,16.0,16.0,,True,1,Pittsburgh Steelers,Detroit Lions,0.0,T
2021_10_DET_PIT,2021,10,2021-11-14,TRAIN,DET,PIT,16.0,16.0,,True,0,Detroit Lions,Pittsburgh Steelers,0.0,T
2021_10_JAX_IND,2021,10,2021-11-14,TRAIN,IND,JAX,23.0,17.0,1,False,1,Indianapolis Colts,Jacksonville Jaguars,6.0,W
2021_10_JAX_IND,2021,10,2021-11-14,TRAIN,JAX,IND,17.0,23.0,1,False,0,Jacksonville Jaguars,Indianapolis Colts,-6.0,L
2021_10_KC_LV,2021,10,2021-11-14,TRAIN,LV,KC,14.0,41.0,0,False,1,Las Vegas Raiders,Kansas City Chiefs,-27.0,L
2021_10_KC_LV,2021,10,2021-11-14,TRAIN,KC,LV,41.0,14.0,0,False,0,Kansas City Chiefs,Las Vegas Raiders,27.0,W
2021_10_MIN_LAC,2021,10,2021-11-14,TRAIN,LAC,MIN,20.0,27.0,0,False,1,Los Angeles Chargers,Minnesota Vikings,-7.0,L
2021_10_MIN_LAC,2021,10,2021-11-14,TRAIN,MIN,LAC,27.0,20.0,0,False,0,Minnesota Vikings,Los Angeles Chargers,7.0,W
2021_10_NO_TEN,2021,10,2021-11-14,TRAIN,TEN,NO,23.0,21.0,1,False,1,Tennessee Titans,New Orleans Saints,2.0,W
2021_10_NO_TEN,2021,10,2021-11-14,TRAIN,NO,TEN,21.0,23.0,1,False,0,New Orleans Saints,Tennessee Titans,-2.0,L
2021_10_PHI_DEN,2021,10,2021-11-14,TRAIN,DEN,PHI,13.0,30.0,0,False,1,Denver Broncos,Philadelphia Eagles,-17.0,L
2021_10_PHI_DEN,2021,10,2021-11-14,TRAIN,PHI,DEN,30.0,13.0,0,False,0,Philadelphia Eagles,Denver Broncos,17.0,W
2021_10_SEA_GB,2021,10,2021-11-14,TRAIN,GB,SEA,17.0,0.0,1,False,1,Green Bay Packers,Seattle Seahawks,17.0,W
2021_10_SEA_GB,2021,10,2021-11-14,TRAIN,SEA,GB,0.0,17.0,1,False,0,Seattle Seahawks,Green Bay Packers,-17.0,L
2021_10_TB_WAS,2021,10,2021-11-14,TRAIN,WAS,TB,29.0,19.0,1,False,1,Washington Commanders,Tampa Bay Buccaneers,10.0,W
2021_10_TB_WAS,2021,10,2021-11-14,TRAIN,TB,WAS,19.0,29.0,1,False,0,Tampa Bay Buccaneers,Washington Commanders,-10.0,L
2021_10_LA_SF,2021,10,2021-11-15,TRAIN,SF,LA,31.0,10.0,1,False,1,San Francisco 49ers,Los Angeles Rams,21.0,W
2021_10_LA_SF,2021,10,2021-11-15,TRAIN,LA,SF,10.0,31.0,1,False,0,Los Angeles Rams,San Francisco 49ers,-21.0,L
2021_11_NE_ATL,2021,11,2021-11-18,TRAIN,ATL,NE,0.0,25.0,0,False,1,Atlanta Falcons,New England Patriots,-25.0,L
2021_11_NE_ATL,2021,11,2021-11-18,TRAIN,NE,ATL,25.0,0.0,0,False,0,New England Patriots,Atlanta Falcons,25.0,W
2021_11_ARI_SEA,2021,11,2021-11-21,TRAIN,SEA,ARI,13.0,23.0,0,False,1,Seattle Seahawks,Arizona Cardinals,-10.0,L
2021_11_ARI_SEA,2021,11,2021-11-21,TRAIN,ARI,SEA,23.0,13.0,0,False,0,Arizona Cardinals,Seattle Seahawks,10.0,W
2021_11_BAL_CHI,2021,11,2021-11-21,TRAIN,CHI,BAL,13.0,16.0,0,False,1,Chicago Bears,Baltimore Ravens,-3.0,L
2021_11_BAL_CHI,2021,11,2021-11-21,TRAIN,BAL,CHI,16.0,13.0,0,False,0,Baltimore Ravens,Chicago Bears,3.0,W
2021_11_CIN_LV,2021,11,2021-11-21,TRAIN,LV,CIN,13.0,32.0,0,False,1,Las Vegas Raiders,Cincinnati Bengals,-19.0,L
2021_11_CIN_LV,2021,11,2021-11-21,TRAIN,CIN,LV,32.0,13.0,0,False,0,Cincinnati Bengals,Las Vegas Raiders,19.0,W
2021_11_DAL_KC,2021,11,2021-11-21,TRAIN,KC,DAL,19.0,9.0,1,False,1,Kansas City Chiefs,Dallas Cowboys,10.0,W
2021_11_DAL_KC,2021,11,2021-11-21,TRAIN,DAL,KC,9.0,19.0,1,False,0,Dallas Cowboys,Kansas City Chiefs,-10.0,L
2021_11_DET_CLE,2021,11,2021-11-21,TRAIN,CLE,DET,13.0,10.0,1,False,1,Cleveland Browns,Detroit Lions,3.0,W
2021_11_DET_CLE,2021,11,2021-11-21,TRAIN,DET,CLE,10.0,13.0,1,False,0,Detroit Lions,Cleveland Browns,-3.0,L
2021_11_GB_MIN,2021,11,2021-11-21,TRAIN,MIN,GB,34.0,31.0,1,False,1,Minnesota Vikings,Green Bay Packers,3.0,W
2021_11_GB_MIN,2021,11,2021-11-21,TRAIN,GB,MIN,31.0,34.0,1,False,0,Green Bay Packers,Minnesota Vikings,-3.0,L
2021_11_HOU_TEN,2021,11,2021-11-21,TRAIN,TEN,HOU,13.0,22.0,0,False,1,Tennessee Titans,Houston Texans,-9.0,L
2021_11_HOU_TEN,2021,11,2021-11-21,TRAIN,HOU,TEN,22.0,13.0,0,False,0,Houston Texans,Tennessee Titans,9.0,W
2021_11_IND_BUF,2021,11,2021-11-21,TRAIN,BUF,IND,15.0,41.0,0,False,1,Buffalo Bills,Indianapolis Colts,-26.0,L
2021_11_IND_BUF,2021,11,2021-11-21,TRAIN,IND,BUF,41.0,15.0,0,False,0,Indianapolis Colts,Buffalo Bills,26.0,W
2021_11_MIA_NYJ,2021,11,2021-11-21,TRAIN,NYJ,MIA,17.0,24.0,0,False,1,New York Jets,Miami Dolphins,-7.0,L
2021_11_MIA_NYJ,2021,11,2021-11-21,TRAIN,MIA,NYJ,24.0,17.0,0,False,0,Miami Dolphins,New York Jets,7.0,W
2021_11_NO_PHI,2021,11,2021-11-21,TRAIN,PHI,NO,40.0,29.0,1,False,1,Philadelphia Eagles,New Orleans Saints,11.0,W
2021_11_NO_PHI,2021,11,2021-11-21,TRAIN,NO,PHI,29.0,40.0,1,False,0,New Orleans Saints,Philadelphia Eagles,-11.0,L
2021_11_PIT_LAC,2021,11,2021-11-21,TRAIN,LAC,PIT,41.0,37.0,1,False,1,Los Angeles Chargers,Pittsburgh Steelers,4.0,W
2021_11_PIT_LAC,2021,11,2021-11-21,TRAIN,PIT,LAC,37.0,41.0,1,False,0,Pittsburgh Steelers,Los Angeles Chargers,-4.0,L
2021_11_SF_JAX,2021,11,2021-11-21,TRAIN,JAX,SF,10.0,30.0,0,False,1,Jacksonville Jaguars,San Francisco 49ers,-20.0,L
2021_11_SF_JAX,2021,11,2021-11-21,TRAIN,SF,JAX,30.0,10.0,0,False,0,San Francisco 49ers,Jacksonville Jaguars,20.0,W
2021_11_WAS_CAR,2021,11,2021-11-21,TRAIN,CAR,WAS,21.0,27.0,0,False,1,Carolina Panthers,Washington Commanders,-6.0,L
2021_11_WAS_CAR,2021,11,2021-11-21,TRAIN,WAS,CAR,27.0,21.0,0,False,0,Washington Commanders,Carolina Panthers,6.0,W
2021_11_NYG_TB,2021,11,2021-11-22,TRAIN,TB,NYG,30.0,10.0,1,False,1,Tampa Bay Buccaneers,New York Giants,20.0,W
2021_11_NYG_TB,2021,11,2021-11-22,TRAIN,NYG,TB,10.0,30.0,1,False,0,New York Giants,Tampa Bay Buccaneers,-20.0,L
2021_12_BUF_NO,2021,12,2021-11-25,TRAIN,NO,BUF,6.0,31.0,0,False,1,New Orleans Saints,Buffalo Bills,-25.0,L
2021_12_BUF_NO,2021,12,2021-11-25,TRAIN,BUF,NO,31.0,6.0,0,False,0,Buffalo Bills,New Orleans Saints,25.0,W
2021_12_CHI_DET,2021,12,2021-11-25,TRAIN,DET,CHI,14.0,16.0,0,False,1,Detroit Lions,Chicago Bears,-2.0,L
2021_12_CHI_DET,2021,12,2021-11-25,TRAIN,CHI,DET,16.0,14.0,0,False,0,Chicago Bears,Detroit Lions,2.0,W
2021_12_LV_DAL,2021,12,2021-11-25,TRAIN,DAL,LV,33.0,36.0,0,False,1,Dallas Cowboys,Las Vegas Raiders,-3.0,L
2021_12_LV_DAL,2021,12,2021-11-25,TRAIN,LV,DAL,36.0,33.0,0,False,0,Las Vegas Raiders,Dallas Cowboys,3.0,W
2021_12_ATL_JAX,2021,12,2021-11-28,TRAIN,JAX,ATL,14.0,21.0,0,False,1,Jacksonville Jaguars,Atlanta Falcons,-7.0,L
2021_12_ATL_JAX,2021,12,2021-11-28,TRAIN,ATL,JAX,21.0,14.0,0,False,0,Atlanta Falcons,Jacksonville Jaguars,7.0,W
2021_12_CAR_MIA,2021,12,2021-11-28,TRAIN,MIA,CAR,33.0,10.0,1,False,1,Miami Dolphins,Carolina Panthers,23.0,W
2021_12_CAR_MIA,2021,12,2021-11-28,TRAIN,CAR,MIA,10.0,33.0,1,False,0,Carolina Panthers,Miami Dolphins,-23.0,L
2021_12_CLE_BAL,2021,12,2021-11-28,TRAIN,BAL,CLE,16.0,10.0,1,False,1,Baltimore Ravens,Cleveland Browns,6.0,W
2021_12_CLE_BAL,2021,12,2021-11-28,TRAIN,CLE,BAL,10.0,16.0,1,False,0,Cleveland Browns,Baltimore Ravens,-6.0,L
2021_12_LAC_DEN,2021,12,2021-11-28,TRAIN,DEN,LAC,28.0,13.0,1,False,1,Denver Broncos,Los Angeles Chargers,15.0,W
2021_12_LAC_DEN,2021,12,2021-11-28,TRAIN,LAC,DEN,13.0,28.0,1,False,0,Los Angeles Chargers,Denver Broncos,-15.0,L
2021_12_LA_GB,2021,12,2021-11-28,TRAIN,GB,LA,36.0,28.0,1,False,1,Green Bay Packers,Los Angeles Rams,8.0,W
2021_12_LA_GB,2021,12,2021-11-28,TRAIN,LA,GB,28.0,36.0,1,False,0,Los Angeles Rams,Green Bay Packers,-8.0,L
2021_12_MIN_SF,2021,12,2021-11-28,TRAIN,SF,MIN,34.0,26.0,1,False,1,San Francisco 49ers,Minnesota Vikings,8.0,W
2021_12_MIN_SF,2021,12,2021-11-28,TRAIN,MIN,SF,26.0,34.0,1,False,0,Minnesota Vikings,San Francisco 49ers,-8.0,L
2021_12_NYJ_HOU,2021,12,2021-11-28,TRAIN,HOU,NYJ,14.0,21.0,0,False,1,Houston Texans,New York Jets,-7.0,L
2021_12_NYJ_HOU,2021,12,2021-11-28,TRAIN,NYJ,HOU,21.0,14.0,0,False,0,New York Jets,Houston Texans,7.0,W
2021_12_PHI_NYG,2021,12,2021-11-28,TRAIN,NYG,PHI,13.0,7.0,1,False,1,New York Giants,Philadelphia Eagles,6.0,W
2021_12_PHI_NYG,2021,12,2021-11-28,TRAIN,PHI,NYG,7.0,13.0,1,False,0,Philadelphia Eagles,New York Giants,-6.0,L
2021_12_PIT_CIN,2021,12,2021-11-28,TRAIN,CIN,PIT,41.0,10.0,1,False,1,Cincinnati Bengals,Pittsburgh Steelers,31.0,W
2021_12_PIT_CIN,2021,12,2021-11-28,TRAIN,PIT,CIN,10.0,41.0,1,False,0,Pittsburgh Steelers,Cincinnati Bengals,-31.0,L
2021_12_TB_IND,2021,12,2021-11-28,TRAIN,IND,TB,31.0,38.0,0,False,1,Indianapolis Colts,Tampa Bay Buccaneers,-7.0,L
2021_12_TB_IND,2021,12,2021-11-28,TRAIN,TB,IND,38.0,31.0,0,False,0,Tampa Bay Buccaneers,Indianapolis Colts,7.0,W
2021_12_TEN_NE,2021,12,2021-11-28,TRAIN,NE,TEN,36.0,13.0,1,False,1,New England Patriots,Tennessee Titans,23.0,W
2021_12_TEN_NE,2021,12,2021-11-28,TRAIN,TEN,NE,13.0,36.0,1,False,0,Tennessee Titans,New England Patriots,-23.0,L
2021_12_SEA_WAS,2021,12,2021-11-29,TRAIN,WAS,SEA,17.0,15.0,1,False,1,Washington Commanders,Seattle Seahawks,2.0,W
2021_12_SEA_WAS,2021,12,2021-11-29,TRAIN,SEA,WAS,15.0,17.0,1,False,0,Seattle Seahawks,Washington Commanders,-2.0,L
2021_13_DAL_NO,2021,13,2021-12-02,TRAIN,NO,DAL,17.0,27.0,0,False,1,New Orleans Saints,Dallas Cowboys,-10.0,L
2021_13_DAL_NO,2021,13,2021-12-02,TRAIN,DAL,NO,27.0,17.0,0,False,0,Dallas Cowboys,New Orleans Saints,10.0,W
2021_13_ARI_CHI,2021,13,2021-12-05,TRAIN,CHI,ARI,22.0,33.0,0,False,1,Chicago Bears,Arizona Cardinals,-11.0,L
2021_13_ARI_CHI,2021,13,2021-12-05,TRAIN,ARI,CHI,33.0,22.0,0,False,0,Arizona Cardinals,Chicago Bears,11.0,W
2021_13_BAL_PIT,2021,13,2021-12-05,TRAIN,PIT,BAL,20.0,19.0,1,False,1,Pittsburgh Steelers,Baltimore Ravens,1.0,W
2021_13_BAL_PIT,2021,13,2021-12-05,TRAIN,BAL,PIT,19.0,20.0,1,False,0,Baltimore Ravens,Pittsburgh Steelers,-1.0,L
2021_13_DEN_KC,2021,13,2021-12-05,TRAIN,KC,DEN,22.0,9.0,1,False,1,Kansas City Chiefs,Denver Broncos,13.0,W
2021_13_DEN_KC,2021,13,2021-12-05,TRAIN,DEN,KC,9.0,22.0,1,False,0,Denver Broncos,Kansas City Chiefs,-13.0,L
2021_13_IND_HOU,2021,13,2021-12-05,TRAIN,HOU,IND,0.0,31.0,0,False,1,Houston Texans,Indianapolis Colts,-31.0,L
2021_13_IND_HOU,2021,13,2021-12-05,TRAIN,IND,HOU,31.0,0.0,0,False,0,Indianapolis Colts,Houston Texans,31.0,W
2021_13_JAX_LA,2021,13,2021-12-05,TRAIN,LA,JAX,37.0,7.0,1,False,1,Los Angeles Rams,Jacksonville Jaguars,30.0,W
2021_13_JAX_LA,2021,13,2021-12-05,TRAIN,JAX,LA,7.0,37.0,1,False,0,Jacksonville Jaguars,Los Angeles Rams,-30.0,L
2021_13_LAC_CIN,2021,13,2021-12-05,TRAIN,CIN,LAC,22.0,41.0,0,False,1,Cincinnati Bengals,Los Angeles Chargers,-19.0,L
2021_13_LAC_CIN,2021,13,2021-12-05,TRAIN,LAC,CIN,41.0,22.0,0,False,0,Los Angeles Chargers,Cincinnati Bengals,19.0,W
2021_13_MIN_DET,2021,13,2021-12-05,TRAIN,DET,MIN,29.0,27.0,1,False,1,Detroit Lions,Minnesota Vikings,2.0,W
2021_13_MIN_DET,2021,13,2021-12-05,TRAIN,MIN,DET,27.0,29.0,1,False,0,Minnesota Vikings,Detroit Lions,-2.0,L
2021_13_NYG_MIA,2021,13,2021-12-05,TRAIN,MIA,NYG,20.0,9.0,1,False,1,Miami Dolphins,New York Giants,11.0,W
2021_13_NYG_MIA,2021,13,2021-12-05,TRAIN,NYG,MIA,9.0,20.0,1,False,0,New York Giants,Miami Dolphins,-11.0,L
2021_13_PHI_NYJ,2021,13,2021-12-05,TRAIN,NYJ,PHI,18.0,33.0,0,False,1,New York Jets,Philadelphia Eagles,-15.0,L
2021_13_PHI_NYJ,2021,13,2021-12-05,TRAIN,PHI,NYJ,33.0,18.0,0,False,0,Philadelphia Eagles,New York Jets,15.0,W
2021_13_SF_SEA,2021,13,2021-12-05,TRAIN,SEA,SF,30.0,23.0,1,False,1,Seattle Seahawks,San Francisco 49ers,7.0,W
2021_13_SF_SEA,2021,13,2021-12-05,TRAIN,SF,SEA,23.0,30.0,1,False,0,San Francisco 49ers,Seattle Seahawks,-7.0,L
2021_13_TB_ATL,2021,13,2021-12-05,TRAIN,ATL,TB,17.0,30.0,0,False,1,Atlanta Falcons,Tampa Bay Buccaneers,-13.0,L
2021_13_TB_ATL,2021,13,2021-12-05,TRAIN,TB,ATL,30.0,17.0,0,False,0,Tampa Bay Buccaneers,Atlanta Falcons,13.0,W
2021_13_WAS_LV,2021,13,2021-12-05,TRAIN,LV,WAS,15.0,17.0,0,False,1,Las Vegas Raiders,Washington Commanders,-2.0,L
2021_13_WAS_LV,2021,13,2021-12-05,TRAIN,WAS,LV,17.0,15.0,0,False,0,Washington Commanders,Las Vegas Raiders,2.0,W
2021_13_NE_BUF,2021,13,2021-12-06,TRAIN,BUF,NE,10.0,14.0,0,False,1,Buffalo Bills,New England Patriots,-4.0,L
2021_13_NE_BUF,2021,13,2021-12-06,TRAIN,NE,BUF,14.0,10.0,0,False,0,New England Patriots,Buffalo Bills,4.0,W
2021_14_PIT_MIN,2021,14,2021-12-09,TRAIN,MIN,PIT,36.0,28.0,1,False,1,Minnesota Vikings,Pittsburgh Steelers,8.0,W
2021_14_PIT_MIN,2021,14,2021-12-09,TRAIN,PIT,MIN,28.0,36.0,1,False,0,Pittsburgh Steelers,Minnesota Vikings,-8.0,L
2021_14_ATL_CAR,2021,14,2021-12-12,TRAIN,CAR,ATL,21.0,29.0,0,False,1,Carolina Panthers,Atlanta Falcons,-8.0,L
2021_14_ATL_CAR,2021,14,2021-12-12,TRAIN,ATL,CAR,29.0,21.0,0,False,0,Atlanta Falcons,Carolina Panthers,8.0,W
2021_14_BAL_CLE,2021,14,2021-12-12,TRAIN,CLE,BAL,24.0,22.0,1,False,1,Cleveland Browns,Baltimore Ravens,2.0,W
2021_14_BAL_CLE,2021,14,2021-12-12,TRAIN,BAL,CLE,22.0,24.0,1,False,0,Baltimore Ravens,Cleveland Browns,-2.0,L
2021_14_BUF_TB,2021,14,2021-12-12,TRAIN,TB,BUF,33.0,27.0,1,False,1,Tampa Bay Buccaneers,Buffalo Bills,6.0,W
2021_14_BUF_TB,2021,14,2021-12-12,TRAIN,BUF,TB,27.0,33.0,1,False,0,Buffalo Bills,Tampa Bay Buccaneers,-6.0,L
2021_14_CHI_GB,2021,14,2021-12-12,TRAIN,GB,CHI,45.0,30.0,1,False,1,Green Bay Packers,Chicago Bears,15.0,W
2021_14_CHI_GB,2021,14,2021-12-12,TRAIN,CHI,GB,30.0,45.0,1,False,0,Chicago Bears,Green Bay Packers,-15.0,L
2021_14_DAL_WAS,2021,14,2021-12-12,TRAIN,WAS,DAL,20.0,27.0,0,False,1,Washington Commanders,Dallas Cowboys,-7.0,L
2021_14_DAL_WAS,2021,14,2021-12-12,TRAIN,DAL,WAS,27.0,20.0,0,False,0,Dallas Cowboys,Washington Commanders,7.0,W
2021_14_DET_DEN,2021,14,2021-12-12,TRAIN,DEN,DET,38.0,10.0,1,False,1,Denver Broncos,Detroit Lions,28.0,W
2021_14_DET_DEN,2021,14,2021-12-12,TRAIN,DET,DEN,10.0,38.0,1,False,0,Detroit Lions,Denver Broncos,-28.0,L
2021_14_JAX_TEN,2021,14,2021-12-12,TRAIN,TEN,JAX,20.0,0.0,1,False,1,Tennessee Titans,Jacksonville Jaguars,20.0,W
2021_14_JAX_TEN,2021,14,2021-12-12,TRAIN,JAX,TEN,0.0,20.0,1,False,0,Jacksonville Jaguars,Tennessee Titans,-20.0,L
2021_14_LV_KC,2021,14,2021-12-12,TRAIN,KC,LV,48.0,9.0,1,False,1,Kansas City Chiefs,Las Vegas Raiders,39.0,W
2021_14_LV_KC,2021,14,2021-12-12,TRAIN,LV,KC,9.0,48.0,1,False,0,Las Vegas Raiders,Kansas City Chiefs,-39.0,L
2021_14_NO_NYJ,2021,14,2021-12-12,TRAIN,NYJ,NO,9.0,30.0,0,False,1,New York Jets,New Orleans Saints,-21.0,L
2021_14_NO_NYJ,2021,14,2021-12-12,TRAIN,NO,NYJ,30.0,9.0,0,False,0,New Orleans Saints,New York Jets,21.0,W
2021_14_NYG_LAC,2021,14,2021-12-12,TRAIN,LAC,NYG,37.0,21.0,1,False,1,Los Angeles Chargers,New York Giants,16.0,W
2021_14_NYG_LAC,2021,14,2021-12-12,TRAIN,NYG,LAC,21.0,37.0,1,False,0,New York Giants,Los Angeles Chargers,-16.0,L
2021_14_SEA_HOU,2021,14,2021-12-12,TRAIN,HOU,SEA,13.0,33.0,0,False,1,Houston Texans,Seattle Seahawks,-20.0,L
2021_14_SEA_HOU,2021,14,2021-12-12,TRAIN,SEA,HOU,33.0,13.0,0,False,0,Seattle Seahawks,Houston Texans,20.0,W
2021_14_SF_CIN,2021,14,2021-12-12,TRAIN,CIN,SF,23.0,26.0,0,False,1,Cincinnati Bengals,San Francisco 49ers,-3.0,L
2021_14_SF_CIN,2021,14,2021-12-12,TRAIN,SF,CIN,26.0,23.0,0,False,0,San Francisco 49ers,Cincinnati Bengals,3.0,W
2021_14_LA_ARI,2021,14,2021-12-13,TRAIN,ARI,LA,23.0,30.0,0,False,1,Arizona Cardinals,Los Angeles Rams,-7.0,L
2021_14_LA_ARI,2021,14,2021-12-13,TRAIN,LA,ARI,30.0,23.0,0,False,0,Los Angeles Rams,Arizona Cardinals,7.0,W
2021_15_KC_LAC,2021,15,2021-12-16,TRAIN,LAC,KC,28.0,34.0,0,False,1,Los Angeles Chargers,Kansas City Chiefs,-6.0,L
2021_15_KC_LAC,2021,15,2021-12-16,TRAIN,KC,LAC,34.0,28.0,0,False,0,Kansas City Chiefs,Los Angeles Chargers,6.0,W
2021_15_NE_IND,2021,15,2021-12-18,TRAIN,IND,NE,27.0,17.0,1,False,1,Indianapolis Colts,New England Patriots,10.0,W
2021_15_NE_IND,2021,15,2021-12-18,TRAIN,NE,IND,17.0,27.0,1,False,0,New England Patriots,Indianapolis Colts,-10.0,L
2021_15_ARI_DET,2021,15,2021-12-19,TRAIN,DET,ARI,30.0,12.0,1,False,1,Detroit Lions,Arizona Cardinals,18.0,W
2021_15_ARI_DET,2021,15,2021-12-19,TRAIN,ARI,DET,12.0,30.0,1,False,0,Arizona Cardinals,Detroit Lions,-18.0,L
2021_15_ATL_SF,2021,15,2021-12-19,TRAIN,SF,ATL,31.0,13.0,1,False,1,San Francisco 49ers,Atlanta Falcons,18.0,W
2021_15_ATL_SF,2021,15,2021-12-19,TRAIN,ATL,SF,13.0,31.0,1,False,0,Atlanta Falcons,San Francisco 49ers,-18.0,L
2021_15_CAR_BUF,2021,15,2021-12-19,TRAIN,BUF,CAR,31.0,14.0,1,False,1,Buffalo Bills,Carolina Panthers,17.0,W
2021_15_CAR_BUF,2021,15,2021-12-19,TRAIN,CAR,BUF,14.0,31.0,1,False,0,Carolina Panthers,Buffalo Bills,-17.0,L
2021_15_CIN_DEN,2021,15,2021-12-19,TRAIN,DEN,CIN,10.0,15.0,0,False,1,Denver Broncos,Cincinnati Bengals,-5.0,L
2021_15_CIN_DEN,2021,15,2021-12-19,TRAIN,CIN,DEN,15.0,10.0,0,False,0,Cincinnati Bengals,Denver Broncos,5.0,W
2021_15_DAL_NYG,2021,15,2021-12-19,TRAIN,NYG,DAL,6.0,21.0,0,False,1,New York Giants,Dallas Cowboys,-15.0,L
2021_15_DAL_NYG,2021,15,2021-12-19,TRAIN,DAL,NYG,21.0,6.0,0,False,0,Dallas Cowboys,New York Giants,15.0,W
2021_15_GB_BAL,2021,15,2021-12-19,TRAIN,BAL,GB,30.0,31.0,0,False,1,Baltimore Ravens,Green Bay Packers,-1.0,L
2021_15_GB_BAL,2021,15,2021-12-19,TRAIN,GB,BAL,31.0,30.0,0,False,0,Green Bay Packers,Baltimore Ravens,1.0,W
2021_15_HOU_JAX,2021,15,2021-12-19,TRAIN,JAX,HOU,16.0,30.0,0,False,1,Jacksonville Jaguars,Houston Texans,-14.0,L
2021_15_HOU_JAX,2021,15,2021-12-19,TRAIN,HOU,JAX,30.0,16.0,0,False,0,Houston Texans,Jacksonville Jaguars,14.0,W
2021_15_NO_TB,2021,15,2021-12-19,TRAIN,TB,NO,0.0,9.0,0,False,1,Tampa Bay Buccaneers,New Orleans Saints,-9.0,L
2021_15_NO_TB,2021,15,2021-12-19,TRAIN,NO,TB,9.0,0.0,0,False,0,New Orleans Saints,Tampa Bay Buccaneers,9.0,W
2021_15_NYJ_MIA,2021,15,2021-12-19,TRAIN,MIA,NYJ,31.0,24.0,1,False,1,Miami Dolphins,New York Jets,7.0,W
2021_15_NYJ_MIA,2021,15,2021-12-19,TRAIN,NYJ,MIA,24.0,31.0,1,False,0,New York Jets,Miami Dolphins,-7.0,L
2021_15_TEN_PIT,2021,15,2021-12-19,TRAIN,PIT,TEN,19.0,13.0,1,False,1,Pittsburgh Steelers,Tennessee Titans,6.0,W
2021_15_TEN_PIT,2021,15,2021-12-19,TRAIN,TEN,PIT,13.0,19.0,1,False,0,Tennessee Titans,Pittsburgh Steelers,-6.0,L
2021_15_LV_CLE,2021,15,2021-12-20,TRAIN,CLE,LV,14.0,16.0,0,False,1,Cleveland Browns,Las Vegas Raiders,-2.0,L
2021_15_LV_CLE,2021,15,2021-12-20,TRAIN,LV,CLE,16.0,14.0,0,False,0,Las Vegas Raiders,Cleveland Browns,2.0,W
2021_15_MIN_CHI,2021,15,2021-12-20,TRAIN,CHI,MIN,9.0,17.0,0,False,1,Chicago Bears,Minnesota Vikings,-8.0,L
2021_15_MIN_CHI,2021,15,2021-12-20,TRAIN,MIN,CHI,17.0,9.0,0,False,0,Minnesota Vikings,Chicago Bears,8.0,W
2021_15_SEA_LA,2021,15,2021-12-21,TRAIN,LA,SEA,20.0,10.0,1,False,1,Los Angeles Rams,Seattle Seahawks,10.0,W
2021_15_SEA_LA,2021,15,2021-12-21,TRAIN,SEA,LA,10.0,20.0,1,False,0,Seattle Seahawks,Los Angeles Rams,-10.0,L
2021_15_WAS_PHI,2021,15,2021-12-21,TRAIN,PHI,WAS,27.0,17.0,1,False,1,Philadelphia Eagles,Washington Commanders,10.0,W
2021_15_WAS_PHI,2021,15,2021-12-21,TRAIN,WAS,PHI,17.0,27.0,1,False,0,Washington Commanders,Philadelphia Eagles,-10.0,L
2021_16_SF_TEN,2021,16,2021-12-23,TRAIN,TEN,SF,20.0,17.0,1,False,1,Tennessee Titans,San Francisco 49ers,3.0,W
2021_16_SF_TEN,2021,16,2021-12-23,TRAIN,SF,TEN,17.0,20.0,1,False,0,San Francisco 49ers,Tennessee Titans,-3.0,L
2021_16_CLE_GB,2021,16,2021-12-25,TRAIN,GB,CLE,24.0,22.0,1,False,1,Green Bay Packers,Cleveland Browns,2.0,W
2021_16_CLE_GB,2021,16,2021-12-25,TRAIN,CLE,GB,22.0,24.0,1,False,0,Cleveland Browns,Green Bay Packers,-2.0,L
2021_16_IND_ARI,2021,16,2021-12-25,TRAIN,ARI,IND,16.0,22.0,0,False,1,Arizona Cardinals,Indianapolis Colts,-6.0,L
2021_16_IND_ARI,2021,16,2021-12-25,TRAIN,IND,ARI,22.0,16.0,0,False,0,Indianapolis Colts,Arizona Cardinals,6.0,W
2021_16_BAL_CIN,2021,16,2021-12-26,TRAIN,CIN,BAL,41.0,21.0,1,False,1,Cincinnati Bengals,Baltimore Ravens,20.0,W
2021_16_BAL_CIN,2021,16,2021-12-26,TRAIN,BAL,CIN,21.0,41.0,1,False,0,Baltimore Ravens,Cincinnati Bengals,-20.0,L
2021_16_BUF_NE,2021,16,2021-12-26,TRAIN,NE,BUF,21.0,33.0,0,False,1,New England Patriots,Buffalo Bills,-12.0,L
2021_16_BUF_NE,2021,16,2021-12-26,TRAIN,BUF,NE,33.0,21.0,0,False,0,Buffalo Bills,New England Patriots,12.0,W
2021_16_CHI_SEA,2021,16,2021-12-26,TRAIN,SEA,CHI,24.0,25.0,0,False,1,Seattle Seahawks,Chicago Bears,-1.0,L
2021_16_CHI_SEA,2021,16,2021-12-26,TRAIN,CHI,SEA,25.0,24.0,0,False,0,Chicago Bears,Seattle Seahawks,1.0,W
2021_16_DEN_LV,2021,16,2021-12-26,TRAIN,LV,DEN,17.0,13.0,1,False,1,Las Vegas Raiders,Denver Broncos,4.0,W
2021_16_DEN_LV,2021,16,2021-12-26,TRAIN,DEN,LV,13.0,17.0,1,False,0,Denver Broncos,Las Vegas Raiders,-4.0,L
2021_16_DET_ATL,2021,16,2021-12-26,TRAIN,ATL,DET,20.0,16.0,1,False,1,Atlanta Falcons,Detroit Lions,4.0,W
2021_16_DET_ATL,2021,16,2021-12-26,TRAIN,DET,ATL,16.0,20.0,1,False,0,Detroit Lions,Atlanta Falcons,-4.0,L
2021_16_JAX_NYJ,2021,16,2021-12-26,TRAIN,NYJ,JAX,26.0,21.0,1,False,1,New York Jets,Jacksonville Jaguars,5.0,W
2021_16_JAX_NYJ,2021,16,2021-12-26,TRAIN,JAX,NYJ,21.0,26.0,1,False,0,Jacksonville Jaguars,New York Jets,-5.0,L
2021_16_LAC_HOU,2021,16,2021-12-26,TRAIN,HOU,LAC,41.0,29.0,1,False,1,Houston Texans,Los Angeles Chargers,12.0,W
2021_16_LAC_HOU,2021,16,2021-12-26,TRAIN,LAC,HOU,29.0,41.0,1,False,0,Los Angeles Chargers,Houston Texans,-12.0,L
2021_16_LA_MIN,2021,16,2021-12-26,TRAIN,MIN,LA,23.0,30.0,0,False,1,Minnesota Vikings,Los Angeles Rams,-7.0,L
2021_16_LA_MIN,2021,16,2021-12-26,TRAIN,LA,MIN,30.0,23.0,0,False,0,Los Angeles Rams,Minnesota Vikings,7.0,W
2021_16_NYG_PHI,2021,16,2021-12-26,TRAIN,PHI,NYG,34.0,10.0,1,False,1,Philadelphia Eagles,New York Giants,24.0,W
2021_16_NYG_PHI,2021,16,2021-12-26,TRAIN,NYG,PHI,10.0,34.0,1,False,0,New York Giants,Philadelphia Eagles,-24.0,L
2021_16_PIT_KC,2021,16,2021-12-26,TRAIN,KC,PIT,36.0,10.0,1,False,1,Kansas City Chiefs,Pittsburgh Steelers,26.0,W
2021_16_PIT_KC,2021,16,2021-12-26,TRAIN,PIT,KC,10.0,36.0,1,False,0,Pittsburgh Steelers,Kansas City Chiefs,-26.0,L
2021_16_TB_CAR,2021,16,2021-12-26,TRAIN,CAR,TB,6.0,32.0,0,False,1,Carolina Panthers,Tampa Bay Buccaneers,-26.0,L
2021_16_TB_CAR,2021,16,2021-12-26,TRAIN,TB,CAR,32.0,6.0,0,False,0,Tampa Bay Buccaneers,Carolina Panthers,26.0,W
2021_16_WAS_DAL,2021,16,2021-12-26,TRAIN,DAL,WAS,56.0,14.0,1,False,1,Dallas Cowboys,Washington Commanders,42.0,W
2021_16_WAS_DAL,2021,16,2021-12-26,TRAIN,WAS,DAL,14.0,56.0,1,False,0,Washington Commanders,Dallas Cowboys,-42.0,L
2021_16_MIA_NO,2021,16,2021-12-27,TRAIN,NO,MIA,3.0,20.0,0,False,1,New Orleans Saints,Miami Dolphins,-17.0,L
2021_16_MIA_NO,2021,16,2021-12-27,TRAIN,MIA,NO,20.0,3.0,0,False,0,Miami Dolphins,New Orleans Saints,17.0,W
2021_17_ARI_DAL,2021,17,2022-01-02,TRAIN,DAL,ARI,22.0,25.0,0,False,1,Dallas Cowboys,Arizona Cardinals,-3.0,L
2021_17_ARI_DAL,2021,17,2022-01-02,TRAIN,ARI,DAL,25.0,22.0,0,False,0,Arizona Cardinals,Dallas Cowboys,3.0,W
2021_17_ATL_BUF,2021,17,2022-01-02,TRAIN,BUF,ATL,29.0,15.0,1,False,1,Buffalo Bills,Atlanta Falcons,14.0,W
2021_17_ATL_BUF,2021,17,2022-01-02,TRAIN,ATL,BUF,15.0,29.0,1,False,0,Atlanta Falcons,Buffalo Bills,-14.0,L
2021_17_CAR_NO,2021,17,2022-01-02,TRAIN,NO,CAR,18.0,10.0,1,False,1,New Orleans Saints,Carolina Panthers,8.0,W
2021_17_CAR_NO,2021,17,2022-01-02,TRAIN,CAR,NO,10.0,18.0,1,False,0,Carolina Panthers,New Orleans Saints,-8.0,L
2021_17_DEN_LAC,2021,17,2022-01-02,TRAIN,LAC,DEN,34.0,13.0,1,False,1,Los Angeles Chargers,Denver Broncos,21.0,W
2021_17_DEN_LAC,2021,17,2022-01-02,TRAIN,DEN,LAC,13.0,34.0,1,False,0,Denver Broncos,Los Angeles Chargers,-21.0,L
2021_17_DET_SEA,2021,17,2022-01-02,TRAIN,SEA,DET,51.0,29.0,1,False,1,Seattle Seahawks,Detroit Lions,22.0,W
2021_17_DET_SEA,2021,17,2022-01-02,TRAIN,DET,SEA,29.0,51.0,1,False,0,Detroit Lions,Seattle Seahawks,-22.0,L
2021_17_HOU_SF,2021,17,2022-01-02,TRAIN,SF,HOU,23.0,7.0,1,False,1,San Francisco 49ers,Houston Texans,16.0,W
2021_17_HOU_SF,2021,17,2022-01-02,TRAIN,HOU,SF,7.0,23.0,1,False,0,Houston Texans,San Francisco 49ers,-16.0,L
2021_17_JAX_NE,2021,17,2022-01-02,TRAIN,NE,JAX,50.0,10.0,1,False,1,New England Patriots,Jacksonville Jaguars,40.0,W
2021_17_JAX_NE,2021,17,2022-01-02,TRAIN,JAX,NE,10.0,50.0,1,False,0,Jacksonville Jaguars,New England Patriots,-40.0,L
2021_17_KC_CIN,2021,17,2022-01-02,TRAIN,CIN,KC,34.0,31.0,1,False,1,Cincinnati Bengals,Kansas City Chiefs,3.0,W
2021_17_KC_CIN,2021,17,2022-01-02,TRAIN,KC,CIN,31.0,34.0,1,False,0,Kansas City Chiefs,Cincinnati Bengals,-3.0,L
2021_17_LA_BAL,2021,17,2022-01-02,TRAIN,BAL,LA,19.0,20.0,0,False,1,Baltimore Ravens,Los Angeles Rams,-1.0,L
2021_17_LA_BAL,2021,17,2022-01-02,TRAIN,LA,BAL,20.0,19.0,0,False,0,Los Angeles Rams,Baltimore Ravens,1.0,W
2021_17_LV_IND,2021,17,2022-01-02,TRAIN,IND,LV,20.0,23.0,0,False,1,Indianapolis Colts,Las Vegas Raiders,-3.0,L
2021_17_LV_IND,2021,17,2022-01-02,TRAIN,LV,IND,23.0,20.0,0,False,0,Las Vegas Raiders,Indianapolis Colts,3.0,W
2021_17_MIA_TEN,2021,17,2022-01-02,TRAIN,TEN,MIA,34.0,3.0,1,False,1,Tennessee Titans,Miami Dolphins,31.0,W
2021_17_MIA_TEN,2021,17,2022-01-02,TRAIN,MIA,TEN,3.0,34.0,1,False,0,Miami Dolphins,Tennessee Titans,-31.0,L
2021_17_MIN_GB,2021,17,2022-01-02,TRAIN,GB,MIN,37.0,10.0,1,False,1,Green Bay Packers,Minnesota Vikings,27.0,W
2021_17_MIN_GB,2021,17,2022-01-02,TRAIN,MIN,GB,10.0,37.0,1,False,0,Minnesota Vikings,Green Bay Packers,-27.0,L
2021_17_NYG_CHI,2021,17,2022-01-02,TRAIN,CHI,NYG,29.0,3.0,1,False,1,Chicago Bears,New York Giants,26.0,W
2021_17_NYG_CHI,2021,17,2022-01-02,TRAIN,NYG,CHI,3.0,29.0,1,False,0,New York Giants,Chicago Bears,-26.0,L
2021_17_PHI_WAS,2021,17,2022-01-02,TRAIN,WAS,PHI,16.0,20.0,0,False,1,Washington Commanders,Philadelphia Eagles,-4.0,L
2021_17_PHI_WAS,2021,17,2022-01-02,TRAIN,PHI,WAS,20.0,16.0,0,False,0,Philadelphia Eagles,Washington Commanders,4.0,W
2021_17_TB_NYJ,2021,17,2022-01-02,TRAIN,NYJ,TB,24.0,28.0,0,False,1,New York Jets,Tampa Bay Buccaneers,-4.0,L
2021_17_TB_NYJ,2021,17,2022-01-02,TRAIN,TB,NYJ,28.0,24.0,0,False,0,Tampa Bay Buccaneers,New York Jets,4.0,W
2021_17_CLE_PIT,2021,17,2022-01-03,TRAIN,PIT,CLE,26.0,14.0,1,False,1,Pittsburgh Steelers,Cleveland Browns,12.0,W
2021_17_CLE_PIT,2021,17,2022-01-03,TRAIN,CLE,PIT,14.0,26.0,1,False,0,Cleveland Browns,Pittsburgh Steelers,-12.0,L
2021_18_DAL_PHI,2021,18,2022-01-08,TRAIN,PHI,DAL,26.0,51.0,0,False,1,Philadelphia Eagles,Dallas Cowboys,-25.0,L
2021_18_DAL_PHI,2021,18,2022-01-08,TRAIN,DAL,PHI,51.0,26.0,0,False,0,Dallas Cowboys,Philadelphia Eagles,25.0,W
2021_18_KC_DEN,2021,18,2022-01-08,TRAIN,DEN,KC,24.0,28.0,0,False,1,Denver Broncos,Kansas City Chiefs,-4.0,L
2021_18_KC_DEN,2021,18,2022-01-08,TRAIN,KC,DEN,28.0,24.0,0,False,0,Kansas City Chiefs,Denver Broncos,4.0,W
2021_18_CAR_TB,2021,18,2022-01-09,TRAIN,TB,CAR,41.0,17.0,1,False,1,Tampa Bay Buccaneers,Carolina Panthers,24.0,W
2021_18_CAR_TB,2021,18,2022-01-09,TRAIN,CAR,TB,17.0,41.0,1,False,0,Carolina Panthers,Tampa Bay Buccaneers,-24.0,L
2021_18_CHI_MIN,2021,18,2022-01-09,TRAIN,MIN,CHI,31.0,17.0,1,False,1,Minnesota Vikings,Chicago Bears,14.0,W
2021_18_CHI_MIN,2021,18,2022-01-09,TRAIN,CHI,MIN,17.0,31.0,1,False,0,Chicago Bears,Minnesota Vikings,-14.0,L
2021_18_CIN_CLE,2021,18,2022-01-09,TRAIN,CLE,CIN,21.0,16.0,1,False,1,Cleveland Browns,Cincinnati Bengals,5.0,W
2021_18_CIN_CLE,2021,18,2022-01-09,TRAIN,CIN,CLE,16.0,21.0,1,False,0,Cincinnati Bengals,Cleveland Browns,-5.0,L
2021_18_GB_DET,2021,18,2022-01-09,TRAIN,DET,GB,37.0,30.0,1,False,1,Detroit Lions,Green Bay Packers,7.0,W
2021_18_GB_DET,2021,18,2022-01-09,TRAIN,GB,DET,30.0,37.0,1,False,0,Green Bay Packers,Detroit Lions,-7.0,L
2021_18_IND_JAX,2021,18,2022-01-09,TRAIN,JAX,IND,26.0,11.0,1,False,1,Jacksonville Jaguars,Indianapolis Colts,15.0,W
2021_18_IND_JAX,2021,18,2022-01-09,TRAIN,IND,JAX,11.0,26.0,1,False,0,Indianapolis Colts,Jacksonville Jaguars,-15.0,L
2021_18_LAC_LV,2021,18,2022-01-09,TRAIN,LV,LAC,35.0,32.0,1,False,1,Las Vegas Raiders,Los Angeles Chargers,3.0,W
2021_18_LAC_LV,2021,18,2022-01-09,TRAIN,LAC,LV,32.0,35.0,1,False,0,Los Angeles Chargers,Las Vegas Raiders,-3.0,L
2021_18_NE_MIA,2021,18,2022-01-09,TRAIN,MIA,NE,33.0,24.0,1,False,1,Miami Dolphins,New England Patriots,9.0,W
2021_18_NE_MIA,2021,18,2022-01-09,TRAIN,NE,MIA,24.0,33.0,1,False,0,New England Patriots,Miami Dolphins,-9.0,L
2021_18_NO_ATL,2021,18,2022-01-09,TRAIN,ATL,NO,20.0,30.0,0,False,1,Atlanta Falcons,New Orleans Saints,-10.0,L
2021_18_NO_ATL,2021,18,2022-01-09,TRAIN,NO,ATL,30.0,20.0,0,False,0,New Orleans Saints,Atlanta Falcons,10.0,W
2021_18_NYJ_BUF,2021,18,2022-01-09,TRAIN,BUF,NYJ,27.0,10.0,1,False,1,Buffalo Bills,New York Jets,17.0,W
2021_18_NYJ_BUF,2021,18,2022-01-09,TRAIN,NYJ,BUF,10.0,27.0,1,False,0,New York Jets,Buffalo Bills,-17.0,L
2021_18_PIT_BAL,2021,18,2022-01-09,TRAIN,BAL,PIT,13.0,16.0,0,False,1,Baltimore Ravens,Pittsburgh Steelers,-3.0,L
2021_18_PIT_BAL,2021,18,2022-01-09,TRAIN,PIT,BAL,16.0,13.0,0,False,0,Pittsburgh Steelers,Baltimore Ravens,3.0,W
2021_18_SEA_ARI,2021,18,2022-01-09,TRAIN,ARI,SEA,30.0,38.0,0,False,1,Arizona Cardinals,Seattle Seahawks,-8.0,L
2021_18_SEA_ARI,2021,18,2022-01-09,TRAIN,SEA,ARI,38.0,30.0,0,False,0,Seattle Seahawks,Arizona Cardinals,8.0,W
2021_18_SF_LA,2021,18,2022-01-09,TRAIN,LA,SF,24.0,27.0,0,False,1,Los Angeles Rams,San Francisco 49ers,-3.0,L
2021_18_SF_LA,2021,18,2022-01-09,TRAIN,SF,LA,27.0,24.0,0,False,0,San Francisco 49ers,Los Angeles Rams,3.0,W
2021_18_TEN_HOU,2021,18,2022-01-09,TRAIN,HOU,TEN,25.0,28.0,0,False,1,Houston Texans,Tennessee Titans,-3.0,L
2021_18_TEN_HOU,2021,18,2022-01-09,TRAIN,TEN,HOU,28.0,25.0,0,False,0,Tennessee Titans,Houston Texans,3.0,W
2021_18_WAS_NYG,2021,18,2022-01-09,TRAIN,NYG,WAS,7.0,22.0,0,False,1,New York Giants,Washington Commanders,-15.0,L
2021_18_WAS_NYG,2021,18,2022-01-09,TRAIN,WAS,NYG,22.0,7.0,0,False,0,Washington Commanders,New York Giants,15.0,W
2022_01_BUF_LA,2022,1,2022-09-08,TRAIN,LA,BUF,10.0,31.0,0,False,1,Los Angeles Rams,Buffalo Bills,-21.0,L
2022_01_BUF_LA,2022,1,2022-09-08,TRAIN,BUF,LA,31.0,10.0,0,False,0,Buffalo Bills,Los Angeles Rams,21.0,W
2022_01_BAL_NYJ,2022,1,2022-09-11,TRAIN,NYJ,BAL,9.0,24.0,0,False,1,New York Jets,Baltimore Ravens,-15.0,L
2022_01_BAL_NYJ,2022,1,2022-09-11,TRAIN,BAL,NYJ,24.0,9.0,0,False,0,Baltimore Ravens,New York Jets,15.0,W
2022_01_CLE_CAR,2022,1,2022-09-11,TRAIN,CAR,CLE,24.0,26.0,0,False,1,Carolina Panthers,Cleveland Browns,-2.0,L
2022_01_CLE_CAR,2022,1,2022-09-11,TRAIN,CLE,CAR,26.0,24.0,0,False,0,Cleveland Browns,Carolina Panthers,2.0,W
2022_01_GB_MIN,2022,1,2022-09-11,TRAIN,MIN,GB,23.0,7.0,1,False,1,Minnesota Vikings,Green Bay Packers,16.0,W
2022_01_GB_MIN,2022,1,2022-09-11,TRAIN,GB,MIN,7.0,23.0,1,False,0,Green Bay Packers,Minnesota Vikings,-16.0,L
2022_01_IND_HOU,2022,1,2022-09-11,TRAIN,HOU,IND,20.0,20.0,,True,1,Houston Texans,Indianapolis Colts,0.0,T
2022_01_IND_HOU,2022,1,2022-09-11,TRAIN,IND,HOU,20.0,20.0,,True,0,Indianapolis Colts,Houston Texans,0.0,T
2022_01_JAX_WAS,2022,1,2022-09-11,TRAIN,WAS,JAX,28.0,22.0,1,False,1,Washington Commanders,Jacksonville Jaguars,6.0,W
2022_01_JAX_WAS,2022,1,2022-09-11,TRAIN,JAX,WAS,22.0,28.0,1,False,0,Jacksonville Jaguars,Washington Commanders,-6.0,L
2022_01_KC_ARI,2022,1,2022-09-11,TRAIN,ARI,KC,21.0,44.0,0,False,1,Arizona Cardinals,Kansas City Chiefs,-23.0,L
2022_01_KC_ARI,2022,1,2022-09-11,TRAIN,KC,ARI,44.0,21.0,0,False,0,Kansas City Chiefs,Arizona Cardinals,23.0,W
2022_01_LV_LAC,2022,1,2022-09-11,TRAIN,LAC,LV,24.0,19.0,1,False,1,Los Angeles Chargers,Las Vegas Raiders,5.0,W
2022_01_LV_LAC,2022,1,2022-09-11,TRAIN,LV,LAC,19.0,24.0,1,False,0,Las Vegas Raiders,Los Angeles Chargers,-5.0,L
2022_01_NE_MIA,2022,1,2022-09-11,TRAIN,MIA,NE,20.0,7.0,1,False,1,Miami Dolphins,New England Patriots,13.0,W
2022_01_NE_MIA,2022,1,2022-09-11,TRAIN,NE,MIA,7.0,20.0,1,False,0,New England Patriots,Miami Dolphins,-13.0,L
2022_01_NO_ATL,2022,1,2022-09-11,TRAIN,ATL,NO,26.0,27.0,0,False,1,Atlanta Falcons,New Orleans Saints,-1.0,L
2022_01_NO_ATL,2022,1,2022-09-11,TRAIN,NO,ATL,27.0,26.0,0,False,0,New Orleans Saints,Atlanta Falcons,1.0,W
2022_01_NYG_TEN,2022,1,2022-09-11,TRAIN,TEN,NYG,20.0,21.0,0,False,1,Tennessee Titans,New York Giants,-1.0,L
2022_01_NYG_TEN,2022,1,2022-09-11,TRAIN,NYG,TEN,21.0,20.0,0,False,0,New York Giants,Tennessee Titans,1.0,W
2022_01_PHI_DET,2022,1,2022-09-11,TRAIN,DET,PHI,35.0,38.0,0,False,1,Detroit Lions,Philadelphia Eagles,-3.0,L
2022_01_PHI_DET,2022,1,2022-09-11,TRAIN,PHI,DET,38.0,35.0,0,False,0,Philadelphia Eagles,Detroit Lions,3.0,W
2022_01_PIT_CIN,2022,1,2022-09-11,TRAIN,CIN,PIT,20.0,23.0,0,False,1,Cincinnati Bengals,Pittsburgh Steelers,-3.0,L
2022_01_PIT_CIN,2022,1,2022-09-11,TRAIN,PIT,CIN,23.0,20.0,0,False,0,Pittsburgh Steelers,Cincinnati Bengals,3.0,W
2022_01_SF_CHI,2022,1,2022-09-11,TRAIN,CHI,SF,19.0,10.0,1,False,1,Chicago Bears,San Francisco 49ers,9.0,W
2022_01_SF_CHI,2022,1,2022-09-11,TRAIN,SF,CHI,10.0,19.0,1,False,0,San Francisco 49ers,Chicago Bears,-9.0,L
2022_01_TB_DAL,2022,1,2022-09-11,TRAIN,DAL,TB,3.0,19.0,0,False,1,Dallas Cowboys,Tampa Bay Buccaneers,-16.0,L
2022_01_TB_DAL,2022,1,2022-09-11,TRAIN,TB,DAL,19.0,3.0,0,False,0,Tampa Bay Buccaneers,Dallas Cowboys,16.0,W
2022_01_DEN_SEA,2022,1,2022-09-12,TRAIN,SEA,DEN,17.0,16.0,1,False,1,Seattle Seahawks,Denver Broncos,1.0,W
2022_01_DEN_SEA,2022,1,2022-09-12,TRAIN,DEN,SEA,16.0,17.0,1,False,0,Denver Broncos,Seattle Seahawks,-1.0,L
2022_02_LAC_KC,2022,2,2022-09-15,TRAIN,KC,LAC,27.0,24.0,1,False,1,Kansas City Chiefs,Los Angeles Chargers,3.0,W
2022_02_LAC_KC,2022,2,2022-09-15,TRAIN,LAC,KC,24.0,27.0,1,False,0,Los Angeles Chargers,Kansas City Chiefs,-3.0,L
2022_02_ARI_LV,2022,2,2022-09-18,TRAIN,LV,ARI,23.0,29.0,0,False,1,Las Vegas Raiders,Arizona Cardinals,-6.0,L
2022_02_ARI_LV,2022,2,2022-09-18,TRAIN,ARI,LV,29.0,23.0,0,False,0,Arizona Cardinals,Las Vegas Raiders,6.0,W
2022_02_ATL_LA,2022,2,2022-09-18,TRAIN,LA,ATL,31.0,27.0,1,False,1,Los Angeles Rams,Atlanta Falcons,4.0,W
2022_02_ATL_LA,2022,2,2022-09-18,TRAIN,ATL,LA,27.0,31.0,1,False,0,Atlanta Falcons,Los Angeles Rams,-4.0,L
2022_02_CAR_NYG,2022,2,2022-09-18,TRAIN,NYG,CAR,19.0,16.0,1,False,1,New York Giants,Carolina Panthers,3.0,W
2022_02_CAR_NYG,2022,2,2022-09-18,TRAIN,CAR,NYG,16.0,19.0,1,False,0,Carolina Panthers,New York Giants,-3.0,L
2022_02_CHI_GB,2022,2,2022-09-18,TRAIN,GB,CHI,27.0,10.0,1,False,1,Green Bay Packers,Chicago Bears,17.0,W
2022_02_CHI_GB,2022,2,2022-09-18,TRAIN,CHI,GB,10.0,27.0,1,False,0,Chicago Bears,Green Bay Packers,-17.0,L
2022_02_CIN_DAL,2022,2,2022-09-18,TRAIN,DAL,CIN,20.0,17.0,1,False,1,Dallas Cowboys,Cincinnati Bengals,3.0,W
2022_02_CIN_DAL,2022,2,2022-09-18,TRAIN,CIN,DAL,17.0,20.0,1,False,0,Cincinnati Bengals,Dallas Cowboys,-3.0,L
2022_02_HOU_DEN,2022,2,2022-09-18,TRAIN,DEN,HOU,16.0,9.0,1,False,1,Denver Broncos,Houston Texans,7.0,W
2022_02_HOU_DEN,2022,2,2022-09-18,TRAIN,HOU,DEN,9.0,16.0,1,False,0,Houston Texans,Denver Broncos,-7.0,L
2022_02_IND_JAX,2022,2,2022-09-18,TRAIN,JAX,IND,24.0,0.0,1,False,1,Jacksonville Jaguars,Indianapolis Colts,24.0,W
2022_02_IND_JAX,2022,2,2022-09-18,TRAIN,IND,JAX,0.0,24.0,1,False,0,Indianapolis Colts,Jacksonville Jaguars,-24.0,L
2022_02_MIA_BAL,2022,2,2022-09-18,TRAIN,BAL,MIA,38.0,42.0,0,False,1,Baltimore Ravens,Miami Dolphins,-4.0,L
2022_02_MIA_BAL,2022,2,2022-09-18,TRAIN,MIA,BAL,42.0,38.0,0,False,0,Miami Dolphins,Baltimore Ravens,4.0,W
2022_02_NE_PIT,2022,2,2022-09-18,TRAIN,PIT,NE,14.0,17.0,0,False,1,Pittsburgh Steelers,New England Patriots,-3.0,L
2022_02_NE_PIT,2022,2,2022-09-18,TRAIN,NE,PIT,17.0,14.0,0,False,0,New England Patriots,Pittsburgh Steelers,3.0,W
2022_02_NYJ_CLE,2022,2,2022-09-18,TRAIN,CLE,NYJ,30.0,31.0,0,False,1,Cleveland Browns,New York Jets,-1.0,L
2022_02_NYJ_CLE,2022,2,2022-09-18,TRAIN,NYJ,CLE,31.0,30.0,0,False,0,New York Jets,Cleveland Browns,1.0,W
2022_02_SEA_SF,2022,2,2022-09-18,TRAIN,SF,SEA,27.0,7.0,1,False,1,San Francisco 49ers,Seattle Seahawks,20.0,W
2022_02_SEA_SF,2022,2,2022-09-18,TRAIN,SEA,SF,7.0,27.0,1,False,0,Seattle Seahawks,San Francisco 49ers,-20.0,L
2022_02_TB_NO,2022,2,2022-09-18,TRAIN,NO,TB,10.0,20.0,0,False,1,New Orleans Saints,Tampa Bay Buccaneers,-10.0,L
2022_02_TB_NO,2022,2,2022-09-18,TRAIN,TB,NO,20.0,10.0,0,False,0,Tampa Bay Buccaneers,New Orleans Saints,10.0,W
2022_02_WAS_DET,2022,2,2022-09-18,TRAIN,DET,WAS,36.0,27.0,1,False,1,Detroit Lions,Washington Commanders,9.0,W
2022_02_WAS_DET,2022,2,2022-09-18,TRAIN,WAS,DET,27.0,36.0,1,False,0,Washington Commanders,Detroit Lions,-9.0,L
2022_02_MIN_PHI,2022,2,2022-09-19,TRAIN,PHI,MIN,24.0,7.0,1,False,1,Philadelphia Eagles,Minnesota Vikings,17.0,W
2022_02_MIN_PHI,2022,2,2022-09-19,TRAIN,MIN,PHI,7.0,24.0,1,False,0,Minnesota Vikings,Philadelphia Eagles,-17.0,L
2022_02_TEN_BUF,2022,2,2022-09-19,TRAIN,BUF,TEN,41.0,7.0,1,False,1,Buffalo Bills,Tennessee Titans,34.0,W
2022_02_TEN_BUF,2022,2,2022-09-19,TRAIN,TEN,BUF,7.0,41.0,1,False,0,Tennessee Titans,Buffalo Bills,-34.0,L
2022_03_PIT_CLE,2022,3,2022-09-22,TRAIN,CLE,PIT,29.0,17.0,1,False,1,Cleveland Browns,Pittsburgh Steelers,12.0,W
2022_03_PIT_CLE,2022,3,2022-09-22,TRAIN,PIT,CLE,17.0,29.0,1,False,0,Pittsburgh Steelers,Cleveland Browns,-12.0,L
2022_03_ATL_SEA,2022,3,2022-09-25,TRAIN,SEA,ATL,23.0,27.0,0,False,1,Seattle Seahawks,Atlanta Falcons,-4.0,L
2022_03_ATL_SEA,2022,3,2022-09-25,TRAIN,ATL,SEA,27.0,23.0,0,False,0,Atlanta Falcons,Seattle Seahawks,4.0,W
2022_03_BAL_NE,2022,3,2022-09-25,TRAIN,NE,BAL,26.0,37.0,0,False,1,New England Patriots,Baltimore Ravens,-11.0,L
2022_03_BAL_NE,2022,3,2022-09-25,TRAIN,BAL,NE,37.0,26.0,0,False,0,Baltimore Ravens,New England Patriots,11.0,W
2022_03_BUF_MIA,2022,3,2022-09-25,TRAIN,MIA,BUF,21.0,19.0,1,False,1,Miami Dolphins,Buffalo Bills,2.0,W
2022_03_BUF_MIA,2022,3,2022-09-25,TRAIN,BUF,MIA,19.0,21.0,1,False,0,Buffalo Bills,Miami Dolphins,-2.0,L
2022_03_CIN_NYJ,2022,3,2022-09-25,TRAIN,NYJ,CIN,12.0,27.0,0,False,1,New York Jets,Cincinnati Bengals,-15.0,L
2022_03_CIN_NYJ,2022,3,2022-09-25,TRAIN,CIN,NYJ,27.0,12.0,0,False,0,Cincinnati Bengals,New York Jets,15.0,W
2022_03_DET_MIN,2022,3,2022-09-25,TRAIN,MIN,DET,28.0,24.0,1,False,1,Minnesota Vikings,Detroit Lions,4.0,W
2022_03_DET_MIN,2022,3,2022-09-25,TRAIN,DET,MIN,24.0,28.0,1,False,0,Detroit Lions,Minnesota Vikings,-4.0,L
2022_03_GB_TB,2022,3,2022-09-25,TRAIN,TB,GB,12.0,14.0,0,False,1,Tampa Bay Buccaneers,Green Bay Packers,-2.0,L
2022_03_GB_TB,2022,3,2022-09-25,TRAIN,GB,TB,14.0,12.0,0,False,0,Green Bay Packers,Tampa Bay Buccaneers,2.0,W
2022_03_HOU_CHI,2022,3,2022-09-25,TRAIN,CHI,HOU,23.0,20.0,1,False,1,Chicago Bears,Houston Texans,3.0,W
2022_03_HOU_CHI,2022,3,2022-09-25,TRAIN,HOU,CHI,20.0,23.0,1,False,0,Houston Texans,Chicago Bears,-3.0,L
2022_03_JAX_LAC,2022,3,2022-09-25,TRAIN,LAC,JAX,10.0,38.0,0,False,1,Los Angeles Chargers,Jacksonville Jaguars,-28.0,L
2022_03_JAX_LAC,2022,3,2022-09-25,TRAIN,JAX,LAC,38.0,10.0,0,False,0,Jacksonville Jaguars,Los Angeles Chargers,28.0,W
2022_03_KC_IND,2022,3,2022-09-25,TRAIN,IND,KC,20.0,17.0,1,False,1,Indianapolis Colts,Kansas City Chiefs,3.0,W
2022_03_KC_IND,2022,3,2022-09-25,TRAIN,KC,IND,17.0,20.0,1,False,0,Kansas City Chiefs,Indianapolis Colts,-3.0,L
2022_03_LA_ARI,2022,3,2022-09-25,TRAIN,ARI,LA,12.0,20.0,0,False,1,Arizona Cardinals,Los Angeles Rams,-8.0,L
2022_03_LA_ARI,2022,3,2022-09-25,TRAIN,LA,ARI,20.0,12.0,0,False,0,Los Angeles Rams,Arizona Cardinals,8.0,W
2022_03_LV_TEN,2022,3,2022-09-25,TRAIN,TEN,LV,24.0,22.0,1,False,1,Tennessee Titans,Las Vegas Raiders,2.0,W
2022_03_LV_TEN,2022,3,2022-09-25,TRAIN,LV,TEN,22.0,24.0,1,False,0,Las Vegas Raiders,Tennessee Titans,-2.0,L
2022_03_NO_CAR,2022,3,2022-09-25,TRAIN,CAR,NO,22.0,14.0,1,False,1,Carolina Panthers,New Orleans Saints,8.0,W
2022_03_NO_CAR,2022,3,2022-09-25,TRAIN,NO,CAR,14.0,22.0,1,False,0,New Orleans Saints,Carolina Panthers,-8.0,L
2022_03_PHI_WAS,2022,3,2022-09-25,TRAIN,WAS,PHI,8.0,24.0,0,False,1,Washington Commanders,Philadelphia Eagles,-16.0,L
2022_03_PHI_WAS,2022,3,2022-09-25,TRAIN,PHI,WAS,24.0,8.0,0,False,0,Philadelphia Eagles,Washington Commanders,16.0,W
2022_03_SF_DEN,2022,3,2022-09-25,TRAIN,DEN,SF,11.0,10.0,1,False,1,Denver Broncos,San Francisco 49ers,1.0,W
2022_03_SF_DEN,2022,3,2022-09-25,TRAIN,SF,DEN,10.0,11.0,1,False,0,San Francisco 49ers,Denver Broncos,-1.0,L
2022_03_DAL_NYG,2022,3,2022-09-26,TRAIN,NYG,DAL,16.0,23.0,0,False,1,New York Giants,Dallas Cowboys,-7.0,L
2022_03_DAL_NYG,2022,3,2022-09-26,TRAIN,DAL,NYG,23.0,16.0,0,False,0,Dallas Cowboys,New York Giants,7.0,W
2022_04_MIA_CIN,2022,4,2022-09-29,TRAIN,CIN,MIA,27.0,15.0,1,False,1,Cincinnati Bengals,Miami Dolphins,12.0,W
2022_04_MIA_CIN,2022,4,2022-09-29,TRAIN,MIA,CIN,15.0,27.0,1,False,0,Miami Dolphins,Cincinnati Bengals,-12.0,L
2022_04_ARI_CAR,2022,4,2022-10-02,TRAIN,CAR,ARI,16.0,26.0,0,False,1,Carolina Panthers,Arizona Cardinals,-10.0,L
2022_04_ARI_CAR,2022,4,2022-10-02,TRAIN,ARI,CAR,26.0,16.0,0,False,0,Arizona Cardinals,Carolina Panthers,10.0,W
2022_04_BUF_BAL,2022,4,2022-10-02,TRAIN,BAL,BUF,20.0,23.0,0,False,1,Baltimore Ravens,Buffalo Bills,-3.0,L
2022_04_BUF_BAL,2022,4,2022-10-02,TRAIN,BUF,BAL,23.0,20.0,0,False,0,Buffalo Bills,Baltimore Ravens,3.0,W
2022_04_CHI_NYG,2022,4,2022-10-02,TRAIN,NYG,CHI,20.0,12.0,1,False,1,New York Giants,Chicago Bears,8.0,W
2022_04_CHI_NYG,2022,4,2022-10-02,TRAIN,CHI,NYG,12.0,20.0,1,False,0,Chicago Bears,New York Giants,-8.0,L
2022_04_CLE_ATL,2022,4,2022-10-02,TRAIN,ATL,CLE,23.0,20.0,1,False,1,Atlanta Falcons,Cleveland Browns,3.0,W
2022_04_CLE_ATL,2022,4,2022-10-02,TRAIN,CLE,ATL,20.0,23.0,1,False,0,Cleveland Browns,Atlanta Falcons,-3.0,L
2022_04_DEN_LV,2022,4,2022-10-02,TRAIN,LV,DEN,32.0,23.0,1,False,1,Las Vegas Raiders,Denver Broncos,9.0,W
2022_04_DEN_LV,2022,4,2022-10-02,TRAIN,DEN,LV,23.0,32.0,1,False,0,Denver Broncos,Las Vegas Raiders,-9.0,L
2022_04_JAX_PHI,2022,4,2022-10-02,TRAIN,PHI,JAX,29.0,21.0,1,False,1,Philadelphia Eagles,Jacksonville Jaguars,8.0,W
2022_04_JAX_PHI,2022,4,2022-10-02,TRAIN,JAX,PHI,21.0,29.0,1,False,0,Jacksonville Jaguars,Philadelphia Eagles,-8.0,L
2022_04_KC_TB,2022,4,2022-10-02,TRAIN,TB,KC,31.0,41.0,0,False,1,Tampa Bay Buccaneers,Kansas City Chiefs,-10.0,L
2022_04_KC_TB,2022,4,2022-10-02,TRAIN,KC,TB,41.0,31.0,0,False,0,Kansas City Chiefs,Tampa Bay Buccaneers,10.0,W
2022_04_LAC_HOU,2022,4,2022-10-02,TRAIN,HOU,LAC,24.0,34.0,0,False,1,Houston Texans,Los Angeles Chargers,-10.0,L
2022_04_LAC_HOU,2022,4,2022-10-02,TRAIN,LAC,HOU,34.0,24.0,0,False,0,Los Angeles Chargers,Houston Texans,10.0,W
2022_04_MIN_NO,2022,4,2022-10-02,TRAIN,NO,MIN,25.0,28.0,0,False,1,New Orleans Saints,Minnesota Vikings,-3.0,L
2022_04_MIN_NO,2022,4,2022-10-02,TRAIN,MIN,NO,28.0,25.0,0,False,0,Minnesota Vikings,New Orleans Saints,3.0,W
2022_04_NE_GB,2022,4,2022-10-02,TRAIN,GB,NE,27.0,24.0,1,False,1,Green Bay Packers,New England Patriots,3.0,W
2022_04_NE_GB,2022,4,2022-10-02,TRAIN,NE,GB,24.0,27.0,1,False,0,New England Patriots,Green Bay Packers,-3.0,L
2022_04_NYJ_PIT,2022,4,2022-10-02,TRAIN,PIT,NYJ,20.0,24.0,0,False,1,Pittsburgh Steelers,New York Jets,-4.0,L
2022_04_NYJ_PIT,2022,4,2022-10-02,TRAIN,NYJ,PIT,24.0,20.0,0,False,0,New York Jets,Pittsburgh Steelers,4.0,W
2022_04_SEA_DET,2022,4,2022-10-02,TRAIN,DET,SEA,45.0,48.0,0,False,1,Detroit Lions,Seattle Seahawks,-3.0,L
2022_04_SEA_DET,2022,4,2022-10-02,TRAIN,SEA,DET,48.0,45.0,0,False,0,Seattle Seahawks,Detroit Lions,3.0,W
2022_04_TEN_IND,2022,4,2022-10-02,TRAIN,IND,TEN,17.0,24.0,0,False,1,Indianapolis Colts,Tennessee Titans,-7.0,L
2022_04_TEN_IND,2022,4,2022-10-02,TRAIN,TEN,IND,24.0,17.0,0,False,0,Tennessee Titans,Indianapolis Colts,7.0,W
2022_04_WAS_DAL,2022,4,2022-10-02,TRAIN,DAL,WAS,25.0,10.0,1,False,1,Dallas Cowboys,Washington Commanders,15.0,W
2022_04_WAS_DAL,2022,4,2022-10-02,TRAIN,WAS,DAL,10.0,25.0,1,False,0,Washington Commanders,Dallas Cowboys,-15.0,L
2022_04_LA_SF,2022,4,2022-10-03,TRAIN,SF,LA,24.0,9.0,1,False,1,San Francisco 49ers,Los Angeles Rams,15.0,W
2022_04_LA_SF,2022,4,2022-10-03,TRAIN,LA,SF,9.0,24.0,1,False,0,Los Angeles Rams,San Francisco 49ers,-15.0,L
2022_05_IND_DEN,2022,5,2022-10-06,TRAIN,DEN,IND,9.0,12.0,0,False,1,Denver Broncos,Indianapolis Colts,-3.0,L
2022_05_IND_DEN,2022,5,2022-10-06,TRAIN,IND,DEN,12.0,9.0,0,False,0,Indianapolis Colts,Denver Broncos,3.0,W
2022_05_ATL_TB,2022,5,2022-10-09,TRAIN,TB,ATL,21.0,15.0,1,False,1,Tampa Bay Buccaneers,Atlanta Falcons,6.0,W
2022_05_ATL_TB,2022,5,2022-10-09,TRAIN,ATL,TB,15.0,21.0,1,False,0,Atlanta Falcons,Tampa Bay Buccaneers,-6.0,L
2022_05_CHI_MIN,2022,5,2022-10-09,TRAIN,MIN,CHI,29.0,22.0,1,False,1,Minnesota Vikings,Chicago Bears,7.0,W
2022_05_CHI_MIN,2022,5,2022-10-09,TRAIN,CHI,MIN,22.0,29.0,1,False,0,Chicago Bears,Minnesota Vikings,-7.0,L
2022_05_CIN_BAL,2022,5,2022-10-09,TRAIN,BAL,CIN,19.0,17.0,1,False,1,Baltimore Ravens,Cincinnati Bengals,2.0,W
2022_05_CIN_BAL,2022,5,2022-10-09,TRAIN,CIN,BAL,17.0,19.0,1,False,0,Cincinnati Bengals,Baltimore Ravens,-2.0,L
2022_05_DAL_LA,2022,5,2022-10-09,TRAIN,LA,DAL,10.0,22.0,0,False,1,Los Angeles Rams,Dallas Cowboys,-12.0,L
2022_05_DAL_LA,2022,5,2022-10-09,TRAIN,DAL,LA,22.0,10.0,0,False,0,Dallas Cowboys,Los Angeles Rams,12.0,W
2022_05_DET_NE,2022,5,2022-10-09,TRAIN,NE,DET,29.0,0.0,1,False,1,New England Patriots,Detroit Lions,29.0,W
2022_05_DET_NE,2022,5,2022-10-09,TRAIN,DET,NE,0.0,29.0,1,False,0,Detroit Lions,New England Patriots,-29.0,L
2022_05_HOU_JAX,2022,5,2022-10-09,TRAIN,JAX,HOU,6.0,13.0,0,False,1,Jacksonville Jaguars,Houston Texans,-7.0,L
2022_05_HOU_JAX,2022,5,2022-10-09,TRAIN,HOU,JAX,13.0,6.0,0,False,0,Houston Texans,Jacksonville Jaguars,7.0,W
2022_05_LAC_CLE,2022,5,2022-10-09,TRAIN,CLE,LAC,28.0,30.0,0,False,1,Cleveland Browns,Los Angeles Chargers,-2.0,L
2022_05_LAC_CLE,2022,5,2022-10-09,TRAIN,LAC,CLE,30.0,28.0,0,False,0,Los Angeles Chargers,Cleveland Browns,2.0,W
2022_05_MIA_NYJ,2022,5,2022-10-09,TRAIN,NYJ,MIA,40.0,17.0,1,False,1,New York Jets,Miami Dolphins,23.0,W
2022_05_MIA_NYJ,2022,5,2022-10-09,TRAIN,MIA,NYJ,17.0,40.0,1,False,0,Miami Dolphins,New York Jets,-23.0,L
2022_05_NYG_GB,2022,5,2022-10-09,TRAIN,GB,NYG,22.0,27.0,0,False,1,Green Bay Packers,New York Giants,-5.0,L
2022_05_NYG_GB,2022,5,2022-10-09,TRAIN,NYG,GB,27.0,22.0,0,False,0,New York Giants,Green Bay Packers,5.0,W
2022_05_PHI_ARI,2022,5,2022-10-09,TRAIN,ARI,PHI,17.0,20.0,0,False,1,Arizona Cardinals,Philadelphia Eagles,-3.0,L
2022_05_PHI_ARI,2022,5,2022-10-09,TRAIN,PHI,ARI,20.0,17.0,0,False,0,Philadelphia Eagles,Arizona Cardinals,3.0,W
2022_05_PIT_BUF,2022,5,2022-10-09,TRAIN,BUF,PIT,38.0,3.0,1,False,1,Buffalo Bills,Pittsburgh Steelers,35.0,W
2022_05_PIT_BUF,2022,5,2022-10-09,TRAIN,PIT,BUF,3.0,38.0,1,False,0,Pittsburgh Steelers,Buffalo Bills,-35.0,L
2022_05_SEA_NO,2022,5,2022-10-09,TRAIN,NO,SEA,39.0,32.0,1,False,1,New Orleans Saints,Seattle Seahawks,7.0,W
2022_05_SEA_NO,2022,5,2022-10-09,TRAIN,SEA,NO,32.0,39.0,1,False,0,Seattle Seahawks,New Orleans Saints,-7.0,L
2022_05_SF_CAR,2022,5,2022-10-09,TRAIN,CAR,SF,15.0,37.0,0,False,1,Carolina Panthers,San Francisco 49ers,-22.0,L
2022_05_SF_CAR,2022,5,2022-10-09,TRAIN,SF,CAR,37.0,15.0,0,False,0,San Francisco 49ers,Carolina Panthers,22.0,W
2022_05_TEN_WAS,2022,5,2022-10-09,TRAIN,WAS,TEN,17.0,21.0,0,False,1,Washington Commanders,Tennessee Titans,-4.0,L
2022_05_TEN_WAS,2022,5,2022-10-09,TRAIN,TEN,WAS,21.0,17.0,0,False,0,Tennessee Titans,Washington Commanders,4.0,W
2022_05_LV_KC,2022,5,2022-10-10,TRAIN,KC,LV,30.0,29.0,1,False,1,Kansas City Chiefs,Las Vegas Raiders,1.0,W
2022_05_LV_KC,2022,5,2022-10-10,TRAIN,LV,KC,29.0,30.0,1,False,0,Las Vegas Raiders,Kansas City Chiefs,-1.0,L
2022_06_WAS_CHI,2022,6,2022-10-13,TRAIN,CHI,WAS,7.0,12.0,0,False,1,Chicago Bears,Washington Commanders,-5.0,L
2022_06_WAS_CHI,2022,6,2022-10-13,TRAIN,WAS,CHI,12.0,7.0,0,False,0,Washington Commanders,Chicago Bears,5.0,W
2022_06_ARI_SEA,2022,6,2022-10-16,TRAIN,SEA,ARI,19.0,9.0,1,False,1,Seattle Seahawks,Arizona Cardinals,10.0,W
2022_06_ARI_SEA,2022,6,2022-10-16,TRAIN,ARI,SEA,9.0,19.0,1,False,0,Arizona Cardinals,Seattle Seahawks,-10.0,L
2022_06_BAL_NYG,2022,6,2022-10-16,TRAIN,NYG,BAL,24.0,20.0,1,False,1,New York Giants,Baltimore Ravens,4.0,W
2022_06_BAL_NYG,2022,6,2022-10-16,TRAIN,BAL,NYG,20.0,24.0,1,False,0,Baltimore Ravens,New York Giants,-4.0,L
2022_06_BUF_KC,2022,6,2022-10-16,TRAIN,KC,BUF,20.0,24.0,0,False,1,Kansas City Chiefs,Buffalo Bills,-4.0,L
2022_06_BUF_KC,2022,6,2022-10-16,TRAIN,BUF,KC,24.0,20.0,0,False,0,Buffalo Bills,Kansas City Chiefs,4.0,W
2022_06_CAR_LA,2022,6,2022-10-16,TRAIN,LA,CAR,24.0,10.0,1,False,1,Los Angeles Rams,Carolina Panthers,14.0,W
2022_06_CAR_LA,2022,6,2022-10-16,TRAIN,CAR,LA,10.0,24.0,1,False,0,Carolina Panthers,Los Angeles Rams,-14.0,L
2022_06_CIN_NO,2022,6,2022-10-16,TRAIN,NO,CIN,26.0,30.0,0,False,1,New Orleans Saints,Cincinnati Bengals,-4.0,L
2022_06_CIN_NO,2022,6,2022-10-16,TRAIN,CIN,NO,30.0,26.0,0,False,0,Cincinnati Bengals,New Orleans Saints,4.0,W
2022_06_DAL_PHI,2022,6,2022-10-16,TRAIN,PHI,DAL,26.0,17.0,1,False,1,Philadelphia Eagles,Dallas Cowboys,9.0,W
2022_06_DAL_PHI,2022,6,2022-10-16,TRAIN,DAL,PHI,17.0,26.0,1,False,0,Dallas Cowboys,Philadelphia Eagles,-9.0,L
2022_06_JAX_IND,2022,6,2022-10-16,TRAIN,IND,JAX,34.0,27.0,1,False,1,Indianapolis Colts,Jacksonville Jaguars,7.0,W
2022_06_JAX_IND,2022,6,2022-10-16,TRAIN,JAX,IND,27.0,34.0,1,False,0,Jacksonville Jaguars,Indianapolis Colts,-7.0,L
2022_06_MIN_MIA,2022,6,2022-10-16,TRAIN,MIA,MIN,16.0,24.0,0,False,1,Miami Dolphins,Minnesota Vikings,-8.0,L
2022_06_MIN_MIA,2022,6,2022-10-16,TRAIN,MIN,MIA,24.0,16.0,0,False,0,Minnesota Vikings,Miami Dolphins,8.0,W
2022_06_NE_CLE,2022,6,2022-10-16,TRAIN,CLE,NE,15.0,38.0,0,False,1,Cleveland Browns,New England Patriots,-23.0,L
2022_06_NE_CLE,2022,6,2022-10-16,TRAIN,NE,CLE,38.0,15.0,0,False,0,New England Patriots,Cleveland Browns,23.0,W
2022_06_NYJ_GB,2022,6,2022-10-16,TRAIN,GB,NYJ,10.0,27.0,0,False,1,Green Bay Packers,New York Jets,-17.0,L
2022_06_NYJ_GB,2022,6,2022-10-16,TRAIN,NYJ,GB,27.0,10.0,0,False,0,New York Jets,Green Bay Packers,17.0,W
2022_06_SF_ATL,2022,6,2022-10-16,TRAIN,ATL,SF,28.0,14.0,1,False,1,Atlanta Falcons,San Francisco 49ers,14.0,W
2022_06_SF_ATL,2022,6,2022-10-16,TRAIN,SF,ATL,14.0,28.0,1,False,0,San Francisco 49ers,Atlanta Falcons,-14.0,L
2022_06_TB_PIT,2022,6,2022-10-16,TRAIN,PIT,TB,20.0,18.0,1,False,1,Pittsburgh Steelers,Tampa Bay Buccaneers,2.0,W
2022_06_TB_PIT,2022,6,2022-10-16,TRAIN,TB,PIT,18.0,20.0,1,False,0,Tampa Bay Buccaneers,Pittsburgh Steelers,-2.0,L
2022_06_DEN_LAC,2022,6,2022-10-17,TRAIN,LAC,DEN,19.0,16.0,1,False,1,Los Angeles Chargers,Denver Broncos,3.0,W
2022_06_DEN_LAC,2022,6,2022-10-17,TRAIN,DEN,LAC,16.0,19.0,1,False,0,Denver Broncos,Los Angeles Chargers,-3.0,L
2022_07_NO_ARI,2022,7,2022-10-20,TRAIN,ARI,NO,42.0,34.0,1,False,1,Arizona Cardinals,New Orleans Saints,8.0,W
2022_07_NO_ARI,2022,7,2022-10-20,TRAIN,NO,ARI,34.0,42.0,1,False,0,New Orleans Saints,Arizona Cardinals,-8.0,L
2022_07_ATL_CIN,2022,7,2022-10-23,TRAIN,CIN,ATL,35.0,17.0,1,False,1,Cincinnati Bengals,Atlanta Falcons,18.0,W
2022_07_ATL_CIN,2022,7,2022-10-23,TRAIN,ATL,CIN,17.0,35.0,1,False,0,Atlanta Falcons,Cincinnati Bengals,-18.0,L
2022_07_CLE_BAL,2022,7,2022-10-23,TRAIN,BAL,CLE,23.0,20.0,1,False,1,Baltimore Ravens,Cleveland Browns,3.0,W
2022_07_CLE_BAL,2022,7,2022-10-23,TRAIN,CLE,BAL,20.0,23.0,1,False,0,Cleveland Browns,Baltimore Ravens,-3.0,L
2022_07_DET_DAL,2022,7,2022-10-23,TRAIN,DAL,DET,24.0,6.0,1,False,1,Dallas Cowboys,Detroit Lions,18.0,W
2022_07_DET_DAL,2022,7,2022-10-23,TRAIN,DET,DAL,6.0,24.0,1,False,0,Detroit Lions,Dallas Cowboys,-18.0,L
2022_07_GB_WAS,2022,7,2022-10-23,TRAIN,WAS,GB,23.0,21.0,1,False,1,Washington Commanders,Green Bay Packers,2.0,W
2022_07_GB_WAS,2022,7,2022-10-23,TRAIN,GB,WAS,21.0,23.0,1,False,0,Green Bay Packers,Washington Commanders,-2.0,L
2022_07_HOU_LV,2022,7,2022-10-23,TRAIN,LV,HOU,38.0,20.0,1,False,1,Las Vegas Raiders,Houston Texans,18.0,W
2022_07_HOU_LV,2022,7,2022-10-23,TRAIN,HOU,LV,20.0,38.0,1,False,0,Houston Texans,Las Vegas Raiders,-18.0,L
2022_07_IND_TEN,2022,7,2022-10-23,TRAIN,TEN,IND,19.0,10.0,1,False,1,Tennessee Titans,Indianapolis Colts,9.0,W
2022_07_IND_TEN,2022,7,2022-10-23,TRAIN,IND,TEN,10.0,19.0,1,False,0,Indianapolis Colts,Tennessee Titans,-9.0,L
2022_07_KC_SF,2022,7,2022-10-23,TRAIN,SF,KC,23.0,44.0,0,False,1,San Francisco 49ers,Kansas City Chiefs,-21.0,L
2022_07_KC_SF,2022,7,2022-10-23,TRAIN,KC,SF,44.0,23.0,0,False,0,Kansas City Chiefs,San Francisco 49ers,21.0,W
2022_07_NYG_JAX,2022,7,2022-10-23,TRAIN,JAX,NYG,17.0,23.0,0,False,1,Jacksonville Jaguars,New York Giants,-6.0,L
2022_07_NYG_JAX,2022,7,2022-10-23,TRAIN,NYG,JAX,23.0,17.0,0,False,0,New York Giants,Jacksonville Jaguars,6.0,W
2022_07_NYJ_DEN,2022,7,2022-10-23,TRAIN,DEN,NYJ,9.0,16.0,0,False,1,Denver Broncos,New York Jets,-7.0,L
2022_07_NYJ_DEN,2022,7,2022-10-23,TRAIN,NYJ,DEN,16.0,9.0,0,False,0,New York Jets,Denver Broncos,7.0,W
2022_07_PIT_MIA,2022,7,2022-10-23,TRAIN,MIA,PIT,16.0,10.0,1,False,1,Miami Dolphins,Pittsburgh Steelers,6.0,W
2022_07_PIT_MIA,2022,7,2022-10-23,TRAIN,PIT,MIA,10.0,16.0,1,False,0,Pittsburgh Steelers,Miami Dolphins,-6.0,L
2022_07_SEA_LAC,2022,7,2022-10-23,TRAIN,LAC,SEA,23.0,37.0,0,False,1,Los Angeles Chargers,Seattle Seahawks,-14.0,L
2022_07_SEA_LAC,2022,7,2022-10-23,TRAIN,SEA,LAC,37.0,23.0,0,False,0,Seattle Seahawks,Los Angeles Chargers,14.0,W
2022_07_TB_CAR,2022,7,2022-10-23,TRAIN,CAR,TB,21.0,3.0,1,False,1,Carolina Panthers,Tampa Bay Buccaneers,18.0,W
2022_07_TB_CAR,2022,7,2022-10-23,TRAIN,TB,CAR,3.0,21.0,1,False,0,Tampa Bay Buccaneers,Carolina Panthers,-18.0,L
2022_07_CHI_NE,2022,7,2022-10-24,TRAIN,NE,CHI,14.0,33.0,0,False,1,New England Patriots,Chicago Bears,-19.0,L
2022_07_CHI_NE,2022,7,2022-10-24,TRAIN,CHI,NE,33.0,14.0,0,False,0,Chicago Bears,New England Patriots,19.0,W
2022_08_BAL_TB,2022,8,2022-10-27,TRAIN,TB,BAL,22.0,27.0,0,False,1,Tampa Bay Buccaneers,Baltimore Ravens,-5.0,L
2022_08_BAL_TB,2022,8,2022-10-27,TRAIN,BAL,TB,27.0,22.0,0,False,0,Baltimore Ravens,Tampa Bay Buccaneers,5.0,W
2022_08_ARI_MIN,2022,8,2022-10-30,TRAIN,MIN,ARI,34.0,26.0,1,False,1,Minnesota Vikings,Arizona Cardinals,8.0,W
2022_08_ARI_MIN,2022,8,2022-10-30,TRAIN,ARI,MIN,26.0,34.0,1,False,0,Arizona Cardinals,Minnesota Vikings,-8.0,L
2022_08_CAR_ATL,2022,8,2022-10-30,TRAIN,ATL,CAR,37.0,34.0,1,False,1,Atlanta Falcons,Carolina Panthers,3.0,W
2022_08_CAR_ATL,2022,8,2022-10-30,TRAIN,CAR,ATL,34.0,37.0,1,False,0,Carolina Panthers,Atlanta Falcons,-3.0,L
2022_08_CHI_DAL,2022,8,2022-10-30,TRAIN,DAL,CHI,49.0,29.0,1,False,1,Dallas Cowboys,Chicago Bears,20.0,W
2022_08_CHI_DAL,2022,8,2022-10-30,TRAIN,CHI,DAL,29.0,49.0,1,False,0,Chicago Bears,Dallas Cowboys,-20.0,L
2022_08_DEN_JAX,2022,8,2022-10-30,TRAIN,JAX,DEN,17.0,21.0,0,False,1,Jacksonville Jaguars,Denver Broncos,-4.0,L
2022_08_DEN_JAX,2022,8,2022-10-30,TRAIN,DEN,JAX,21.0,17.0,0,False,0,Denver Broncos,Jacksonville Jaguars,4.0,W
2022_08_GB_BUF,2022,8,2022-10-30,TRAIN,BUF,GB,27.0,17.0,1,False,1,Buffalo Bills,Green Bay Packers,10.0,W
2022_08_GB_BUF,2022,8,2022-10-30,TRAIN,GB,BUF,17.0,27.0,1,False,0,Green Bay Packers,Buffalo Bills,-10.0,L
2022_08_LV_NO,2022,8,2022-10-30,TRAIN,NO,LV,24.0,0.0,1,False,1,New Orleans Saints,Las Vegas Raiders,24.0,W
2022_08_LV_NO,2022,8,2022-10-30,TRAIN,LV,NO,0.0,24.0,1,False,0,Las Vegas Raiders,New Orleans Saints,-24.0,L
2022_08_MIA_DET,2022,8,2022-10-30,TRAIN,DET,MIA,27.0,31.0,0,False,1,Detroit Lions,Miami Dolphins,-4.0,L
2022_08_MIA_DET,2022,8,2022-10-30,TRAIN,MIA,DET,31.0,27.0,0,False,0,Miami Dolphins,Detroit Lions,4.0,W
2022_08_NE_NYJ,2022,8,2022-10-30,TRAIN,NYJ,NE,17.0,22.0,0,False,1,New York Jets,New England Patriots,-5.0,L
2022_08_NE_NYJ,2022,8,2022-10-30,TRAIN,NE,NYJ,22.0,17.0,0,False,0,New England Patriots,New York Jets,5.0,W
2022_08_NYG_SEA,2022,8,2022-10-30,TRAIN,SEA,NYG,27.0,13.0,1,False,1,Seattle Seahawks,New York Giants,14.0,W
2022_08_NYG_SEA,2022,8,2022-10-30,TRAIN,NYG,SEA,13.0,27.0,1,False,0,New York Giants,Seattle Seahawks,-14.0,L
2022_08_PIT_PHI,2022,8,2022-10-30,TRAIN,PHI,PIT,35.0,13.0,1,False,1,Philadelphia Eagles,Pittsburgh Steelers,22.0,W
2022_08_PIT_PHI,2022,8,2022-10-30,TRAIN,PIT,PHI,13.0,35.0,1,False,0,Pittsburgh Steelers,Philadelphia Eagles,-22.0,L
2022_08_SF_LA,2022,8,2022-10-30,TRAIN,LA,SF,14.0,31.0,0,False,1,Los Angeles Rams,San Francisco 49ers,-17.0,L
2022_08_SF_LA,2022,8,2022-10-30,TRAIN,SF,LA,31.0,14.0,0,False,0,San Francisco 49ers,Los Angeles Rams,17.0,W
2022_08_TEN_HOU,2022,8,2022-10-30,TRAIN,HOU,TEN,10.0,17.0,0,False,1,Houston Texans,Tennessee Titans,-7.0,L
2022_08_TEN_HOU,2022,8,2022-10-30,TRAIN,TEN,HOU,17.0,10.0,0,False,0,Tennessee Titans,Houston Texans,7.0,W
2022_08_WAS_IND,2022,8,2022-10-30,TRAIN,IND,WAS,16.0,17.0,0,False,1,Indianapolis Colts,Washington Commanders,-1.0,L
2022_08_WAS_IND,2022,8,2022-10-30,TRAIN,WAS,IND,17.0,16.0,0,False,0,Washington Commanders,Indianapolis Colts,1.0,W
2022_08_CIN_CLE,2022,8,2022-10-31,TRAIN,CLE,CIN,32.0,13.0,1,False,1,Cleveland Browns,Cincinnati Bengals,19.0,W
2022_08_CIN_CLE,2022,8,2022-10-31,TRAIN,CIN,CLE,13.0,32.0,1,False,0,Cincinnati Bengals,Cleveland Browns,-19.0,L
2022_09_PHI_HOU,2022,9,2022-11-03,TRAIN,HOU,PHI,17.0,29.0,0,False,1,Houston Texans,Philadelphia Eagles,-12.0,L
2022_09_PHI_HOU,2022,9,2022-11-03,TRAIN,PHI,HOU,29.0,17.0,0,False,0,Philadelphia Eagles,Houston Texans,12.0,W
2022_09_BUF_NYJ,2022,9,2022-11-06,TRAIN,NYJ,BUF,20.0,17.0,1,False,1,New York Jets,Buffalo Bills,3.0,W
2022_09_BUF_NYJ,2022,9,2022-11-06,TRAIN,BUF,NYJ,17.0,20.0,1,False,0,Buffalo Bills,New York Jets,-3.0,L
2022_09_CAR_CIN,2022,9,2022-11-06,TRAIN,CIN,CAR,42.0,21.0,1,False,1,Cincinnati Bengals,Carolina Panthers,21.0,W
2022_09_CAR_CIN,2022,9,2022-11-06,TRAIN,CAR,CIN,21.0,42.0,1,False,0,Carolina Panthers,Cincinnati Bengals,-21.0,L
2022_09_GB_DET,2022,9,2022-11-06,TRAIN,DET,GB,15.0,9.0,1,False,1,Detroit Lions,Green Bay Packers,6.0,W
2022_09_GB_DET,2022,9,2022-11-06,TRAIN,GB,DET,9.0,15.0,1,False,0,Green Bay Packers,Detroit Lions,-6.0,L
2022_09_IND_NE,2022,9,2022-11-06,TRAIN,NE,IND,26.0,3.0,1,False,1,New England Patriots,Indianapolis Colts,23.0,W
2022_09_IND_NE,2022,9,2022-11-06,TRAIN,IND,NE,3.0,26.0,1,False,0,Indianapolis Colts,New England Patriots,-23.0,L
2022_09_LAC_ATL,2022,9,2022-11-06,TRAIN,ATL,LAC,17.0,20.0,0,False,1,Atlanta Falcons,Los Angeles Chargers,-3.0,L
2022_09_LAC_ATL,2022,9,2022-11-06,TRAIN,LAC,ATL,20.0,17.0,0,False,0,Los Angeles Chargers,Atlanta Falcons,3.0,W
2022_09_LA_TB,2022,9,2022-11-06,TRAIN,TB,LA,16.0,13.0,1,False,1,Tampa Bay Buccaneers,Los Angeles Rams,3.0,W
2022_09_LA_TB,2022,9,2022-11-06,TRAIN,LA,TB,13.0,16.0,1,False,0,Los Angeles Rams,Tampa Bay Buccaneers,-3.0,L
2022_09_LV_JAX,2022,9,2022-11-06,TRAIN,JAX,LV,27.0,20.0,1,False,1,Jacksonville Jaguars,Las Vegas Raiders,7.0,W
2022_09_LV_JAX,2022,9,2022-11-06,TRAIN,LV,JAX,20.0,27.0,1,False,0,Las Vegas Raiders,Jacksonville Jaguars,-7.0,L
2022_09_MIA_CHI,2022,9,2022-11-06,TRAIN,CHI,MIA,32.0,35.0,0,False,1,Chicago Bears,Miami Dolphins,-3.0,L
2022_09_MIA_CHI,2022,9,2022-11-06,TRAIN,MIA,CHI,35.0,32.0,0,False,0,Miami Dolphins,Chicago Bears,3.0,W
2022_09_MIN_WAS,2022,9,2022-11-06,TRAIN,WAS,MIN,17.0,20.0,0,False,1,Washington Commanders,Minnesota Vikings,-3.0,L
2022_09_MIN_WAS,2022,9,2022-11-06,TRAIN,MIN,WAS,20.0,17.0,0,False,0,Minnesota Vikings,Washington Commanders,3.0,W
2022_09_SEA_ARI,2022,9,2022-11-06,TRAIN,ARI,SEA,21.0,31.0,0,False,1,Arizona Cardinals,Seattle Seahawks,-10.0,L
2022_09_SEA_ARI,2022,9,2022-11-06,TRAIN,SEA,ARI,31.0,21.0,0,False,0,Seattle Seahawks,Arizona Cardinals,10.0,W
2022_09_TEN_KC,2022,9,2022-11-06,TRAIN,KC,TEN,20.0,17.0,1,False,1,Kansas City Chiefs,Tennessee Titans,3.0,W
2022_09_TEN_KC,2022,9,2022-11-06,TRAIN,TEN,KC,17.0,20.0,1,False,0,Tennessee Titans,Kansas City Chiefs,-3.0,L
2022_09_BAL_NO,2022,9,2022-11-07,TRAIN,NO,BAL,13.0,27.0,0,False,1,New Orleans Saints,Baltimore Ravens,-14.0,L
2022_09_BAL_NO,2022,9,2022-11-07,TRAIN,BAL,NO,27.0,13.0,0,False,0,Baltimore Ravens,New Orleans Saints,14.0,W
2022_10_ATL_CAR,2022,10,2022-11-10,TRAIN,CAR,ATL,25.0,15.0,1,False,1,Carolina Panthers,Atlanta Falcons,10.0,W
2022_10_ATL_CAR,2022,10,2022-11-10,TRAIN,ATL,CAR,15.0,25.0,1,False,0,Atlanta Falcons,Carolina Panthers,-10.0,L
2022_10_ARI_LA,2022,10,2022-11-13,TRAIN,LA,ARI,17.0,27.0,0,False,1,Los Angeles Rams,Arizona Cardinals,-10.0,L
2022_10_ARI_LA,2022,10,2022-11-13,TRAIN,ARI,LA,27.0,17.0,0,False,0,Arizona Cardinals,Los Angeles Rams,10.0,W
2022_10_CLE_MIA,2022,10,2022-11-13,TRAIN,MIA,CLE,39.0,17.0,1,False,1,Miami Dolphins,Cleveland Browns,22.0,W
2022_10_CLE_MIA,2022,10,2022-11-13,TRAIN,CLE,MIA,17.0,39.0,1,False,0,Cleveland Browns,Miami Dolphins,-22.0,L
2022_10_DAL_GB,2022,10,2022-11-13,TRAIN,GB,DAL,31.0,28.0,1,False,1,Green Bay Packers,Dallas Cowboys,3.0,W
2022_10_DAL_GB,2022,10,2022-11-13,TRAIN,DAL,GB,28.0,31.0,1,False,0,Dallas Cowboys,Green Bay Packers,-3.0,L
2022_10_DEN_TEN,2022,10,2022-11-13,TRAIN,TEN,DEN,17.0,10.0,1,False,1,Tennessee Titans,Denver Broncos,7.0,W
2022_10_DEN_TEN,2022,10,2022-11-13,TRAIN,DEN,TEN,10.0,17.0,1,False,0,Denver Broncos,Tennessee Titans,-7.0,L
2022_10_DET_CHI,2022,10,2022-11-13,TRAIN,CHI,DET,30.0,31.0,0,False,1,Chicago Bears,Detroit Lions,-1.0,L
2022_10_DET_CHI,2022,10,2022-11-13,TRAIN,DET,CHI,31.0,30.0,0,False,0,Detroit Lions,Chicago Bears,1.0,W
2022_10_HOU_NYG,2022,10,2022-11-13,TRAIN,NYG,HOU,24.0,16.0,1,False,1,New York Giants,Houston Texans,8.0,W
2022_10_HOU_NYG,2022,10,2022-11-13,TRAIN,HOU,NYG,16.0,24.0,1,False,0,Houston Texans,New York Giants,-8.0,L
2022_10_IND_LV,2022,10,2022-11-13,TRAIN,LV,IND,20.0,25.0,0,False,1,Las Vegas Raiders,Indianapolis Colts,-5.0,L
2022_10_IND_LV,2022,10,2022-11-13,TRAIN,IND,LV,25.0,20.0,0,False,0,Indianapolis Colts,Las Vegas Raiders,5.0,W
2022_10_JAX_KC,2022,10,2022-11-13,TRAIN,KC,JAX,27.0,17.0,1,False,1,Kansas City Chiefs,Jacksonville Jaguars,10.0,W
2022_10_JAX_KC,2022,10,2022-11-13,TRAIN,JAX,KC,17.0,27.0,1,False,0,Jacksonville Jaguars,Kansas City Chiefs,-10.0,L
2022_10_LAC_SF,2022,10,2022-11-13,TRAIN,SF,LAC,22.0,16.0,1,False,1,San Francisco 49ers,Los Angeles Chargers,6.0,W
2022_10_LAC_SF,2022,10,2022-11-13,TRAIN,LAC,SF,16.0,22.0,1,False,0,Los Angeles Chargers,San Francisco 49ers,-6.0,L
2022_10_MIN_BUF,2022,10,2022-11-13,TRAIN,BUF,MIN,30.0,33.0,0,False,1,Buffalo Bills,Minnesota Vikings,-3.0,L
2022_10_MIN_BUF,2022,10,2022-11-13,TRAIN,MIN,BUF,33.0,30.0,0,False,0,Minnesota Vikings,Buffalo Bills,3.0,W
2022_10_NO_PIT,2022,10,2022-11-13,TRAIN,PIT,NO,20.0,10.0,1,False,1,Pittsburgh Steelers,New Orleans Saints,10.0,W
2022_10_NO_PIT,2022,10,2022-11-13,TRAIN,NO,PIT,10.0,20.0,1,False,0,New Orleans Saints,Pittsburgh Steelers,-10.0,L
2022_10_SEA_TB,2022,10,2022-11-13,TRAIN,TB,SEA,21.0,16.0,1,False,1,Tampa Bay Buccaneers,Seattle Seahawks,5.0,W
2022_10_SEA_TB,2022,10,2022-11-13,TRAIN,SEA,TB,16.0,21.0,1,False,0,Seattle Seahawks,Tampa Bay Buccaneers,-5.0,L
2022_10_WAS_PHI,2022,10,2022-11-14,TRAIN,PHI,WAS,21.0,32.0,0,False,1,Philadelphia Eagles,Washington Commanders,-11.0,L
2022_10_WAS_PHI,2022,10,2022-11-14,TRAIN,WAS,PHI,32.0,21.0,0,False,0,Washington Commanders,Philadelphia Eagles,11.0,W
2022_11_TEN_GB,2022,11,2022-11-17,TRAIN,GB,TEN,17.0,27.0,0,False,1,Green Bay Packers,Tennessee Titans,-10.0,L
2022_11_TEN_GB,2022,11,2022-11-17,TRAIN,TEN,GB,27.0,17.0,0,False,0,Tennessee Titans,Green Bay Packers,10.0,W
2022_11_CAR_BAL,2022,11,2022-11-20,TRAIN,BAL,CAR,13.0,3.0,1,False,1,Baltimore Ravens,Carolina Panthers,10.0,W
2022_11_CAR_BAL,2022,11,2022-11-20,TRAIN,CAR,BAL,3.0,13.0,1,False,0,Carolina Panthers,Baltimore Ravens,-10.0,L
2022_11_CHI_ATL,2022,11,2022-11-20,TRAIN,ATL,CHI,27.0,24.0,1,False,1,Atlanta Falcons,Chicago Bears,3.0,W
2022_11_CHI_ATL,2022,11,2022-11-20,TRAIN,CHI,ATL,24.0,27.0,1,False,0,Chicago Bears,Atlanta Falcons,-3.0,L
2022_11_CIN_PIT,2022,11,2022-11-20,TRAIN,PIT,CIN,30.0,37.0,0,False,1,Pittsburgh Steelers,Cincinnati Bengals,-7.0,L
2022_11_CIN_PIT,2022,11,2022-11-20,TRAIN,CIN,PIT,37.0,30.0,0,False,0,Cincinnati Bengals,Pittsburgh Steelers,7.0,W
2022_11_CLE_BUF,2022,11,2022-11-20,TRAIN,BUF,CLE,31.0,23.0,1,False,1,Buffalo Bills,Cleveland Browns,8.0,W
2022_11_CLE_BUF,2022,11,2022-11-20,TRAIN,CLE,BUF,23.0,31.0,1,False,0,Cleveland Browns,Buffalo Bills,-8.0,L
2022_11_DAL_MIN,2022,11,2022-11-20,TRAIN,MIN,DAL,3.0,40.0,0,False,1,Minnesota Vikings,Dallas Cowboys,-37.0,L
2022_11_DAL_MIN,2022,11,2022-11-20,TRAIN,DAL,MIN,40.0,3.0,0,False,0,Dallas Cowboys,Minnesota Vikings,37.0,W
2022_11_DET_NYG,2022,11,2022-11-20,TRAIN,NYG,DET,18.0,31.0,0,False,1,New York Giants,Detroit Lions,-13.0,L
2022_11_DET_NYG,2022,11,2022-11-20,TRAIN,DET,NYG,31.0,18.0,0,False,0,Detroit Lions,New York Giants,13.0,W
2022_11_KC_LAC,2022,11,2022-11-20,TRAIN,LAC,KC,27.0,30.0,0,False,1,Los Angeles Chargers,Kansas City Chiefs,-3.0,L
2022_11_KC_LAC,2022,11,2022-11-20,TRAIN,KC,LAC,30.0,27.0,0,False,0,Kansas City Chiefs,Los Angeles Chargers,3.0,W
2022_11_LA_NO,2022,11,2022-11-20,TRAIN,NO,LA,27.0,20.0,1,False,1,New Orleans Saints,Los Angeles Rams,7.0,W
2022_11_LA_NO,2022,11,2022-11-20,TRAIN,LA,NO,20.0,27.0,1,False,0,Los Angeles Rams,New Orleans Saints,-7.0,L
2022_11_LV_DEN,2022,11,2022-11-20,TRAIN,DEN,LV,16.0,22.0,0,False,1,Denver Broncos,Las Vegas Raiders,-6.0,L
2022_11_LV_DEN,2022,11,2022-11-20,TRAIN,LV,DEN,22.0,16.0,0,False,0,Las Vegas Raiders,Denver Broncos,6.0,W
2022_11_NYJ_NE,2022,11,2022-11-20,TRAIN,NE,NYJ,10.0,3.0,1,False,1,New England Patriots,New York Jets,7.0,W
2022_11_NYJ_NE,2022,11,2022-11-20,TRAIN,NYJ,NE,3.0,10.0,1,False,0,New York Jets,New England Patriots,-7.0,L
2022_11_PHI_IND,2022,11,2022-11-20,TRAIN,IND,PHI,16.0,17.0,0,False,1,Indianapolis Colts,Philadelphia Eagles,-1.0,L
2022_11_PHI_IND,2022,11,2022-11-20,TRAIN,PHI,IND,17.0,16.0,0,False,0,Philadelphia Eagles,Indianapolis Colts,1.0,W
2022_11_WAS_HOU,2022,11,2022-11-20,TRAIN,HOU,WAS,10.0,23.0,0,False,1,Houston Texans,Washington Commanders,-13.0,L
2022_11_WAS_HOU,2022,11,2022-11-20,TRAIN,WAS,HOU,23.0,10.0,0,False,0,Washington Commanders,Houston Texans,13.0,W
2022_11_SF_ARI,2022,11,2022-11-21,TRAIN,ARI,SF,10.0,38.0,0,False,1,Arizona Cardinals,San Francisco 49ers,-28.0,L
2022_11_SF_ARI,2022,11,2022-11-21,TRAIN,SF,ARI,38.0,10.0,0,False,0,San Francisco 49ers,Arizona Cardinals,28.0,W
2022_12_BUF_DET,2022,12,2022-11-24,TRAIN,DET,BUF,25.0,28.0,0,False,1,Detroit Lions,Buffalo Bills,-3.0,L
2022_12_BUF_DET,2022,12,2022-11-24,TRAIN,BUF,DET,28.0,25.0,0,False,0,Buffalo Bills,Detroit Lions,3.0,W
2022_12_NE_MIN,2022,12,2022-11-24,TRAIN,MIN,NE,33.0,26.0,1,False,1,Minnesota Vikings,New England Patriots,7.0,W
2022_12_NE_MIN,2022,12,2022-11-24,TRAIN,NE,MIN,26.0,33.0,1,False,0,New England Patriots,Minnesota Vikings,-7.0,L
2022_12_NYG_DAL,2022,12,2022-11-24,TRAIN,DAL,NYG,28.0,20.0,1,False,1,Dallas Cowboys,New York Giants,8.0,W
2022_12_NYG_DAL,2022,12,2022-11-24,TRAIN,NYG,DAL,20.0,28.0,1,False,0,New York Giants,Dallas Cowboys,-8.0,L
2022_12_ATL_WAS,2022,12,2022-11-27,TRAIN,WAS,ATL,19.0,13.0,1,False,1,Washington Commanders,Atlanta Falcons,6.0,W
2022_12_ATL_WAS,2022,12,2022-11-27,TRAIN,ATL,WAS,13.0,19.0,1,False,0,Atlanta Falcons,Washington Commanders,-6.0,L
2022_12_BAL_JAX,2022,12,2022-11-27,TRAIN,JAX,BAL,28.0,27.0,1,False,1,Jacksonville Jaguars,Baltimore Ravens,1.0,W
2022_12_BAL_JAX,2022,12,2022-11-27,TRAIN,BAL,JAX,27.0,28.0,1,False,0,Baltimore Ravens,Jacksonville Jaguars,-1.0,L
2022_12_CHI_NYJ,2022,12,2022-11-27,TRAIN,NYJ,CHI,31.0,10.0,1,False,1,New York Jets,Chicago Bears,21.0,W
2022_12_CHI_NYJ,2022,12,2022-11-27,TRAIN,CHI,NYJ,10.0,31.0,1,False,0,Chicago Bears,New York Jets,-21.0,L
2022_12_CIN_TEN,2022,12,2022-11-27,TRAIN,TEN,CIN,16.0,20.0,0,False,1,Tennessee Titans,Cincinnati Bengals,-4.0,L
2022_12_CIN_TEN,2022,12,2022-11-27,TRAIN,CIN,TEN,20.0,16.0,0,False,0,Cincinnati Bengals,Tennessee Titans,4.0,W
2022_12_DEN_CAR,2022,12,2022-11-27,TRAIN,CAR,DEN,23.0,10.0,1,False,1,Carolina Panthers,Denver Broncos,13.0,W
2022_12_DEN_CAR,2022,12,2022-11-27,TRAIN,DEN,CAR,10.0,23.0,1,False,0,Denver Broncos,Carolina Panthers,-13.0,L
2022_12_GB_PHI,2022,12,2022-11-27,TRAIN,PHI,GB,40.0,33.0,1,False,1,Philadelphia Eagles,Green Bay Packers,7.0,W
2022_12_GB_PHI,2022,12,2022-11-27,TRAIN,GB,PHI,33.0,40.0,1,False,0,Green Bay Packers,Philadelphia Eagles,-7.0,L
2022_12_HOU_MIA,2022,12,2022-11-27,TRAIN,MIA,HOU,30.0,15.0,1,False,1,Miami Dolphins,Houston Texans,15.0,W
2022_12_HOU_MIA,2022,12,2022-11-27,TRAIN,HOU,MIA,15.0,30.0,1,False,0,Houston Texans,Miami Dolphins,-15.0,L
2022_12_LAC_ARI,2022,12,2022-11-27,TRAIN,ARI,LAC,24.0,25.0,0,False,1,Arizona Cardinals,Los Angeles Chargers,-1.0,L
2022_12_LAC_ARI,2022,12,2022-11-27,TRAIN,LAC,ARI,25.0,24.0,0,False,0,Los Angeles Chargers,Arizona Cardinals,1.0,W
2022_12_LA_KC,2022,12,2022-11-27,TRAIN,KC,LA,26.0,10.0,1,False,1,Kansas City Chiefs,Los Angeles Rams,16.0,W
2022_12_LA_KC,2022,12,2022-11-27,TRAIN,LA,KC,10.0,26.0,1,False,0,Los Angeles Rams,Kansas City Chiefs,-16.0,L
2022_12_LV_SEA,2022,12,2022-11-27,TRAIN,SEA,LV,34.0,40.0,0,False,1,Seattle Seahawks,Las Vegas Raiders,-6.0,L
2022_12_LV_SEA,2022,12,2022-11-27,TRAIN,LV,SEA,40.0,34.0,0,False,0,Las Vegas Raiders,Seattle Seahawks,6.0,W
2022_12_NO_SF,2022,12,2022-11-27,TRAIN,SF,NO,13.0,0.0,1,False,1,San Francisco 49ers,New Orleans Saints,13.0,W
2022_12_NO_SF,2022,12,2022-11-27,TRAIN,NO,SF,0.0,13.0,1,False,0,New Orleans Saints,San Francisco 49ers,-13.0,L
2022_12_TB_CLE,2022,12,2022-11-27,TRAIN,CLE,TB,23.0,17.0,1,False,1,Cleveland Browns,Tampa Bay Buccaneers,6.0,W
2022_12_TB_CLE,2022,12,2022-11-27,TRAIN,TB,CLE,17.0,23.0,1,False,0,Tampa Bay Buccaneers,Cleveland Browns,-6.0,L
2022_12_PIT_IND,2022,12,2022-11-28,TRAIN,IND,PIT,17.0,24.0,0,False,1,Indianapolis Colts,Pittsburgh Steelers,-7.0,L
2022_12_PIT_IND,2022,12,2022-11-28,TRAIN,PIT,IND,24.0,17.0,0,False,0,Pittsburgh Steelers,Indianapolis Colts,7.0,W
2022_13_BUF_NE,2022,13,2022-12-01,TRAIN,NE,BUF,10.0,24.0,0,False,1,New England Patriots,Buffalo Bills,-14.0,L
2022_13_BUF_NE,2022,13,2022-12-01,TRAIN,BUF,NE,24.0,10.0,0,False,0,Buffalo Bills,New England Patriots,14.0,W
2022_13_CLE_HOU,2022,13,2022-12-04,TRAIN,HOU,CLE,14.0,27.0,0,False,1,Houston Texans,Cleveland Browns,-13.0,L
2022_13_CLE_HOU,2022,13,2022-12-04,TRAIN,CLE,HOU,27.0,14.0,0,False,0,Cleveland Browns,Houston Texans,13.0,W
2022_13_DEN_BAL,2022,13,2022-12-04,TRAIN,BAL,DEN,10.0,9.0,1,False,1,Baltimore Ravens,Denver Broncos,1.0,W
2022_13_DEN_BAL,2022,13,2022-12-04,TRAIN,DEN,BAL,9.0,10.0,1,False,0,Denver Broncos,Baltimore Ravens,-1.0,L
2022_13_GB_CHI,2022,13,2022-12-04,TRAIN,CHI,GB,19.0,28.0,0,False,1,Chicago Bears,Green Bay Packers,-9.0,L
2022_13_GB_CHI,2022,13,2022-12-04,TRAIN,GB,CHI,28.0,19.0,0,False,0,Green Bay Packers,Chicago Bears,9.0,W
2022_13_IND_DAL,2022,13,2022-12-04,TRAIN,DAL,IND,54.0,19.0,1,False,1,Dallas Cowboys,Indianapolis Colts,35.0,W
2022_13_IND_DAL,2022,13,2022-12-04,TRAIN,IND,DAL,19.0,54.0,1,False,0,Indianapolis Colts,Dallas Cowboys,-35.0,L
2022_13_JAX_DET,2022,13,2022-12-04,TRAIN,DET,JAX,40.0,14.0,1,False,1,Detroit Lions,Jacksonville Jaguars,26.0,W
2022_13_JAX_DET,2022,13,2022-12-04,TRAIN,JAX,DET,14.0,40.0,1,False,0,Jacksonville Jaguars,Detroit Lions,-26.0,L
2022_13_KC_CIN,2022,13,2022-12-04,TRAIN,CIN,KC,27.0,24.0,1,False,1,Cincinnati Bengals,Kansas City Chiefs,3.0,W
2022_13_KC_CIN,2022,13,2022-12-04,TRAIN,KC,CIN,24.0,27.0,1,False,0,Kansas City Chiefs,Cincinnati Bengals,-3.0,L
2022_13_LAC_LV,2022,13,2022-12-04,TRAIN,LV,LAC,27.0,20.0,1,False,1,Las Vegas Raiders,Los Angeles Chargers,7.0,W
2022_13_LAC_LV,2022,13,2022-12-04,TRAIN,LAC,LV,20.0,27.0,1,False,0,Los Angeles Chargers,Las Vegas Raiders,-7.0,L
2022_13_MIA_SF,2022,13,2022-12-04,TRAIN,SF,MIA,33.0,17.0,1,False,1,San Francisco 49ers,Miami Dolphins,16.0,W
2022_13_MIA_SF,2022,13,2022-12-04,TRAIN,MIA,SF,17.0,33.0,1,False,0,Miami Dolphins,San Francisco 49ers,-16.0,L
2022_13_NYJ_MIN,2022,13,2022-12-04,TRAIN,MIN,NYJ,27.0,22.0,1,False,1,Minnesota Vikings,New York Jets,5.0,W
2022_13_NYJ_MIN,2022,13,2022-12-04,TRAIN,NYJ,MIN,22.0,27.0,1,False,0,New York Jets,Minnesota Vikings,-5.0,L
2022_13_PIT_ATL,2022,13,2022-12-04,TRAIN,ATL,PIT,16.0,19.0,0,False,1,Atlanta Falcons,Pittsburgh Steelers,-3.0,L
2022_13_PIT_ATL,2022,13,2022-12-04,TRAIN,PIT,ATL,19.0,16.0,0,False,0,Pittsburgh Steelers,Atlanta Falcons,3.0,W
2022_13_SEA_LA,2022,13,2022-12-04,TRAIN,LA,SEA,23.0,27.0,0,False,1,Los Angeles Rams,Seattle Seahawks,-4.0,L
2022_13_SEA_LA,2022,13,2022-12-04,TRAIN,SEA,LA,27.0,23.0,0,False,0,Seattle Seahawks,Los Angeles Rams,4.0,W
2022_13_TEN_PHI,2022,13,2022-12-04,TRAIN,PHI,TEN,35.0,10.0,1,False,1,Philadelphia Eagles,Tennessee Titans,25.0,W
2022_13_TEN_PHI,2022,13,2022-12-04,TRAIN,TEN,PHI,10.0,35.0,1,False,0,Tennessee Titans,Philadelphia Eagles,-25.0,L
2022_13_WAS_NYG,2022,13,2022-12-04,TRAIN,NYG,WAS,20.0,20.0,,True,1,New York Giants,Washington Commanders,0.0,T
2022_13_WAS_NYG,2022,13,2022-12-04,TRAIN,WAS,NYG,20.0,20.0,,True,0,Washington Commanders,New York Giants,0.0,T
2022_13_NO_TB,2022,13,2022-12-05,TRAIN,TB,NO,17.0,16.0,1,False,1,Tampa Bay Buccaneers,New Orleans Saints,1.0,W
2022_13_NO_TB,2022,13,2022-12-05,TRAIN,NO,TB,16.0,17.0,1,False,0,New Orleans Saints,Tampa Bay Buccaneers,-1.0,L
2022_14_LV_LA,2022,14,2022-12-08,TRAIN,LA,LV,17.0,16.0,1,False,1,Los Angeles Rams,Las Vegas Raiders,1.0,W
2022_14_LV_LA,2022,14,2022-12-08,TRAIN,LV,LA,16.0,17.0,1,False,0,Las Vegas Raiders,Los Angeles Rams,-1.0,L
2022_14_BAL_PIT,2022,14,2022-12-11,TRAIN,PIT,BAL,14.0,16.0,0,False,1,Pittsburgh Steelers,Baltimore Ravens,-2.0,L
2022_14_BAL_PIT,2022,14,2022-12-11,TRAIN,BAL,PIT,16.0,14.0,0,False,0,Baltimore Ravens,Pittsburgh Steelers,2.0,W
2022_14_CAR_SEA,2022,14,2022-12-11,TRAIN,SEA,CAR,24.0,30.0,0,False,1,Seattle Seahawks,Carolina Panthers,-6.0,L
2022_14_CAR_SEA,2022,14,2022-12-11,TRAIN,CAR,SEA,30.0,24.0,0,False,0,Carolina Panthers,Seattle Seahawks,6.0,W
2022_14_CLE_CIN,2022,14,2022-12-11,TRAIN,CIN,CLE,23.0,10.0,1,False,1,Cincinnati Bengals,Cleveland Browns,13.0,W
2022_14_CLE_CIN,2022,14,2022-12-11,TRAIN,CLE,CIN,10.0,23.0,1,False,0,Cleveland Browns,Cincinnati Bengals,-13.0,L
2022_14_HOU_DAL,2022,14,2022-12-11,TRAIN,DAL,HOU,27.0,23.0,1,False,1,Dallas Cowboys,Houston Texans,4.0,W
2022_14_HOU_DAL,2022,14,2022-12-11,TRAIN,HOU,DAL,23.0,27.0,1,False,0,Houston Texans,Dallas Cowboys,-4.0,L
2022_14_JAX_TEN,2022,14,2022-12-11,TRAIN,TEN,JAX,22.0,36.0,0,False,1,Tennessee Titans,Jacksonville Jaguars,-14.0,L
2022_14_JAX_TEN,2022,14,2022-12-11,TRAIN,JAX,TEN,36.0,22.0,0,False,0,Jacksonville Jaguars,Tennessee Titans,14.0,W
2022_14_KC_DEN,2022,14,2022-12-11,TRAIN,DEN,KC,28.0,34.0,0,False,1,Denver Broncos,Kansas City Chiefs,-6.0,L
2022_14_KC_DEN,2022,14,2022-12-11,TRAIN,KC,DEN,34.0,28.0,0,False,0,Kansas City Chiefs,Denver Broncos,6.0,W
2022_14_MIA_LAC,2022,14,2022-12-11,TRAIN,LAC,MIA,23.0,17.0,1,False,1,Los Angeles Chargers,Miami Dolphins,6.0,W
2022_14_MIA_LAC,2022,14,2022-12-11,TRAIN,MIA,LAC,17.0,23.0,1,False,0,Miami Dolphins,Los Angeles Chargers,-6.0,L
2022_14_MIN_DET,2022,14,2022-12-11,TRAIN,DET,MIN,34.0,23.0,1,False,1,Detroit Lions,Minnesota Vikings,11.0,W
2022_14_MIN_DET,2022,14,2022-12-11,TRAIN,MIN,DET,23.0,34.0,1,False,0,Minnesota Vikings,Detroit Lions,-11.0,L
2022_14_NYJ_BUF,2022,14,2022-12-11,TRAIN,BUF,NYJ,20.0,12.0,1,False,1,Buffalo Bills,New York Jets,8.0,W
2022_14_NYJ_BUF,2022,14,2022-12-11,TRAIN,NYJ,BUF,12.0,20.0,1,False,0,New York Jets,Buffalo Bills,-8.0,L
2022_14_PHI_NYG,2022,14,2022-12-11,TRAIN,NYG,PHI,22.0,48.0,0,False,1,New York Giants,Philadelphia Eagles,-26.0,L
2022_14_PHI_NYG,2022,14,2022-12-11,TRAIN,PHI,NYG,48.0,22.0,0,False,0,Philadelphia Eagles,New York Giants,26.0,W
2022_14_TB_SF,2022,14,2022-12-11,TRAIN,SF,TB,35.0,7.0,1,False,1,San Francisco 49ers,Tampa Bay Buccaneers,28.0,W
2022_14_TB_SF,2022,14,2022-12-11,TRAIN,TB,SF,7.0,35.0,1,False,0,Tampa Bay Buccaneers,San Francisco 49ers,-28.0,L
2022_14_NE_ARI,2022,14,2022-12-12,TRAIN,ARI,NE,13.0,27.0,0,False,1,Arizona Cardinals,New England Patriots,-14.0,L
2022_14_NE_ARI,2022,14,2022-12-12,TRAIN,NE,ARI,27.0,13.0,0,False,0,New England Patriots,Arizona Cardinals,14.0,W
2022_15_SF_SEA,2022,15,2022-12-15,TRAIN,SEA,SF,13.0,21.0,0,False,1,Seattle Seahawks,San Francisco 49ers,-8.0,L
2022_15_SF_SEA,2022,15,2022-12-15,TRAIN,SF,SEA,21.0,13.0,0,False,0,San Francisco 49ers,Seattle Seahawks,8.0,W
2022_15_BAL_CLE,2022,15,2022-12-17,TRAIN,CLE,BAL,13.0,3.0,1,False,1,Cleveland Browns,Baltimore Ravens,10.0,W
2022_15_BAL_CLE,2022,15,2022-12-17,TRAIN,BAL,CLE,3.0,13.0,1,False,0,Baltimore Ravens,Cleveland Browns,-10.0,L
2022_15_IND_MIN,2022,15,2022-12-17,TRAIN,MIN,IND,39.0,36.0,1,False,1,Minnesota Vikings,Indianapolis Colts,3.0,W
2022_15_IND_MIN,2022,15,2022-12-17,TRAIN,IND,MIN,36.0,39.0,1,False,0,Indianapolis Colts,Minnesota Vikings,-3.0,L
2022_15_MIA_BUF,2022,15,2022-12-17,TRAIN,BUF,MIA,32.0,29.0,1,False,1,Buffalo Bills,Miami Dolphins,3.0,W
2022_15_MIA_BUF,2022,15,2022-12-17,TRAIN,MIA,BUF,29.0,32.0,1,False,0,Miami Dolphins,Buffalo Bills,-3.0,L
2022_15_ARI_DEN,2022,15,2022-12-18,TRAIN,DEN,ARI,24.0,15.0,1,False,1,Denver Broncos,Arizona Cardinals,9.0,W
2022_15_ARI_DEN,2022,15,2022-12-18,TRAIN,ARI,DEN,15.0,24.0,1,False,0,Arizona Cardinals,Denver Broncos,-9.0,L
2022_15_ATL_NO,2022,15,2022-12-18,TRAIN,NO,ATL,21.0,18.0,1,False,1,New Orleans Saints,Atlanta Falcons,3.0,W
2022_15_ATL_NO,2022,15,2022-12-18,TRAIN,ATL,NO,18.0,21.0,1,False,0,Atlanta Falcons,New Orleans Saints,-3.0,L
2022_15_CIN_TB,2022,15,2022-12-18,TRAIN,TB,CIN,23.0,34.0,0,False,1,Tampa Bay Buccaneers,Cincinnati Bengals,-11.0,L
2022_15_CIN_TB,2022,15,2022-12-18,TRAIN,CIN,TB,34.0,23.0,0,False,0,Cincinnati Bengals,Tampa Bay Buccaneers,11.0,W
2022_15_DAL_JAX,2022,15,2022-12-18,TRAIN,JAX,DAL,40.0,34.0,1,False,1,Jacksonville Jaguars,Dallas Cowboys,6.0,W
2022_15_DAL_JAX,2022,15,2022-12-18,TRAIN,DAL,JAX,34.0,40.0,1,False,0,Dallas Cowboys,Jacksonville Jaguars,-6.0,L
2022_15_DET_NYJ,2022,15,2022-12-18,TRAIN,NYJ,DET,17.0,20.0,0,False,1,New York Jets,Detroit Lions,-3.0,L
2022_15_DET_NYJ,2022,15,2022-12-18,TRAIN,DET,NYJ,20.0,17.0,0,False,0,Detroit Lions,New York Jets,3.0,W
2022_15_KC_HOU,2022,15,2022-12-18,TRAIN,HOU,KC,24.0,30.0,0,False,1,Houston Texans,Kansas City Chiefs,-6.0,L
2022_15_KC_HOU,2022,15,2022-12-18,TRAIN,KC,HOU,30.0,24.0,0,False,0,Kansas City Chiefs,Houston Texans,6.0,W
2022_15_NE_LV,2022,15,2022-12-18,TRAIN,LV,NE,30.0,24.0,1,False,1,Las Vegas Raiders,New England Patriots,6.0,W
2022_15_NE_LV,2022,15,2022-12-18,TRAIN,NE,LV,24.0,30.0,1,False,0,New England Patriots,Las Vegas Raiders,-6.0,L
2022_15_NYG_WAS,2022,15,2022-12-18,TRAIN,WAS,NYG,12.0,20.0,0,False,1,Washington Commanders,New York Giants,-8.0,L
2022_15_NYG_WAS,2022,15,2022-12-18,TRAIN,NYG,WAS,20.0,12.0,0,False,0,New York Giants,Washington Commanders,8.0,W
2022_15_PHI_CHI,2022,15,2022-12-18,TRAIN,CHI,PHI,20.0,25.0,0,False,1,Chicago Bears,Philadelphia Eagles,-5.0,L
2022_15_PHI_CHI,2022,15,2022-12-18,TRAIN,PHI,CHI,25.0,20.0,0,False,0,Philadelphia Eagles,Chicago Bears,5.0,W
2022_15_PIT_CAR,2022,15,2022-12-18,TRAIN,CAR,PIT,16.0,24.0,0,False,1,Carolina Panthers,Pittsburgh Steelers,-8.0,L
2022_15_PIT_CAR,2022,15,2022-12-18,TRAIN,PIT,CAR,24.0,16.0,0,False,0,Pittsburgh Steelers,Carolina Panthers,8.0,W
2022_15_TEN_LAC,2022,15,2022-12-18,TRAIN,LAC,TEN,17.0,14.0,1,False,1,Los Angeles Chargers,Tennessee Titans,3.0,W
2022_15_TEN_LAC,2022,15,2022-12-18,TRAIN,TEN,LAC,14.0,17.0,1,False,0,Tennessee Titans,Los Angeles Chargers,-3.0,L
2022_15_LA_GB,2022,15,2022-12-19,TRAIN,GB,LA,24.0,12.0,1,False,1,Green Bay Packers,Los Angeles Rams,12.0,W
2022_15_LA_GB,2022,15,2022-12-19,TRAIN,LA,GB,12.0,24.0,1,False,0,Los Angeles Rams,Green Bay Packers,-12.0,L
2022_16_JAX_NYJ,2022,16,2022-12-22,TRAIN,NYJ,JAX,3.0,19.0,0,False,1,New York Jets,Jacksonville Jaguars,-16.0,L
2022_16_JAX_NYJ,2022,16,2022-12-22,TRAIN,JAX,NYJ,19.0,3.0,0,False,0,Jacksonville Jaguars,New York Jets,16.0,W
2022_16_ATL_BAL,2022,16,2022-12-24,TRAIN,BAL,ATL,17.0,9.0,1,False,1,Baltimore Ravens,Atlanta Falcons,8.0,W
2022_16_ATL_BAL,2022,16,2022-12-24,TRAIN,ATL,BAL,9.0,17.0,1,False,0,Atlanta Falcons,Baltimore Ravens,-8.0,L
2022_16_BUF_CHI,2022,16,2022-12-24,TRAIN,CHI,BUF,13.0,35.0,0,False,1,Chicago Bears,Buffalo Bills,-22.0,L
2022_16_BUF_CHI,2022,16,2022-12-24,TRAIN,BUF,CHI,35.0,13.0,0,False,0,Buffalo Bills,Chicago Bears,22.0,W
2022_16_CIN_NE,2022,16,2022-12-24,TRAIN,NE,CIN,18.0,22.0,0,False,1,New England Patriots,Cincinnati Bengals,-4.0,L
2022_16_CIN_NE,2022,16,2022-12-24,TRAIN,CIN,NE,22.0,18.0,0,False,0,Cincinnati Bengals,New England Patriots,4.0,W
2022_16_DET_CAR,2022,16,2022-12-24,TRAIN,CAR,DET,37.0,23.0,1,False,1,Carolina Panthers,Detroit Lions,14.0,W
2022_16_DET_CAR,2022,16,2022-12-24,TRAIN,DET,CAR,23.0,37.0,1,False,0,Detroit Lions,Carolina Panthers,-14.0,L
2022_16_HOU_TEN,2022,16,2022-12-24,TRAIN,TEN,HOU,14.0,19.0,0,False,1,Tennessee Titans,Houston Texans,-5.0,L
2022_16_HOU_TEN,2022,16,2022-12-24,TRAIN,HOU,TEN,19.0,14.0,0,False,0,Houston Texans,Tennessee Titans,5.0,W
2022_16_LV_PIT,2022,16,2022-12-24,TRAIN,PIT,LV,13.0,10.0,1,False,1,Pittsburgh Steelers,Las Vegas Raiders,3.0,W
2022_16_LV_PIT,2022,16,2022-12-24,TRAIN,LV,PIT,10.0,13.0,1,False,0,Las Vegas Raiders,Pittsburgh Steelers,-3.0,L
2022_16_NO_CLE,2022,16,2022-12-24,TRAIN,CLE,NO,10.0,17.0,0,False,1,Cleveland Browns,New Orleans Saints,-7.0,L
2022_16_NO_CLE,2022,16,2022-12-24,TRAIN,NO,CLE,17.0,10.0,0,False,0,New Orleans Saints,Cleveland Browns,7.0,W
2022_16_NYG_MIN,2022,16,2022-12-24,TRAIN,MIN,NYG,27.0,24.0,1,False,1,Minnesota Vikings,New York Giants,3.0,W
2022_16_NYG_MIN,2022,16,2022-12-24,TRAIN,NYG,MIN,24.0,27.0,1,False,0,New York Giants,Minnesota Vikings,-3.0,L
2022_16_PHI_DAL,2022,16,2022-12-24,TRAIN,DAL,PHI,40.0,34.0,1,False,1,Dallas Cowboys,Philadelphia Eagles,6.0,W
2022_16_PHI_DAL,2022,16,2022-12-24,TRAIN,PHI,DAL,34.0,40.0,1,False,0,Philadelphia Eagles,Dallas Cowboys,-6.0,L
2022_16_SEA_KC,2022,16,2022-12-24,TRAIN,KC,SEA,24.0,10.0,1,False,1,Kansas City Chiefs,Seattle Seahawks,14.0,W
2022_16_SEA_KC,2022,16,2022-12-24,TRAIN,SEA,KC,10.0,24.0,1,False,0,Seattle Seahawks,Kansas City Chiefs,-14.0,L
2022_16_WAS_SF,2022,16,2022-12-24,TRAIN,SF,WAS,37.0,20.0,1,False,1,San Francisco 49ers,Washington Commanders,17.0,W
2022_16_WAS_SF,2022,16,2022-12-24,TRAIN,WAS,SF,20.0,37.0,1,False,0,Washington Commanders,San Francisco 49ers,-17.0,L
2022_16_DEN_LA,2022,16,2022-12-25,TRAIN,LA,DEN,51.0,14.0,1,False,1,Los Angeles Rams,Denver Broncos,37.0,W
2022_16_DEN_LA,2022,16,2022-12-25,TRAIN,DEN,LA,14.0,51.0,1,False,0,Denver Broncos,Los Angeles Rams,-37.0,L
2022_16_GB_MIA,2022,16,2022-12-25,TRAIN,MIA,GB,20.0,26.0,0,False,1,Miami Dolphins,Green Bay Packers,-6.0,L
2022_16_GB_MIA,2022,16,2022-12-25,TRAIN,GB,MIA,26.0,20.0,0,False,0,Green Bay Packers,Miami Dolphins,6.0,W
2022_16_TB_ARI,2022,16,2022-12-25,TRAIN,ARI,TB,16.0,19.0,0,False,1,Arizona Cardinals,Tampa Bay Buccaneers,-3.0,L
2022_16_TB_ARI,2022,16,2022-12-25,TRAIN,TB,ARI,19.0,16.0,0,False,0,Tampa Bay Buccaneers,Arizona Cardinals,3.0,W
2022_16_LAC_IND,2022,16,2022-12-26,TRAIN,IND,LAC,3.0,20.0,0,False,1,Indianapolis Colts,Los Angeles Chargers,-17.0,L
2022_16_LAC_IND,2022,16,2022-12-26,TRAIN,LAC,IND,20.0,3.0,0,False,0,Los Angeles Chargers,Indianapolis Colts,17.0,W
2022_17_DAL_TEN,2022,17,2022-12-29,TRAIN,TEN,DAL,13.0,27.0,0,False,1,Tennessee Titans,Dallas Cowboys,-14.0,L
2022_17_DAL_TEN,2022,17,2022-12-29,TRAIN,DAL,TEN,27.0,13.0,0,False,0,Dallas Cowboys,Tennessee Titans,14.0,W
2022_17_ARI_ATL,2022,17,2023-01-01,TRAIN,ATL,ARI,20.0,19.0,1,False,1,Atlanta Falcons,Arizona Cardinals,1.0,W
2022_17_ARI_ATL,2022,17,2023-01-01,TRAIN,ARI,ATL,19.0,20.0,1,False,0,Arizona Cardinals,Atlanta Falcons,-1.0,L
2022_17_CAR_TB,2022,17,2023-01-01,TRAIN,TB,CAR,30.0,24.0,1,False,1,Tampa Bay Buccaneers,Carolina Panthers,6.0,W
2022_17_CAR_TB,2022,17,2023-01-01,TRAIN,CAR,TB,24.0,30.0,1,False,0,Carolina Panthers,Tampa Bay Buccaneers,-6.0,L
2022_17_CHI_DET,2022,17,2023-01-01,TRAIN,DET,CHI,41.0,10.0,1,False,1,Detroit Lions,Chicago Bears,31.0,W
2022_17_CHI_DET,2022,17,2023-01-01,TRAIN,CHI,DET,10.0,41.0,1,False,0,Chicago Bears,Detroit Lions,-31.0,L
2022_17_CLE_WAS,2022,17,2023-01-01,TRAIN,WAS,CLE,10.0,24.0,0,False,1,Washington Commanders,Cleveland Browns,-14.0,L
2022_17_CLE_WAS,2022,17,2023-01-01,TRAIN,CLE,WAS,24.0,10.0,0,False,0,Cleveland Browns,Washington Commanders,14.0,W
2022_17_DEN_KC,2022,17,2023-01-01,TRAIN,KC,DEN,27.0,24.0,1,False,1,Kansas City Chiefs,Denver Broncos,3.0,W
2022_17_DEN_KC,2022,17,2023-01-01,TRAIN,DEN,KC,24.0,27.0,1,False,0,Denver Broncos,Kansas City Chiefs,-3.0,L
2022_17_IND_NYG,2022,17,2023-01-01,TRAIN,NYG,IND,38.0,10.0,1,False,1,New York Giants,Indianapolis Colts,28.0,W
2022_17_IND_NYG,2022,17,2023-01-01,TRAIN,IND,NYG,10.0,38.0,1,False,0,Indianapolis Colts,New York Giants,-28.0,L
2022_17_JAX_HOU,2022,17,2023-01-01,TRAIN,HOU,JAX,3.0,31.0,0,False,1,Houston Texans,Jacksonville Jaguars,-28.0,L
2022_17_JAX_HOU,2022,17,2023-01-01,TRAIN,JAX,HOU,31.0,3.0,0,False,0,Jacksonville Jaguars,Houston Texans,28.0,W
2022_17_LA_LAC,2022,17,2023-01-01,TRAIN,LAC,LA,31.0,10.0,1,False,1,Los Angeles Chargers,Los Angeles Rams,21.0,W
2022_17_LA_LAC,2022,17,2023-01-01,TRAIN,LA,LAC,10.0,31.0,1,False,0,Los Angeles Rams,Los Angeles Chargers,-21.0,L
2022_17_MIA_NE,2022,17,2023-01-01,TRAIN,NE,MIA,23.0,21.0,1,False,1,New England Patriots,Miami Dolphins,2.0,W
2022_17_MIA_NE,2022,17,2023-01-01,TRAIN,MIA,NE,21.0,23.0,1,False,0,Miami Dolphins,New England Patriots,-2.0,L
2022_17_MIN_GB,2022,17,2023-01-01,TRAIN,GB,MIN,41.0,17.0,1,False,1,Green Bay Packers,Minnesota Vikings,24.0,W
2022_17_MIN_GB,2022,17,2023-01-01,TRAIN,MIN,GB,17.0,41.0,1,False,0,Minnesota Vikings,Green Bay Packers,-24.0,L
2022_17_NO_PHI,2022,17,2023-01-01,TRAIN,PHI,NO,10.0,20.0,0,False,1,Philadelphia Eagles,New Orleans Saints,-10.0,L
2022_17_NO_PHI,2022,17,2023-01-01,TRAIN,NO,PHI,20.0,10.0,0,False,0,New Orleans Saints,Philadelphia Eagles,10.0,W
2022_17_NYJ_SEA,2022,17,2023-01-01,TRAIN,SEA,NYJ,23.0,6.0,1,False,1,Seattle Seahawks,New York Jets,17.0,W
2022_17_NYJ_SEA,2022,17,2023-01-01,TRAIN,NYJ,SEA,6.0,23.0,1,False,0,New York Jets,Seattle Seahawks,-17.0,L
2022_17_PIT_BAL,2022,17,2023-01-01,TRAIN,BAL,PIT,13.0,16.0,0,False,1,Baltimore Ravens,Pittsburgh Steelers,-3.0,L
2022_17_PIT_BAL,2022,17,2023-01-01,TRAIN,PIT,BAL,16.0,13.0,0,False,0,Pittsburgh Steelers,Baltimore Ravens,3.0,W
2022_17_SF_LV,2022,17,2023-01-01,TRAIN,LV,SF,34.0,37.0,0,False,1,Las Vegas Raiders,San Francisco 49ers,-3.0,L
2022_17_SF_LV,2022,17,2023-01-01,TRAIN,SF,LV,37.0,34.0,0,False,0,San Francisco 49ers,Las Vegas Raiders,3.0,W
2022_18_KC_LV,2022,18,2023-01-07,TRAIN,LV,KC,13.0,31.0,0,False,1,Las Vegas Raiders,Kansas City Chiefs,-18.0,L
2022_18_KC_LV,2022,18,2023-01-07,TRAIN,KC,LV,31.0,13.0,0,False,0,Kansas City Chiefs,Las Vegas Raiders,18.0,W
2022_18_TEN_JAX,2022,18,2023-01-07,TRAIN,JAX,TEN,20.0,16.0,1,False,1,Jacksonville Jaguars,Tennessee Titans,4.0,W
2022_18_TEN_JAX,2022,18,2023-01-07,TRAIN,TEN,JAX,16.0,20.0,1,False,0,Tennessee Titans,Jacksonville Jaguars,-4.0,L
2022_18_ARI_SF,2022,18,2023-01-08,TRAIN,SF,ARI,38.0,13.0,1,False,1,San Francisco 49ers,Arizona Cardinals,25.0,W
2022_18_ARI_SF,2022,18,2023-01-08,TRAIN,ARI,SF,13.0,38.0,1,False,0,Arizona Cardinals,San Francisco 49ers,-25.0,L
2022_18_BAL_CIN,2022,18,2023-01-08,TRAIN,CIN,BAL,27.0,16.0,1,False,1,Cincinnati Bengals,Baltimore Ravens,11.0,W
2022_18_BAL_CIN,2022,18,2023-01-08,TRAIN,BAL,CIN,16.0,27.0,1,False,0,Baltimore Ravens,Cincinnati Bengals,-11.0,L
2022_18_CAR_NO,2022,18,2023-01-08,TRAIN,NO,CAR,7.0,10.0,0,False,1,New Orleans Saints,Carolina Panthers,-3.0,L
2022_18_CAR_NO,2022,18,2023-01-08,TRAIN,CAR,NO,10.0,7.0,0,False,0,Carolina Panthers,New Orleans Saints,3.0,W
2022_18_CLE_PIT,2022,18,2023-01-08,TRAIN,PIT,CLE,28.0,14.0,1,False,1,Pittsburgh Steelers,Cleveland Browns,14.0,W
2022_18_CLE_PIT,2022,18,2023-01-08,TRAIN,CLE,PIT,14.0,28.0,1,False,0,Cleveland Browns,Pittsburgh Steelers,-14.0,L
2022_18_DAL_WAS,2022,18,2023-01-08,TRAIN,WAS,DAL,26.0,6.0,1,False,1,Washington Commanders,Dallas Cowboys,20.0,W
2022_18_DAL_WAS,2022,18,2023-01-08,TRAIN,DAL,WAS,6.0,26.0,1,False,0,Dallas Cowboys,Washington Commanders,-20.0,L
2022_18_DET_GB,2022,18,2023-01-08,TRAIN,GB,DET,16.0,20.0,0,False,1,Green Bay Packers,Detroit Lions,-4.0,L
2022_18_DET_GB,2022,18,2023-01-08,TRAIN,DET,GB,20.0,16.0,0,False,0,Detroit Lions,Green Bay Packers,4.0,W
2022_18_HOU_IND,2022,18,2023-01-08,TRAIN,IND,HOU,31.0,32.0,0,False,1,Indianapolis Colts,Houston Texans,-1.0,L
2022_18_HOU_IND,2022,18,2023-01-08,TRAIN,HOU,IND,32.0,31.0,0,False,0,Houston Texans,Indianapolis Colts,1.0,W
2022_18_LAC_DEN,2022,18,2023-01-08,TRAIN,DEN,LAC,31.0,28.0,1,False,1,Denver Broncos,Los Angeles Chargers,3.0,W
2022_18_LAC_DEN,2022,18,2023-01-08,TRAIN,LAC,DEN,28.0,31.0,1,False,0,Los Angeles Chargers,Denver Broncos,-3.0,L
2022_18_LA_SEA,2022,18,2023-01-08,TRAIN,SEA,LA,19.0,16.0,1,False,1,Seattle Seahawks,Los Angeles Rams,3.0,W
2022_18_LA_SEA,2022,18,2023-01-08,TRAIN,LA,SEA,16.0,19.0,1,False,0,Los Angeles Rams,Seattle Seahawks,-3.0,L
2022_18_MIN_CHI,2022,18,2023-01-08,TRAIN,CHI,MIN,13.0,29.0,0,False,1,Chicago Bears,Minnesota Vikings,-16.0,L
2022_18_MIN_CHI,2022,18,2023-01-08,TRAIN,MIN,CHI,29.0,13.0,0,False,0,Minnesota Vikings,Chicago Bears,16.0,W
2022_18_NE_BUF,2022,18,2023-01-08,TRAIN,BUF,NE,35.0,23.0,1,False,1,Buffalo Bills,New England Patriots,12.0,W
2022_18_NE_BUF,2022,18,2023-01-08,TRAIN,NE,BUF,23.0,35.0,1,False,0,New England Patriots,Buffalo Bills,-12.0,L
2022_18_NYG_PHI,2022,18,2023-01-08,TRAIN,PHI,NYG,22.0,16.0,1,False,1,Philadelphia Eagles,New York Giants,6.0,W
2022_18_NYG_PHI,2022,18,2023-01-08,TRAIN,NYG,PHI,16.0,22.0,1,False,0,New York Giants,Philadelphia Eagles,-6.0,L
2022_18_NYJ_MIA,2022,18,2023-01-08,TRAIN,MIA,NYJ,11.0,6.0,1,False,1,Miami Dolphins,New York Jets,5.0,W
2022_18_NYJ_MIA,2022,18,2023-01-08,TRAIN,NYJ,MIA,6.0,11.0,1,False,0,New York Jets,Miami Dolphins,-5.0,L
2022_18_TB_ATL,2022,18,2023-01-08,TRAIN,ATL,TB,30.0,17.0,1,False,1,Atlanta Falcons,Tampa Bay Buccaneers,13.0,W
2022_18_TB_ATL,2022,18,2023-01-08,TRAIN,TB,ATL,17.0,30.0,1,False,0,Tampa Bay Buccaneers,Atlanta Falcons,-13.0,L
2023_01_DET_KC,2023,1,2023-09-07,TRAIN,KC,DET,20.0,21.0,0,False,1,Kansas City Chiefs,Detroit Lions,-1.0,L
2023_01_DET_KC,2023,1,2023-09-07,TRAIN,DET,KC,21.0,20.0,0,False,0,Detroit Lions,Kansas City Chiefs,1.0,W
2023_01_ARI_WAS,2023,1,2023-09-10,TRAIN,WAS,ARI,20.0,16.0,1,False,1,Washington Commanders,Arizona Cardinals,4.0,W
2023_01_ARI_WAS,2023,1,2023-09-10,TRAIN,ARI,WAS,16.0,20.0,1,False,0,Arizona Cardinals,Washington Commanders,-4.0,L
2023_01_CAR_ATL,2023,1,2023-09-10,TRAIN,ATL,CAR,24.0,10.0,1,False,1,Atlanta Falcons,Carolina Panthers,14.0,W
2023_01_CAR_ATL,2023,1,2023-09-10,TRAIN,CAR,ATL,10.0,24.0,1,False,0,Carolina Panthers,Atlanta Falcons,-14.0,L
2023_01_CIN_CLE,2023,1,2023-09-10,TRAIN,CLE,CIN,24.0,3.0,1,False,1,Cleveland Browns,Cincinnati Bengals,21.0,W
2023_01_CIN_CLE,2023,1,2023-09-10,TRAIN,CIN,CLE,3.0,24.0,1,False,0,Cincinnati Bengals,Cleveland Browns,-21.0,L
2023_01_DAL_NYG,2023,1,2023-09-10,TRAIN,NYG,DAL,0.0,40.0,0,False,1,New York Giants,Dallas Cowboys,-40.0,L
2023_01_DAL_NYG,2023,1,2023-09-10,TRAIN,DAL,NYG,40.0,0.0,0,False,0,Dallas Cowboys,New York Giants,40.0,W
2023_01_GB_CHI,2023,1,2023-09-10,TRAIN,CHI,GB,20.0,38.0,0,False,1,Chicago Bears,Green Bay Packers,-18.0,L
2023_01_GB_CHI,2023,1,2023-09-10,TRAIN,GB,CHI,38.0,20.0,0,False,0,Green Bay Packers,Chicago Bears,18.0,W
2023_01_HOU_BAL,2023,1,2023-09-10,TRAIN,BAL,HOU,25.0,9.0,1,False,1,Baltimore Ravens,Houston Texans,16.0,W
2023_01_HOU_BAL,2023,1,2023-09-10,TRAIN,HOU,BAL,9.0,25.0,1,False,0,Houston Texans,Baltimore Ravens,-16.0,L
2023_01_JAX_IND,2023,1,2023-09-10,TRAIN,IND,JAX,21.0,31.0,0,False,1,Indianapolis Colts,Jacksonville Jaguars,-10.0,L
2023_01_JAX_IND,2023,1,2023-09-10,TRAIN,JAX,IND,31.0,21.0,0,False,0,Jacksonville Jaguars,Indianapolis Colts,10.0,W
2023_01_LA_SEA,2023,1,2023-09-10,TRAIN,SEA,LA,13.0,30.0,0,False,1,Seattle Seahawks,Los Angeles Rams,-17.0,L
2023_01_LA_SEA,2023,1,2023-09-10,TRAIN,LA,SEA,30.0,13.0,0,False,0,Los Angeles Rams,Seattle Seahawks,17.0,W
2023_01_LV_DEN,2023,1,2023-09-10,TRAIN,DEN,LV,16.0,17.0,0,False,1,Denver Broncos,Las Vegas Raiders,-1.0,L
2023_01_LV_DEN,2023,1,2023-09-10,TRAIN,LV,DEN,17.0,16.0,0,False,0,Las Vegas Raiders,Denver Broncos,1.0,W
2023_01_MIA_LAC,2023,1,2023-09-10,TRAIN,LAC,MIA,34.0,36.0,0,False,1,Los Angeles Chargers,Miami Dolphins,-2.0,L
2023_01_MIA_LAC,2023,1,2023-09-10,TRAIN,MIA,LAC,36.0,34.0,0,False,0,Miami Dolphins,Los Angeles Chargers,2.0,W
2023_01_PHI_NE,2023,1,2023-09-10,TRAIN,NE,PHI,20.0,25.0,0,False,1,New England Patriots,Philadelphia Eagles,-5.0,L
2023_01_PHI_NE,2023,1,2023-09-10,TRAIN,PHI,NE,25.0,20.0,0,False,0,Philadelphia Eagles,New England Patriots,5.0,W
2023_01_SF_PIT,2023,1,2023-09-10,TRAIN,PIT,SF,7.0,30.0,0,False,1,Pittsburgh Steelers,San Francisco 49ers,-23.0,L
2023_01_SF_PIT,2023,1,2023-09-10,TRAIN,SF,PIT,30.0,7.0,0,False,0,San Francisco 49ers,Pittsburgh Steelers,23.0,W
2023_01_TB_MIN,2023,1,2023-09-10,TRAIN,MIN,TB,17.0,20.0,0,False,1,Minnesota Vikings,Tampa Bay Buccaneers,-3.0,L
2023_01_TB_MIN,2023,1,2023-09-10,TRAIN,TB,MIN,20.0,17.0,0,False,0,Tampa Bay Buccaneers,Minnesota Vikings,3.0,W
2023_01_TEN_NO,2023,1,2023-09-10,TRAIN,NO,TEN,16.0,15.0,1,False,1,New Orleans Saints,Tennessee Titans,1.0,W
2023_01_TEN_NO,2023,1,2023-09-10,TRAIN,TEN,NO,15.0,16.0,1,False,0,Tennessee Titans,New Orleans Saints,-1.0,L
2023_01_BUF_NYJ,2023,1,2023-09-11,TRAIN,NYJ,BUF,22.0,16.0,1,False,1,New York Jets,Buffalo Bills,6.0,W
2023_01_BUF_NYJ,2023,1,2023-09-11,TRAIN,BUF,NYJ,16.0,22.0,1,False,0,Buffalo Bills,New York Jets,-6.0,L
2023_02_MIN_PHI,2023,2,2023-09-14,TRAIN,PHI,MIN,34.0,28.0,1,False,1,Philadelphia Eagles,Minnesota Vikings,6.0,W
2023_02_MIN_PHI,2023,2,2023-09-14,TRAIN,MIN,PHI,28.0,34.0,1,False,0,Minnesota Vikings,Philadelphia Eagles,-6.0,L
2023_02_BAL_CIN,2023,2,2023-09-17,TRAIN,CIN,BAL,24.0,27.0,0,False,1,Cincinnati Bengals,Baltimore Ravens,-3.0,L
2023_02_BAL_CIN,2023,2,2023-09-17,TRAIN,BAL,CIN,27.0,24.0,0,False,0,Baltimore Ravens,Cincinnati Bengals,3.0,W
2023_02_CHI_TB,2023,2,2023-09-17,TRAIN,TB,CHI,27.0,17.0,1,False,1,Tampa Bay Buccaneers,Chicago Bears,10.0,W
2023_02_CHI_TB,2023,2,2023-09-17,TRAIN,CHI,TB,17.0,27.0,1,False,0,Chicago Bears,Tampa Bay Buccaneers,-10.0,L
2023_02_GB_ATL,2023,2,2023-09-17,TRAIN,ATL,GB,25.0,24.0,1,False,1,Atlanta Falcons,Green Bay Packers,1.0,W
2023_02_GB_ATL,2023,2,2023-09-17,TRAIN,GB,ATL,24.0,25.0,1,False,0,Green Bay Packers,Atlanta Falcons,-1.0,L
2023_02_IND_HOU,2023,2,2023-09-17,TRAIN,HOU,IND,20.0,31.0,0,False,1,Houston Texans,Indianapolis Colts,-11.0,L
2023_02_IND_HOU,2023,2,2023-09-17,TRAIN,IND,HOU,31.0,20.0,0,False,0,Indianapolis Colts,Houston Texans,11.0,W
2023_02_KC_JAX,2023,2,2023-09-17,TRAIN,JAX,KC,9.0,17.0,0,False,1,Jacksonville Jaguars,Kansas City Chiefs,-8.0,L
2023_02_KC_JAX,2023,2,2023-09-17,TRAIN,KC,JAX,17.0,9.0,0,False,0,Kansas City Chiefs,Jacksonville Jaguars,8.0,W
2023_02_LAC_TEN,2023,2,2023-09-17,TRAIN,TEN,LAC,27.0,24.0,1,False,1,Tennessee Titans,Los Angeles Chargers,3.0,W
2023_02_LAC_TEN,2023,2,2023-09-17,TRAIN,LAC,TEN,24.0,27.0,1,False,0,Los Angeles Chargers,Tennessee Titans,-3.0,L
2023_02_LV_BUF,2023,2,2023-09-17,TRAIN,BUF,LV,38.0,10.0,1,False,1,Buffalo Bills,Las Vegas Raiders,28.0,W
2023_02_LV_BUF,2023,2,2023-09-17,TRAIN,LV,BUF,10.0,38.0,1,False,0,Las Vegas Raiders,Buffalo Bills,-28.0,L
2023_02_MIA_NE,2023,2,2023-09-17,TRAIN,NE,MIA,17.0,24.0,0,False,1,New England Patriots,Miami Dolphins,-7.0,L
2023_02_MIA_NE,2023,2,2023-09-17,TRAIN,MIA,NE,24.0,17.0,0,False,0,Miami Dolphins,New England Patriots,7.0,W
2023_02_NYG_ARI,2023,2,2023-09-17,TRAIN,ARI,NYG,28.0,31.0,0,False,1,Arizona Cardinals,New York Giants,-3.0,L
2023_02_NYG_ARI,2023,2,2023-09-17,TRAIN,NYG,ARI,31.0,28.0,0,False,0,New York Giants,Arizona Cardinals,3.0,W
2023_02_NYJ_DAL,2023,2,2023-09-17,TRAIN,DAL,NYJ,30.0,10.0,1,False,1,Dallas Cowboys,New York Jets,20.0,W
2023_02_NYJ_DAL,2023,2,2023-09-17,TRAIN,NYJ,DAL,10.0,30.0,1,False,0,New York Jets,Dallas Cowboys,-20.0,L
2023_02_SEA_DET,2023,2,2023-09-17,TRAIN,DET,SEA,31.0,37.0,0,False,1,Detroit Lions,Seattle Seahawks,-6.0,L
2023_02_SEA_DET,2023,2,2023-09-17,TRAIN,SEA,DET,37.0,31.0,0,False,0,Seattle Seahawks,Detroit Lions,6.0,W
2023_02_SF_LA,2023,2,2023-09-17,TRAIN,LA,SF,23.0,30.0,0,False,1,Los Angeles Rams,San Francisco 49ers,-7.0,L
2023_02_SF_LA,2023,2,2023-09-17,TRAIN,SF,LA,30.0,23.0,0,False,0,San Francisco 49ers,Los Angeles Rams,7.0,W
2023_02_WAS_DEN,2023,2,2023-09-17,TRAIN,DEN,WAS,33.0,35.0,0,False,1,Denver Broncos,Washington Commanders,-2.0,L
2023_02_WAS_DEN,2023,2,2023-09-17,TRAIN,WAS,DEN,35.0,33.0,0,False,0,Washington Commanders,Denver Broncos,2.0,W
2023_02_CLE_PIT,2023,2,2023-09-18,TRAIN,PIT,CLE,26.0,22.0,1,False,1,Pittsburgh Steelers,Cleveland Browns,4.0,W
2023_02_CLE_PIT,2023,2,2023-09-18,TRAIN,CLE,PIT,22.0,26.0,1,False,0,Cleveland Browns,Pittsburgh Steelers,-4.0,L
2023_02_NO_CAR,2023,2,2023-09-18,TRAIN,CAR,NO,17.0,20.0,0,False,1,Carolina Panthers,New Orleans Saints,-3.0,L
2023_02_NO_CAR,2023,2,2023-09-18,TRAIN,NO,CAR,20.0,17.0,0,False,0,New Orleans Saints,Carolina Panthers,3.0,W
2023_03_NYG_SF,2023,3,2023-09-21,TRAIN,SF,NYG,30.0,12.0,1,False,1,San Francisco 49ers,New York Giants,18.0,W
2023_03_NYG_SF,2023,3,2023-09-21,TRAIN,NYG,SF,12.0,30.0,1,False,0,New York Giants,San Francisco 49ers,-18.0,L
2023_03_ATL_DET,2023,3,2023-09-24,TRAIN,DET,ATL,20.0,6.0,1,False,1,Detroit Lions,Atlanta Falcons,14.0,W
2023_03_ATL_DET,2023,3,2023-09-24,TRAIN,ATL,DET,6.0,20.0,1,False,0,Atlanta Falcons,Detroit Lions,-14.0,L
2023_03_BUF_WAS,2023,3,2023-09-24,TRAIN,WAS,BUF,3.0,37.0,0,False,1,Washington Commanders,Buffalo Bills,-34.0,L
2023_03_BUF_WAS,2023,3,2023-09-24,TRAIN,BUF,WAS,37.0,3.0,0,False,0,Buffalo Bills,Washington Commanders,34.0,W
2023_03_CAR_SEA,2023,3,2023-09-24,TRAIN,SEA,CAR,37.0,27.0,1,False,1,Seattle Seahawks,Carolina Panthers,10.0,W
2023_03_CAR_SEA,2023,3,2023-09-24,TRAIN,CAR,SEA,27.0,37.0,1,False,0,Carolina Panthers,Seattle Seahawks,-10.0,L
2023_03_CHI_KC,2023,3,2023-09-24,TRAIN,KC,CHI,41.0,10.0,1,False,1,Kansas City Chiefs,Chicago Bears,31.0,W
2023_03_CHI_KC,2023,3,2023-09-24,TRAIN,CHI,KC,10.0,41.0,1,False,0,Chicago Bears,Kansas City Chiefs,-31.0,L
2023_03_DAL_ARI,2023,3,2023-09-24,TRAIN,ARI,DAL,28.0,16.0,1,False,1,Arizona Cardinals,Dallas Cowboys,12.0,W
2023_03_DAL_ARI,2023,3,2023-09-24,TRAIN,DAL,ARI,16.0,28.0,1,False,0,Dallas Cowboys,Arizona Cardinals,-12.0,L
2023_03_DEN_MIA,2023,3,2023-09-24,TRAIN,MIA,DEN,70.0,20.0,1,False,1,Miami Dolphins,Denver Broncos,50.0,W
2023_03_DEN_MIA,2023,3,2023-09-24,TRAIN,DEN,MIA,20.0,70.0,1,False,0,Denver Broncos,Miami Dolphins,-50.0,L
2023_03_HOU_JAX,2023,3,2023-09-24,TRAIN,JAX,HOU,17.0,37.0,0,False,1,Jacksonville Jaguars,Houston Texans,-20.0,L
2023_03_HOU_JAX,2023,3,2023-09-24,TRAIN,HOU,JAX,37.0,17.0,0,False,0,Houston Texans,Jacksonville Jaguars,20.0,W
2023_03_IND_BAL,2023,3,2023-09-24,TRAIN,BAL,IND,19.0,22.0,0,False,1,Baltimore Ravens,Indianapolis Colts,-3.0,L
2023_03_IND_BAL,2023,3,2023-09-24,TRAIN,IND,BAL,22.0,19.0,0,False,0,Indianapolis Colts,Baltimore Ravens,3.0,W
2023_03_LAC_MIN,2023,3,2023-09-24,TRAIN,MIN,LAC,24.0,28.0,0,False,1,Minnesota Vikings,Los Angeles Chargers,-4.0,L
2023_03_LAC_MIN,2023,3,2023-09-24,TRAIN,LAC,MIN,28.0,24.0,0,False,0,Los Angeles Chargers,Minnesota Vikings,4.0,W
2023_03_NE_NYJ,2023,3,2023-09-24,TRAIN,NYJ,NE,10.0,15.0,0,False,1,New York Jets,New England Patriots,-5.0,L
2023_03_NE_NYJ,2023,3,2023-09-24,TRAIN,NE,NYJ,15.0,10.0,0,False,0,New England Patriots,New York Jets,5.0,W
2023_03_NO_GB,2023,3,2023-09-24,TRAIN,GB,NO,18.0,17.0,1,False,1,Green Bay Packers,New Orleans Saints,1.0,W
2023_03_NO_GB,2023,3,2023-09-24,TRAIN,NO,GB,17.0,18.0,1,False,0,New Orleans Saints,Green Bay Packers,-1.0,L
2023_03_PIT_LV,2023,3,2023-09-24,TRAIN,LV,PIT,18.0,23.0,0,False,1,Las Vegas Raiders,Pittsburgh Steelers,-5.0,L
2023_03_PIT_LV,2023,3,2023-09-24,TRAIN,PIT,LV,23.0,18.0,0,False,0,Pittsburgh Steelers,Las Vegas Raiders,5.0,W
2023_03_TEN_CLE,2023,3,2023-09-24,TRAIN,CLE,TEN,27.0,3.0,1,False,1,Cleveland Browns,Tennessee Titans,24.0,W
2023_03_TEN_CLE,2023,3,2023-09-24,TRAIN,TEN,CLE,3.0,27.0,1,False,0,Tennessee Titans,Cleveland Browns,-24.0,L
2023_03_LA_CIN,2023,3,2023-09-25,TRAIN,CIN,LA,19.0,16.0,1,False,1,Cincinnati Bengals,Los Angeles Rams,3.0,W
2023_03_LA_CIN,2023,3,2023-09-25,TRAIN,LA,CIN,16.0,19.0,1,False,0,Los Angeles Rams,Cincinnati Bengals,-3.0,L
2023_03_PHI_TB,2023,3,2023-09-25,TRAIN,TB,PHI,11.0,25.0,0,False,1,Tampa Bay Buccaneers,Philadelphia Eagles,-14.0,L
2023_03_PHI_TB,2023,3,2023-09-25,TRAIN,PHI,TB,25.0,11.0,0,False,0,Philadelphia Eagles,Tampa Bay Buccaneers,14.0,W
2023_04_DET_GB,2023,4,2023-09-28,TRAIN,GB,DET,20.0,34.0,0,False,1,Green Bay Packers,Detroit Lions,-14.0,L
2023_04_DET_GB,2023,4,2023-09-28,TRAIN,DET,GB,34.0,20.0,0,False,0,Detroit Lions,Green Bay Packers,14.0,W
2023_04_ARI_SF,2023,4,2023-10-01,TRAIN,SF,ARI,35.0,16.0,1,False,1,San Francisco 49ers,Arizona Cardinals,19.0,W
2023_04_ARI_SF,2023,4,2023-10-01,TRAIN,ARI,SF,16.0,35.0,1,False,0,Arizona Cardinals,San Francisco 49ers,-19.0,L
2023_04_ATL_JAX,2023,4,2023-10-01,TRAIN,JAX,ATL,23.0,7.0,1,False,1,Jacksonville Jaguars,Atlanta Falcons,16.0,W
2023_04_ATL_JAX,2023,4,2023-10-01,TRAIN,ATL,JAX,7.0,23.0,1,False,0,Atlanta Falcons,Jacksonville Jaguars,-16.0,L
2023_04_BAL_CLE,2023,4,2023-10-01,TRAIN,CLE,BAL,3.0,28.0,0,False,1,Cleveland Browns,Baltimore Ravens,-25.0,L
2023_04_BAL_CLE,2023,4,2023-10-01,TRAIN,BAL,CLE,28.0,3.0,0,False,0,Baltimore Ravens,Cleveland Browns,25.0,W
2023_04_CIN_TEN,2023,4,2023-10-01,TRAIN,TEN,CIN,27.0,3.0,1,False,1,Tennessee Titans,Cincinnati Bengals,24.0,W
2023_04_CIN_TEN,2023,4,2023-10-01,TRAIN,CIN,TEN,3.0,27.0,1,False,0,Cincinnati Bengals,Tennessee Titans,-24.0,L
2023_04_DEN_CHI,2023,4,2023-10-01,TRAIN,CHI,DEN,28.0,31.0,0,False,1,Chicago Bears,Denver Broncos,-3.0,L
2023_04_DEN_CHI,2023,4,2023-10-01,TRAIN,DEN,CHI,31.0,28.0,0,False,0,Denver Broncos,Chicago Bears,3.0,W
2023_04_KC_NYJ,2023,4,2023-10-01,TRAIN,NYJ,KC,20.0,23.0,0,False,1,New York Jets,Kansas City Chiefs,-3.0,L
2023_04_KC_NYJ,2023,4,2023-10-01,TRAIN,KC,NYJ,23.0,20.0,0,False,0,Kansas City Chiefs,New York Jets,3.0,W
2023_04_LA_IND,2023,4,2023-10-01,TRAIN,IND,LA,23.0,29.0,0,False,1,Indianapolis Colts,Los Angeles Rams,-6.0,L
2023_04_LA_IND,2023,4,2023-10-01,TRAIN,LA,IND,29.0,23.0,0,False,0,Los Angeles Rams,Indianapolis Colts,6.0,W
2023_04_LV_LAC,2023,4,2023-10-01,TRAIN,LAC,LV,24.0,17.0,1,False,1,Los Angeles Chargers,Las Vegas Raiders,7.0,W
2023_04_LV_LAC,2023,4,2023-10-01,TRAIN,LV,LAC,17.0,24.0,1,False,0,Las Vegas Raiders,Los Angeles Chargers,-7.0,L
2023_04_MIA_BUF,2023,4,2023-10-01,TRAIN,BUF,MIA,48.0,20.0,1,False,1,Buffalo Bills,Miami Dolphins,28.0,W
2023_04_MIA_BUF,2023,4,2023-10-01,TRAIN,MIA,BUF,20.0,48.0,1,False,0,Miami Dolphins,Buffalo Bills,-28.0,L
2023_04_MIN_CAR,2023,4,2023-10-01,TRAIN,CAR,MIN,13.0,21.0,0,False,1,Carolina Panthers,Minnesota Vikings,-8.0,L
2023_04_MIN_CAR,2023,4,2023-10-01,TRAIN,MIN,CAR,21.0,13.0,0,False,0,Minnesota Vikings,Carolina Panthers,8.0,W
2023_04_NE_DAL,2023,4,2023-10-01,TRAIN,DAL,NE,38.0,3.0,1,False,1,Dallas Cowboys,New England Patriots,35.0,W
2023_04_NE_DAL,2023,4,2023-10-01,TRAIN,NE,DAL,3.0,38.0,1,False,0,New England Patriots,Dallas Cowboys,-35.0,L
2023_04_PIT_HOU,2023,4,2023-10-01,TRAIN,HOU,PIT,30.0,6.0,1,False,1,Houston Texans,Pittsburgh Steelers,24.0,W
2023_04_PIT_HOU,2023,4,2023-10-01,TRAIN,PIT,HOU,6.0,30.0,1,False,0,Pittsburgh Steelers,Houston Texans,-24.0,L
2023_04_TB_NO,2023,4,2023-10-01,TRAIN,NO,TB,9.0,26.0,0,False,1,New Orleans Saints,Tampa Bay Buccaneers,-17.0,L
2023_04_TB_NO,2023,4,2023-10-01,TRAIN,TB,NO,26.0,9.0,0,False,0,Tampa Bay Buccaneers,New Orleans Saints,17.0,W
2023_04_WAS_PHI,2023,4,2023-10-01,TRAIN,PHI,WAS,34.0,31.0,1,False,1,Philadelphia Eagles,Washington Commanders,3.0,W
2023_04_WAS_PHI,2023,4,2023-10-01,TRAIN,WAS,PHI,31.0,34.0,1,False,0,Washington Commanders,Philadelphia Eagles,-3.0,L
2023_04_SEA_NYG,2023,4,2023-10-02,TRAIN,NYG,SEA,3.0,24.0,0,False,1,New York Giants,Seattle Seahawks,-21.0,L
2023_04_SEA_NYG,2023,4,2023-10-02,TRAIN,SEA,NYG,24.0,3.0,0,False,0,Seattle Seahawks,New York Giants,21.0,W
2023_05_CHI_WAS,2023,5,2023-10-05,TRAIN,WAS,CHI,20.0,40.0,0,False,1,Washington Commanders,Chicago Bears,-20.0,L
2023_05_CHI_WAS,2023,5,2023-10-05,TRAIN,CHI,WAS,40.0,20.0,0,False,0,Chicago Bears,Washington Commanders,20.0,W
2023_05_BAL_PIT,2023,5,2023-10-08,TRAIN,PIT,BAL,17.0,10.0,1,False,1,Pittsburgh Steelers,Baltimore Ravens,7.0,W
2023_05_BAL_PIT,2023,5,2023-10-08,TRAIN,BAL,PIT,10.0,17.0,1,False,0,Baltimore Ravens,Pittsburgh Steelers,-7.0,L
2023_05_CAR_DET,2023,5,2023-10-08,TRAIN,DET,CAR,42.0,24.0,1,False,1,Detroit Lions,Carolina Panthers,18.0,W
2023_05_CAR_DET,2023,5,2023-10-08,TRAIN,CAR,DET,24.0,42.0,1,False,0,Carolina Panthers,Detroit Lions,-18.0,L
2023_05_CIN_ARI,2023,5,2023-10-08,TRAIN,ARI,CIN,20.0,34.0,0,False,1,Arizona Cardinals,Cincinnati Bengals,-14.0,L
2023_05_CIN_ARI,2023,5,2023-10-08,TRAIN,CIN,ARI,34.0,20.0,0,False,0,Cincinnati Bengals,Arizona Cardinals,14.0,W
2023_05_DAL_SF,2023,5,2023-10-08,TRAIN,SF,DAL,42.0,10.0,1,False,1,San Francisco 49ers,Dallas Cowboys,32.0,W
2023_05_DAL_SF,2023,5,2023-10-08,TRAIN,DAL,SF,10.0,42.0,1,False,0,Dallas Cowboys,San Francisco 49ers,-32.0,L
2023_05_HOU_ATL,2023,5,2023-10-08,TRAIN,ATL,HOU,21.0,19.0,1,False,1,Atlanta Falcons,Houston Texans,2.0,W
2023_05_HOU_ATL,2023,5,2023-10-08,TRAIN,HOU,ATL,19.0,21.0,1,False,0,Houston Texans,Atlanta Falcons,-2.0,L
2023_05_JAX_BUF,2023,5,2023-10-08,TRAIN,BUF,JAX,20.0,25.0,0,False,1,Buffalo Bills,Jacksonville Jaguars,-5.0,L
2023_05_JAX_BUF,2023,5,2023-10-08,TRAIN,JAX,BUF,25.0,20.0,0,False,0,Jacksonville Jaguars,Buffalo Bills,5.0,W
2023_05_KC_MIN,2023,5,2023-10-08,TRAIN,MIN,KC,20.0,27.0,0,False,1,Minnesota Vikings,Kansas City Chiefs,-7.0,L
2023_05_KC_MIN,2023,5,2023-10-08,TRAIN,KC,MIN,27.0,20.0,0,False,0,Kansas City Chiefs,Minnesota Vikings,7.0,W
2023_05_NO_NE,2023,5,2023-10-08,TRAIN,NE,NO,0.0,34.0,0,False,1,New England Patriots,New Orleans Saints,-34.0,L
2023_05_NO_NE,2023,5,2023-10-08,TRAIN,NO,NE,34.0,0.0,0,False,0,New Orleans Saints,New England Patriots,34.0,W
2023_05_NYG_MIA,2023,5,2023-10-08,TRAIN,MIA,NYG,31.0,16.0,1,False,1,Miami Dolphins,New York Giants,15.0,W
2023_05_NYG_MIA,2023,5,2023-10-08,TRAIN,NYG,MIA,16.0,31.0,1,False,0,New York Giants,Miami Dolphins,-15.0,L
2023_05_NYJ_DEN,2023,5,2023-10-08,TRAIN,DEN,NYJ,21.0,31.0,0,False,1,Denver Broncos,New York Jets,-10.0,L
2023_05_NYJ_DEN,2023,5,2023-10-08,TRAIN,NYJ,DEN,31.0,21.0,0,False,0,New York Jets,Denver Broncos,10.0,W
2023_05_PHI_LA,2023,5,2023-10-08,TRAIN,LA,PHI,14.0,23.0,0,False,1,Los Angeles Rams,Philadelphia Eagles,-9.0,L
2023_05_PHI_LA,2023,5,2023-10-08,TRAIN,PHI,LA,23.0,14.0,0,False,0,Philadelphia Eagles,Los Angeles Rams,9.0,W
2023_05_TEN_IND,2023,5,2023-10-08,TRAIN,IND,TEN,23.0,16.0,1,False,1,Indianapolis Colts,Tennessee Titans,7.0,W
2023_05_TEN_IND,2023,5,2023-10-08,TRAIN,TEN,IND,16.0,23.0,1,False,0,Tennessee Titans,Indianapolis Colts,-7.0,L
2023_05_GB_LV,2023,5,2023-10-09,TRAIN,LV,GB,17.0,13.0,1,False,1,Las Vegas Raiders,Green Bay Packers,4.0,W
2023_05_GB_LV,2023,5,2023-10-09,TRAIN,GB,LV,13.0,17.0,1,False,0,Green Bay Packers,Las Vegas Raiders,-4.0,L
2023_06_DEN_KC,2023,6,2023-10-12,TRAIN,KC,DEN,19.0,8.0,1,False,1,Kansas City Chiefs,Denver Broncos,11.0,W
2023_06_DEN_KC,2023,6,2023-10-12,TRAIN,DEN,KC,8.0,19.0,1,False,0,Denver Broncos,Kansas City Chiefs,-11.0,L
2023_06_ARI_LA,2023,6,2023-10-15,TRAIN,LA,ARI,26.0,9.0,1,False,1,Los Angeles Rams,Arizona Cardinals,17.0,W
2023_06_ARI_LA,2023,6,2023-10-15,TRAIN,ARI,LA,9.0,26.0,1,False,0,Arizona Cardinals,Los Angeles Rams,-17.0,L
2023_06_BAL_TEN,2023,6,2023-10-15,TRAIN,TEN,BAL,16.0,24.0,0,False,1,Tennessee Titans,Baltimore Ravens,-8.0,L
2023_06_BAL_TEN,2023,6,2023-10-15,TRAIN,BAL,TEN,24.0,16.0,0,False,0,Baltimore Ravens,Tennessee Titans,8.0,W
2023_06_CAR_MIA,2023,6,2023-10-15,TRAIN,MIA,CAR,42.0,21.0,1,False,1,Miami Dolphins,Carolina Panthers,21.0,W
2023_06_CAR_MIA,2023,6,2023-10-15,TRAIN,CAR,MIA,21.0,42.0,1,False,0,Carolina Panthers,Miami Dolphins,-21.0,L
2023_06_DET_TB,2023,6,2023-10-15,TRAIN,TB,DET,6.0,20.0,0,False,1,Tampa Bay Buccaneers,Detroit Lions,-14.0,L
2023_06_DET_TB,2023,6,2023-10-15,TRAIN,DET,TB,20.0,6.0,0,False,0,Detroit Lions,Tampa Bay Buccaneers,14.0,W
2023_06_IND_JAX,2023,6,2023-10-15,TRAIN,JAX,IND,37.0,20.0,1,False,1,Jacksonville Jaguars,Indianapolis Colts,17.0,W
2023_06_IND_JAX,2023,6,2023-10-15,TRAIN,IND,JAX,20.0,37.0,1,False,0,Indianapolis Colts,Jacksonville Jaguars,-17.0,L
2023_06_MIN_CHI,2023,6,2023-10-15,TRAIN,CHI,MIN,13.0,19.0,0,False,1,Chicago Bears,Minnesota Vikings,-6.0,L
2023_06_MIN_CHI,2023,6,2023-10-15,TRAIN,MIN,CHI,19.0,13.0,0,False,0,Minnesota Vikings,Chicago Bears,6.0,W
2023_06_NE_LV,2023,6,2023-10-15,TRAIN,LV,NE,21.0,17.0,1,False,1,Las Vegas Raiders,New England Patriots,4.0,W
2023_06_NE_LV,2023,6,2023-10-15,TRAIN,NE,LV,17.0,21.0,1,False,0,New England Patriots,Las Vegas Raiders,-4.0,L
2023_06_NO_HOU,2023,6,2023-10-15,TRAIN,HOU,NO,20.0,13.0,1,False,1,Houston Texans,New Orleans Saints,7.0,W
2023_06_NO_HOU,2023,6,2023-10-15,TRAIN,NO,HOU,13.0,20.0,1,False,0,New Orleans Saints,Houston Texans,-7.0,L
2023_06_NYG_BUF,2023,6,2023-10-15,TRAIN,BUF,NYG,14.0,9.0,1,False,1,Buffalo Bills,New York Giants,5.0,W
2023_06_NYG_BUF,2023,6,2023-10-15,TRAIN,NYG,BUF,9.0,14.0,1,False,0,New York Giants,Buffalo Bills,-5.0,L
2023_06_PHI_NYJ,2023,6,2023-10-15,TRAIN,NYJ,PHI,20.0,14.0,1,False,1,New York Jets,Philadelphia Eagles,6.0,W
2023_06_PHI_NYJ,2023,6,2023-10-15,TRAIN,PHI,NYJ,14.0,20.0,1,False,0,Philadelphia Eagles,New York Jets,-6.0,L
2023_06_SEA_CIN,2023,6,2023-10-15,TRAIN,CIN,SEA,17.0,13.0,1,False,1,Cincinnati Bengals,Seattle Seahawks,4.0,W
2023_06_SEA_CIN,2023,6,2023-10-15,TRAIN,SEA,CIN,13.0,17.0,1,False,0,Seattle Seahawks,Cincinnati Bengals,-4.0,L
2023_06_SF_CLE,2023,6,2023-10-15,TRAIN,CLE,SF,19.0,17.0,1,False,1,Cleveland Browns,San Francisco 49ers,2.0,W
2023_06_SF_CLE,2023,6,2023-10-15,TRAIN,SF,CLE,17.0,19.0,1,False,0,San Francisco 49ers,Cleveland Browns,-2.0,L
2023_06_WAS_ATL,2023,6,2023-10-15,TRAIN,ATL,WAS,16.0,24.0,0,False,1,Atlanta Falcons,Washington Commanders,-8.0,L
2023_06_WAS_ATL,2023,6,2023-10-15,TRAIN,WAS,ATL,24.0,16.0,0,False,0,Washington Commanders,Atlanta Falcons,8.0,W
2023_06_DAL_LAC,2023,6,2023-10-16,TRAIN,LAC,DAL,17.0,20.0,0,False,1,Los Angeles Chargers,Dallas Cowboys,-3.0,L
2023_06_DAL_LAC,2023,6,2023-10-16,TRAIN,DAL,LAC,20.0,17.0,0,False,0,Dallas Cowboys,Los Angeles Chargers,3.0,W
2023_07_JAX_NO,2023,7,2023-10-19,TRAIN,NO,JAX,24.0,31.0,0,False,1,New Orleans Saints,Jacksonville Jaguars,-7.0,L
2023_07_JAX_NO,2023,7,2023-10-19,TRAIN,JAX,NO,31.0,24.0,0,False,0,Jacksonville Jaguars,New Orleans Saints,7.0,W
2023_07_ARI_SEA,2023,7,2023-10-22,TRAIN,SEA,ARI,20.0,10.0,1,False,1,Seattle Seahawks,Arizona Cardinals,10.0,W
2023_07_ARI_SEA,2023,7,2023-10-22,TRAIN,ARI,SEA,10.0,20.0,1,False,0,Arizona Cardinals,Seattle Seahawks,-10.0,L
2023_07_ATL_TB,2023,7,2023-10-22,TRAIN,TB,ATL,13.0,16.0,0,False,1,Tampa Bay Buccaneers,Atlanta Falcons,-3.0,L
2023_07_ATL_TB,2023,7,2023-10-22,TRAIN,ATL,TB,16.0,13.0,0,False,0,Atlanta Falcons,Tampa Bay Buccaneers,3.0,W
2023_07_BUF_NE,2023,7,2023-10-22,TRAIN,NE,BUF,29.0,25.0,1,False,1,New England Patriots,Buffalo Bills,4.0,W
2023_07_BUF_NE,2023,7,2023-10-22,TRAIN,BUF,NE,25.0,29.0,1,False,0,Buffalo Bills,New England Patriots,-4.0,L
2023_07_CLE_IND,2023,7,2023-10-22,TRAIN,IND,CLE,38.0,39.0,0,False,1,Indianapolis Colts,Cleveland Browns,-1.0,L
2023_07_CLE_IND,2023,7,2023-10-22,TRAIN,CLE,IND,39.0,38.0,0,False,0,Cleveland Browns,Indianapolis Colts,1.0,W
2023_07_DET_BAL,2023,7,2023-10-22,TRAIN,BAL,DET,38.0,6.0,1,False,1,Baltimore Ravens,Detroit Lions,32.0,W
2023_07_DET_BAL,2023,7,2023-10-22,TRAIN,DET,BAL,6.0,38.0,1,False,0,Detroit Lions,Baltimore Ravens,-32.0,L
2023_07_GB_DEN,2023,7,2023-10-22,TRAIN,DEN,GB,19.0,17.0,1,False,1,Denver Broncos,Green Bay Packers,2.0,W
2023_07_GB_DEN,2023,7,2023-10-22,TRAIN,GB,DEN,17.0,19.0,1,False,0,Green Bay Packers,Denver Broncos,-2.0,L
2023_07_LAC_KC,2023,7,2023-10-22,TRAIN,KC,LAC,31.0,17.0,1,False,1,Kansas City Chiefs,Los Angeles Chargers,14.0,W
2023_07_LAC_KC,2023,7,2023-10-22,TRAIN,LAC,KC,17.0,31.0,1,False,0,Los Angeles Chargers,Kansas City Chiefs,-14.0,L
2023_07_LV_CHI,2023,7,2023-10-22,TRAIN,CHI,LV,30.0,12.0,1,False,1,Chicago Bears,Las Vegas Raiders,18.0,W
2023_07_LV_CHI,2023,7,2023-10-22,TRAIN,LV,CHI,12.0,30.0,1,False,0,Las Vegas Raiders,Chicago Bears,-18.0,L
2023_07_MIA_PHI,2023,7,2023-10-22,TRAIN,PHI,MIA,31.0,17.0,1,False,1,Philadelphia Eagles,Miami Dolphins,14.0,W
2023_07_MIA_PHI,2023,7,2023-10-22,TRAIN,MIA,PHI,17.0,31.0,1,False,0,Miami Dolphins,Philadelphia Eagles,-14.0,L
2023_07_PIT_LA,2023,7,2023-10-22,TRAIN,LA,PIT,17.0,24.0,0,False,1,Los Angeles Rams,Pittsburgh Steelers,-7.0,L
2023_07_PIT_LA,2023,7,2023-10-22,TRAIN,PIT,LA,24.0,17.0,0,False,0,Pittsburgh Steelers,Los Angeles Rams,7.0,W
2023_07_WAS_NYG,2023,7,2023-10-22,TRAIN,NYG,WAS,14.0,7.0,1,False,1,New York Giants,Washington Commanders,7.0,W
2023_07_WAS_NYG,2023,7,2023-10-22,TRAIN,WAS,NYG,7.0,14.0,1,False,0,Washington Commanders,New York Giants,-7.0,L
2023_07_SF_MIN,2023,7,2023-10-23,TRAIN,MIN,SF,22.0,17.0,1,False,1,Minnesota Vikings,San Francisco 49ers,5.0,W
2023_07_SF_MIN,2023,7,2023-10-23,TRAIN,SF,MIN,17.0,22.0,1,False,0,San Francisco 49ers,Minnesota Vikings,-5.0,L
2023_08_TB_BUF,2023,8,2023-10-26,TRAIN,BUF,TB,24.0,18.0,1,False,1,Buffalo Bills,Tampa Bay Buccaneers,6.0,W
2023_08_TB_BUF,2023,8,2023-10-26,TRAIN,TB,BUF,18.0,24.0,1,False,0,Tampa Bay Buccaneers,Buffalo Bills,-6.0,L
2023_08_ATL_TEN,2023,8,2023-10-29,TRAIN,TEN,ATL,28.0,23.0,1,False,1,Tennessee Titans,Atlanta Falcons,5.0,W
2023_08_ATL_TEN,2023,8,2023-10-29,TRAIN,ATL,TEN,23.0,28.0,1,False,0,Atlanta Falcons,Tennessee Titans,-5.0,L
2023_08_BAL_ARI,2023,8,2023-10-29,TRAIN,ARI,BAL,24.0,31.0,0,False,1,Arizona Cardinals,Baltimore Ravens,-7.0,L
2023_08_BAL_ARI,2023,8,2023-10-29,TRAIN,BAL,ARI,31.0,24.0,0,False,0,Baltimore Ravens,Arizona Cardinals,7.0,W
2023_08_CHI_LAC,2023,8,2023-10-29,TRAIN,LAC,CHI,30.0,13.0,1,False,1,Los Angeles Chargers,Chicago Bears,17.0,W
2023_08_CHI_LAC,2023,8,2023-10-29,TRAIN,CHI,LAC,13.0,30.0,1,False,0,Chicago Bears,Los Angeles Chargers,-17.0,L
2023_08_CIN_SF,2023,8,2023-10-29,TRAIN,SF,CIN,17.0,31.0,0,False,1,San Francisco 49ers,Cincinnati Bengals,-14.0,L
2023_08_CIN_SF,2023,8,2023-10-29,TRAIN,CIN,SF,31.0,17.0,0,False,0,Cincinnati Bengals,San Francisco 49ers,14.0,W
2023_08_CLE_SEA,2023,8,2023-10-29,TRAIN,SEA,CLE,24.0,20.0,1,False,1,Seattle Seahawks,Cleveland Browns,4.0,W
2023_08_CLE_SEA,2023,8,2023-10-29,TRAIN,CLE,SEA,20.0,24.0,1,False,0,Cleveland Browns,Seattle Seahawks,-4.0,L
2023_08_HOU_CAR,2023,8,2023-10-29,TRAIN,CAR,HOU,15.0,13.0,1,False,1,Carolina Panthers,Houston Texans,2.0,W
2023_08_HOU_CAR,2023,8,2023-10-29,TRAIN,HOU,CAR,13.0,15.0,1,False,0,Houston Texans,Carolina Panthers,-2.0,L
2023_08_JAX_PIT,2023,8,2023-10-29,TRAIN,PIT,JAX,10.0,20.0,0,False,1,Pittsburgh Steelers,Jacksonville Jaguars,-10.0,L
2023_08_JAX_PIT,2023,8,2023-10-29,TRAIN,JAX,PIT,20.0,10.0,0,False,0,Jacksonville Jaguars,Pittsburgh Steelers,10.0,W
2023_08_KC_DEN,2023,8,2023-10-29,TRAIN,DEN,KC,24.0,9.0,1,False,1,Denver Broncos,Kansas City Chiefs,15.0,W
2023_08_KC_DEN,2023,8,2023-10-29,TRAIN,KC,DEN,9.0,24.0,1,False,0,Kansas City Chiefs,Denver Broncos,-15.0,L
2023_08_LA_DAL,2023,8,2023-10-29,TRAIN,DAL,LA,43.0,20.0,1,False,1,Dallas Cowboys,Los Angeles Rams,23.0,W
2023_08_LA_DAL,2023,8,2023-10-29,TRAIN,LA,DAL,20.0,43.0,1,False,0,Los Angeles Rams,Dallas Cowboys,-23.0,L
2023_08_MIN_GB,2023,8,2023-10-29,TRAIN,GB,MIN,10.0,24.0,0,False,1,Green Bay Packers,Minnesota Vikings,-14.0,L
2023_08_MIN_GB,2023,8,2023-10-29,TRAIN,MIN,GB,24.0,10.0,0,False,0,Minnesota Vikings,Green Bay Packers,14.0,W
2023_08_NE_MIA,2023,8,2023-10-29,TRAIN,MIA,NE,31.0,17.0,1,False,1,Miami Dolphins,New England Patriots,14.0,W
2023_08_NE_MIA,2023,8,2023-10-29,TRAIN,NE,MIA,17.0,31.0,1,False,0,New England Patriots,Miami Dolphins,-14.0,L
2023_08_NO_IND,2023,8,2023-10-29,TRAIN,IND,NO,27.0,38.0,0,False,1,Indianapolis Colts,New Orleans Saints,-11.0,L
2023_08_NO_IND,2023,8,2023-10-29,TRAIN,NO,IND,38.0,27.0,0,False,0,New Orleans Saints,Indianapolis Colts,11.0,W
2023_08_NYJ_NYG,2023,8,2023-10-29,TRAIN,NYG,NYJ,10.0,13.0,0,False,1,New York Giants,New York Jets,-3.0,L
2023_08_NYJ_NYG,2023,8,2023-10-29,TRAIN,NYJ,NYG,13.0,10.0,0,False,0,New York Jets,New York Giants,3.0,W
2023_08_PHI_WAS,2023,8,2023-10-29,TRAIN,WAS,PHI,31.0,38.0,0,False,1,Washington Commanders,Philadelphia Eagles,-7.0,L
2023_08_PHI_WAS,2023,8,2023-10-29,TRAIN,PHI,WAS,38.0,31.0,0,False,0,Philadelphia Eagles,Washington Commanders,7.0,W
2023_08_LV_DET,2023,8,2023-10-30,TRAIN,DET,LV,26.0,14.0,1,False,1,Detroit Lions,Las Vegas Raiders,12.0,W
2023_08_LV_DET,2023,8,2023-10-30,TRAIN,LV,DET,14.0,26.0,1,False,0,Las Vegas Raiders,Detroit Lions,-12.0,L
2023_09_TEN_PIT,2023,9,2023-11-02,TRAIN,PIT,TEN,20.0,16.0,1,False,1,Pittsburgh Steelers,Tennessee Titans,4.0,W
2023_09_TEN_PIT,2023,9,2023-11-02,TRAIN,TEN,PIT,16.0,20.0,1,False,0,Tennessee Titans,Pittsburgh Steelers,-4.0,L
2023_09_ARI_CLE,2023,9,2023-11-05,TRAIN,CLE,ARI,27.0,0.0,1,False,1,Cleveland Browns,Arizona Cardinals,27.0,W
2023_09_ARI_CLE,2023,9,2023-11-05,TRAIN,ARI,CLE,0.0,27.0,1,False,0,Arizona Cardinals,Cleveland Browns,-27.0,L
2023_09_BUF_CIN,2023,9,2023-11-05,TRAIN,CIN,BUF,24.0,18.0,1,False,1,Cincinnati Bengals,Buffalo Bills,6.0,W
2023_09_BUF_CIN,2023,9,2023-11-05,TRAIN,BUF,CIN,18.0,24.0,1,False,0,Buffalo Bills,Cincinnati Bengals,-6.0,L
2023_09_CHI_NO,2023,9,2023-11-05,TRAIN,NO,CHI,24.0,17.0,1,False,1,New Orleans Saints,Chicago Bears,7.0,W
2023_09_CHI_NO,2023,9,2023-11-05,TRAIN,CHI,NO,17.0,24.0,1,False,0,Chicago Bears,New Orleans Saints,-7.0,L
2023_09_DAL_PHI,2023,9,2023-11-05,TRAIN,PHI,DAL,28.0,23.0,1,False,1,Philadelphia Eagles,Dallas Cowboys,5.0,W
2023_09_DAL_PHI,2023,9,2023-11-05,TRAIN,DAL,PHI,23.0,28.0,1,False,0,Dallas Cowboys,Philadelphia Eagles,-5.0,L
2023_09_IND_CAR,2023,9,2023-11-05,TRAIN,CAR,IND,13.0,27.0,0,False,1,Carolina Panthers,Indianapolis Colts,-14.0,L
2023_09_IND_CAR,2023,9,2023-11-05,TRAIN,IND,CAR,27.0,13.0,0,False,0,Indianapolis Colts,Carolina Panthers,14.0,W
2023_09_LA_GB,2023,9,2023-11-05,TRAIN,GB,LA,20.0,3.0,1,False,1,Green Bay Packers,Los Angeles Rams,17.0,W
2023_09_LA_GB,2023,9,2023-11-05,TRAIN,LA,GB,3.0,20.0,1,False,0,Los Angeles Rams,Green Bay Packers,-17.0,L
2023_09_MIA_KC,2023,9,2023-11-05,TRAIN,KC,MIA,21.0,14.0,1,False,1,Kansas City Chiefs,Miami Dolphins,7.0,W
2023_09_MIA_KC,2023,9,2023-11-05,TRAIN,MIA,KC,14.0,21.0,1,False,0,Miami Dolphins,Kansas City Chiefs,-7.0,L
2023_09_MIN_ATL,2023,9,2023-11-05,TRAIN,ATL,MIN,28.0,31.0,0,False,1,Atlanta Falcons,Minnesota Vikings,-3.0,L
2023_09_MIN_ATL,2023,9,2023-11-05,TRAIN,MIN,ATL,31.0,28.0,0,False,0,Minnesota Vikings,Atlanta Falcons,3.0,W
2023_09_NYG_LV,2023,9,2023-11-05,TRAIN,LV,NYG,30.0,6.0,1,False,1,Las Vegas Raiders,New York Giants,24.0,W
2023_09_NYG_LV,2023,9,2023-11-05,TRAIN,NYG,LV,6.0,30.0,1,False,0,New York Giants,Las Vegas Raiders,-24.0,L
2023_09_SEA_BAL,2023,9,2023-11-05,TRAIN,BAL,SEA,37.0,3.0,1,False,1,Baltimore Ravens,Seattle Seahawks,34.0,W
2023_09_SEA_BAL,2023,9,2023-11-05,TRAIN,SEA,BAL,3.0,37.0,1,False,0,Seattle Seahawks,Baltimore Ravens,-34.0,L
2023_09_TB_HOU,2023,9,2023-11-05,TRAIN,HOU,TB,39.0,37.0,1,False,1,Houston Texans,Tampa Bay Buccaneers,2.0,W
2023_09_TB_HOU,2023,9,2023-11-05,TRAIN,TB,HOU,37.0,39.0,1,False,0,Tampa Bay Buccaneers,Houston Texans,-2.0,L
2023_09_WAS_NE,2023,9,2023-11-05,TRAIN,NE,WAS,17.0,20.0,0,False,1,New England Patriots,Washington Commanders,-3.0,L
2023_09_WAS_NE,2023,9,2023-11-05,TRAIN,WAS,NE,20.0,17.0,0,False,0,Washington Commanders,New England Patriots,3.0,W
2023_09_LAC_NYJ,2023,9,2023-11-06,TRAIN,NYJ,LAC,6.0,27.0,0,False,1,New York Jets,Los Angeles Chargers,-21.0,L
2023_09_LAC_NYJ,2023,9,2023-11-06,TRAIN,LAC,NYJ,27.0,6.0,0,False,0,Los Angeles Chargers,New York Jets,21.0,W
2023_10_CAR_CHI,2023,10,2023-11-09,TRAIN,CHI,CAR,16.0,13.0,1,False,1,Chicago Bears,Carolina Panthers,3.0,W
2023_10_CAR_CHI,2023,10,2023-11-09,TRAIN,CAR,CHI,13.0,16.0,1,False,0,Carolina Panthers,Chicago Bears,-3.0,L
2023_10_ATL_ARI,2023,10,2023-11-12,TRAIN,ARI,ATL,25.0,23.0,1,False,1,Arizona Cardinals,Atlanta Falcons,2.0,W
2023_10_ATL_ARI,2023,10,2023-11-12,TRAIN,ATL,ARI,23.0,25.0,1,False,0,Atlanta Falcons,Arizona Cardinals,-2.0,L
2023_10_CLE_BAL,2023,10,2023-11-12,TRAIN,BAL,CLE,31.0,33.0,0,False,1,Baltimore Ravens,Cleveland Browns,-2.0,L
2023_10_CLE_BAL,2023,10,2023-11-12,TRAIN,CLE,BAL,33.0,31.0,0,False,0,Cleveland Browns,Baltimore Ravens,2.0,W
2023_10_DET_LAC,2023,10,2023-11-12,TRAIN,LAC,DET,38.0,41.0,0,False,1,Los Angeles Chargers,Detroit Lions,-3.0,L
2023_10_DET_LAC,2023,10,2023-11-12,TRAIN,DET,LAC,41.0,38.0,0,False,0,Detroit Lions,Los Angeles Chargers,3.0,W
2023_10_GB_PIT,2023,10,2023-11-12,TRAIN,PIT,GB,23.0,19.0,1,False,1,Pittsburgh Steelers,Green Bay Packers,4.0,W
2023_10_GB_PIT,2023,10,2023-11-12,TRAIN,GB,PIT,19.0,23.0,1,False,0,Green Bay Packers,Pittsburgh Steelers,-4.0,L
2023_10_HOU_CIN,2023,10,2023-11-12,TRAIN,CIN,HOU,27.0,30.0,0,False,1,Cincinnati Bengals,Houston Texans,-3.0,L
2023_10_HOU_CIN,2023,10,2023-11-12,TRAIN,HOU,CIN,30.0,27.0,0,False,0,Houston Texans,Cincinnati Bengals,3.0,W
2023_10_IND_NE,2023,10,2023-11-12,TRAIN,NE,IND,6.0,10.0,0,False,1,New England Patriots,Indianapolis Colts,-4.0,L
2023_10_IND_NE,2023,10,2023-11-12,TRAIN,IND,NE,10.0,6.0,0,False,0,Indianapolis Colts,New England Patriots,4.0,W
2023_10_NO_MIN,2023,10,2023-11-12,TRAIN,MIN,NO,27.0,19.0,1,False,1,Minnesota Vikings,New Orleans Saints,8.0,W
2023_10_NO_MIN,2023,10,2023-11-12,TRAIN,NO,MIN,19.0,27.0,1,False,0,New Orleans Saints,Minnesota Vikings,-8.0,L
2023_10_NYG_DAL,2023,10,2023-11-12,TRAIN,DAL,NYG,49.0,17.0,1,False,1,Dallas Cowboys,New York Giants,32.0,W
2023_10_NYG_DAL,2023,10,2023-11-12,TRAIN,NYG,DAL,17.0,49.0,1,False,0,New York Giants,Dallas Cowboys,-32.0,L
2023_10_NYJ_LV,2023,10,2023-11-12,TRAIN,LV,NYJ,16.0,12.0,1,False,1,Las Vegas Raiders,New York Jets,4.0,W
2023_10_NYJ_LV,2023,10,2023-11-12,TRAIN,NYJ,LV,12.0,16.0,1,False,0,New York Jets,Las Vegas Raiders,-4.0,L
2023_10_SF_JAX,2023,10,2023-11-12,TRAIN,JAX,SF,3.0,34.0,0,False,1,Jacksonville Jaguars,San Francisco 49ers,-31.0,L
2023_10_SF_JAX,2023,10,2023-11-12,TRAIN,SF,JAX,34.0,3.0,0,False,0,San Francisco 49ers,Jacksonville Jaguars,31.0,W
2023_10_TEN_TB,2023,10,2023-11-12,TRAIN,TB,TEN,20.0,6.0,1,False,1,Tampa Bay Buccaneers,Tennessee Titans,14.0,W
2023_10_TEN_TB,2023,10,2023-11-12,TRAIN,TEN,TB,6.0,20.0,1,False,0,Tennessee Titans,Tampa Bay Buccaneers,-14.0,L
2023_10_WAS_SEA,2023,10,2023-11-12,TRAIN,SEA,WAS,29.0,26.0,1,False,1,Seattle Seahawks,Washington Commanders,3.0,W
2023_10_WAS_SEA,2023,10,2023-11-12,TRAIN,WAS,SEA,26.0,29.0,1,False,0,Washington Commanders,Seattle Seahawks,-3.0,L
2023_10_DEN_BUF,2023,10,2023-11-13,TRAIN,BUF,DEN,22.0,24.0,0,False,1,Buffalo Bills,Denver Broncos,-2.0,L
2023_10_DEN_BUF,2023,10,2023-11-13,TRAIN,DEN,BUF,24.0,22.0,0,False,0,Denver Broncos,Buffalo Bills,2.0,W
2023_11_CIN_BAL,2023,11,2023-11-16,TRAIN,BAL,CIN,34.0,20.0,1,False,1,Baltimore Ravens,Cincinnati Bengals,14.0,W
2023_11_CIN_BAL,2023,11,2023-11-16,TRAIN,CIN,BAL,20.0,34.0,1,False,0,Cincinnati Bengals,Baltimore Ravens,-14.0,L
2023_11_ARI_HOU,2023,11,2023-11-19,TRAIN,HOU,ARI,21.0,16.0,1,False,1,Houston Texans,Arizona Cardinals,5.0,W
2023_11_ARI_HOU,2023,11,2023-11-19,TRAIN,ARI,HOU,16.0,21.0,1,False,0,Arizona Cardinals,Houston Texans,-5.0,L
2023_11_CHI_DET,2023,11,2023-11-19,TRAIN,DET,CHI,31.0,26.0,1,False,1,Detroit Lions,Chicago Bears,5.0,W
2023_11_CHI_DET,2023,11,2023-11-19,TRAIN,CHI,DET,26.0,31.0,1,False,0,Chicago Bears,Detroit Lions,-5.0,L
2023_11_DAL_CAR,2023,11,2023-11-19,TRAIN,CAR,DAL,10.0,33.0,0,False,1,Carolina Panthers,Dallas Cowboys,-23.0,L
2023_11_DAL_CAR,2023,11,2023-11-19,TRAIN,DAL,CAR,33.0,10.0,0,False,0,Dallas Cowboys,Carolina Panthers,23.0,W
2023_11_LAC_GB,2023,11,2023-11-19,TRAIN,GB,LAC,23.0,20.0,1,False,1,Green Bay Packers,Los Angeles Chargers,3.0,W
2023_11_LAC_GB,2023,11,2023-11-19,TRAIN,LAC,GB,20.0,23.0,1,False,0,Los Angeles Chargers,Green Bay Packers,-3.0,L
2023_11_LV_MIA,2023,11,2023-11-19,TRAIN,MIA,LV,20.0,13.0,1,False,1,Miami Dolphins,Las Vegas Raiders,7.0,W
2023_11_LV_MIA,2023,11,2023-11-19,TRAIN,LV,MIA,13.0,20.0,1,False,0,Las Vegas Raiders,Miami Dolphins,-7.0,L
2023_11_MIN_DEN,2023,11,2023-11-19,TRAIN,DEN,MIN,21.0,20.0,1,False,1,Denver Broncos,Minnesota Vikings,1.0,W
2023_11_MIN_DEN,2023,11,2023-11-19,TRAIN,MIN,DEN,20.0,21.0,1,False,0,Minnesota Vikings,Denver Broncos,-1.0,L
2023_11_NYG_WAS,2023,11,2023-11-19,TRAIN,WAS,NYG,19.0,31.0,0,False,1,Washington Commanders,New York Giants,-12.0,L
2023_11_NYG_WAS,2023,11,2023-11-19,TRAIN,NYG,WAS,31.0,19.0,0,False,0,New York Giants,Washington Commanders,12.0,W
2023_11_NYJ_BUF,2023,11,2023-11-19,TRAIN,BUF,NYJ,32.0,6.0,1,False,1,Buffalo Bills,New York Jets,26.0,W
2023_11_NYJ_BUF,2023,11,2023-11-19,TRAIN,NYJ,BUF,6.0,32.0,1,False,0,New York Jets,Buffalo Bills,-26.0,L
2023_11_PIT_CLE,2023,11,2023-11-19,TRAIN,CLE,PIT,13.0,10.0,1,False,1,Cleveland Browns,Pittsburgh Steelers,3.0,W
2023_11_PIT_CLE,2023,11,2023-11-19,TRAIN,PIT,CLE,10.0,13.0,1,False,0,Pittsburgh Steelers,Cleveland Browns,-3.0,L
2023_11_SEA_LA,2023,11,2023-11-19,TRAIN,LA,SEA,17.0,16.0,1,False,1,Los Angeles Rams,Seattle Seahawks,1.0,W
2023_11_SEA_LA,2023,11,2023-11-19,TRAIN,SEA,LA,16.0,17.0,1,False,0,Seattle Seahawks,Los Angeles Rams,-1.0,L
2023_11_TB_SF,2023,11,2023-11-19,TRAIN,SF,TB,27.0,14.0,1,False,1,San Francisco 49ers,Tampa Bay Buccaneers,13.0,W
2023_11_TB_SF,2023,11,2023-11-19,TRAIN,TB,SF,14.0,27.0,1,False,0,Tampa Bay Buccaneers,San Francisco 49ers,-13.0,L
2023_11_TEN_JAX,2023,11,2023-11-19,TRAIN,JAX,TEN,34.0,14.0,1,False,1,Jacksonville Jaguars,Tennessee Titans,20.0,W
2023_11_TEN_JAX,2023,11,2023-11-19,TRAIN,TEN,JAX,14.0,34.0,1,False,0,Tennessee Titans,Jacksonville Jaguars,-20.0,L
2023_11_PHI_KC,2023,11,2023-11-20,TRAIN,KC,PHI,17.0,21.0,0,False,1,Kansas City Chiefs,Philadelphia Eagles,-4.0,L
2023_11_PHI_KC,2023,11,2023-11-20,TRAIN,PHI,KC,21.0,17.0,0,False,0,Philadelphia Eagles,Kansas City Chiefs,4.0,W
2023_12_GB_DET,2023,12,2023-11-23,TRAIN,DET,GB,22.0,29.0,0,False,1,Detroit Lions,Green Bay Packers,-7.0,L
2023_12_GB_DET,2023,12,2023-11-23,TRAIN,GB,DET,29.0,22.0,0,False,0,Green Bay Packers,Detroit Lions,7.0,W
2023_12_SF_SEA,2023,12,2023-11-23,TRAIN,SEA,SF,13.0,31.0,0,False,1,Seattle Seahawks,San Francisco 49ers,-18.0,L
2023_12_SF_SEA,2023,12,2023-11-23,TRAIN,SF,SEA,31.0,13.0,0,False,0,San Francisco 49ers,Seattle Seahawks,18.0,W
2023_12_WAS_DAL,2023,12,2023-11-23,TRAIN,DAL,WAS,45.0,10.0,1,False,1,Dallas Cowboys,Washington Commanders,35.0,W
2023_12_WAS_DAL,2023,12,2023-11-23,TRAIN,WAS,DAL,10.0,45.0,1,False,0,Washington Commanders,Dallas Cowboys,-35.0,L
2023_12_MIA_NYJ,2023,12,2023-11-24,TRAIN,NYJ,MIA,13.0,34.0,0,False,1,New York Jets,Miami Dolphins,-21.0,L
2023_12_MIA_NYJ,2023,12,2023-11-24,TRAIN,MIA,NYJ,34.0,13.0,0,False,0,Miami Dolphins,New York Jets,21.0,W
2023_12_BAL_LAC,2023,12,2023-11-26,TRAIN,LAC,BAL,10.0,20.0,0,False,1,Los Angeles Chargers,Baltimore Ravens,-10.0,L
2023_12_BAL_LAC,2023,12,2023-11-26,TRAIN,BAL,LAC,20.0,10.0,0,False,0,Baltimore Ravens,Los Angeles Chargers,10.0,W
2023_12_BUF_PHI,2023,12,2023-11-26,TRAIN,PHI,BUF,37.0,34.0,1,False,1,Philadelphia Eagles,Buffalo Bills,3.0,W
2023_12_BUF_PHI,2023,12,2023-11-26,TRAIN,BUF,PHI,34.0,37.0,1,False,0,Buffalo Bills,Philadelphia Eagles,-3.0,L
2023_12_CAR_TEN,2023,12,2023-11-26,TRAIN,TEN,CAR,17.0,10.0,1,False,1,Tennessee Titans,Carolina Panthers,7.0,W
2023_12_CAR_TEN,2023,12,2023-11-26,TRAIN,CAR,TEN,10.0,17.0,1,False,0,Carolina Panthers,Tennessee Titans,-7.0,L
2023_12_CLE_DEN,2023,12,2023-11-26,TRAIN,DEN,CLE,29.0,12.0,1,False,1,Denver Broncos,Cleveland Browns,17.0,W
2023_12_CLE_DEN,2023,12,2023-11-26,TRAIN,CLE,DEN,12.0,29.0,1,False,0,Cleveland Browns,Denver Broncos,-17.0,L
2023_12_JAX_HOU,2023,12,2023-11-26,TRAIN,HOU,JAX,21.0,24.0,0,False,1,Houston Texans,Jacksonville Jaguars,-3.0,L
2023_12_JAX_HOU,2023,12,2023-11-26,TRAIN,JAX,HOU,24.0,21.0,0,False,0,Jacksonville Jaguars,Houston Texans,3.0,W
2023_12_KC_LV,2023,12,2023-11-26,TRAIN,LV,KC,17.0,31.0,0,False,1,Las Vegas Raiders,Kansas City Chiefs,-14.0,L
2023_12_KC_LV,2023,12,2023-11-26,TRAIN,KC,LV,31.0,17.0,0,False,0,Kansas City Chiefs,Las Vegas Raiders,14.0,W
2023_12_LA_ARI,2023,12,2023-11-26,TRAIN,ARI,LA,14.0,37.0,0,False,1,Arizona Cardinals,Los Angeles Rams,-23.0,L
2023_12_LA_ARI,2023,12,2023-11-26,TRAIN,LA,ARI,37.0,14.0,0,False,0,Los Angeles Rams,Arizona Cardinals,23.0,W
2023_12_NE_NYG,2023,12,2023-11-26,TRAIN,NYG,NE,10.0,7.0,1,False,1,New York Giants,New England Patriots,3.0,W
2023_12_NE_NYG,2023,12,2023-11-26,TRAIN,NE,NYG,7.0,10.0,1,False,0,New England Patriots,New York Giants,-3.0,L
2023_12_NO_ATL,2023,12,2023-11-26,TRAIN,ATL,NO,24.0,15.0,1,False,1,Atlanta Falcons,New Orleans Saints,9.0,W
2023_12_NO_ATL,2023,12,2023-11-26,TRAIN,NO,ATL,15.0,24.0,1,False,0,New Orleans Saints,Atlanta Falcons,-9.0,L
2023_12_PIT_CIN,2023,12,2023-11-26,TRAIN,CIN,PIT,10.0,16.0,0,False,1,Cincinnati Bengals,Pittsburgh Steelers,-6.0,L
2023_12_PIT_CIN,2023,12,2023-11-26,TRAIN,PIT,CIN,16.0,10.0,0,False,0,Pittsburgh Steelers,Cincinnati Bengals,6.0,W
2023_12_TB_IND,2023,12,2023-11-26,TRAIN,IND,TB,27.0,20.0,1,False,1,Indianapolis Colts,Tampa Bay Buccaneers,7.0,W
2023_12_TB_IND,2023,12,2023-11-26,TRAIN,TB,IND,20.0,27.0,1,False,0,Tampa Bay Buccaneers,Indianapolis Colts,-7.0,L
2023_12_CHI_MIN,2023,12,2023-11-27,TRAIN,MIN,CHI,10.0,12.0,0,False,1,Minnesota Vikings,Chicago Bears,-2.0,L
2023_12_CHI_MIN,2023,12,2023-11-27,TRAIN,CHI,MIN,12.0,10.0,0,False,0,Chicago Bears,Minnesota Vikings,2.0,W
2023_13_SEA_DAL,2023,13,2023-11-30,TRAIN,DAL,SEA,41.0,35.0,1,False,1,Dallas Cowboys,Seattle Seahawks,6.0,W
2023_13_SEA_DAL,2023,13,2023-11-30,TRAIN,SEA,DAL,35.0,41.0,1,False,0,Seattle Seahawks,Dallas Cowboys,-6.0,L
2023_13_ARI_PIT,2023,13,2023-12-03,TRAIN,PIT,ARI,10.0,24.0,0,False,1,Pittsburgh Steelers,Arizona Cardinals,-14.0,L
2023_13_ARI_PIT,2023,13,2023-12-03,TRAIN,ARI,PIT,24.0,10.0,0,False,0,Arizona Cardinals,Pittsburgh Steelers,14.0,W
2023_13_ATL_NYJ,2023,13,2023-12-03,TRAIN,NYJ,ATL,8.0,13.0,0,False,1,New York Jets,Atlanta Falcons,-5.0,L
2023_13_ATL_NYJ,2023,13,2023-12-03,TRAIN,ATL,NYJ,13.0,8.0,0,False,0,Atlanta Falcons,New York Jets,5.0,W
2023_13_CAR_TB,2023,13,2023-12-03,TRAIN,TB,CAR,21.0,18.0,1,False,1,Tampa Bay Buccaneers,Carolina Panthers,3.0,W
2023_13_CAR_TB,2023,13,2023-12-03,TRAIN,CAR,TB,18.0,21.0,1,False,0,Carolina Panthers,Tampa Bay Buccaneers,-3.0,L
2023_13_CLE_LA,2023,13,2023-12-03,TRAIN,LA,CLE,36.0,19.0,1,False,1,Los Angeles Rams,Cleveland Browns,17.0,W
2023_13_CLE_LA,2023,13,2023-12-03,TRAIN,CLE,LA,19.0,36.0,1,False,0,Cleveland Browns,Los Angeles Rams,-17.0,L
2023_13_DEN_HOU,2023,13,2023-12-03,TRAIN,HOU,DEN,22.0,17.0,1,False,1,Houston Texans,Denver Broncos,5.0,W
2023_13_DEN_HOU,2023,13,2023-12-03,TRAIN,DEN,HOU,17.0,22.0,1,False,0,Denver Broncos,Houston Texans,-5.0,L
2023_13_DET_NO,2023,13,2023-12-03,TRAIN,NO,DET,28.0,33.0,0,False,1,New Orleans Saints,Detroit Lions,-5.0,L
2023_13_DET_NO,2023,13,2023-12-03,TRAIN,DET,NO,33.0,28.0,0,False,0,Detroit Lions,New Orleans Saints,5.0,W
2023_13_IND_TEN,2023,13,2023-12-03,TRAIN,TEN,IND,28.0,31.0,0,False,1,Tennessee Titans,Indianapolis Colts,-3.0,L
2023_13_IND_TEN,2023,13,2023-12-03,TRAIN,IND,TEN,31.0,28.0,0,False,0,Indianapolis Colts,Tennessee Titans,3.0,W
2023_13_KC_GB,2023,13,2023-12-03,TRAIN,GB,KC,27.0,19.0,1,False,1,Green Bay Packers,Kansas City Chiefs,8.0,W
2023_13_KC_GB,2023,13,2023-12-03,TRAIN,KC,GB,19.0,27.0,1,False,0,Kansas City Chiefs,Green Bay Packers,-8.0,L
2023_13_LAC_NE,2023,13,2023-12-03,TRAIN,NE,LAC,0.0,6.0,0,False,1,New England Patriots,Los Angeles Chargers,-6.0,L
2023_13_LAC_NE,2023,13,2023-12-03,TRAIN,LAC,NE,6.0,0.0,0,False,0,Los Angeles Chargers,New England Patriots,6.0,W
2023_13_MIA_WAS,2023,13,2023-12-03,TRAIN,WAS,MIA,15.0,45.0,0,False,1,Washington Commanders,Miami Dolphins,-30.0,L
2023_13_MIA_WAS,2023,13,2023-12-03,TRAIN,MIA,WAS,45.0,15.0,0,False,0,Miami Dolphins,Washington Commanders,30.0,W
2023_13_SF_PHI,2023,13,2023-12-03,TRAIN,PHI,SF,19.0,42.0,0,False,1,Philadelphia Eagles,San Francisco 49ers,-23.0,L
2023_13_SF_PHI,2023,13,2023-12-03,TRAIN,SF,PHI,42.0,19.0,0,False,0,San Francisco 49ers,Philadelphia Eagles,23.0,W
2023_13_CIN_JAX,2023,13,2023-12-04,TRAIN,JAX,CIN,31.0,34.0,0,False,1,Jacksonville Jaguars,Cincinnati Bengals,-3.0,L
2023_13_CIN_JAX,2023,13,2023-12-04,TRAIN,CIN,JAX,34.0,31.0,0,False,0,Cincinnati Bengals,Jacksonville Jaguars,3.0,W
2023_14_NE_PIT,2023,14,2023-12-07,TRAIN,PIT,NE,18.0,21.0,0,False,1,Pittsburgh Steelers,New England Patriots,-3.0,L
2023_14_NE_PIT,2023,14,2023-12-07,TRAIN,NE,PIT,21.0,18.0,0,False,0,New England Patriots,Pittsburgh Steelers,3.0,W
2023_14_BUF_KC,2023,14,2023-12-10,TRAIN,KC,BUF,17.0,20.0,0,False,1,Kansas City Chiefs,Buffalo Bills,-3.0,L
2023_14_BUF_KC,2023,14,2023-12-10,TRAIN,BUF,KC,20.0,17.0,0,False,0,Buffalo Bills,Kansas City Chiefs,3.0,W
2023_14_CAR_NO,2023,14,2023-12-10,TRAIN,NO,CAR,28.0,6.0,1,False,1,New Orleans Saints,Carolina Panthers,22.0,W
2023_14_CAR_NO,2023,14,2023-12-10,TRAIN,CAR,NO,6.0,28.0,1,False,0,Carolina Panthers,New Orleans Saints,-22.0,L
2023_14_DEN_LAC,2023,14,2023-12-10,TRAIN,LAC,DEN,7.0,24.0,0,False,1,Los Angeles Chargers,Denver Broncos,-17.0,L
2023_14_DEN_LAC,2023,14,2023-12-10,TRAIN,DEN,LAC,24.0,7.0,0,False,0,Denver Broncos,Los Angeles Chargers,17.0,W
2023_14_DET_CHI,2023,14,2023-12-10,TRAIN,CHI,DET,28.0,13.0,1,False,1,Chicago Bears,Detroit Lions,15.0,W
2023_14_DET_CHI,2023,14,2023-12-10,TRAIN,DET,CHI,13.0,28.0,1,False,0,Detroit Lions,Chicago Bears,-15.0,L
2023_14_HOU_NYJ,2023,14,2023-12-10,TRAIN,NYJ,HOU,30.0,6.0,1,False,1,New York Jets,Houston Texans,24.0,W
2023_14_HOU_NYJ,2023,14,2023-12-10,TRAIN,HOU,NYJ,6.0,30.0,1,False,0,Houston Texans,New York Jets,-24.0,L
2023_14_IND_CIN,2023,14,2023-12-10,TRAIN,CIN,IND,34.0,14.0,1,False,1,Cincinnati Bengals,Indianapolis Colts,20.0,W
2023_14_IND_CIN,2023,14,2023-12-10,TRAIN,IND,CIN,14.0,34.0,1,False,0,Indianapolis Colts,Cincinnati Bengals,-20.0,L
2023_14_JAX_CLE,2023,14,2023-12-10,TRAIN,CLE,JAX,31.0,27.0,1,False,1,Cleveland Browns,Jacksonville Jaguars,4.0,W
2023_14_JAX_CLE,2023,14,2023-12-10,TRAIN,JAX,CLE,27.0,31.0,1,False,0,Jacksonville Jaguars,Cleveland Browns,-4.0,L
2023_14_LA_BAL,2023,14,2023-12-10,TRAIN,BAL,LA,37.0,31.0,1,False,1,Baltimore Ravens,Los Angeles Rams,6.0,W
2023_14_LA_BAL,2023,14,2023-12-10,TRAIN,LA,BAL,31.0,37.0,1,False,0,Los Angeles Rams,Baltimore Ravens,-6.0,L
2023_14_MIN_LV,2023,14,2023-12-10,TRAIN,LV,MIN,0.0,3.0,0,False,1,Las Vegas Raiders,Minnesota Vikings,-3.0,L
2023_14_MIN_LV,2023,14,2023-12-10,TRAIN,MIN,LV,3.0,0.0,0,False,0,Minnesota Vikings,Las Vegas Raiders,3.0,W
2023_14_PHI_DAL,2023,14,2023-12-10,TRAIN,DAL,PHI,33.0,13.0,1,False,1,Dallas Cowboys,Philadelphia Eagles,20.0,W
2023_14_PHI_DAL,2023,14,2023-12-10,TRAIN,PHI,DAL,13.0,33.0,1,False,0,Philadelphia Eagles,Dallas Cowboys,-20.0,L
2023_14_SEA_SF,2023,14,2023-12-10,TRAIN,SF,SEA,28.0,16.0,1,False,1,San Francisco 49ers,Seattle Seahawks,12.0,W
2023_14_SEA_SF,2023,14,2023-12-10,TRAIN,SEA,SF,16.0,28.0,1,False,0,Seattle Seahawks,San Francisco 49ers,-12.0,L
2023_14_TB_ATL,2023,14,2023-12-10,TRAIN,ATL,TB,25.0,29.0,0,False,1,Atlanta Falcons,Tampa Bay Buccaneers,-4.0,L
2023_14_TB_ATL,2023,14,2023-12-10,TRAIN,TB,ATL,29.0,25.0,0,False,0,Tampa Bay Buccaneers,Atlanta Falcons,4.0,W
2023_14_GB_NYG,2023,14,2023-12-11,TRAIN,NYG,GB,24.0,22.0,1,False,1,New York Giants,Green Bay Packers,2.0,W
2023_14_GB_NYG,2023,14,2023-12-11,TRAIN,GB,NYG,22.0,24.0,1,False,0,Green Bay Packers,New York Giants,-2.0,L
2023_14_TEN_MIA,2023,14,2023-12-11,TRAIN,MIA,TEN,27.0,28.0,0,False,1,Miami Dolphins,Tennessee Titans,-1.0,L
2023_14_TEN_MIA,2023,14,2023-12-11,TRAIN,TEN,MIA,28.0,27.0,0,False,0,Tennessee Titans,Miami Dolphins,1.0,W
2023_15_LAC_LV,2023,15,2023-12-14,TRAIN,LV,LAC,63.0,21.0,1,False,1,Las Vegas Raiders,Los Angeles Chargers,42.0,W
2023_15_LAC_LV,2023,15,2023-12-14,TRAIN,LAC,LV,21.0,63.0,1,False,0,Los Angeles Chargers,Las Vegas Raiders,-42.0,L
2023_15_DEN_DET,2023,15,2023-12-16,TRAIN,DET,DEN,42.0,17.0,1,False,1,Detroit Lions,Denver Broncos,25.0,W
2023_15_DEN_DET,2023,15,2023-12-16,TRAIN,DEN,DET,17.0,42.0,1,False,0,Denver Broncos,Detroit Lions,-25.0,L
2023_15_MIN_CIN,2023,15,2023-12-16,TRAIN,CIN,MIN,27.0,24.0,1,False,1,Cincinnati Bengals,Minnesota Vikings,3.0,W
2023_15_MIN_CIN,2023,15,2023-12-16,TRAIN,MIN,CIN,24.0,27.0,1,False,0,Minnesota Vikings,Cincinnati Bengals,-3.0,L
2023_15_PIT_IND,2023,15,2023-12-16,TRAIN,IND,PIT,30.0,13.0,1,False,1,Indianapolis Colts,Pittsburgh Steelers,17.0,W
2023_15_PIT_IND,2023,15,2023-12-16,TRAIN,PIT,IND,13.0,30.0,1,False,0,Pittsburgh Steelers,Indianapolis Colts,-17.0,L
2023_15_ATL_CAR,2023,15,2023-12-17,TRAIN,CAR,ATL,9.0,7.0,1,False,1,Carolina Panthers,Atlanta Falcons,2.0,W
2023_15_ATL_CAR,2023,15,2023-12-17,TRAIN,ATL,CAR,7.0,9.0,1,False,0,Atlanta Falcons,Carolina Panthers,-2.0,L
2023_15_BAL_JAX,2023,15,2023-12-17,TRAIN,JAX,BAL,7.0,23.0,0,False,1,Jacksonville Jaguars,Baltimore Ravens,-16.0,L
2023_15_BAL_JAX,2023,15,2023-12-17,TRAIN,BAL,JAX,23.0,7.0,0,False,0,Baltimore Ravens,Jacksonville Jaguars,16.0,W
2023_15_CHI_CLE,2023,15,2023-12-17,TRAIN,CLE,CHI,20.0,17.0,1,False,1,Cleveland Browns,Chicago Bears,3.0,W
2023_15_CHI_CLE,2023,15,2023-12-17,TRAIN,CHI,CLE,17.0,20.0,1,False,0,Chicago Bears,Cleveland Browns,-3.0,L
2023_15_DAL_BUF,2023,15,2023-12-17,TRAIN,BUF,DAL,31.0,10.0,1,False,1,Buffalo Bills,Dallas Cowboys,21.0,W
2023_15_DAL_BUF,2023,15,2023-12-17,TRAIN,DAL,BUF,10.0,31.0,1,False,0,Dallas Cowboys,Buffalo Bills,-21.0,L
2023_15_HOU_TEN,2023,15,2023-12-17,TRAIN,TEN,HOU,16.0,19.0,0,False,1,Tennessee Titans,Houston Texans,-3.0,L
2023_15_HOU_TEN,2023,15,2023-12-17,TRAIN,HOU,TEN,19.0,16.0,0,False,0,Houston Texans,Tennessee Titans,3.0,W
2023_15_KC_NE,2023,15,2023-12-17,TRAIN,NE,KC,17.0,27.0,0,False,1,New England Patriots,Kansas City Chiefs,-10.0,L
2023_15_KC_NE,2023,15,2023-12-17,TRAIN,KC,NE,27.0,17.0,0,False,0,Kansas City Chiefs,New England Patriots,10.0,W
2023_15_NYG_NO,2023,15,2023-12-17,TRAIN,NO,NYG,24.0,6.0,1,False,1,New Orleans Saints,New York Giants,18.0,W
2023_15_NYG_NO,2023,15,2023-12-17,TRAIN,NYG,NO,6.0,24.0,1,False,0,New York Giants,New Orleans Saints,-18.0,L
2023_15_NYJ_MIA,2023,15,2023-12-17,TRAIN,MIA,NYJ,30.0,0.0,1,False,1,Miami Dolphins,New York Jets,30.0,W
2023_15_NYJ_MIA,2023,15,2023-12-17,TRAIN,NYJ,MIA,0.0,30.0,1,False,0,New York Jets,Miami Dolphins,-30.0,L
2023_15_SF_ARI,2023,15,2023-12-17,TRAIN,ARI,SF,29.0,45.0,0,False,1,Arizona Cardinals,San Francisco 49ers,-16.0,L
2023_15_SF_ARI,2023,15,2023-12-17,TRAIN,SF,ARI,45.0,29.0,0,False,0,San Francisco 49ers,Arizona Cardinals,16.0,W
2023_15_TB_GB,2023,15,2023-12-17,TRAIN,GB,TB,20.0,34.0,0,False,1,Green Bay Packers,Tampa Bay Buccaneers,-14.0,L
2023_15_TB_GB,2023,15,2023-12-17,TRAIN,TB,GB,34.0,20.0,0,False,0,Tampa Bay Buccaneers,Green Bay Packers,14.0,W
2023_15_WAS_LA,2023,15,2023-12-17,TRAIN,LA,WAS,28.0,20.0,1,False,1,Los Angeles Rams,Washington Commanders,8.0,W
2023_15_WAS_LA,2023,15,2023-12-17,TRAIN,WAS,LA,20.0,28.0,1,False,0,Washington Commanders,Los Angeles Rams,-8.0,L
2023_15_PHI_SEA,2023,15,2023-12-18,TRAIN,SEA,PHI,20.0,17.0,1,False,1,Seattle Seahawks,Philadelphia Eagles,3.0,W
2023_15_PHI_SEA,2023,15,2023-12-18,TRAIN,PHI,SEA,17.0,20.0,1,False,0,Philadelphia Eagles,Seattle Seahawks,-3.0,L
2023_16_NO_LA,2023,16,2023-12-21,TRAIN,LA,NO,30.0,22.0,1,False,1,Los Angeles Rams,New Orleans Saints,8.0,W
2023_16_NO_LA,2023,16,2023-12-21,TRAIN,NO,LA,22.0,30.0,1,False,0,New Orleans Saints,Los Angeles Rams,-8.0,L
2023_16_BUF_LAC,2023,16,2023-12-23,TRAIN,LAC,BUF,22.0,24.0,0,False,1,Los Angeles Chargers,Buffalo Bills,-2.0,L
2023_16_BUF_LAC,2023,16,2023-12-23,TRAIN,BUF,LAC,24.0,22.0,0,False,0,Buffalo Bills,Los Angeles Chargers,2.0,W
2023_16_CIN_PIT,2023,16,2023-12-23,TRAIN,PIT,CIN,34.0,11.0,1,False,1,Pittsburgh Steelers,Cincinnati Bengals,23.0,W
2023_16_CIN_PIT,2023,16,2023-12-23,TRAIN,CIN,PIT,11.0,34.0,1,False,0,Cincinnati Bengals,Pittsburgh Steelers,-23.0,L
2023_16_ARI_CHI,2023,16,2023-12-24,TRAIN,CHI,ARI,27.0,16.0,1,False,1,Chicago Bears,Arizona Cardinals,11.0,W
2023_16_ARI_CHI,2023,16,2023-12-24,TRAIN,ARI,CHI,16.0,27.0,1,False,0,Arizona Cardinals,Chicago Bears,-11.0,L
2023_16_CLE_HOU,2023,16,2023-12-24,TRAIN,HOU,CLE,22.0,36.0,0,False,1,Houston Texans,Cleveland Browns,-14.0,L
2023_16_CLE_HOU,2023,16,2023-12-24,TRAIN,CLE,HOU,36.0,22.0,0,False,0,Cleveland Browns,Houston Texans,14.0,W
2023_16_DAL_MIA,2023,16,2023-12-24,TRAIN,MIA,DAL,22.0,20.0,1,False,1,Miami Dolphins,Dallas Cowboys,2.0,W
2023_16_DAL_MIA,2023,16,2023-12-24,TRAIN,DAL,MIA,20.0,22.0,1,False,0,Dallas Cowboys,Miami Dolphins,-2.0,L
2023_16_DET_MIN,2023,16,2023-12-24,TRAIN,MIN,DET,24.0,30.0,0,False,1,Minnesota Vikings,Detroit Lions,-6.0,L
2023_16_DET_MIN,2023,16,2023-12-24,TRAIN,DET,MIN,30.0,24.0,0,False,0,Detroit Lions,Minnesota Vikings,6.0,W
2023_16_GB_CAR,2023,16,2023-12-24,TRAIN,CAR,GB,30.0,33.0,0,False,1,Carolina Panthers,Green Bay Packers,-3.0,L
2023_16_GB_CAR,2023,16,2023-12-24,TRAIN,GB,CAR,33.0,30.0,0,False,0,Green Bay Packers,Carolina Panthers,3.0,W
2023_16_IND_ATL,2023,16,2023-12-24,TRAIN,ATL,IND,29.0,10.0,1,False,1,Atlanta Falcons,Indianapolis Colts,19.0,W
2023_16_IND_ATL,2023,16,2023-12-24,TRAIN,IND,ATL,10.0,29.0,1,False,0,Indianapolis Colts,Atlanta Falcons,-19.0,L
2023_16_JAX_TB,2023,16,2023-12-24,TRAIN,TB,JAX,30.0,12.0,1,False,1,Tampa Bay Buccaneers,Jacksonville Jaguars,18.0,W
2023_16_JAX_TB,2023,16,2023-12-24,TRAIN,JAX,TB,12.0,30.0,1,False,0,Jacksonville Jaguars,Tampa Bay Buccaneers,-18.0,L
2023_16_NE_DEN,2023,16,2023-12-24,TRAIN,DEN,NE,23.0,26.0,0,False,1,Denver Broncos,New England Patriots,-3.0,L
2023_16_NE_DEN,2023,16,2023-12-24,TRAIN,NE,DEN,26.0,23.0,0,False,0,New England Patriots,Denver Broncos,3.0,W
2023_16_SEA_TEN,2023,16,2023-12-24,TRAIN,TEN,SEA,17.0,20.0,0,False,1,Tennessee Titans,Seattle Seahawks,-3.0,L
2023_16_SEA_TEN,2023,16,2023-12-24,TRAIN,SEA,TEN,20.0,17.0,0,False,0,Seattle Seahawks,Tennessee Titans,3.0,W
2023_16_WAS_NYJ,2023,16,2023-12-24,TRAIN,NYJ,WAS,30.0,28.0,1,False,1,New York Jets,Washington Commanders,2.0,W
2023_16_WAS_NYJ,2023,16,2023-12-24,TRAIN,WAS,NYJ,28.0,30.0,1,False,0,Washington Commanders,New York Jets,-2.0,L
2023_16_BAL_SF,2023,16,2023-12-25,TRAIN,SF,BAL,19.0,33.0,0,False,1,San Francisco 49ers,Baltimore Ravens,-14.0,L
2023_16_BAL_SF,2023,16,2023-12-25,TRAIN,BAL,SF,33.0,19.0,0,False,0,Baltimore Ravens,San Francisco 49ers,14.0,W
2023_16_LV_KC,2023,16,2023-12-25,TRAIN,KC,LV,14.0,20.0,0,False,1,Kansas City Chiefs,Las Vegas Raiders,-6.0,L
2023_16_LV_KC,2023,16,2023-12-25,TRAIN,LV,KC,20.0,14.0,0,False,0,Las Vegas Raiders,Kansas City Chiefs,6.0,W
2023_16_NYG_PHI,2023,16,2023-12-25,TRAIN,PHI,NYG,33.0,25.0,1,False,1,Philadelphia Eagles,New York Giants,8.0,W
2023_16_NYG_PHI,2023,16,2023-12-25,TRAIN,NYG,PHI,25.0,33.0,1,False,0,New York Giants,Philadelphia Eagles,-8.0,L
2023_17_NYJ_CLE,2023,17,2023-12-28,TRAIN,CLE,NYJ,37.0,20.0,1,False,1,Cleveland Browns,New York Jets,17.0,W
2023_17_NYJ_CLE,2023,17,2023-12-28,TRAIN,NYJ,CLE,20.0,37.0,1,False,0,New York Jets,Cleveland Browns,-17.0,L
2023_17_DET_DAL,2023,17,2023-12-30,TRAIN,DAL,DET,20.0,19.0,1,False,1,Dallas Cowboys,Detroit Lions,1.0,W
2023_17_DET_DAL,2023,17,2023-12-30,TRAIN,DET,DAL,19.0,20.0,1,False,0,Detroit Lions,Dallas Cowboys,-1.0,L
2023_17_ARI_PHI,2023,17,2023-12-31,TRAIN,PHI,ARI,31.0,35.0,0,False,1,Philadelphia Eagles,Arizona Cardinals,-4.0,L
2023_17_ARI_PHI,2023,17,2023-12-31,TRAIN,ARI,PHI,35.0,31.0,0,False,0,Arizona Cardinals,Philadelphia Eagles,4.0,W
2023_17_ATL_CHI,2023,17,2023-12-31,TRAIN,CHI,ATL,37.0,17.0,1,False,1,Chicago Bears,Atlanta Falcons,20.0,W
2023_17_ATL_CHI,2023,17,2023-12-31,TRAIN,ATL,CHI,17.0,37.0,1,False,0,Atlanta Falcons,Chicago Bears,-20.0,L
2023_17_CAR_JAX,2023,17,2023-12-31,TRAIN,JAX,CAR,26.0,0.0,1,False,1,Jacksonville Jaguars,Carolina Panthers,26.0,W
2023_17_CAR_JAX,2023,17,2023-12-31,TRAIN,CAR,JAX,0.0,26.0,1,False,0,Carolina Panthers,Jacksonville Jaguars,-26.0,L
2023_17_CIN_KC,2023,17,2023-12-31,TRAIN,KC,CIN,25.0,17.0,1,False,1,Kansas City Chiefs,Cincinnati Bengals,8.0,W
2023_17_CIN_KC,2023,17,2023-12-31,TRAIN,CIN,KC,17.0,25.0,1,False,0,Cincinnati Bengals,Kansas City Chiefs,-8.0,L
2023_17_GB_MIN,2023,17,2023-12-31,TRAIN,MIN,GB,10.0,33.0,0,False,1,Minnesota Vikings,Green Bay Packers,-23.0,L
2023_17_GB_MIN,2023,17,2023-12-31,TRAIN,GB,MIN,33.0,10.0,0,False,0,Green Bay Packers,Minnesota Vikings,23.0,W
2023_17_LAC_DEN,2023,17,2023-12-31,TRAIN,DEN,LAC,16.0,9.0,1,False,1,Denver Broncos,Los Angeles Chargers,7.0,W
2023_17_LAC_DEN,2023,17,2023-12-31,TRAIN,LAC,DEN,9.0,16.0,1,False,0,Los Angeles Chargers,Denver Broncos,-7.0,L
2023_17_LA_NYG,2023,17,2023-12-31,TRAIN,NYG,LA,25.0,26.0,0,False,1,New York Giants,Los Angeles Rams,-1.0,L
2023_17_LA_NYG,2023,17,2023-12-31,TRAIN,LA,NYG,26.0,25.0,0,False,0,Los Angeles Rams,New York Giants,1.0,W
2023_17_LV_IND,2023,17,2023-12-31,TRAIN,IND,LV,23.0,20.0,1,False,1,Indianapolis Colts,Las Vegas Raiders,3.0,W
2023_17_LV_IND,2023,17,2023-12-31,TRAIN,LV,IND,20.0,23.0,1,False,0,Las Vegas Raiders,Indianapolis Colts,-3.0,L
2023_17_MIA_BAL,2023,17,2023-12-31,TRAIN,BAL,MIA,56.0,19.0,1,False,1,Baltimore Ravens,Miami Dolphins,37.0,W
2023_17_MIA_BAL,2023,17,2023-12-31,TRAIN,MIA,BAL,19.0,56.0,1,False,0,Miami Dolphins,Baltimore Ravens,-37.0,L
2023_17_NE_BUF,2023,17,2023-12-31,TRAIN,BUF,NE,27.0,21.0,1,False,1,Buffalo Bills,New England Patriots,6.0,W
2023_17_NE_BUF,2023,17,2023-12-31,TRAIN,NE,BUF,21.0,27.0,1,False,0,New England Patriots,Buffalo Bills,-6.0,L
2023_17_NO_TB,2023,17,2023-12-31,TRAIN,TB,NO,13.0,23.0,0,False,1,Tampa Bay Buccaneers,New Orleans Saints,-10.0,L
2023_17_NO_TB,2023,17,2023-12-31,TRAIN,NO,TB,23.0,13.0,0,False,0,New Orleans Saints,Tampa Bay Buccaneers,10.0,W
2023_17_PIT_SEA,2023,17,2023-12-31,TRAIN,SEA,PIT,23.0,30.0,0,False,1,Seattle Seahawks,Pittsburgh Steelers,-7.0,L
2023_17_PIT_SEA,2023,17,2023-12-31,TRAIN,PIT,SEA,30.0,23.0,0,False,0,Pittsburgh Steelers,Seattle Seahawks,7.0,W
2023_17_SF_WAS,2023,17,2023-12-31,TRAIN,WAS,SF,10.0,27.0,0,False,1,Washington Commanders,San Francisco 49ers,-17.0,L
2023_17_SF_WAS,2023,17,2023-12-31,TRAIN,SF,WAS,27.0,10.0,0,False,0,San Francisco 49ers,Washington Commanders,17.0,W
2023_17_TEN_HOU,2023,17,2023-12-31,TRAIN,HOU,TEN,26.0,3.0,1,False,1,Houston Texans,Tennessee Titans,23.0,W
2023_17_TEN_HOU,2023,17,2023-12-31,TRAIN,TEN,HOU,3.0,26.0,1,False,0,Tennessee Titans,Houston Texans,-23.0,L
2023_18_HOU_IND,2023,18,2024-01-06,TRAIN,IND,HOU,19.0,23.0,0,False,1,Indianapolis Colts,Houston Texans,-4.0,L
2023_18_HOU_IND,2023,18,2024-01-06,TRAIN,HOU,IND,23.0,19.0,0,False,0,Houston Texans,Indianapolis Colts,4.0,W
2023_18_PIT_BAL,2023,18,2024-01-06,TRAIN,BAL,PIT,10.0,17.0,0,False,1,Baltimore Ravens,Pittsburgh Steelers,-7.0,L
2023_18_PIT_BAL,2023,18,2024-01-06,TRAIN,PIT,BAL,17.0,10.0,0,False,0,Pittsburgh Steelers,Baltimore Ravens,7.0,W
2023_18_ATL_NO,2023,18,2024-01-07,TRAIN,NO,ATL,48.0,17.0,1,False,1,New Orleans Saints,Atlanta Falcons,31.0,W
2023_18_ATL_NO,2023,18,2024-01-07,TRAIN,ATL,NO,17.0,48.0,1,False,0,Atlanta Falcons,New Orleans Saints,-31.0,L
2023_18_BUF_MIA,2023,18,2024-01-07,TRAIN,MIA,BUF,14.0,21.0,0,False,1,Miami Dolphins,Buffalo Bills,-7.0,L
2023_18_BUF_MIA,2023,18,2024-01-07,TRAIN,BUF,MIA,21.0,14.0,0,False,0,Buffalo Bills,Miami Dolphins,7.0,W
2023_18_CHI_GB,2023,18,2024-01-07,TRAIN,GB,CHI,17.0,9.0,1,False,1,Green Bay Packers,Chicago Bears,8.0,W
2023_18_CHI_GB,2023,18,2024-01-07,TRAIN,CHI,GB,9.0,17.0,1,False,0,Chicago Bears,Green Bay Packers,-8.0,L
2023_18_CLE_CIN,2023,18,2024-01-07,TRAIN,CIN,CLE,31.0,14.0,1,False,1,Cincinnati Bengals,Cleveland Browns,17.0,W
2023_18_CLE_CIN,2023,18,2024-01-07,TRAIN,CLE,CIN,14.0,31.0,1,False,0,Cleveland Browns,Cincinnati Bengals,-17.0,L
2023_18_DAL_WAS,2023,18,2024-01-07,TRAIN,WAS,DAL,10.0,38.0,0,False,1,Washington Commanders,Dallas Cowboys,-28.0,L
2023_18_DAL_WAS,2023,18,2024-01-07,TRAIN,DAL,WAS,38.0,10.0,0,False,0,Dallas Cowboys,Washington Commanders,28.0,W
2023_18_DEN_LV,2023,18,2024-01-07,TRAIN,LV,DEN,27.0,14.0,1,False,1,Las Vegas Raiders,Denver Broncos,13.0,W
2023_18_DEN_LV,2023,18,2024-01-07,TRAIN,DEN,LV,14.0,27.0,1,False,0,Denver Broncos,Las Vegas Raiders,-13.0,L
2023_18_JAX_TEN,2023,18,2024-01-07,TRAIN,TEN,JAX,28.0,20.0,1,False,1,Tennessee Titans,Jacksonville Jaguars,8.0,W
2023_18_JAX_TEN,2023,18,2024-01-07,TRAIN,JAX,TEN,20.0,28.0,1,False,0,Jacksonville Jaguars,Tennessee Titans,-8.0,L
2023_18_KC_LAC,2023,18,2024-01-07,TRAIN,LAC,KC,12.0,13.0,0,False,1,Los Angeles Chargers,Kansas City Chiefs,-1.0,L
2023_18_KC_LAC,2023,18,2024-01-07,TRAIN,KC,LAC,13.0,12.0,0,False,0,Kansas City Chiefs,Los Angeles Chargers,1.0,W
2023_18_LA_SF,2023,18,2024-01-07,TRAIN,SF,LA,20.0,21.0,0,False,1,San Francisco 49ers,Los Angeles Rams,-1.0,L
2023_18_LA_SF,2023,18,2024-01-07,TRAIN,LA,SF,21.0,20.0,0,False,0,Los Angeles Rams,San Francisco 49ers,1.0,W
2023_18_MIN_DET,2023,18,2024-01-07,TRAIN,DET,MIN,30.0,20.0,1,False,1,Detroit Lions,Minnesota Vikings,10.0,W
2023_18_MIN_DET,2023,18,2024-01-07,TRAIN,MIN,DET,20.0,30.0,1,False,0,Minnesota Vikings,Detroit Lions,-10.0,L
2023_18_NYJ_NE,2023,18,2024-01-07,TRAIN,NE,NYJ,3.0,17.0,0,False,1,New England Patriots,New York Jets,-14.0,L
2023_18_NYJ_NE,2023,18,2024-01-07,TRAIN,NYJ,NE,17.0,3.0,0,False,0,New York Jets,New England Patriots,14.0,W
2023_18_PHI_NYG,2023,18,2024-01-07,TRAIN,NYG,PHI,27.0,10.0,1,False,1,New York Giants,Philadelphia Eagles,17.0,W
2023_18_PHI_NYG,2023,18,2024-01-07,TRAIN,PHI,NYG,10.0,27.0,1,False,0,Philadelphia Eagles,New York Giants,-17.0,L
2023_18_SEA_ARI,2023,18,2024-01-07,TRAIN,ARI,SEA,20.0,21.0,0,False,1,Arizona Cardinals,Seattle Seahawks,-1.0,L
2023_18_SEA_ARI,2023,18,2024-01-07,TRAIN,SEA,ARI,21.0,20.0,0,False,0,Seattle Seahawks,Arizona Cardinals,1.0,W
2023_18_TB_CAR,2023,18,2024-01-07,TRAIN,CAR,TB,0.0,9.0,0,False,1,Carolina Panthers,Tampa Bay Buccaneers,-9.0,L
2023_18_TB_CAR,2023,18,2024-01-07,TRAIN,TB,CAR,9.0,0.0,0,False,0,Tampa Bay Buccaneers,Carolina Panthers,9.0,W
2024_01_BAL_KC,2024,1,2024-09-05,VALIDATION,KC,BAL,27.0,20.0,1,False,1,Kansas City Chiefs,Baltimore Ravens,7.0,W
2024_01_BAL_KC,2024,1,2024-09-05,VALIDATION,BAL,KC,20.0,27.0,1,False,0,Baltimore Ravens,Kansas City Chiefs,-7.0,L
2024_01_GB_PHI,2024,1,2024-09-06,VALIDATION,PHI,GB,34.0,29.0,1,False,1,Philadelphia Eagles,Green Bay Packers,5.0,W
2024_01_GB_PHI,2024,1,2024-09-06,VALIDATION,GB,PHI,29.0,34.0,1,False,0,Green Bay Packers,Philadelphia Eagles,-5.0,L
2024_01_ARI_BUF,2024,1,2024-09-08,VALIDATION,BUF,ARI,34.0,28.0,1,False,1,Buffalo Bills,Arizona Cardinals,6.0,W
2024_01_ARI_BUF,2024,1,2024-09-08,VALIDATION,ARI,BUF,28.0,34.0,1,False,0,Arizona Cardinals,Buffalo Bills,-6.0,L
2024_01_CAR_NO,2024,1,2024-09-08,VALIDATION,NO,CAR,47.0,10.0,1,False,1,New Orleans Saints,Carolina Panthers,37.0,W
2024_01_CAR_NO,2024,1,2024-09-08,VALIDATION,CAR,NO,10.0,47.0,1,False,0,Carolina Panthers,New Orleans Saints,-37.0,L
2024_01_DAL_CLE,2024,1,2024-09-08,VALIDATION,CLE,DAL,17.0,33.0,0,False,1,Cleveland Browns,Dallas Cowboys,-16.0,L
2024_01_DAL_CLE,2024,1,2024-09-08,VALIDATION,DAL,CLE,33.0,17.0,0,False,0,Dallas Cowboys,Cleveland Browns,16.0,W
2024_01_DEN_SEA,2024,1,2024-09-08,VALIDATION,SEA,DEN,26.0,20.0,1,False,1,Seattle Seahawks,Denver Broncos,6.0,W
2024_01_DEN_SEA,2024,1,2024-09-08,VALIDATION,DEN,SEA,20.0,26.0,1,False,0,Denver Broncos,Seattle Seahawks,-6.0,L
2024_01_HOU_IND,2024,1,2024-09-08,VALIDATION,IND,HOU,27.0,29.0,0,False,1,Indianapolis Colts,Houston Texans,-2.0,L
2024_01_HOU_IND,2024,1,2024-09-08,VALIDATION,HOU,IND,29.0,27.0,0,False,0,Houston Texans,Indianapolis Colts,2.0,W
2024_01_JAX_MIA,2024,1,2024-09-08,VALIDATION,MIA,JAX,20.0,17.0,1,False,1,Miami Dolphins,Jacksonville Jaguars,3.0,W
2024_01_JAX_MIA,2024,1,2024-09-08,VALIDATION,JAX,MIA,17.0,20.0,1,False,0,Jacksonville Jaguars,Miami Dolphins,-3.0,L
2024_01_LA_DET,2024,1,2024-09-08,VALIDATION,DET,LA,26.0,20.0,1,False,1,Detroit Lions,Los Angeles Rams,6.0,W
2024_01_LA_DET,2024,1,2024-09-08,VALIDATION,LA,DET,20.0,26.0,1,False,0,Los Angeles Rams,Detroit Lions,-6.0,L
2024_01_LV_LAC,2024,1,2024-09-08,VALIDATION,LAC,LV,22.0,10.0,1,False,1,Los Angeles Chargers,Las Vegas Raiders,12.0,W
2024_01_LV_LAC,2024,1,2024-09-08,VALIDATION,LV,LAC,10.0,22.0,1,False,0,Las Vegas Raiders,Los Angeles Chargers,-12.0,L
2024_01_MIN_NYG,2024,1,2024-09-08,VALIDATION,NYG,MIN,6.0,28.0,0,False,1,New York Giants,Minnesota Vikings,-22.0,L
2024_01_MIN_NYG,2024,1,2024-09-08,VALIDATION,MIN,NYG,28.0,6.0,0,False,0,Minnesota Vikings,New York Giants,22.0,W
2024_01_NE_CIN,2024,1,2024-09-08,VALIDATION,CIN,NE,10.0,16.0,0,False,1,Cincinnati Bengals,New England Patriots,-6.0,L
2024_01_NE_CIN,2024,1,2024-09-08,VALIDATION,NE,CIN,16.0,10.0,0,False,0,New England Patriots,Cincinnati Bengals,6.0,W
2024_01_PIT_ATL,2024,1,2024-09-08,VALIDATION,ATL,PIT,10.0,18.0,0,False,1,Atlanta Falcons,Pittsburgh Steelers,-8.0,L
2024_01_PIT_ATL,2024,1,2024-09-08,VALIDATION,PIT,ATL,18.0,10.0,0,False,0,Pittsburgh Steelers,Atlanta Falcons,8.0,W
2024_01_TEN_CHI,2024,1,2024-09-08,VALIDATION,CHI,TEN,24.0,17.0,1,False,1,Chicago Bears,Tennessee Titans,7.0,W
2024_01_TEN_CHI,2024,1,2024-09-08,VALIDATION,TEN,CHI,17.0,24.0,1,False,0,Tennessee Titans,Chicago Bears,-7.0,L
2024_01_WAS_TB,2024,1,2024-09-08,VALIDATION,TB,WAS,37.0,20.0,1,False,1,Tampa Bay Buccaneers,Washington Commanders,17.0,W
2024_01_WAS_TB,2024,1,2024-09-08,VALIDATION,WAS,TB,20.0,37.0,1,False,0,Washington Commanders,Tampa Bay Buccaneers,-17.0,L
2024_01_NYJ_SF,2024,1,2024-09-09,VALIDATION,SF,NYJ,32.0,19.0,1,False,1,San Francisco 49ers,New York Jets,13.0,W
2024_01_NYJ_SF,2024,1,2024-09-09,VALIDATION,NYJ,SF,19.0,32.0,1,False,0,New York Jets,San Francisco 49ers,-13.0,L
2024_02_BUF_MIA,2024,2,2024-09-12,VALIDATION,MIA,BUF,10.0,31.0,0,False,1,Miami Dolphins,Buffalo Bills,-21.0,L
2024_02_BUF_MIA,2024,2,2024-09-12,VALIDATION,BUF,MIA,31.0,10.0,0,False,0,Buffalo Bills,Miami Dolphins,21.0,W
2024_02_CHI_HOU,2024,2,2024-09-15,VALIDATION,HOU,CHI,19.0,13.0,1,False,1,Houston Texans,Chicago Bears,6.0,W
2024_02_CHI_HOU,2024,2,2024-09-15,VALIDATION,CHI,HOU,13.0,19.0,1,False,0,Chicago Bears,Houston Texans,-6.0,L
2024_02_CIN_KC,2024,2,2024-09-15,VALIDATION,KC,CIN,26.0,25.0,1,False,1,Kansas City Chiefs,Cincinnati Bengals,1.0,W
2024_02_CIN_KC,2024,2,2024-09-15,VALIDATION,CIN,KC,25.0,26.0,1,False,0,Cincinnati Bengals,Kansas City Chiefs,-1.0,L
2024_02_CLE_JAX,2024,2,2024-09-15,VALIDATION,JAX,CLE,13.0,18.0,0,False,1,Jacksonville Jaguars,Cleveland Browns,-5.0,L
2024_02_CLE_JAX,2024,2,2024-09-15,VALIDATION,CLE,JAX,18.0,13.0,0,False,0,Cleveland Browns,Jacksonville Jaguars,5.0,W
2024_02_IND_GB,2024,2,2024-09-15,VALIDATION,GB,IND,16.0,10.0,1,False,1,Green Bay Packers,Indianapolis Colts,6.0,W
2024_02_IND_GB,2024,2,2024-09-15,VALIDATION,IND,GB,10.0,16.0,1,False,0,Indianapolis Colts,Green Bay Packers,-6.0,L
2024_02_LAC_CAR,2024,2,2024-09-15,VALIDATION,CAR,LAC,3.0,26.0,0,False,1,Carolina Panthers,Los Angeles Chargers,-23.0,L
2024_02_LAC_CAR,2024,2,2024-09-15,VALIDATION,LAC,CAR,26.0,3.0,0,False,0,Los Angeles Chargers,Carolina Panthers,23.0,W
2024_02_LA_ARI,2024,2,2024-09-15,VALIDATION,ARI,LA,41.0,10.0,1,False,1,Arizona Cardinals,Los Angeles Rams,31.0,W
2024_02_LA_ARI,2024,2,2024-09-15,VALIDATION,LA,ARI,10.0,41.0,1,False,0,Los Angeles Rams,Arizona Cardinals,-31.0,L
2024_02_LV_BAL,2024,2,2024-09-15,VALIDATION,BAL,LV,23.0,26.0,0,False,1,Baltimore Ravens,Las Vegas Raiders,-3.0,L
2024_02_LV_BAL,2024,2,2024-09-15,VALIDATION,LV,BAL,26.0,23.0,0,False,0,Las Vegas Raiders,Baltimore Ravens,3.0,W
2024_02_NO_DAL,2024,2,2024-09-15,VALIDATION,DAL,NO,19.0,44.0,0,False,1,Dallas Cowboys,New Orleans Saints,-25.0,L
2024_02_NO_DAL,2024,2,2024-09-15,VALIDATION,NO,DAL,44.0,19.0,0,False,0,New Orleans Saints,Dallas Cowboys,25.0,W
2024_02_NYG_WAS,2024,2,2024-09-15,VALIDATION,WAS,NYG,21.0,18.0,1,False,1,Washington Commanders,New York Giants,3.0,W
2024_02_NYG_WAS,2024,2,2024-09-15,VALIDATION,NYG,WAS,18.0,21.0,1,False,0,New York Giants,Washington Commanders,-3.0,L
2024_02_NYJ_TEN,2024,2,2024-09-15,VALIDATION,TEN,NYJ,17.0,24.0,0,False,1,Tennessee Titans,New York Jets,-7.0,L
2024_02_NYJ_TEN,2024,2,2024-09-15,VALIDATION,NYJ,TEN,24.0,17.0,0,False,0,New York Jets,Tennessee Titans,7.0,W
2024_02_PIT_DEN,2024,2,2024-09-15,VALIDATION,DEN,PIT,6.0,13.0,0,False,1,Denver Broncos,Pittsburgh Steelers,-7.0,L
2024_02_PIT_DEN,2024,2,2024-09-15,VALIDATION,PIT,DEN,13.0,6.0,0,False,0,Pittsburgh Steelers,Denver Broncos,7.0,W
2024_02_SEA_NE,2024,2,2024-09-15,VALIDATION,NE,SEA,20.0,23.0,0,False,1,New England Patriots,Seattle Seahawks,-3.0,L
2024_02_SEA_NE,2024,2,2024-09-15,VALIDATION,SEA,NE,23.0,20.0,0,False,0,Seattle Seahawks,New England Patriots,3.0,W
2024_02_SF_MIN,2024,2,2024-09-15,VALIDATION,MIN,SF,23.0,17.0,1,False,1,Minnesota Vikings,San Francisco 49ers,6.0,W
2024_02_SF_MIN,2024,2,2024-09-15,VALIDATION,SF,MIN,17.0,23.0,1,False,0,San Francisco 49ers,Minnesota Vikings,-6.0,L
2024_02_TB_DET,2024,2,2024-09-15,VALIDATION,DET,TB,16.0,20.0,0,False,1,Detroit Lions,Tampa Bay Buccaneers,-4.0,L
2024_02_TB_DET,2024,2,2024-09-15,VALIDATION,TB,DET,20.0,16.0,0,False,0,Tampa Bay Buccaneers,Detroit Lions,4.0,W
2024_02_ATL_PHI,2024,2,2024-09-16,VALIDATION,PHI,ATL,21.0,22.0,0,False,1,Philadelphia Eagles,Atlanta Falcons,-1.0,L
2024_02_ATL_PHI,2024,2,2024-09-16,VALIDATION,ATL,PHI,22.0,21.0,0,False,0,Atlanta Falcons,Philadelphia Eagles,1.0,W
2024_03_NE_NYJ,2024,3,2024-09-19,VALIDATION,NYJ,NE,24.0,3.0,1,False,1,New York Jets,New England Patriots,21.0,W
2024_03_NE_NYJ,2024,3,2024-09-19,VALIDATION,NE,NYJ,3.0,24.0,1,False,0,New England Patriots,New York Jets,-21.0,L
2024_03_BAL_DAL,2024,3,2024-09-22,VALIDATION,DAL,BAL,25.0,28.0,0,False,1,Dallas Cowboys,Baltimore Ravens,-3.0,L
2024_03_BAL_DAL,2024,3,2024-09-22,VALIDATION,BAL,DAL,28.0,25.0,0,False,0,Baltimore Ravens,Dallas Cowboys,3.0,W
2024_03_CAR_LV,2024,3,2024-09-22,VALIDATION,LV,CAR,22.0,36.0,0,False,1,Las Vegas Raiders,Carolina Panthers,-14.0,L
2024_03_CAR_LV,2024,3,2024-09-22,VALIDATION,CAR,LV,36.0,22.0,0,False,0,Carolina Panthers,Las Vegas Raiders,14.0,W
2024_03_CHI_IND,2024,3,2024-09-22,VALIDATION,IND,CHI,21.0,16.0,1,False,1,Indianapolis Colts,Chicago Bears,5.0,W
2024_03_CHI_IND,2024,3,2024-09-22,VALIDATION,CHI,IND,16.0,21.0,1,False,0,Chicago Bears,Indianapolis Colts,-5.0,L
2024_03_DEN_TB,2024,3,2024-09-22,VALIDATION,TB,DEN,7.0,26.0,0,False,1,Tampa Bay Buccaneers,Denver Broncos,-19.0,L
2024_03_DEN_TB,2024,3,2024-09-22,VALIDATION,DEN,TB,26.0,7.0,0,False,0,Denver Broncos,Tampa Bay Buccaneers,19.0,W
2024_03_DET_ARI,2024,3,2024-09-22,VALIDATION,ARI,DET,13.0,20.0,0,False,1,Arizona Cardinals,Detroit Lions,-7.0,L
2024_03_DET_ARI,2024,3,2024-09-22,VALIDATION,DET,ARI,20.0,13.0,0,False,0,Detroit Lions,Arizona Cardinals,7.0,W
2024_03_GB_TEN,2024,3,2024-09-22,VALIDATION,TEN,GB,14.0,30.0,0,False,1,Tennessee Titans,Green Bay Packers,-16.0,L
2024_03_GB_TEN,2024,3,2024-09-22,VALIDATION,GB,TEN,30.0,14.0,0,False,0,Green Bay Packers,Tennessee Titans,16.0,W
2024_03_HOU_MIN,2024,3,2024-09-22,VALIDATION,MIN,HOU,34.0,7.0,1,False,1,Minnesota Vikings,Houston Texans,27.0,W
2024_03_HOU_MIN,2024,3,2024-09-22,VALIDATION,HOU,MIN,7.0,34.0,1,False,0,Houston Texans,Minnesota Vikings,-27.0,L
2024_03_KC_ATL,2024,3,2024-09-22,VALIDATION,ATL,KC,17.0,22.0,0,False,1,Atlanta Falcons,Kansas City Chiefs,-5.0,L
2024_03_KC_ATL,2024,3,2024-09-22,VALIDATION,KC,ATL,22.0,17.0,0,False,0,Kansas City Chiefs,Atlanta Falcons,5.0,W
2024_03_LAC_PIT,2024,3,2024-09-22,VALIDATION,PIT,LAC,20.0,10.0,1,False,1,Pittsburgh Steelers,Los Angeles Chargers,10.0,W
2024_03_LAC_PIT,2024,3,2024-09-22,VALIDATION,LAC,PIT,10.0,20.0,1,False,0,Los Angeles Chargers,Pittsburgh Steelers,-10.0,L
2024_03_MIA_SEA,2024,3,2024-09-22,VALIDATION,SEA,MIA,24.0,3.0,1,False,1,Seattle Seahawks,Miami Dolphins,21.0,W
2024_03_MIA_SEA,2024,3,2024-09-22,VALIDATION,MIA,SEA,3.0,24.0,1,False,0,Miami Dolphins,Seattle Seahawks,-21.0,L
2024_03_NYG_CLE,2024,3,2024-09-22,VALIDATION,CLE,NYG,15.0,21.0,0,False,1,Cleveland Browns,New York Giants,-6.0,L
2024_03_NYG_CLE,2024,3,2024-09-22,VALIDATION,NYG,CLE,21.0,15.0,0,False,0,New York Giants,Cleveland Browns,6.0,W
2024_03_PHI_NO,2024,3,2024-09-22,VALIDATION,NO,PHI,12.0,15.0,0,False,1,New Orleans Saints,Philadelphia Eagles,-3.0,L
2024_03_PHI_NO,2024,3,2024-09-22,VALIDATION,PHI,NO,15.0,12.0,0,False,0,Philadelphia Eagles,New Orleans Saints,3.0,W
2024_03_SF_LA,2024,3,2024-09-22,VALIDATION,LA,SF,27.0,24.0,1,False,1,Los Angeles Rams,San Francisco 49ers,3.0,W
2024_03_SF_LA,2024,3,2024-09-22,VALIDATION,SF,LA,24.0,27.0,1,False,0,San Francisco 49ers,Los Angeles Rams,-3.0,L
2024_03_JAX_BUF,2024,3,2024-09-23,VALIDATION,BUF,JAX,47.0,10.0,1,False,1,Buffalo Bills,Jacksonville Jaguars,37.0,W
2024_03_JAX_BUF,2024,3,2024-09-23,VALIDATION,JAX,BUF,10.0,47.0,1,False,0,Jacksonville Jaguars,Buffalo Bills,-37.0,L
2024_03_WAS_CIN,2024,3,2024-09-23,VALIDATION,CIN,WAS,33.0,38.0,0,False,1,Cincinnati Bengals,Washington Commanders,-5.0,L
2024_03_WAS_CIN,2024,3,2024-09-23,VALIDATION,WAS,CIN,38.0,33.0,0,False,0,Washington Commanders,Cincinnati Bengals,5.0,W
2024_04_DAL_NYG,2024,4,2024-09-26,VALIDATION,NYG,DAL,15.0,20.0,0,False,1,New York Giants,Dallas Cowboys,-5.0,L
2024_04_DAL_NYG,2024,4,2024-09-26,VALIDATION,DAL,NYG,20.0,15.0,0,False,0,Dallas Cowboys,New York Giants,5.0,W
2024_04_BUF_BAL,2024,4,2024-09-29,VALIDATION,BAL,BUF,35.0,10.0,1,False,1,Baltimore Ravens,Buffalo Bills,25.0,W
2024_04_BUF_BAL,2024,4,2024-09-29,VALIDATION,BUF,BAL,10.0,35.0,1,False,0,Buffalo Bills,Baltimore Ravens,-25.0,L
2024_04_CIN_CAR,2024,4,2024-09-29,VALIDATION,CAR,CIN,24.0,34.0,0,False,1,Carolina Panthers,Cincinnati Bengals,-10.0,L
2024_04_CIN_CAR,2024,4,2024-09-29,VALIDATION,CIN,CAR,34.0,24.0,0,False,0,Cincinnati Bengals,Carolina Panthers,10.0,W
2024_04_CLE_LV,2024,4,2024-09-29,VALIDATION,LV,CLE,20.0,16.0,1,False,1,Las Vegas Raiders,Cleveland Browns,4.0,W
2024_04_CLE_LV,2024,4,2024-09-29,VALIDATION,CLE,LV,16.0,20.0,1,False,0,Cleveland Browns,Las Vegas Raiders,-4.0,L
2024_04_DEN_NYJ,2024,4,2024-09-29,VALIDATION,NYJ,DEN,9.0,10.0,0,False,1,New York Jets,Denver Broncos,-1.0,L
2024_04_DEN_NYJ,2024,4,2024-09-29,VALIDATION,DEN,NYJ,10.0,9.0,0,False,0,Denver Broncos,New York Jets,1.0,W
2024_04_JAX_HOU,2024,4,2024-09-29,VALIDATION,HOU,JAX,24.0,20.0,1,False,1,Houston Texans,Jacksonville Jaguars,4.0,W
2024_04_JAX_HOU,2024,4,2024-09-29,VALIDATION,JAX,HOU,20.0,24.0,1,False,0,Jacksonville Jaguars,Houston Texans,-4.0,L
2024_04_KC_LAC,2024,4,2024-09-29,VALIDATION,LAC,KC,10.0,17.0,0,False,1,Los Angeles Chargers,Kansas City Chiefs,-7.0,L
2024_04_KC_LAC,2024,4,2024-09-29,VALIDATION,KC,LAC,17.0,10.0,0,False,0,Kansas City Chiefs,Los Angeles Chargers,7.0,W
2024_04_LA_CHI,2024,4,2024-09-29,VALIDATION,CHI,LA,24.0,18.0,1,False,1,Chicago Bears,Los Angeles Rams,6.0,W
2024_04_LA_CHI,2024,4,2024-09-29,VALIDATION,LA,CHI,18.0,24.0,1,False,0,Los Angeles Rams,Chicago Bears,-6.0,L
2024_04_MIN_GB,2024,4,2024-09-29,VALIDATION,GB,MIN,29.0,31.0,0,False,1,Green Bay Packers,Minnesota Vikings,-2.0,L
2024_04_MIN_GB,2024,4,2024-09-29,VALIDATION,MIN,GB,31.0,29.0,0,False,0,Minnesota Vikings,Green Bay Packers,2.0,W
2024_04_NE_SF,2024,4,2024-09-29,VALIDATION,SF,NE,30.0,13.0,1,False,1,San Francisco 49ers,New England Patriots,17.0,W
2024_04_NE_SF,2024,4,2024-09-29,VALIDATION,NE,SF,13.0,30.0,1,False,0,New England Patriots,San Francisco 49ers,-17.0,L
2024_04_NO_ATL,2024,4,2024-09-29,VALIDATION,ATL,NO,26.0,24.0,1,False,1,Atlanta Falcons,New Orleans Saints,2.0,W
2024_04_NO_ATL,2024,4,2024-09-29,VALIDATION,NO,ATL,24.0,26.0,1,False,0,New Orleans Saints,Atlanta Falcons,-2.0,L
2024_04_PHI_TB,2024,4,2024-09-29,VALIDATION,TB,PHI,33.0,16.0,1,False,1,Tampa Bay Buccaneers,Philadelphia Eagles,17.0,W
2024_04_PHI_TB,2024,4,2024-09-29,VALIDATION,PHI,TB,16.0,33.0,1,False,0,Philadelphia Eagles,Tampa Bay Buccaneers,-17.0,L
2024_04_PIT_IND,2024,4,2024-09-29,VALIDATION,IND,PIT,27.0,24.0,1,False,1,Indianapolis Colts,Pittsburgh Steelers,3.0,W
2024_04_PIT_IND,2024,4,2024-09-29,VALIDATION,PIT,IND,24.0,27.0,1,False,0,Pittsburgh Steelers,Indianapolis Colts,-3.0,L
2024_04_WAS_ARI,2024,4,2024-09-29,VALIDATION,ARI,WAS,14.0,42.0,0,False,1,Arizona Cardinals,Washington Commanders,-28.0,L
2024_04_WAS_ARI,2024,4,2024-09-29,VALIDATION,WAS,ARI,42.0,14.0,0,False,0,Washington Commanders,Arizona Cardinals,28.0,W
2024_04_SEA_DET,2024,4,2024-09-30,VALIDATION,DET,SEA,42.0,29.0,1,False,1,Detroit Lions,Seattle Seahawks,13.0,W
2024_04_SEA_DET,2024,4,2024-09-30,VALIDATION,SEA,DET,29.0,42.0,1,False,0,Seattle Seahawks,Detroit Lions,-13.0,L
2024_04_TEN_MIA,2024,4,2024-09-30,VALIDATION,MIA,TEN,12.0,31.0,0,False,1,Miami Dolphins,Tennessee Titans,-19.0,L
2024_04_TEN_MIA,2024,4,2024-09-30,VALIDATION,TEN,MIA,31.0,12.0,0,False,0,Tennessee Titans,Miami Dolphins,19.0,W
2024_05_TB_ATL,2024,5,2024-10-03,VALIDATION,ATL,TB,36.0,30.0,1,False,1,Atlanta Falcons,Tampa Bay Buccaneers,6.0,W
2024_05_TB_ATL,2024,5,2024-10-03,VALIDATION,TB,ATL,30.0,36.0,1,False,0,Tampa Bay Buccaneers,Atlanta Falcons,-6.0,L
2024_05_ARI_SF,2024,5,2024-10-06,VALIDATION,SF,ARI,23.0,24.0,0,False,1,San Francisco 49ers,Arizona Cardinals,-1.0,L
2024_05_ARI_SF,2024,5,2024-10-06,VALIDATION,ARI,SF,24.0,23.0,0,False,0,Arizona Cardinals,San Francisco 49ers,1.0,W
2024_05_BAL_CIN,2024,5,2024-10-06,VALIDATION,CIN,BAL,38.0,41.0,0,False,1,Cincinnati Bengals,Baltimore Ravens,-3.0,L
2024_05_BAL_CIN,2024,5,2024-10-06,VALIDATION,BAL,CIN,41.0,38.0,0,False,0,Baltimore Ravens,Cincinnati Bengals,3.0,W
2024_05_BUF_HOU,2024,5,2024-10-06,VALIDATION,HOU,BUF,23.0,20.0,1,False,1,Houston Texans,Buffalo Bills,3.0,W
2024_05_BUF_HOU,2024,5,2024-10-06,VALIDATION,BUF,HOU,20.0,23.0,1,False,0,Buffalo Bills,Houston Texans,-3.0,L
2024_05_CAR_CHI,2024,5,2024-10-06,VALIDATION,CHI,CAR,36.0,10.0,1,False,1,Chicago Bears,Carolina Panthers,26.0,W
2024_05_CAR_CHI,2024,5,2024-10-06,VALIDATION,CAR,CHI,10.0,36.0,1,False,0,Carolina Panthers,Chicago Bears,-26.0,L
2024_05_CLE_WAS,2024,5,2024-10-06,VALIDATION,WAS,CLE,34.0,13.0,1,False,1,Washington Commanders,Cleveland Browns,21.0,W
2024_05_CLE_WAS,2024,5,2024-10-06,VALIDATION,CLE,WAS,13.0,34.0,1,False,0,Cleveland Browns,Washington Commanders,-21.0,L
2024_05_DAL_PIT,2024,5,2024-10-06,VALIDATION,PIT,DAL,17.0,20.0,0,False,1,Pittsburgh Steelers,Dallas Cowboys,-3.0,L
2024_05_DAL_PIT,2024,5,2024-10-06,VALIDATION,DAL,PIT,20.0,17.0,0,False,0,Dallas Cowboys,Pittsburgh Steelers,3.0,W
2024_05_GB_LA,2024,5,2024-10-06,VALIDATION,LA,GB,19.0,24.0,0,False,1,Los Angeles Rams,Green Bay Packers,-5.0,L
2024_05_GB_LA,2024,5,2024-10-06,VALIDATION,GB,LA,24.0,19.0,0,False,0,Green Bay Packers,Los Angeles Rams,5.0,W
2024_05_IND_JAX,2024,5,2024-10-06,VALIDATION,JAX,IND,37.0,34.0,1,False,1,Jacksonville Jaguars,Indianapolis Colts,3.0,W
2024_05_IND_JAX,2024,5,2024-10-06,VALIDATION,IND,JAX,34.0,37.0,1,False,0,Indianapolis Colts,Jacksonville Jaguars,-3.0,L
2024_05_LV_DEN,2024,5,2024-10-06,VALIDATION,DEN,LV,34.0,18.0,1,False,1,Denver Broncos,Las Vegas Raiders,16.0,W
2024_05_LV_DEN,2024,5,2024-10-06,VALIDATION,LV,DEN,18.0,34.0,1,False,0,Las Vegas Raiders,Denver Broncos,-16.0,L
2024_05_MIA_NE,2024,5,2024-10-06,VALIDATION,NE,MIA,10.0,15.0,0,False,1,New England Patriots,Miami Dolphins,-5.0,L
2024_05_MIA_NE,2024,5,2024-10-06,VALIDATION,MIA,NE,15.0,10.0,0,False,0,Miami Dolphins,New England Patriots,5.0,W
2024_05_NYG_SEA,2024,5,2024-10-06,VALIDATION,SEA,NYG,20.0,29.0,0,False,1,Seattle Seahawks,New York Giants,-9.0,L
2024_05_NYG_SEA,2024,5,2024-10-06,VALIDATION,NYG,SEA,29.0,20.0,0,False,0,New York Giants,Seattle Seahawks,9.0,W
2024_05_NYJ_MIN,2024,5,2024-10-06,VALIDATION,MIN,NYJ,23.0,17.0,1,False,1,Minnesota Vikings,New York Jets,6.0,W
2024_05_NYJ_MIN,2024,5,2024-10-06,VALIDATION,NYJ,MIN,17.0,23.0,1,False,0,New York Jets,Minnesota Vikings,-6.0,L
2024_05_NO_KC,2024,5,2024-10-07,VALIDATION,KC,NO,26.0,13.0,1,False,1,Kansas City Chiefs,New Orleans Saints,13.0,W
2024_05_NO_KC,2024,5,2024-10-07,VALIDATION,NO,KC,13.0,26.0,1,False,0,New Orleans Saints,Kansas City Chiefs,-13.0,L
2024_06_SF_SEA,2024,6,2024-10-10,VALIDATION,SEA,SF,24.0,36.0,0,False,1,Seattle Seahawks,San Francisco 49ers,-12.0,L
2024_06_SF_SEA,2024,6,2024-10-10,VALIDATION,SF,SEA,36.0,24.0,0,False,0,San Francisco 49ers,Seattle Seahawks,12.0,W
2024_06_ARI_GB,2024,6,2024-10-13,VALIDATION,GB,ARI,34.0,13.0,1,False,1,Green Bay Packers,Arizona Cardinals,21.0,W
2024_06_ARI_GB,2024,6,2024-10-13,VALIDATION,ARI,GB,13.0,34.0,1,False,0,Arizona Cardinals,Green Bay Packers,-21.0,L
2024_06_ATL_CAR,2024,6,2024-10-13,VALIDATION,CAR,ATL,20.0,38.0,0,False,1,Carolina Panthers,Atlanta Falcons,-18.0,L
2024_06_ATL_CAR,2024,6,2024-10-13,VALIDATION,ATL,CAR,38.0,20.0,0,False,0,Atlanta Falcons,Carolina Panthers,18.0,W
2024_06_CIN_NYG,2024,6,2024-10-13,VALIDATION,NYG,CIN,7.0,17.0,0,False,1,New York Giants,Cincinnati Bengals,-10.0,L
2024_06_CIN_NYG,2024,6,2024-10-13,VALIDATION,CIN,NYG,17.0,7.0,0,False,0,Cincinnati Bengals,New York Giants,10.0,W
2024_06_CLE_PHI,2024,6,2024-10-13,VALIDATION,PHI,CLE,20.0,16.0,1,False,1,Philadelphia Eagles,Cleveland Browns,4.0,W
2024_06_CLE_PHI,2024,6,2024-10-13,VALIDATION,CLE,PHI,16.0,20.0,1,False,0,Cleveland Browns,Philadelphia Eagles,-4.0,L
2024_06_DET_DAL,2024,6,2024-10-13,VALIDATION,DAL,DET,9.0,47.0,0,False,1,Dallas Cowboys,Detroit Lions,-38.0,L
2024_06_DET_DAL,2024,6,2024-10-13,VALIDATION,DET,DAL,47.0,9.0,0,False,0,Detroit Lions,Dallas Cowboys,38.0,W
2024_06_HOU_NE,2024,6,2024-10-13,VALIDATION,NE,HOU,21.0,41.0,0,False,1,New England Patriots,Houston Texans,-20.0,L
2024_06_HOU_NE,2024,6,2024-10-13,VALIDATION,HOU,NE,41.0,21.0,0,False,0,Houston Texans,New England Patriots,20.0,W
2024_06_IND_TEN,2024,6,2024-10-13,VALIDATION,TEN,IND,17.0,20.0,0,False,1,Tennessee Titans,Indianapolis Colts,-3.0,L
2024_06_IND_TEN,2024,6,2024-10-13,VALIDATION,IND,TEN,20.0,17.0,0,False,0,Indianapolis Colts,Tennessee Titans,3.0,W
2024_06_JAX_CHI,2024,6,2024-10-13,VALIDATION,CHI,JAX,35.0,16.0,1,False,1,Chicago Bears,Jacksonville Jaguars,19.0,W
2024_06_JAX_CHI,2024,6,2024-10-13,VALIDATION,JAX,CHI,16.0,35.0,1,False,0,Jacksonville Jaguars,Chicago Bears,-19.0,L
2024_06_LAC_DEN,2024,6,2024-10-13,VALIDATION,DEN,LAC,16.0,23.0,0,False,1,Denver Broncos,Los Angeles Chargers,-7.0,L
2024_06_LAC_DEN,2024,6,2024-10-13,VALIDATION,LAC,DEN,23.0,16.0,0,False,0,Los Angeles Chargers,Denver Broncos,7.0,W
2024_06_PIT_LV,2024,6,2024-10-13,VALIDATION,LV,PIT,13.0,32.0,0,False,1,Las Vegas Raiders,Pittsburgh Steelers,-19.0,L
2024_06_PIT_LV,2024,6,2024-10-13,VALIDATION,PIT,LV,32.0,13.0,0,False,0,Pittsburgh Steelers,Las Vegas Raiders,19.0,W
2024_06_TB_NO,2024,6,2024-10-13,VALIDATION,NO,TB,27.0,51.0,0,False,1,New Orleans Saints,Tampa Bay Buccaneers,-24.0,L
2024_06_TB_NO,2024,6,2024-10-13,VALIDATION,TB,NO,51.0,27.0,0,False,0,Tampa Bay Buccaneers,New Orleans Saints,24.0,W
2024_06_WAS_BAL,2024,6,2024-10-13,VALIDATION,BAL,WAS,30.0,23.0,1,False,1,Baltimore Ravens,Washington Commanders,7.0,W
2024_06_WAS_BAL,2024,6,2024-10-13,VALIDATION,WAS,BAL,23.0,30.0,1,False,0,Washington Commanders,Baltimore Ravens,-7.0,L
2024_06_BUF_NYJ,2024,6,2024-10-14,VALIDATION,NYJ,BUF,20.0,23.0,0,False,1,New York Jets,Buffalo Bills,-3.0,L
2024_06_BUF_NYJ,2024,6,2024-10-14,VALIDATION,BUF,NYJ,23.0,20.0,0,False,0,Buffalo Bills,New York Jets,3.0,W
2024_07_DEN_NO,2024,7,2024-10-17,VALIDATION,NO,DEN,10.0,33.0,0,False,1,New Orleans Saints,Denver Broncos,-23.0,L
2024_07_DEN_NO,2024,7,2024-10-17,VALIDATION,DEN,NO,33.0,10.0,0,False,0,Denver Broncos,New Orleans Saints,23.0,W
2024_07_CAR_WAS,2024,7,2024-10-20,VALIDATION,WAS,CAR,40.0,7.0,1,False,1,Washington Commanders,Carolina Panthers,33.0,W
2024_07_CAR_WAS,2024,7,2024-10-20,VALIDATION,CAR,WAS,7.0,40.0,1,False,0,Carolina Panthers,Washington Commanders,-33.0,L
2024_07_CIN_CLE,2024,7,2024-10-20,VALIDATION,CLE,CIN,14.0,21.0,0,False,1,Cleveland Browns,Cincinnati Bengals,-7.0,L
2024_07_CIN_CLE,2024,7,2024-10-20,VALIDATION,CIN,CLE,21.0,14.0,0,False,0,Cincinnati Bengals,Cleveland Browns,7.0,W
2024_07_DET_MIN,2024,7,2024-10-20,VALIDATION,MIN,DET,29.0,31.0,0,False,1,Minnesota Vikings,Detroit Lions,-2.0,L
2024_07_DET_MIN,2024,7,2024-10-20,VALIDATION,DET,MIN,31.0,29.0,0,False,0,Detroit Lions,Minnesota Vikings,2.0,W
2024_07_HOU_GB,2024,7,2024-10-20,VALIDATION,GB,HOU,24.0,22.0,1,False,1,Green Bay Packers,Houston Texans,2.0,W
2024_07_HOU_GB,2024,7,2024-10-20,VALIDATION,HOU,GB,22.0,24.0,1,False,0,Houston Texans,Green Bay Packers,-2.0,L
2024_07_KC_SF,2024,7,2024-10-20,VALIDATION,SF,KC,18.0,28.0,0,False,1,San Francisco 49ers,Kansas City Chiefs,-10.0,L
2024_07_KC_SF,2024,7,2024-10-20,VALIDATION,KC,SF,28.0,18.0,0,False,0,Kansas City Chiefs,San Francisco 49ers,10.0,W
2024_07_LV_LA,2024,7,2024-10-20,VALIDATION,LA,LV,20.0,15.0,1,False,1,Los Angeles Rams,Las Vegas Raiders,5.0,W
2024_07_LV_LA,2024,7,2024-10-20,VALIDATION,LV,LA,15.0,20.0,1,False,0,Las Vegas Raiders,Los Angeles Rams,-5.0,L
2024_07_MIA_IND,2024,7,2024-10-20,VALIDATION,IND,MIA,16.0,10.0,1,False,1,Indianapolis Colts,Miami Dolphins,6.0,W
2024_07_MIA_IND,2024,7,2024-10-20,VALIDATION,MIA,IND,10.0,16.0,1,False,0,Miami Dolphins,Indianapolis Colts,-6.0,L
2024_07_NE_JAX,2024,7,2024-10-20,VALIDATION,JAX,NE,32.0,16.0,1,False,1,Jacksonville Jaguars,New England Patriots,16.0,W
2024_07_NE_JAX,2024,7,2024-10-20,VALIDATION,NE,JAX,16.0,32.0,1,False,0,New England Patriots,Jacksonville Jaguars,-16.0,L
2024_07_NYJ_PIT,2024,7,2024-10-20,VALIDATION,PIT,NYJ,37.0,15.0,1,False,1,Pittsburgh Steelers,New York Jets,22.0,W
2024_07_NYJ_PIT,2024,7,2024-10-20,VALIDATION,NYJ,PIT,15.0,37.0,1,False,0,New York Jets,Pittsburgh Steelers,-22.0,L
2024_07_PHI_NYG,2024,7,2024-10-20,VALIDATION,NYG,PHI,3.0,28.0,0,False,1,New York Giants,Philadelphia Eagles,-25.0,L
2024_07_PHI_NYG,2024,7,2024-10-20,VALIDATION,PHI,NYG,28.0,3.0,0,False,0,Philadelphia Eagles,New York Giants,25.0,W
2024_07_SEA_ATL,2024,7,2024-10-20,VALIDATION,ATL,SEA,14.0,34.0,0,False,1,Atlanta Falcons,Seattle Seahawks,-20.0,L
2024_07_SEA_ATL,2024,7,2024-10-20,VALIDATION,SEA,ATL,34.0,14.0,0,False,0,Seattle Seahawks,Atlanta Falcons,20.0,W
2024_07_TEN_BUF,2024,7,2024-10-20,VALIDATION,BUF,TEN,34.0,10.0,1,False,1,Buffalo Bills,Tennessee Titans,24.0,W
2024_07_TEN_BUF,2024,7,2024-10-20,VALIDATION,TEN,BUF,10.0,34.0,1,False,0,Tennessee Titans,Buffalo Bills,-24.0,L
2024_07_BAL_TB,2024,7,2024-10-21,VALIDATION,TB,BAL,31.0,41.0,0,False,1,Tampa Bay Buccaneers,Baltimore Ravens,-10.0,L
2024_07_BAL_TB,2024,7,2024-10-21,VALIDATION,BAL,TB,41.0,31.0,0,False,0,Baltimore Ravens,Tampa Bay Buccaneers,10.0,W
2024_07_LAC_ARI,2024,7,2024-10-21,VALIDATION,ARI,LAC,17.0,15.0,1,False,1,Arizona Cardinals,Los Angeles Chargers,2.0,W
2024_07_LAC_ARI,2024,7,2024-10-21,VALIDATION,LAC,ARI,15.0,17.0,1,False,0,Los Angeles Chargers,Arizona Cardinals,-2.0,L
2024_08_MIN_LA,2024,8,2024-10-24,VALIDATION,LA,MIN,30.0,20.0,1,False,1,Los Angeles Rams,Minnesota Vikings,10.0,W
2024_08_MIN_LA,2024,8,2024-10-24,VALIDATION,MIN,LA,20.0,30.0,1,False,0,Minnesota Vikings,Los Angeles Rams,-10.0,L
2024_08_ARI_MIA,2024,8,2024-10-27,VALIDATION,MIA,ARI,27.0,28.0,0,False,1,Miami Dolphins,Arizona Cardinals,-1.0,L
2024_08_ARI_MIA,2024,8,2024-10-27,VALIDATION,ARI,MIA,28.0,27.0,0,False,0,Arizona Cardinals,Miami Dolphins,1.0,W
2024_08_ATL_TB,2024,8,2024-10-27,VALIDATION,TB,ATL,26.0,31.0,0,False,1,Tampa Bay Buccaneers,Atlanta Falcons,-5.0,L
2024_08_ATL_TB,2024,8,2024-10-27,VALIDATION,ATL,TB,31.0,26.0,0,False,0,Atlanta Falcons,Tampa Bay Buccaneers,5.0,W
2024_08_BAL_CLE,2024,8,2024-10-27,VALIDATION,CLE,BAL,29.0,24.0,1,False,1,Cleveland Browns,Baltimore Ravens,5.0,W
2024_08_BAL_CLE,2024,8,2024-10-27,VALIDATION,BAL,CLE,24.0,29.0,1,False,0,Baltimore Ravens,Cleveland Browns,-5.0,L
2024_08_BUF_SEA,2024,8,2024-10-27,VALIDATION,SEA,BUF,10.0,31.0,0,False,1,Seattle Seahawks,Buffalo Bills,-21.0,L
2024_08_BUF_SEA,2024,8,2024-10-27,VALIDATION,BUF,SEA,31.0,10.0,0,False,0,Buffalo Bills,Seattle Seahawks,21.0,W
2024_08_CAR_DEN,2024,8,2024-10-27,VALIDATION,DEN,CAR,28.0,14.0,1,False,1,Denver Broncos,Carolina Panthers,14.0,W
2024_08_CAR_DEN,2024,8,2024-10-27,VALIDATION,CAR,DEN,14.0,28.0,1,False,0,Carolina Panthers,Denver Broncos,-14.0,L
2024_08_CHI_WAS,2024,8,2024-10-27,VALIDATION,WAS,CHI,18.0,15.0,1,False,1,Washington Commanders,Chicago Bears,3.0,W
2024_08_CHI_WAS,2024,8,2024-10-27,VALIDATION,CHI,WAS,15.0,18.0,1,False,0,Chicago Bears,Washington Commanders,-3.0,L
2024_08_DAL_SF,2024,8,2024-10-27,VALIDATION,SF,DAL,30.0,24.0,1,False,1,San Francisco 49ers,Dallas Cowboys,6.0,W
2024_08_DAL_SF,2024,8,2024-10-27,VALIDATION,DAL,SF,24.0,30.0,1,False,0,Dallas Cowboys,San Francisco 49ers,-6.0,L
2024_08_GB_JAX,2024,8,2024-10-27,VALIDATION,JAX,GB,27.0,30.0,0,False,1,Jacksonville Jaguars,Green Bay Packers,-3.0,L
2024_08_GB_JAX,2024,8,2024-10-27,VALIDATION,GB,JAX,30.0,27.0,0,False,0,Green Bay Packers,Jacksonville Jaguars,3.0,W
2024_08_IND_HOU,2024,8,2024-10-27,VALIDATION,HOU,IND,23.0,20.0,1,False,1,Houston Texans,Indianapolis Colts,3.0,W
2024_08_IND_HOU,2024,8,2024-10-27,VALIDATION,IND,HOU,20.0,23.0,1,False,0,Indianapolis Colts,Houston Texans,-3.0,L
2024_08_KC_LV,2024,8,2024-10-27,VALIDATION,LV,KC,20.0,27.0,0,False,1,Las Vegas Raiders,Kansas City Chiefs,-7.0,L
2024_08_KC_LV,2024,8,2024-10-27,VALIDATION,KC,LV,27.0,20.0,0,False,0,Kansas City Chiefs,Las Vegas Raiders,7.0,W
2024_08_NO_LAC,2024,8,2024-10-27,VALIDATION,LAC,NO,26.0,8.0,1,False,1,Los Angeles Chargers,New Orleans Saints,18.0,W
2024_08_NO_LAC,2024,8,2024-10-27,VALIDATION,NO,LAC,8.0,26.0,1,False,0,New Orleans Saints,Los Angeles Chargers,-18.0,L
2024_08_NYJ_NE,2024,8,2024-10-27,VALIDATION,NE,NYJ,25.0,22.0,1,False,1,New England Patriots,New York Jets,3.0,W
2024_08_NYJ_NE,2024,8,2024-10-27,VALIDATION,NYJ,NE,22.0,25.0,1,False,0,New York Jets,New England Patriots,-3.0,L
2024_08_PHI_CIN,2024,8,2024-10-27,VALIDATION,CIN,PHI,17.0,37.0,0,False,1,Cincinnati Bengals,Philadelphia Eagles,-20.0,L
2024_08_PHI_CIN,2024,8,2024-10-27,VALIDATION,PHI,CIN,37.0,17.0,0,False,0,Philadelphia Eagles,Cincinnati Bengals,20.0,W
2024_08_TEN_DET,2024,8,2024-10-27,VALIDATION,DET,TEN,52.0,14.0,1,False,1,Detroit Lions,Tennessee Titans,38.0,W
2024_08_TEN_DET,2024,8,2024-10-27,VALIDATION,TEN,DET,14.0,52.0,1,False,0,Tennessee Titans,Detroit Lions,-38.0,L
2024_08_NYG_PIT,2024,8,2024-10-28,VALIDATION,PIT,NYG,26.0,18.0,1,False,1,Pittsburgh Steelers,New York Giants,8.0,W
2024_08_NYG_PIT,2024,8,2024-10-28,VALIDATION,NYG,PIT,18.0,26.0,1,False,0,New York Giants,Pittsburgh Steelers,-8.0,L
2024_09_HOU_NYJ,2024,9,2024-10-31,VALIDATION,NYJ,HOU,21.0,13.0,1,False,1,New York Jets,Houston Texans,8.0,W
2024_09_HOU_NYJ,2024,9,2024-10-31,VALIDATION,HOU,NYJ,13.0,21.0,1,False,0,Houston Texans,New York Jets,-8.0,L
2024_09_CHI_ARI,2024,9,2024-11-03,VALIDATION,ARI,CHI,29.0,9.0,1,False,1,Arizona Cardinals,Chicago Bears,20.0,W
2024_09_CHI_ARI,2024,9,2024-11-03,VALIDATION,CHI,ARI,9.0,29.0,1,False,0,Chicago Bears,Arizona Cardinals,-20.0,L
2024_09_DAL_ATL,2024,9,2024-11-03,VALIDATION,ATL,DAL,27.0,21.0,1,False,1,Atlanta Falcons,Dallas Cowboys,6.0,W
2024_09_DAL_ATL,2024,9,2024-11-03,VALIDATION,DAL,ATL,21.0,27.0,1,False,0,Dallas Cowboys,Atlanta Falcons,-6.0,L
2024_09_DEN_BAL,2024,9,2024-11-03,VALIDATION,BAL,DEN,41.0,10.0,1,False,1,Baltimore Ravens,Denver Broncos,31.0,W
2024_09_DEN_BAL,2024,9,2024-11-03,VALIDATION,DEN,BAL,10.0,41.0,1,False,0,Denver Broncos,Baltimore Ravens,-31.0,L
2024_09_DET_GB,2024,9,2024-11-03,VALIDATION,GB,DET,14.0,24.0,0,False,1,Green Bay Packers,Detroit Lions,-10.0,L
2024_09_DET_GB,2024,9,2024-11-03,VALIDATION,DET,GB,24.0,14.0,0,False,0,Detroit Lions,Green Bay Packers,10.0,W
2024_09_IND_MIN,2024,9,2024-11-03,VALIDATION,MIN,IND,21.0,13.0,1,False,1,Minnesota Vikings,Indianapolis Colts,8.0,W
2024_09_IND_MIN,2024,9,2024-11-03,VALIDATION,IND,MIN,13.0,21.0,1,False,0,Indianapolis Colts,Minnesota Vikings,-8.0,L
2024_09_JAX_PHI,2024,9,2024-11-03,VALIDATION,PHI,JAX,28.0,23.0,1,False,1,Philadelphia Eagles,Jacksonville Jaguars,5.0,W
2024_09_JAX_PHI,2024,9,2024-11-03,VALIDATION,JAX,PHI,23.0,28.0,1,False,0,Jacksonville Jaguars,Philadelphia Eagles,-5.0,L
2024_09_LAC_CLE,2024,9,2024-11-03,VALIDATION,CLE,LAC,10.0,27.0,0,False,1,Cleveland Browns,Los Angeles Chargers,-17.0,L
2024_09_LAC_CLE,2024,9,2024-11-03,VALIDATION,LAC,CLE,27.0,10.0,0,False,0,Los Angeles Chargers,Cleveland Browns,17.0,W
2024_09_LA_SEA,2024,9,2024-11-03,VALIDATION,SEA,LA,20.0,26.0,0,False,1,Seattle Seahawks,Los Angeles Rams,-6.0,L
2024_09_LA_SEA,2024,9,2024-11-03,VALIDATION,LA,SEA,26.0,20.0,0,False,0,Los Angeles Rams,Seattle Seahawks,6.0,W
2024_09_LV_CIN,2024,9,2024-11-03,VALIDATION,CIN,LV,41.0,24.0,1,False,1,Cincinnati Bengals,Las Vegas Raiders,17.0,W
2024_09_LV_CIN,2024,9,2024-11-03,VALIDATION,LV,CIN,24.0,41.0,1,False,0,Las Vegas Raiders,Cincinnati Bengals,-17.0,L
2024_09_MIA_BUF,2024,9,2024-11-03,VALIDATION,BUF,MIA,30.0,27.0,1,False,1,Buffalo Bills,Miami Dolphins,3.0,W
2024_09_MIA_BUF,2024,9,2024-11-03,VALIDATION,MIA,BUF,27.0,30.0,1,False,0,Miami Dolphins,Buffalo Bills,-3.0,L
2024_09_NE_TEN,2024,9,2024-11-03,VALIDATION,TEN,NE,20.0,17.0,1,False,1,Tennessee Titans,New England Patriots,3.0,W
2024_09_NE_TEN,2024,9,2024-11-03,VALIDATION,NE,TEN,17.0,20.0,1,False,0,New England Patriots,Tennessee Titans,-3.0,L
2024_09_NO_CAR,2024,9,2024-11-03,VALIDATION,CAR,NO,23.0,22.0,1,False,1,Carolina Panthers,New Orleans Saints,1.0,W
2024_09_NO_CAR,2024,9,2024-11-03,VALIDATION,NO,CAR,22.0,23.0,1,False,0,New Orleans Saints,Carolina Panthers,-1.0,L
2024_09_WAS_NYG,2024,9,2024-11-03,VALIDATION,NYG,WAS,22.0,27.0,0,False,1,New York Giants,Washington Commanders,-5.0,L
2024_09_WAS_NYG,2024,9,2024-11-03,VALIDATION,WAS,NYG,27.0,22.0,0,False,0,Washington Commanders,New York Giants,5.0,W
2024_09_TB_KC,2024,9,2024-11-04,VALIDATION,KC,TB,30.0,24.0,1,False,1,Kansas City Chiefs,Tampa Bay Buccaneers,6.0,W
2024_09_TB_KC,2024,9,2024-11-04,VALIDATION,TB,KC,24.0,30.0,1,False,0,Tampa Bay Buccaneers,Kansas City Chiefs,-6.0,L
2024_10_CIN_BAL,2024,10,2024-11-07,VALIDATION,BAL,CIN,35.0,34.0,1,False,1,Baltimore Ravens,Cincinnati Bengals,1.0,W
2024_10_CIN_BAL,2024,10,2024-11-07,VALIDATION,CIN,BAL,34.0,35.0,1,False,0,Cincinnati Bengals,Baltimore Ravens,-1.0,L
2024_10_ATL_NO,2024,10,2024-11-10,VALIDATION,NO,ATL,20.0,17.0,1,False,1,New Orleans Saints,Atlanta Falcons,3.0,W
2024_10_ATL_NO,2024,10,2024-11-10,VALIDATION,ATL,NO,17.0,20.0,1,False,0,Atlanta Falcons,New Orleans Saints,-3.0,L
2024_10_BUF_IND,2024,10,2024-11-10,VALIDATION,IND,BUF,20.0,30.0,0,False,1,Indianapolis Colts,Buffalo Bills,-10.0,L
2024_10_BUF_IND,2024,10,2024-11-10,VALIDATION,BUF,IND,30.0,20.0,0,False,0,Buffalo Bills,Indianapolis Colts,10.0,W
2024_10_DEN_KC,2024,10,2024-11-10,VALIDATION,KC,DEN,16.0,14.0,1,False,1,Kansas City Chiefs,Denver Broncos,2.0,W
2024_10_DEN_KC,2024,10,2024-11-10,VALIDATION,DEN,KC,14.0,16.0,1,False,0,Denver Broncos,Kansas City Chiefs,-2.0,L
2024_10_DET_HOU,2024,10,2024-11-10,VALIDATION,HOU,DET,23.0,26.0,0,False,1,Houston Texans,Detroit Lions,-3.0,L
2024_10_DET_HOU,2024,10,2024-11-10,VALIDATION,DET,HOU,26.0,23.0,0,False,0,Detroit Lions,Houston Texans,3.0,W
2024_10_MIN_JAX,2024,10,2024-11-10,VALIDATION,JAX,MIN,7.0,12.0,0,False,1,Jacksonville Jaguars,Minnesota Vikings,-5.0,L
2024_10_MIN_JAX,2024,10,2024-11-10,VALIDATION,MIN,JAX,12.0,7.0,0,False,0,Minnesota Vikings,Jacksonville Jaguars,5.0,W
2024_10_NE_CHI,2024,10,2024-11-10,VALIDATION,CHI,NE,3.0,19.0,0,False,1,Chicago Bears,New England Patriots,-16.0,L
2024_10_NE_CHI,2024,10,2024-11-10,VALIDATION,NE,CHI,19.0,3.0,0,False,0,New England Patriots,Chicago Bears,16.0,W
2024_10_NYG_CAR,2024,10,2024-11-10,VALIDATION,CAR,NYG,20.0,17.0,1,False,1,Carolina Panthers,New York Giants,3.0,W
2024_10_NYG_CAR,2024,10,2024-11-10,VALIDATION,NYG,CAR,17.0,20.0,1,False,0,New York Giants,Carolina Panthers,-3.0,L
2024_10_NYJ_ARI,2024,10,2024-11-10,VALIDATION,ARI,NYJ,31.0,6.0,1,False,1,Arizona Cardinals,New York Jets,25.0,W
2024_10_NYJ_ARI,2024,10,2024-11-10,VALIDATION,NYJ,ARI,6.0,31.0,1,False,0,New York Jets,Arizona Cardinals,-25.0,L
2024_10_PHI_DAL,2024,10,2024-11-10,VALIDATION,DAL,PHI,6.0,34.0,0,False,1,Dallas Cowboys,Philadelphia Eagles,-28.0,L
2024_10_PHI_DAL,2024,10,2024-11-10,VALIDATION,PHI,DAL,34.0,6.0,0,False,0,Philadelphia Eagles,Dallas Cowboys,28.0,W
2024_10_PIT_WAS,2024,10,2024-11-10,VALIDATION,WAS,PIT,27.0,28.0,0,False,1,Washington Commanders,Pittsburgh Steelers,-1.0,L
2024_10_PIT_WAS,2024,10,2024-11-10,VALIDATION,PIT,WAS,28.0,27.0,0,False,0,Pittsburgh Steelers,Washington Commanders,1.0,W
2024_10_SF_TB,2024,10,2024-11-10,VALIDATION,TB,SF,20.0,23.0,0,False,1,Tampa Bay Buccaneers,San Francisco 49ers,-3.0,L
2024_10_SF_TB,2024,10,2024-11-10,VALIDATION,SF,TB,23.0,20.0,0,False,0,San Francisco 49ers,Tampa Bay Buccaneers,3.0,W
2024_10_TEN_LAC,2024,10,2024-11-10,VALIDATION,LAC,TEN,27.0,17.0,1,False,1,Los Angeles Chargers,Tennessee Titans,10.0,W
2024_10_TEN_LAC,2024,10,2024-11-10,VALIDATION,TEN,LAC,17.0,27.0,1,False,0,Tennessee Titans,Los Angeles Chargers,-10.0,L
2024_10_MIA_LA,2024,10,2024-11-11,VALIDATION,LA,MIA,15.0,23.0,0,False,1,Los Angeles Rams,Miami Dolphins,-8.0,L
2024_10_MIA_LA,2024,10,2024-11-11,VALIDATION,MIA,LA,23.0,15.0,0,False,0,Miami Dolphins,Los Angeles Rams,8.0,W
2024_11_WAS_PHI,2024,11,2024-11-14,VALIDATION,PHI,WAS,26.0,18.0,1,False,1,Philadelphia Eagles,Washington Commanders,8.0,W
2024_11_WAS_PHI,2024,11,2024-11-14,VALIDATION,WAS,PHI,18.0,26.0,1,False,0,Washington Commanders,Philadelphia Eagles,-8.0,L
2024_11_ATL_DEN,2024,11,2024-11-17,VALIDATION,DEN,ATL,38.0,6.0,1,False,1,Denver Broncos,Atlanta Falcons,32.0,W
2024_11_ATL_DEN,2024,11,2024-11-17,VALIDATION,ATL,DEN,6.0,38.0,1,False,0,Atlanta Falcons,Denver Broncos,-32.0,L
2024_11_BAL_PIT,2024,11,2024-11-17,VALIDATION,PIT,BAL,18.0,16.0,1,False,1,Pittsburgh Steelers,Baltimore Ravens,2.0,W
2024_11_BAL_PIT,2024,11,2024-11-17,VALIDATION,BAL,PIT,16.0,18.0,1,False,0,Baltimore Ravens,Pittsburgh Steelers,-2.0,L
2024_11_CIN_LAC,2024,11,2024-11-17,VALIDATION,LAC,CIN,34.0,27.0,1,False,1,Los Angeles Chargers,Cincinnati Bengals,7.0,W
2024_11_CIN_LAC,2024,11,2024-11-17,VALIDATION,CIN,LAC,27.0,34.0,1,False,0,Cincinnati Bengals,Los Angeles Chargers,-7.0,L
2024_11_CLE_NO,2024,11,2024-11-17,VALIDATION,NO,CLE,35.0,14.0,1,False,1,New Orleans Saints,Cleveland Browns,21.0,W
2024_11_CLE_NO,2024,11,2024-11-17,VALIDATION,CLE,NO,14.0,35.0,1,False,0,Cleveland Browns,New Orleans Saints,-21.0,L
2024_11_GB_CHI,2024,11,2024-11-17,VALIDATION,CHI,GB,19.0,20.0,0,False,1,Chicago Bears,Green Bay Packers,-1.0,L
2024_11_GB_CHI,2024,11,2024-11-17,VALIDATION,GB,CHI,20.0,19.0,0,False,0,Green Bay Packers,Chicago Bears,1.0,W
2024_11_IND_NYJ,2024,11,2024-11-17,VALIDATION,NYJ,IND,27.0,28.0,0,False,1,New York Jets,Indianapolis Colts,-1.0,L
2024_11_IND_NYJ,2024,11,2024-11-17,VALIDATION,IND,NYJ,28.0,27.0,0,False,0,Indianapolis Colts,New York Jets,1.0,W
2024_11_JAX_DET,2024,11,2024-11-17,VALIDATION,DET,JAX,52.0,6.0,1,False,1,Detroit Lions,Jacksonville Jaguars,46.0,W
2024_11_JAX_DET,2024,11,2024-11-17,VALIDATION,JAX,DET,6.0,52.0,1,False,0,Jacksonville Jaguars,Detroit Lions,-46.0,L
2024_11_KC_BUF,2024,11,2024-11-17,VALIDATION,BUF,KC,30.0,21.0,1,False,1,Buffalo Bills,Kansas City Chiefs,9.0,W
2024_11_KC_BUF,2024,11,2024-11-17,VALIDATION,KC,BUF,21.0,30.0,1,False,0,Kansas City Chiefs,Buffalo Bills,-9.0,L
2024_11_LA_NE,2024,11,2024-11-17,VALIDATION,NE,LA,22.0,28.0,0,False,1,New England Patriots,Los Angeles Rams,-6.0,L
2024_11_LA_NE,2024,11,2024-11-17,VALIDATION,LA,NE,28.0,22.0,0,False,0,Los Angeles Rams,New England Patriots,6.0,W
2024_11_LV_MIA,2024,11,2024-11-17,VALIDATION,MIA,LV,34.0,19.0,1,False,1,Miami Dolphins,Las Vegas Raiders,15.0,W
2024_11_LV_MIA,2024,11,2024-11-17,VALIDATION,LV,MIA,19.0,34.0,1,False,0,Las Vegas Raiders,Miami Dolphins,-15.0,L
2024_11_MIN_TEN,2024,11,2024-11-17,VALIDATION,TEN,MIN,13.0,23.0,0,False,1,Tennessee Titans,Minnesota Vikings,-10.0,L
2024_11_MIN_TEN,2024,11,2024-11-17,VALIDATION,MIN,TEN,23.0,13.0,0,False,0,Minnesota Vikings,Tennessee Titans,10.0,W
2024_11_SEA_SF,2024,11,2024-11-17,VALIDATION,SF,SEA,17.0,20.0,0,False,1,San Francisco 49ers,Seattle Seahawks,-3.0,L
2024_11_SEA_SF,2024,11,2024-11-17,VALIDATION,SEA,SF,20.0,17.0,0,False,0,Seattle Seahawks,San Francisco 49ers,3.0,W
2024_11_HOU_DAL,2024,11,2024-11-18,VALIDATION,DAL,HOU,10.0,34.0,0,False,1,Dallas Cowboys,Houston Texans,-24.0,L
2024_11_HOU_DAL,2024,11,2024-11-18,VALIDATION,HOU,DAL,34.0,10.0,0,False,0,Houston Texans,Dallas Cowboys,24.0,W
2024_12_PIT_CLE,2024,12,2024-11-21,VALIDATION,CLE,PIT,24.0,19.0,1,False,1,Cleveland Browns,Pittsburgh Steelers,5.0,W
2024_12_PIT_CLE,2024,12,2024-11-21,VALIDATION,PIT,CLE,19.0,24.0,1,False,0,Pittsburgh Steelers,Cleveland Browns,-5.0,L
2024_12_ARI_SEA,2024,12,2024-11-24,VALIDATION,SEA,ARI,16.0,6.0,1,False,1,Seattle Seahawks,Arizona Cardinals,10.0,W
2024_12_ARI_SEA,2024,12,2024-11-24,VALIDATION,ARI,SEA,6.0,16.0,1,False,0,Arizona Cardinals,Seattle Seahawks,-10.0,L
2024_12_DAL_WAS,2024,12,2024-11-24,VALIDATION,WAS,DAL,26.0,34.0,0,False,1,Washington Commanders,Dallas Cowboys,-8.0,L
2024_12_DAL_WAS,2024,12,2024-11-24,VALIDATION,DAL,WAS,34.0,26.0,0,False,0,Dallas Cowboys,Washington Commanders,8.0,W
2024_12_DEN_LV,2024,12,2024-11-24,VALIDATION,LV,DEN,19.0,29.0,0,False,1,Las Vegas Raiders,Denver Broncos,-10.0,L
2024_12_DEN_LV,2024,12,2024-11-24,VALIDATION,DEN,LV,29.0,19.0,0,False,0,Denver Broncos,Las Vegas Raiders,10.0,W
2024_12_DET_IND,2024,12,2024-11-24,VALIDATION,IND,DET,6.0,24.0,0,False,1,Indianapolis Colts,Detroit Lions,-18.0,L
2024_12_DET_IND,2024,12,2024-11-24,VALIDATION,DET,IND,24.0,6.0,0,False,0,Detroit Lions,Indianapolis Colts,18.0,W
2024_12_KC_CAR,2024,12,2024-11-24,VALIDATION,CAR,KC,27.0,30.0,0,False,1,Carolina Panthers,Kansas City Chiefs,-3.0,L
2024_12_KC_CAR,2024,12,2024-11-24,VALIDATION,KC,CAR,30.0,27.0,0,False,0,Kansas City Chiefs,Carolina Panthers,3.0,W
2024_12_MIN_CHI,2024,12,2024-11-24,VALIDATION,CHI,MIN,27.0,30.0,0,False,1,Chicago Bears,Minnesota Vikings,-3.0,L
2024_12_MIN_CHI,2024,12,2024-11-24,VALIDATION,MIN,CHI,30.0,27.0,0,False,0,Minnesota Vikings,Chicago Bears,3.0,W
2024_12_NE_MIA,2024,12,2024-11-24,VALIDATION,MIA,NE,34.0,15.0,1,False,1,Miami Dolphins,New England Patriots,19.0,W
2024_12_NE_MIA,2024,12,2024-11-24,VALIDATION,NE,MIA,15.0,34.0,1,False,0,New England Patriots,Miami Dolphins,-19.0,L
2024_12_PHI_LA,2024,12,2024-11-24,VALIDATION,LA,PHI,20.0,37.0,0,False,1,Los Angeles Rams,Philadelphia Eagles,-17.0,L
2024_12_PHI_LA,2024,12,2024-11-24,VALIDATION,PHI,LA,37.0,20.0,0,False,0,Philadelphia Eagles,Los Angeles Rams,17.0,W
2024_12_SF_GB,2024,12,2024-11-24,VALIDATION,GB,SF,38.0,10.0,1,False,1,Green Bay Packers,San Francisco 49ers,28.0,W
2024_12_SF_GB,2024,12,2024-11-24,VALIDATION,SF,GB,10.0,38.0,1,False,0,San Francisco 49ers,Green Bay Packers,-28.0,L
2024_12_TB_NYG,2024,12,2024-11-24,VALIDATION,NYG,TB,7.0,30.0,0,False,1,New York Giants,Tampa Bay Buccaneers,-23.0,L
2024_12_TB_NYG,2024,12,2024-11-24,VALIDATION,TB,NYG,30.0,7.0,0,False,0,Tampa Bay Buccaneers,New York Giants,23.0,W
2024_12_TEN_HOU,2024,12,2024-11-24,VALIDATION,HOU,TEN,27.0,32.0,0,False,1,Houston Texans,Tennessee Titans,-5.0,L
2024_12_TEN_HOU,2024,12,2024-11-24,VALIDATION,TEN,HOU,32.0,27.0,0,False,0,Tennessee Titans,Houston Texans,5.0,W
2024_12_BAL_LAC,2024,12,2024-11-25,VALIDATION,LAC,BAL,23.0,30.0,0,False,1,Los Angeles Chargers,Baltimore Ravens,-7.0,L
2024_12_BAL_LAC,2024,12,2024-11-25,VALIDATION,BAL,LAC,30.0,23.0,0,False,0,Baltimore Ravens,Los Angeles Chargers,7.0,W
2024_13_CHI_DET,2024,13,2024-11-28,VALIDATION,DET,CHI,23.0,20.0,1,False,1,Detroit Lions,Chicago Bears,3.0,W
2024_13_CHI_DET,2024,13,2024-11-28,VALIDATION,CHI,DET,20.0,23.0,1,False,0,Chicago Bears,Detroit Lions,-3.0,L
2024_13_MIA_GB,2024,13,2024-11-28,VALIDATION,GB,MIA,30.0,17.0,1,False,1,Green Bay Packers,Miami Dolphins,13.0,W
2024_13_MIA_GB,2024,13,2024-11-28,VALIDATION,MIA,GB,17.0,30.0,1,False,0,Miami Dolphins,Green Bay Packers,-13.0,L
2024_13_NYG_DAL,2024,13,2024-11-28,VALIDATION,DAL,NYG,27.0,20.0,1,False,1,Dallas Cowboys,New York Giants,7.0,W
2024_13_NYG_DAL,2024,13,2024-11-28,VALIDATION,NYG,DAL,20.0,27.0,1,False,0,New York Giants,Dallas Cowboys,-7.0,L
2024_13_LV_KC,2024,13,2024-11-29,VALIDATION,KC,LV,19.0,17.0,1,False,1,Kansas City Chiefs,Las Vegas Raiders,2.0,W
2024_13_LV_KC,2024,13,2024-11-29,VALIDATION,LV,KC,17.0,19.0,1,False,0,Las Vegas Raiders,Kansas City Chiefs,-2.0,L
2024_13_ARI_MIN,2024,13,2024-12-01,VALIDATION,MIN,ARI,23.0,22.0,1,False,1,Minnesota Vikings,Arizona Cardinals,1.0,W
2024_13_ARI_MIN,2024,13,2024-12-01,VALIDATION,ARI,MIN,22.0,23.0,1,False,0,Arizona Cardinals,Minnesota Vikings,-1.0,L
2024_13_HOU_JAX,2024,13,2024-12-01,VALIDATION,JAX,HOU,20.0,23.0,0,False,1,Jacksonville Jaguars,Houston Texans,-3.0,L
2024_13_HOU_JAX,2024,13,2024-12-01,VALIDATION,HOU,JAX,23.0,20.0,0,False,0,Houston Texans,Jacksonville Jaguars,3.0,W
2024_13_IND_NE,2024,13,2024-12-01,VALIDATION,NE,IND,24.0,25.0,0,False,1,New England Patriots,Indianapolis Colts,-1.0,L
2024_13_IND_NE,2024,13,2024-12-01,VALIDATION,IND,NE,25.0,24.0,0,False,0,Indianapolis Colts,New England Patriots,1.0,W
2024_13_LAC_ATL,2024,13,2024-12-01,VALIDATION,ATL,LAC,13.0,17.0,0,False,1,Atlanta Falcons,Los Angeles Chargers,-4.0,L
2024_13_LAC_ATL,2024,13,2024-12-01,VALIDATION,LAC,ATL,17.0,13.0,0,False,0,Los Angeles Chargers,Atlanta Falcons,4.0,W
2024_13_LA_NO,2024,13,2024-12-01,VALIDATION,NO,LA,14.0,21.0,0,False,1,New Orleans Saints,Los Angeles Rams,-7.0,L
2024_13_LA_NO,2024,13,2024-12-01,VALIDATION,LA,NO,21.0,14.0,0,False,0,Los Angeles Rams,New Orleans Saints,7.0,W
2024_13_PHI_BAL,2024,13,2024-12-01,VALIDATION,BAL,PHI,19.0,24.0,0,False,1,Baltimore Ravens,Philadelphia Eagles,-5.0,L
2024_13_PHI_BAL,2024,13,2024-12-01,VALIDATION,PHI,BAL,24.0,19.0,0,False,0,Philadelphia Eagles,Baltimore Ravens,5.0,W
2024_13_PIT_CIN,2024,13,2024-12-01,VALIDATION,CIN,PIT,38.0,44.0,0,False,1,Cincinnati Bengals,Pittsburgh Steelers,-6.0,L
2024_13_PIT_CIN,2024,13,2024-12-01,VALIDATION,PIT,CIN,44.0,38.0,0,False,0,Pittsburgh Steelers,Cincinnati Bengals,6.0,W
2024_13_SEA_NYJ,2024,13,2024-12-01,VALIDATION,NYJ,SEA,21.0,26.0,0,False,1,New York Jets,Seattle Seahawks,-5.0,L
2024_13_SEA_NYJ,2024,13,2024-12-01,VALIDATION,SEA,NYJ,26.0,21.0,0,False,0,Seattle Seahawks,New York Jets,5.0,W
2024_13_SF_BUF,2024,13,2024-12-01,VALIDATION,BUF,SF,35.0,10.0,1,False,1,Buffalo Bills,San Francisco 49ers,25.0,W
2024_13_SF_BUF,2024,13,2024-12-01,VALIDATION,SF,BUF,10.0,35.0,1,False,0,San Francisco 49ers,Buffalo Bills,-25.0,L
2024_13_TB_CAR,2024,13,2024-12-01,VALIDATION,CAR,TB,23.0,26.0,0,False,1,Carolina Panthers,Tampa Bay Buccaneers,-3.0,L
2024_13_TB_CAR,2024,13,2024-12-01,VALIDATION,TB,CAR,26.0,23.0,0,False,0,Tampa Bay Buccaneers,Carolina Panthers,3.0,W
2024_13_TEN_WAS,2024,13,2024-12-01,VALIDATION,WAS,TEN,42.0,19.0,1,False,1,Washington Commanders,Tennessee Titans,23.0,W
2024_13_TEN_WAS,2024,13,2024-12-01,VALIDATION,TEN,WAS,19.0,42.0,1,False,0,Tennessee Titans,Washington Commanders,-23.0,L
2024_13_CLE_DEN,2024,13,2024-12-02,VALIDATION,DEN,CLE,41.0,32.0,1,False,1,Denver Broncos,Cleveland Browns,9.0,W
2024_13_CLE_DEN,2024,13,2024-12-02,VALIDATION,CLE,DEN,32.0,41.0,1,False,0,Cleveland Browns,Denver Broncos,-9.0,L
2024_14_GB_DET,2024,14,2024-12-05,VALIDATION,DET,GB,34.0,31.0,1,False,1,Detroit Lions,Green Bay Packers,3.0,W
2024_14_GB_DET,2024,14,2024-12-05,VALIDATION,GB,DET,31.0,34.0,1,False,0,Green Bay Packers,Detroit Lions,-3.0,L
2024_14_ATL_MIN,2024,14,2024-12-08,VALIDATION,MIN,ATL,42.0,21.0,1,False,1,Minnesota Vikings,Atlanta Falcons,21.0,W
2024_14_ATL_MIN,2024,14,2024-12-08,VALIDATION,ATL,MIN,21.0,42.0,1,False,0,Atlanta Falcons,Minnesota Vikings,-21.0,L
2024_14_BUF_LA,2024,14,2024-12-08,VALIDATION,LA,BUF,44.0,42.0,1,False,1,Los Angeles Rams,Buffalo Bills,2.0,W
2024_14_BUF_LA,2024,14,2024-12-08,VALIDATION,BUF,LA,42.0,44.0,1,False,0,Buffalo Bills,Los Angeles Rams,-2.0,L
2024_14_CAR_PHI,2024,14,2024-12-08,VALIDATION,PHI,CAR,22.0,16.0,1,False,1,Philadelphia Eagles,Carolina Panthers,6.0,W
2024_14_CAR_PHI,2024,14,2024-12-08,VALIDATION,CAR,PHI,16.0,22.0,1,False,0,Carolina Panthers,Philadelphia Eagles,-6.0,L
2024_14_CHI_SF,2024,14,2024-12-08,VALIDATION,SF,CHI,38.0,13.0,1,False,1,San Francisco 49ers,Chicago Bears,25.0,W
2024_14_CHI_SF,2024,14,2024-12-08,VALIDATION,CHI,SF,13.0,38.0,1,False,0,Chicago Bears,San Francisco 49ers,-25.0,L
2024_14_CLE_PIT,2024,14,2024-12-08,VALIDATION,PIT,CLE,27.0,14.0,1,False,1,Pittsburgh Steelers,Cleveland Browns,13.0,W
2024_14_CLE_PIT,2024,14,2024-12-08,VALIDATION,CLE,PIT,14.0,27.0,1,False,0,Cleveland Browns,Pittsburgh Steelers,-13.0,L
2024_14_JAX_TEN,2024,14,2024-12-08,VALIDATION,TEN,JAX,6.0,10.0,0,False,1,Tennessee Titans,Jacksonville Jaguars,-4.0,L
2024_14_JAX_TEN,2024,14,2024-12-08,VALIDATION,JAX,TEN,10.0,6.0,0,False,0,Jacksonville Jaguars,Tennessee Titans,4.0,W
2024_14_LAC_KC,2024,14,2024-12-08,VALIDATION,KC,LAC,19.0,17.0,1,False,1,Kansas City Chiefs,Los Angeles Chargers,2.0,W
2024_14_LAC_KC,2024,14,2024-12-08,VALIDATION,LAC,KC,17.0,19.0,1,False,0,Los Angeles Chargers,Kansas City Chiefs,-2.0,L
2024_14_LV_TB,2024,14,2024-12-08,VALIDATION,TB,LV,28.0,13.0,1,False,1,Tampa Bay Buccaneers,Las Vegas Raiders,15.0,W
2024_14_LV_TB,2024,14,2024-12-08,VALIDATION,LV,TB,13.0,28.0,1,False,0,Las Vegas Raiders,Tampa Bay Buccaneers,-15.0,L
2024_14_NO_NYG,2024,14,2024-12-08,VALIDATION,NYG,NO,11.0,14.0,0,False,1,New York Giants,New Orleans Saints,-3.0,L
2024_14_NO_NYG,2024,14,2024-12-08,VALIDATION,NO,NYG,14.0,11.0,0,False,0,New Orleans Saints,New York Giants,3.0,W
2024_14_NYJ_MIA,2024,14,2024-12-08,VALIDATION,MIA,NYJ,32.0,26.0,1,False,1,Miami Dolphins,New York Jets,6.0,W
2024_14_NYJ_MIA,2024,14,2024-12-08,VALIDATION,NYJ,MIA,26.0,32.0,1,False,0,New York Jets,Miami Dolphins,-6.0,L
2024_14_SEA_ARI,2024,14,2024-12-08,VALIDATION,ARI,SEA,18.0,30.0,0,False,1,Arizona Cardinals,Seattle Seahawks,-12.0,L
2024_14_SEA_ARI,2024,14,2024-12-08,VALIDATION,SEA,ARI,30.0,18.0,0,False,0,Seattle Seahawks,Arizona Cardinals,12.0,W
2024_14_CIN_DAL,2024,14,2024-12-09,VALIDATION,DAL,CIN,20.0,27.0,0,False,1,Dallas Cowboys,Cincinnati Bengals,-7.0,L
2024_14_CIN_DAL,2024,14,2024-12-09,VALIDATION,CIN,DAL,27.0,20.0,0,False,0,Cincinnati Bengals,Dallas Cowboys,7.0,W
2024_15_LA_SF,2024,15,2024-12-12,VALIDATION,SF,LA,6.0,12.0,0,False,1,San Francisco 49ers,Los Angeles Rams,-6.0,L
2024_15_LA_SF,2024,15,2024-12-12,VALIDATION,LA,SF,12.0,6.0,0,False,0,Los Angeles Rams,San Francisco 49ers,6.0,W
2024_15_BAL_NYG,2024,15,2024-12-15,VALIDATION,NYG,BAL,14.0,35.0,0,False,1,New York Giants,Baltimore Ravens,-21.0,L
2024_15_BAL_NYG,2024,15,2024-12-15,VALIDATION,BAL,NYG,35.0,14.0,0,False,0,Baltimore Ravens,New York Giants,21.0,W
2024_15_BUF_DET,2024,15,2024-12-15,VALIDATION,DET,BUF,42.0,48.0,0,False,1,Detroit Lions,Buffalo Bills,-6.0,L
2024_15_BUF_DET,2024,15,2024-12-15,VALIDATION,BUF,DET,48.0,42.0,0,False,0,Buffalo Bills,Detroit Lions,6.0,W
2024_15_CIN_TEN,2024,15,2024-12-15,VALIDATION,TEN,CIN,27.0,37.0,0,False,1,Tennessee Titans,Cincinnati Bengals,-10.0,L
2024_15_CIN_TEN,2024,15,2024-12-15,VALIDATION,CIN,TEN,37.0,27.0,0,False,0,Cincinnati Bengals,Tennessee Titans,10.0,W
2024_15_DAL_CAR,2024,15,2024-12-15,VALIDATION,CAR,DAL,14.0,30.0,0,False,1,Carolina Panthers,Dallas Cowboys,-16.0,L
2024_15_DAL_CAR,2024,15,2024-12-15,VALIDATION,DAL,CAR,30.0,14.0,0,False,0,Dallas Cowboys,Carolina Panthers,16.0,W
2024_15_GB_SEA,2024,15,2024-12-15,VALIDATION,SEA,GB,13.0,30.0,0,False,1,Seattle Seahawks,Green Bay Packers,-17.0,L
2024_15_GB_SEA,2024,15,2024-12-15,VALIDATION,GB,SEA,30.0,13.0,0,False,0,Green Bay Packers,Seattle Seahawks,17.0,W
2024_15_IND_DEN,2024,15,2024-12-15,VALIDATION,DEN,IND,31.0,13.0,1,False,1,Denver Broncos,Indianapolis Colts,18.0,W
2024_15_IND_DEN,2024,15,2024-12-15,VALIDATION,IND,DEN,13.0,31.0,1,False,0,Indianapolis Colts,Denver Broncos,-18.0,L
2024_15_KC_CLE,2024,15,2024-12-15,VALIDATION,CLE,KC,7.0,21.0,0,False,1,Cleveland Browns,Kansas City Chiefs,-14.0,L
2024_15_KC_CLE,2024,15,2024-12-15,VALIDATION,KC,CLE,21.0,7.0,0,False,0,Kansas City Chiefs,Cleveland Browns,14.0,W
2024_15_MIA_HOU,2024,15,2024-12-15,VALIDATION,HOU,MIA,20.0,12.0,1,False,1,Houston Texans,Miami Dolphins,8.0,W
2024_15_MIA_HOU,2024,15,2024-12-15,VALIDATION,MIA,HOU,12.0,20.0,1,False,0,Miami Dolphins,Houston Texans,-8.0,L
2024_15_NE_ARI,2024,15,2024-12-15,VALIDATION,ARI,NE,30.0,17.0,1,False,1,Arizona Cardinals,New England Patriots,13.0,W
2024_15_NE_ARI,2024,15,2024-12-15,VALIDATION,NE,ARI,17.0,30.0,1,False,0,New England Patriots,Arizona Cardinals,-13.0,L
2024_15_NYJ_JAX,2024,15,2024-12-15,VALIDATION,JAX,NYJ,25.0,32.0,0,False,1,Jacksonville Jaguars,New York Jets,-7.0,L
2024_15_NYJ_JAX,2024,15,2024-12-15,VALIDATION,NYJ,JAX,32.0,25.0,0,False,0,New York Jets,Jacksonville Jaguars,7.0,W
2024_15_PIT_PHI,2024,15,2024-12-15,VALIDATION,PHI,PIT,27.0,13.0,1,False,1,Philadelphia Eagles,Pittsburgh Steelers,14.0,W
2024_15_PIT_PHI,2024,15,2024-12-15,VALIDATION,PIT,PHI,13.0,27.0,1,False,0,Pittsburgh Steelers,Philadelphia Eagles,-14.0,L
2024_15_TB_LAC,2024,15,2024-12-15,VALIDATION,LAC,TB,17.0,40.0,0,False,1,Los Angeles Chargers,Tampa Bay Buccaneers,-23.0,L
2024_15_TB_LAC,2024,15,2024-12-15,VALIDATION,TB,LAC,40.0,17.0,0,False,0,Tampa Bay Buccaneers,Los Angeles Chargers,23.0,W
2024_15_WAS_NO,2024,15,2024-12-15,VALIDATION,NO,WAS,19.0,20.0,0,False,1,New Orleans Saints,Washington Commanders,-1.0,L
2024_15_WAS_NO,2024,15,2024-12-15,VALIDATION,WAS,NO,20.0,19.0,0,False,0,Washington Commanders,New Orleans Saints,1.0,W
2024_15_ATL_LV,2024,15,2024-12-16,VALIDATION,LV,ATL,9.0,15.0,0,False,1,Las Vegas Raiders,Atlanta Falcons,-6.0,L
2024_15_ATL_LV,2024,15,2024-12-16,VALIDATION,ATL,LV,15.0,9.0,0,False,0,Atlanta Falcons,Las Vegas Raiders,6.0,W
2024_15_CHI_MIN,2024,15,2024-12-16,VALIDATION,MIN,CHI,30.0,12.0,1,False,1,Minnesota Vikings,Chicago Bears,18.0,W
2024_15_CHI_MIN,2024,15,2024-12-16,VALIDATION,CHI,MIN,12.0,30.0,1,False,0,Chicago Bears,Minnesota Vikings,-18.0,L
2024_16_DEN_LAC,2024,16,2024-12-19,VALIDATION,LAC,DEN,34.0,27.0,1,False,1,Los Angeles Chargers,Denver Broncos,7.0,W
2024_16_DEN_LAC,2024,16,2024-12-19,VALIDATION,DEN,LAC,27.0,34.0,1,False,0,Denver Broncos,Los Angeles Chargers,-7.0,L
2024_16_HOU_KC,2024,16,2024-12-21,VALIDATION,KC,HOU,27.0,19.0,1,False,1,Kansas City Chiefs,Houston Texans,8.0,W
2024_16_HOU_KC,2024,16,2024-12-21,VALIDATION,HOU,KC,19.0,27.0,1,False,0,Houston Texans,Kansas City Chiefs,-8.0,L
2024_16_PIT_BAL,2024,16,2024-12-21,VALIDATION,BAL,PIT,34.0,17.0,1,False,1,Baltimore Ravens,Pittsburgh Steelers,17.0,W
2024_16_PIT_BAL,2024,16,2024-12-21,VALIDATION,PIT,BAL,17.0,34.0,1,False,0,Pittsburgh Steelers,Baltimore Ravens,-17.0,L
2024_16_ARI_CAR,2024,16,2024-12-22,VALIDATION,CAR,ARI,36.0,30.0,1,False,1,Carolina Panthers,Arizona Cardinals,6.0,W
2024_16_ARI_CAR,2024,16,2024-12-22,VALIDATION,ARI,CAR,30.0,36.0,1,False,0,Arizona Cardinals,Carolina Panthers,-6.0,L
2024_16_CLE_CIN,2024,16,2024-12-22,VALIDATION,CIN,CLE,24.0,6.0,1,False,1,Cincinnati Bengals,Cleveland Browns,18.0,W
2024_16_CLE_CIN,2024,16,2024-12-22,VALIDATION,CLE,CIN,6.0,24.0,1,False,0,Cleveland Browns,Cincinnati Bengals,-18.0,L
2024_16_DET_CHI,2024,16,2024-12-22,VALIDATION,CHI,DET,17.0,34.0,0,False,1,Chicago Bears,Detroit Lions,-17.0,L
2024_16_DET_CHI,2024,16,2024-12-22,VALIDATION,DET,CHI,34.0,17.0,0,False,0,Detroit Lions,Chicago Bears,17.0,W
2024_16_JAX_LV,2024,16,2024-12-22,VALIDATION,LV,JAX,19.0,14.0,1,False,1,Las Vegas Raiders,Jacksonville Jaguars,5.0,W
2024_16_JAX_LV,2024,16,2024-12-22,VALIDATION,JAX,LV,14.0,19.0,1,False,0,Jacksonville Jaguars,Las Vegas Raiders,-5.0,L
2024_16_LA_NYJ,2024,16,2024-12-22,VALIDATION,NYJ,LA,9.0,19.0,0,False,1,New York Jets,Los Angeles Rams,-10.0,L
2024_16_LA_NYJ,2024,16,2024-12-22,VALIDATION,LA,NYJ,19.0,9.0,0,False,0,Los Angeles Rams,New York Jets,10.0,W
2024_16_MIN_SEA,2024,16,2024-12-22,VALIDATION,SEA,MIN,24.0,27.0,0,False,1,Seattle Seahawks,Minnesota Vikings,-3.0,L
2024_16_MIN_SEA,2024,16,2024-12-22,VALIDATION,MIN,SEA,27.0,24.0,0,False,0,Minnesota Vikings,Seattle Seahawks,3.0,W
2024_16_NE_BUF,2024,16,2024-12-22,VALIDATION,BUF,NE,24.0,21.0,1,False,1,Buffalo Bills,New England Patriots,3.0,W
2024_16_NE_BUF,2024,16,2024-12-22,VALIDATION,NE,BUF,21.0,24.0,1,False,0,New England Patriots,Buffalo Bills,-3.0,L
2024_16_NYG_ATL,2024,16,2024-12-22,VALIDATION,ATL,NYG,34.0,7.0,1,False,1,Atlanta Falcons,New York Giants,27.0,W
2024_16_NYG_ATL,2024,16,2024-12-22,VALIDATION,NYG,ATL,7.0,34.0,1,False,0,New York Giants,Atlanta Falcons,-27.0,L
2024_16_PHI_WAS,2024,16,2024-12-22,VALIDATION,WAS,PHI,36.0,33.0,1,False,1,Washington Commanders,Philadelphia Eagles,3.0,W
2024_16_PHI_WAS,2024,16,2024-12-22,VALIDATION,PHI,WAS,33.0,36.0,1,False,0,Philadelphia Eagles,Washington Commanders,-3.0,L
2024_16_SF_MIA,2024,16,2024-12-22,VALIDATION,MIA,SF,29.0,17.0,1,False,1,Miami Dolphins,San Francisco 49ers,12.0,W
2024_16_SF_MIA,2024,16,2024-12-22,VALIDATION,SF,MIA,17.0,29.0,1,False,0,San Francisco 49ers,Miami Dolphins,-12.0,L
2024_16_TB_DAL,2024,16,2024-12-22,VALIDATION,DAL,TB,26.0,24.0,1,False,1,Dallas Cowboys,Tampa Bay Buccaneers,2.0,W
2024_16_TB_DAL,2024,16,2024-12-22,VALIDATION,TB,DAL,24.0,26.0,1,False,0,Tampa Bay Buccaneers,Dallas Cowboys,-2.0,L
2024_16_TEN_IND,2024,16,2024-12-22,VALIDATION,IND,TEN,38.0,30.0,1,False,1,Indianapolis Colts,Tennessee Titans,8.0,W
2024_16_TEN_IND,2024,16,2024-12-22,VALIDATION,TEN,IND,30.0,38.0,1,False,0,Tennessee Titans,Indianapolis Colts,-8.0,L
2024_16_NO_GB,2024,16,2024-12-23,VALIDATION,GB,NO,34.0,0.0,1,False,1,Green Bay Packers,New Orleans Saints,34.0,W
2024_16_NO_GB,2024,16,2024-12-23,VALIDATION,NO,GB,0.0,34.0,1,False,0,New Orleans Saints,Green Bay Packers,-34.0,L
2024_17_BAL_HOU,2024,17,2024-12-25,VALIDATION,HOU,BAL,2.0,31.0,0,False,1,Houston Texans,Baltimore Ravens,-29.0,L
2024_17_BAL_HOU,2024,17,2024-12-25,VALIDATION,BAL,HOU,31.0,2.0,0,False,0,Baltimore Ravens,Houston Texans,29.0,W
2024_17_KC_PIT,2024,17,2024-12-25,VALIDATION,PIT,KC,10.0,29.0,0,False,1,Pittsburgh Steelers,Kansas City Chiefs,-19.0,L
2024_17_KC_PIT,2024,17,2024-12-25,VALIDATION,KC,PIT,29.0,10.0,0,False,0,Kansas City Chiefs,Pittsburgh Steelers,19.0,W
2024_17_SEA_CHI,2024,17,2024-12-26,VALIDATION,CHI,SEA,3.0,6.0,0,False,1,Chicago Bears,Seattle Seahawks,-3.0,L
2024_17_SEA_CHI,2024,17,2024-12-26,VALIDATION,SEA,CHI,6.0,3.0,0,False,0,Seattle Seahawks,Chicago Bears,3.0,W
2024_17_ARI_LA,2024,17,2024-12-28,VALIDATION,LA,ARI,13.0,9.0,1,False,1,Los Angeles Rams,Arizona Cardinals,4.0,W
2024_17_ARI_LA,2024,17,2024-12-28,VALIDATION,ARI,LA,9.0,13.0,1,False,0,Arizona Cardinals,Los Angeles Rams,-4.0,L
2024_17_DEN_CIN,2024,17,2024-12-28,VALIDATION,CIN,DEN,30.0,24.0,1,False,1,Cincinnati Bengals,Denver Broncos,6.0,W
2024_17_DEN_CIN,2024,17,2024-12-28,VALIDATION,DEN,CIN,24.0,30.0,1,False,0,Denver Broncos,Cincinnati Bengals,-6.0,L
2024_17_LAC_NE,2024,17,2024-12-28,VALIDATION,NE,LAC,7.0,40.0,0,False,1,New England Patriots,Los Angeles Chargers,-33.0,L
2024_17_LAC_NE,2024,17,2024-12-28,VALIDATION,LAC,NE,40.0,7.0,0,False,0,Los Angeles Chargers,New England Patriots,33.0,W
2024_17_ATL_WAS,2024,17,2024-12-29,VALIDATION,WAS,ATL,30.0,24.0,1,False,1,Washington Commanders,Atlanta Falcons,6.0,W
2024_17_ATL_WAS,2024,17,2024-12-29,VALIDATION,ATL,WAS,24.0,30.0,1,False,0,Atlanta Falcons,Washington Commanders,-6.0,L
2024_17_CAR_TB,2024,17,2024-12-29,VALIDATION,TB,CAR,48.0,14.0,1,False,1,Tampa Bay Buccaneers,Carolina Panthers,34.0,W
2024_17_CAR_TB,2024,17,2024-12-29,VALIDATION,CAR,TB,14.0,48.0,1,False,0,Carolina Panthers,Tampa Bay Buccaneers,-34.0,L
2024_17_DAL_PHI,2024,17,2024-12-29,VALIDATION,PHI,DAL,41.0,7.0,1,False,1,Philadelphia Eagles,Dallas Cowboys,34.0,W
2024_17_DAL_PHI,2024,17,2024-12-29,VALIDATION,DAL,PHI,7.0,41.0,1,False,0,Dallas Cowboys,Philadelphia Eagles,-34.0,L
2024_17_GB_MIN,2024,17,2024-12-29,VALIDATION,MIN,GB,27.0,25.0,1,False,1,Minnesota Vikings,Green Bay Packers,2.0,W
2024_17_GB_MIN,2024,17,2024-12-29,VALIDATION,GB,MIN,25.0,27.0,1,False,0,Green Bay Packers,Minnesota Vikings,-2.0,L
2024_17_IND_NYG,2024,17,2024-12-29,VALIDATION,NYG,IND,45.0,33.0,1,False,1,New York Giants,Indianapolis Colts,12.0,W
2024_17_IND_NYG,2024,17,2024-12-29,VALIDATION,IND,NYG,33.0,45.0,1,False,0,Indianapolis Colts,New York Giants,-12.0,L
2024_17_LV_NO,2024,17,2024-12-29,VALIDATION,NO,LV,10.0,25.0,0,False,1,New Orleans Saints,Las Vegas Raiders,-15.0,L
2024_17_LV_NO,2024,17,2024-12-29,VALIDATION,LV,NO,25.0,10.0,0,False,0,Las Vegas Raiders,New Orleans Saints,15.0,W
2024_17_MIA_CLE,2024,17,2024-12-29,VALIDATION,CLE,MIA,3.0,20.0,0,False,1,Cleveland Browns,Miami Dolphins,-17.0,L
2024_17_MIA_CLE,2024,17,2024-12-29,VALIDATION,MIA,CLE,20.0,3.0,0,False,0,Miami Dolphins,Cleveland Browns,17.0,W
2024_17_NYJ_BUF,2024,17,2024-12-29,VALIDATION,BUF,NYJ,40.0,14.0,1,False,1,Buffalo Bills,New York Jets,26.0,W
2024_17_NYJ_BUF,2024,17,2024-12-29,VALIDATION,NYJ,BUF,14.0,40.0,1,False,0,New York Jets,Buffalo Bills,-26.0,L
2024_17_TEN_JAX,2024,17,2024-12-29,VALIDATION,JAX,TEN,20.0,13.0,1,False,1,Jacksonville Jaguars,Tennessee Titans,7.0,W
2024_17_TEN_JAX,2024,17,2024-12-29,VALIDATION,TEN,JAX,13.0,20.0,1,False,0,Tennessee Titans,Jacksonville Jaguars,-7.0,L
2024_17_DET_SF,2024,17,2024-12-30,VALIDATION,SF,DET,34.0,40.0,0,False,1,San Francisco 49ers,Detroit Lions,-6.0,L
2024_17_DET_SF,2024,17,2024-12-30,VALIDATION,DET,SF,40.0,34.0,0,False,0,Detroit Lions,San Francisco 49ers,6.0,W
2024_18_CIN_PIT,2024,18,2025-01-04,VALIDATION,PIT,CIN,17.0,19.0,0,False,1,Pittsburgh Steelers,Cincinnati Bengals,-2.0,L
2024_18_CIN_PIT,2024,18,2025-01-04,VALIDATION,CIN,PIT,19.0,17.0,0,False,0,Cincinnati Bengals,Pittsburgh Steelers,2.0,W
2024_18_CLE_BAL,2024,18,2025-01-04,VALIDATION,BAL,CLE,35.0,10.0,1,False,1,Baltimore Ravens,Cleveland Browns,25.0,W
2024_18_CLE_BAL,2024,18,2025-01-04,VALIDATION,CLE,BAL,10.0,35.0,1,False,0,Cleveland Browns,Baltimore Ravens,-25.0,L
2024_18_BUF_NE,2024,18,2025-01-05,VALIDATION,NE,BUF,23.0,16.0,1,False,1,New England Patriots,Buffalo Bills,7.0,W
2024_18_BUF_NE,2024,18,2025-01-05,VALIDATION,BUF,NE,16.0,23.0,1,False,0,Buffalo Bills,New England Patriots,-7.0,L
2024_18_CAR_ATL,2024,18,2025-01-05,VALIDATION,ATL,CAR,38.0,44.0,0,False,1,Atlanta Falcons,Carolina Panthers,-6.0,L
2024_18_CAR_ATL,2024,18,2025-01-05,VALIDATION,CAR,ATL,44.0,38.0,0,False,0,Carolina Panthers,Atlanta Falcons,6.0,W
2024_18_CHI_GB,2024,18,2025-01-05,VALIDATION,GB,CHI,22.0,24.0,0,False,1,Green Bay Packers,Chicago Bears,-2.0,L
2024_18_CHI_GB,2024,18,2025-01-05,VALIDATION,CHI,GB,24.0,22.0,0,False,0,Chicago Bears,Green Bay Packers,2.0,W
2024_18_HOU_TEN,2024,18,2025-01-05,VALIDATION,TEN,HOU,14.0,23.0,0,False,1,Tennessee Titans,Houston Texans,-9.0,L
2024_18_HOU_TEN,2024,18,2025-01-05,VALIDATION,HOU,TEN,23.0,14.0,0,False,0,Houston Texans,Tennessee Titans,9.0,W
2024_18_JAX_IND,2024,18,2025-01-05,VALIDATION,IND,JAX,26.0,23.0,1,False,1,Indianapolis Colts,Jacksonville Jaguars,3.0,W
2024_18_JAX_IND,2024,18,2025-01-05,VALIDATION,JAX,IND,23.0,26.0,1,False,0,Jacksonville Jaguars,Indianapolis Colts,-3.0,L
2024_18_KC_DEN,2024,18,2025-01-05,VALIDATION,DEN,KC,38.0,0.0,1,False,1,Denver Broncos,Kansas City Chiefs,38.0,W
2024_18_KC_DEN,2024,18,2025-01-05,VALIDATION,KC,DEN,0.0,38.0,1,False,0,Kansas City Chiefs,Denver Broncos,-38.0,L
2024_18_LAC_LV,2024,18,2025-01-05,VALIDATION,LV,LAC,20.0,34.0,0,False,1,Las Vegas Raiders,Los Angeles Chargers,-14.0,L
2024_18_LAC_LV,2024,18,2025-01-05,VALIDATION,LAC,LV,34.0,20.0,0,False,0,Los Angeles Chargers,Las Vegas Raiders,14.0,W
2024_18_MIA_NYJ,2024,18,2025-01-05,VALIDATION,NYJ,MIA,32.0,20.0,1,False,1,New York Jets,Miami Dolphins,12.0,W
2024_18_MIA_NYJ,2024,18,2025-01-05,VALIDATION,MIA,NYJ,20.0,32.0,1,False,0,Miami Dolphins,New York Jets,-12.0,L
2024_18_MIN_DET,2024,18,2025-01-05,VALIDATION,DET,MIN,31.0,9.0,1,False,1,Detroit Lions,Minnesota Vikings,22.0,W
2024_18_MIN_DET,2024,18,2025-01-05,VALIDATION,MIN,DET,9.0,31.0,1,False,0,Minnesota Vikings,Detroit Lions,-22.0,L
2024_18_NO_TB,2024,18,2025-01-05,VALIDATION,TB,NO,27.0,19.0,1,False,1,Tampa Bay Buccaneers,New Orleans Saints,8.0,W
2024_18_NO_TB,2024,18,2025-01-05,VALIDATION,NO,TB,19.0,27.0,1,False,0,New Orleans Saints,Tampa Bay Buccaneers,-8.0,L
2024_18_NYG_PHI,2024,18,2025-01-05,VALIDATION,PHI,NYG,20.0,13.0,1,False,1,Philadelphia Eagles,New York Giants,7.0,W
2024_18_NYG_PHI,2024,18,2025-01-05,VALIDATION,NYG,PHI,13.0,20.0,1,False,0,New York Giants,Philadelphia Eagles,-7.0,L
2024_18_SEA_LA,2024,18,2025-01-05,VALIDATION,LA,SEA,25.0,30.0,0,False,1,Los Angeles Rams,Seattle Seahawks,-5.0,L
2024_18_SEA_LA,2024,18,2025-01-05,VALIDATION,SEA,LA,30.0,25.0,0,False,0,Seattle Seahawks,Los Angeles Rams,5.0,W
2024_18_SF_ARI,2024,18,2025-01-05,VALIDATION,ARI,SF,47.0,24.0,1,False,1,Arizona Cardinals,San Francisco 49ers,23.0,W
2024_18_SF_ARI,2024,18,2025-01-05,VALIDATION,SF,ARI,24.0,47.0,1,False,0,San Francisco 49ers,Arizona Cardinals,-23.0,L
2024_18_WAS_DAL,2024,18,2025-01-05,VALIDATION,DAL,WAS,19.0,23.0,0,False,1,Dallas Cowboys,Washington Commanders,-4.0,L
2024_18_WAS_DAL,2024,18,2025-01-05,VALIDATION,WAS,DAL,23.0,19.0,0,False,0,Washington Commanders,Dallas Cowboys,4.0,W
2025_01_DAL_PHI,2025,1,2025-09-04,TEST,PHI,DAL,24.0,20.0,1,False,1,Philadelphia Eagles,Dallas Cowboys,4.0,W
2025_01_DAL_PHI,2025,1,2025-09-04,TEST,DAL,PHI,20.0,24.0,1,False,0,Dallas Cowboys,Philadelphia Eagles,-4.0,L
2025_01_KC_LAC,2025,1,2025-09-05,TEST,LAC,KC,27.0,21.0,1,False,1,Los Angeles Chargers,Kansas City Chiefs,6.0,W
2025_01_KC_LAC,2025,1,2025-09-05,TEST,KC,LAC,21.0,27.0,1,False,0,Kansas City Chiefs,Los Angeles Chargers,-6.0,L
2025_01_ARI_NO,2025,1,2025-09-07,TEST,NO,ARI,13.0,20.0,0,False,1,New Orleans Saints,Arizona Cardinals,-7.0,L
2025_01_ARI_NO,2025,1,2025-09-07,TEST,ARI,NO,20.0,13.0,0,False,0,Arizona Cardinals,New Orleans Saints,7.0,W
2025_01_BAL_BUF,2025,1,2025-09-07,TEST,BUF,BAL,41.0,40.0,1,False,1,Buffalo Bills,Baltimore Ravens,1.0,W
2025_01_BAL_BUF,2025,1,2025-09-07,TEST,BAL,BUF,40.0,41.0,1,False,0,Baltimore Ravens,Buffalo Bills,-1.0,L
2025_01_CAR_JAX,2025,1,2025-09-07,TEST,JAX,CAR,26.0,10.0,1,False,1,Jacksonville Jaguars,Carolina Panthers,16.0,W
2025_01_CAR_JAX,2025,1,2025-09-07,TEST,CAR,JAX,10.0,26.0,1,False,0,Carolina Panthers,Jacksonville Jaguars,-16.0,L
2025_01_CIN_CLE,2025,1,2025-09-07,TEST,CLE,CIN,16.0,17.0,0,False,1,Cleveland Browns,Cincinnati Bengals,-1.0,L
2025_01_CIN_CLE,2025,1,2025-09-07,TEST,CIN,CLE,17.0,16.0,0,False,0,Cincinnati Bengals,Cleveland Browns,1.0,W
2025_01_DET_GB,2025,1,2025-09-07,TEST,GB,DET,27.0,13.0,1,False,1,Green Bay Packers,Detroit Lions,14.0,W
2025_01_DET_GB,2025,1,2025-09-07,TEST,DET,GB,13.0,27.0,1,False,0,Detroit Lions,Green Bay Packers,-14.0,L
2025_01_HOU_LA,2025,1,2025-09-07,TEST,LA,HOU,14.0,9.0,1,False,1,Los Angeles Rams,Houston Texans,5.0,W
2025_01_HOU_LA,2025,1,2025-09-07,TEST,HOU,LA,9.0,14.0,1,False,0,Houston Texans,Los Angeles Rams,-5.0,L
2025_01_LV_NE,2025,1,2025-09-07,TEST,NE,LV,13.0,20.0,0,False,1,New England Patriots,Las Vegas Raiders,-7.0,L
2025_01_LV_NE,2025,1,2025-09-07,TEST,LV,NE,20.0,13.0,0,False,0,Las Vegas Raiders,New England Patriots,7.0,W
2025_01_MIA_IND,2025,1,2025-09-07,TEST,IND,MIA,33.0,8.0,1,False,1,Indianapolis Colts,Miami Dolphins,25.0,W
2025_01_MIA_IND,2025,1,2025-09-07,TEST,MIA,IND,8.0,33.0,1,False,0,Miami Dolphins,Indianapolis Colts,-25.0,L
2025_01_NYG_WAS,2025,1,2025-09-07,TEST,WAS,NYG,21.0,6.0,1,False,1,Washington Commanders,New York Giants,15.0,W
2025_01_NYG_WAS,2025,1,2025-09-07,TEST,NYG,WAS,6.0,21.0,1,False,0,New York Giants,Washington Commanders,-15.0,L
2025_01_PIT_NYJ,2025,1,2025-09-07,TEST,NYJ,PIT,32.0,34.0,0,False,1,New York Jets,Pittsburgh Steelers,-2.0,L
2025_01_PIT_NYJ,2025,1,2025-09-07,TEST,PIT,NYJ,34.0,32.0,0,False,0,Pittsburgh Steelers,New York Jets,2.0,W
2025_01_SF_SEA,2025,1,2025-09-07,TEST,SEA,SF,13.0,17.0,0,False,1,Seattle Seahawks,San Francisco 49ers,-4.0,L
2025_01_SF_SEA,2025,1,2025-09-07,TEST,SF,SEA,17.0,13.0,0,False,0,San Francisco 49ers,Seattle Seahawks,4.0,W
2025_01_TB_ATL,2025,1,2025-09-07,TEST,ATL,TB,20.0,23.0,0,False,1,Atlanta Falcons,Tampa Bay Buccaneers,-3.0,L
2025_01_TB_ATL,2025,1,2025-09-07,TEST,TB,ATL,23.0,20.0,0,False,0,Tampa Bay Buccaneers,Atlanta Falcons,3.0,W
2025_01_TEN_DEN,2025,1,2025-09-07,TEST,DEN,TEN,20.0,12.0,1,False,1,Denver Broncos,Tennessee Titans,8.0,W
2025_01_TEN_DEN,2025,1,2025-09-07,TEST,TEN,DEN,12.0,20.0,1,False,0,Tennessee Titans,Denver Broncos,-8.0,L
2025_01_MIN_CHI,2025,1,2025-09-08,TEST,CHI,MIN,24.0,27.0,0,False,1,Chicago Bears,Minnesota Vikings,-3.0,L
2025_01_MIN_CHI,2025,1,2025-09-08,TEST,MIN,CHI,27.0,24.0,0,False,0,Minnesota Vikings,Chicago Bears,3.0,W
2025_02_WAS_GB,2025,2,2025-09-11,TEST,GB,WAS,27.0,18.0,1,False,1,Green Bay Packers,Washington Commanders,9.0,W
2025_02_WAS_GB,2025,2,2025-09-11,TEST,WAS,GB,18.0,27.0,1,False,0,Washington Commanders,Green Bay Packers,-9.0,L
2025_02_ATL_MIN,2025,2,2025-09-14,TEST,MIN,ATL,6.0,22.0,0,False,1,Minnesota Vikings,Atlanta Falcons,-16.0,L
2025_02_ATL_MIN,2025,2,2025-09-14,TEST,ATL,MIN,22.0,6.0,0,False,0,Atlanta Falcons,Minnesota Vikings,16.0,W
2025_02_BUF_NYJ,2025,2,2025-09-14,TEST,NYJ,BUF,10.0,30.0,0,False,1,New York Jets,Buffalo Bills,-20.0,L
2025_02_BUF_NYJ,2025,2,2025-09-14,TEST,BUF,NYJ,30.0,10.0,0,False,0,Buffalo Bills,New York Jets,20.0,W
2025_02_CAR_ARI,2025,2,2025-09-14,TEST,ARI,CAR,27.0,22.0,1,False,1,Arizona Cardinals,Carolina Panthers,5.0,W
2025_02_CAR_ARI,2025,2,2025-09-14,TEST,CAR,ARI,22.0,27.0,1,False,0,Carolina Panthers,Arizona Cardinals,-5.0,L
2025_02_CHI_DET,2025,2,2025-09-14,TEST,DET,CHI,52.0,21.0,1,False,1,Detroit Lions,Chicago Bears,31.0,W
2025_02_CHI_DET,2025,2,2025-09-14,TEST,CHI,DET,21.0,52.0,1,False,0,Chicago Bears,Detroit Lions,-31.0,L
2025_02_CLE_BAL,2025,2,2025-09-14,TEST,BAL,CLE,41.0,17.0,1,False,1,Baltimore Ravens,Cleveland Browns,24.0,W
2025_02_CLE_BAL,2025,2,2025-09-14,TEST,CLE,BAL,17.0,41.0,1,False,0,Cleveland Browns,Baltimore Ravens,-24.0,L
2025_02_DEN_IND,2025,2,2025-09-14,TEST,IND,DEN,29.0,28.0,1,False,1,Indianapolis Colts,Denver Broncos,1.0,W
2025_02_DEN_IND,2025,2,2025-09-14,TEST,DEN,IND,28.0,29.0,1,False,0,Denver Broncos,Indianapolis Colts,-1.0,L
2025_02_JAX_CIN,2025,2,2025-09-14,TEST,CIN,JAX,31.0,27.0,1,False,1,Cincinnati Bengals,Jacksonville Jaguars,4.0,W
2025_02_JAX_CIN,2025,2,2025-09-14,TEST,JAX,CIN,27.0,31.0,1,False,0,Jacksonville Jaguars,Cincinnati Bengals,-4.0,L
2025_02_LA_TEN,2025,2,2025-09-14,TEST,TEN,LA,19.0,33.0,0,False,1,Tennessee Titans,Los Angeles Rams,-14.0,L
2025_02_LA_TEN,2025,2,2025-09-14,TEST,LA,TEN,33.0,19.0,0,False,0,Los Angeles Rams,Tennessee Titans,14.0,W
2025_02_NE_MIA,2025,2,2025-09-14,TEST,MIA,NE,27.0,33.0,0,False,1,Miami Dolphins,New England Patriots,-6.0,L
2025_02_NE_MIA,2025,2,2025-09-14,TEST,NE,MIA,33.0,27.0,0,False,0,New England Patriots,Miami Dolphins,6.0,W
2025_02_NYG_DAL,2025,2,2025-09-14,TEST,DAL,NYG,40.0,37.0,1,False,1,Dallas Cowboys,New York Giants,3.0,W
2025_02_NYG_DAL,2025,2,2025-09-14,TEST,NYG,DAL,37.0,40.0,1,False,0,New York Giants,Dallas Cowboys,-3.0,L
2025_02_PHI_KC,2025,2,2025-09-14,TEST,KC,PHI,17.0,20.0,0,False,1,Kansas City Chiefs,Philadelphia Eagles,-3.0,L
2025_02_PHI_KC,2025,2,2025-09-14,TEST,PHI,KC,20.0,17.0,0,False,0,Philadelphia Eagles,Kansas City Chiefs,3.0,W
2025_02_SEA_PIT,2025,2,2025-09-14,TEST,PIT,SEA,17.0,31.0,0,False,1,Pittsburgh Steelers,Seattle Seahawks,-14.0,L
2025_02_SEA_PIT,2025,2,2025-09-14,TEST,SEA,PIT,31.0,17.0,0,False,0,Seattle Seahawks,Pittsburgh Steelers,14.0,W
2025_02_SF_NO,2025,2,2025-09-14,TEST,NO,SF,21.0,26.0,0,False,1,New Orleans Saints,San Francisco 49ers,-5.0,L
2025_02_SF_NO,2025,2,2025-09-14,TEST,SF,NO,26.0,21.0,0,False,0,San Francisco 49ers,New Orleans Saints,5.0,W
2025_02_LAC_LV,2025,2,2025-09-15,TEST,LV,LAC,9.0,20.0,0,False,1,Las Vegas Raiders,Los Angeles Chargers,-11.0,L
2025_02_LAC_LV,2025,2,2025-09-15,TEST,LAC,LV,20.0,9.0,0,False,0,Los Angeles Chargers,Las Vegas Raiders,11.0,W
2025_02_TB_HOU,2025,2,2025-09-15,TEST,HOU,TB,19.0,20.0,0,False,1,Houston Texans,Tampa Bay Buccaneers,-1.0,L
2025_02_TB_HOU,2025,2,2025-09-15,TEST,TB,HOU,20.0,19.0,0,False,0,Tampa Bay Buccaneers,Houston Texans,1.0,W
2025_03_MIA_BUF,2025,3,2025-09-18,TEST,BUF,MIA,31.0,21.0,1,False,1,Buffalo Bills,Miami Dolphins,10.0,W
2025_03_MIA_BUF,2025,3,2025-09-18,TEST,MIA,BUF,21.0,31.0,1,False,0,Miami Dolphins,Buffalo Bills,-10.0,L
2025_03_ARI_SF,2025,3,2025-09-21,TEST,SF,ARI,16.0,15.0,1,False,1,San Francisco 49ers,Arizona Cardinals,1.0,W
2025_03_ARI_SF,2025,3,2025-09-21,TEST,ARI,SF,15.0,16.0,1,False,0,Arizona Cardinals,San Francisco 49ers,-1.0,L
2025_03_ATL_CAR,2025,3,2025-09-21,TEST,CAR,ATL,30.0,0.0,1,False,1,Carolina Panthers,Atlanta Falcons,30.0,W
2025_03_ATL_CAR,2025,3,2025-09-21,TEST,ATL,CAR,0.0,30.0,1,False,0,Atlanta Falcons,Carolina Panthers,-30.0,L
2025_03_CIN_MIN,2025,3,2025-09-21,TEST,MIN,CIN,48.0,10.0,1,False,1,Minnesota Vikings,Cincinnati Bengals,38.0,W
2025_03_CIN_MIN,2025,3,2025-09-21,TEST,CIN,MIN,10.0,48.0,1,False,0,Cincinnati Bengals,Minnesota Vikings,-38.0,L
2025_03_DAL_CHI,2025,3,2025-09-21,TEST,CHI,DAL,31.0,14.0,1,False,1,Chicago Bears,Dallas Cowboys,17.0,W
2025_03_DAL_CHI,2025,3,2025-09-21,TEST,DAL,CHI,14.0,31.0,1,False,0,Dallas Cowboys,Chicago Bears,-17.0,L
2025_03_DEN_LAC,2025,3,2025-09-21,TEST,LAC,DEN,23.0,20.0,1,False,1,Los Angeles Chargers,Denver Broncos,3.0,W
2025_03_DEN_LAC,2025,3,2025-09-21,TEST,DEN,LAC,20.0,23.0,1,False,0,Denver Broncos,Los Angeles Chargers,-3.0,L
2025_03_GB_CLE,2025,3,2025-09-21,TEST,CLE,GB,13.0,10.0,1,False,1,Cleveland Browns,Green Bay Packers,3.0,W
2025_03_GB_CLE,2025,3,2025-09-21,TEST,GB,CLE,10.0,13.0,1,False,0,Green Bay Packers,Cleveland Browns,-3.0,L
2025_03_HOU_JAX,2025,3,2025-09-21,TEST,JAX,HOU,17.0,10.0,1,False,1,Jacksonville Jaguars,Houston Texans,7.0,W
2025_03_HOU_JAX,2025,3,2025-09-21,TEST,HOU,JAX,10.0,17.0,1,False,0,Houston Texans,Jacksonville Jaguars,-7.0,L
2025_03_IND_TEN,2025,3,2025-09-21,TEST,TEN,IND,20.0,41.0,0,False,1,Tennessee Titans,Indianapolis Colts,-21.0,L
2025_03_IND_TEN,2025,3,2025-09-21,TEST,IND,TEN,41.0,20.0,0,False,0,Indianapolis Colts,Tennessee Titans,21.0,W
2025_03_KC_NYG,2025,3,2025-09-21,TEST,NYG,KC,9.0,22.0,0,False,1,New York Giants,Kansas City Chiefs,-13.0,L
2025_03_KC_NYG,2025,3,2025-09-21,TEST,KC,NYG,22.0,9.0,0,False,0,Kansas City Chiefs,New York Giants,13.0,W
2025_03_LA_PHI,2025,3,2025-09-21,TEST,PHI,LA,33.0,26.0,1,False,1,Philadelphia Eagles,Los Angeles Rams,7.0,W
2025_03_LA_PHI,2025,3,2025-09-21,TEST,LA,PHI,26.0,33.0,1,False,0,Los Angeles Rams,Philadelphia Eagles,-7.0,L
2025_03_LV_WAS,2025,3,2025-09-21,TEST,WAS,LV,41.0,24.0,1,False,1,Washington Commanders,Las Vegas Raiders,17.0,W
2025_03_LV_WAS,2025,3,2025-09-21,TEST,LV,WAS,24.0,41.0,1,False,0,Las Vegas Raiders,Washington Commanders,-17.0,L
2025_03_NO_SEA,2025,3,2025-09-21,TEST,SEA,NO,44.0,13.0,1,False,1,Seattle Seahawks,New Orleans Saints,31.0,W
2025_03_NO_SEA,2025,3,2025-09-21,TEST,NO,SEA,13.0,44.0,1,False,0,New Orleans Saints,Seattle Seahawks,-31.0,L
2025_03_NYJ_TB,2025,3,2025-09-21,TEST,TB,NYJ,29.0,27.0,1,False,1,Tampa Bay Buccaneers,New York Jets,2.0,W
2025_03_NYJ_TB,2025,3,2025-09-21,TEST,NYJ,TB,27.0,29.0,1,False,0,New York Jets,Tampa Bay Buccaneers,-2.0,L
2025_03_PIT_NE,2025,3,2025-09-21,TEST,NE,PIT,14.0,21.0,0,False,1,New England Patriots,Pittsburgh Steelers,-7.0,L
2025_03_PIT_NE,2025,3,2025-09-21,TEST,PIT,NE,21.0,14.0,0,False,0,Pittsburgh Steelers,New England Patriots,7.0,W
2025_03_DET_BAL,2025,3,2025-09-22,TEST,BAL,DET,30.0,38.0,0,False,1,Baltimore Ravens,Detroit Lions,-8.0,L
2025_03_DET_BAL,2025,3,2025-09-22,TEST,DET,BAL,38.0,30.0,0,False,0,Detroit Lions,Baltimore Ravens,8.0,W
2025_04_SEA_ARI,2025,4,2025-09-25,TEST,ARI,SEA,20.0,23.0,0,False,1,Arizona Cardinals,Seattle Seahawks,-3.0,L
2025_04_SEA_ARI,2025,4,2025-09-25,TEST,SEA,ARI,23.0,20.0,0,False,0,Seattle Seahawks,Arizona Cardinals,3.0,W
2025_04_BAL_KC,2025,4,2025-09-28,TEST,KC,BAL,37.0,20.0,1,False,1,Kansas City Chiefs,Baltimore Ravens,17.0,W
2025_04_BAL_KC,2025,4,2025-09-28,TEST,BAL,KC,20.0,37.0,1,False,0,Baltimore Ravens,Kansas City Chiefs,-17.0,L
2025_04_CAR_NE,2025,4,2025-09-28,TEST,NE,CAR,42.0,13.0,1,False,1,New England Patriots,Carolina Panthers,29.0,W
2025_04_CAR_NE,2025,4,2025-09-28,TEST,CAR,NE,13.0,42.0,1,False,0,Carolina Panthers,New England Patriots,-29.0,L
2025_04_CHI_LV,2025,4,2025-09-28,TEST,LV,CHI,24.0,25.0,0,False,1,Las Vegas Raiders,Chicago Bears,-1.0,L
2025_04_CHI_LV,2025,4,2025-09-28,TEST,CHI,LV,25.0,24.0,0,False,0,Chicago Bears,Las Vegas Raiders,1.0,W
2025_04_CLE_DET,2025,4,2025-09-28,TEST,DET,CLE,34.0,10.0,1,False,1,Detroit Lions,Cleveland Browns,24.0,W
2025_04_CLE_DET,2025,4,2025-09-28,TEST,CLE,DET,10.0,34.0,1,False,0,Cleveland Browns,Detroit Lions,-24.0,L
2025_04_GB_DAL,2025,4,2025-09-28,TEST,DAL,GB,40.0,40.0,,True,1,Dallas Cowboys,Green Bay Packers,0.0,T
2025_04_GB_DAL,2025,4,2025-09-28,TEST,GB,DAL,40.0,40.0,,True,0,Green Bay Packers,Dallas Cowboys,0.0,T
2025_04_IND_LA,2025,4,2025-09-28,TEST,LA,IND,27.0,20.0,1,False,1,Los Angeles Rams,Indianapolis Colts,7.0,W
2025_04_IND_LA,2025,4,2025-09-28,TEST,IND,LA,20.0,27.0,1,False,0,Indianapolis Colts,Los Angeles Rams,-7.0,L
2025_04_JAX_SF,2025,4,2025-09-28,TEST,SF,JAX,21.0,26.0,0,False,1,San Francisco 49ers,Jacksonville Jaguars,-5.0,L
2025_04_JAX_SF,2025,4,2025-09-28,TEST,JAX,SF,26.0,21.0,0,False,0,Jacksonville Jaguars,San Francisco 49ers,5.0,W
2025_04_LAC_NYG,2025,4,2025-09-28,TEST,NYG,LAC,21.0,18.0,1,False,1,New York Giants,Los Angeles Chargers,3.0,W
2025_04_LAC_NYG,2025,4,2025-09-28,TEST,LAC,NYG,18.0,21.0,1,False,0,Los Angeles Chargers,New York Giants,-3.0,L
2025_04_MIN_PIT,2025,4,2025-09-28,TEST,PIT,MIN,24.0,21.0,1,False,1,Pittsburgh Steelers,Minnesota Vikings,3.0,W
2025_04_MIN_PIT,2025,4,2025-09-28,TEST,MIN,PIT,21.0,24.0,1,False,0,Minnesota Vikings,Pittsburgh Steelers,-3.0,L
2025_04_NO_BUF,2025,4,2025-09-28,TEST,BUF,NO,31.0,19.0,1,False,1,Buffalo Bills,New Orleans Saints,12.0,W
2025_04_NO_BUF,2025,4,2025-09-28,TEST,NO,BUF,19.0,31.0,1,False,0,New Orleans Saints,Buffalo Bills,-12.0,L
2025_04_PHI_TB,2025,4,2025-09-28,TEST,TB,PHI,25.0,31.0,0,False,1,Tampa Bay Buccaneers,Philadelphia Eagles,-6.0,L
2025_04_PHI_TB,2025,4,2025-09-28,TEST,PHI,TB,31.0,25.0,0,False,0,Philadelphia Eagles,Tampa Bay Buccaneers,6.0,W
2025_04_TEN_HOU,2025,4,2025-09-28,TEST,HOU,TEN,26.0,0.0,1,False,1,Houston Texans,Tennessee Titans,26.0,W
2025_04_TEN_HOU,2025,4,2025-09-28,TEST,TEN,HOU,0.0,26.0,1,False,0,Tennessee Titans,Houston Texans,-26.0,L
2025_04_WAS_ATL,2025,4,2025-09-28,TEST,ATL,WAS,34.0,27.0,1,False,1,Atlanta Falcons,Washington Commanders,7.0,W
2025_04_WAS_ATL,2025,4,2025-09-28,TEST,WAS,ATL,27.0,34.0,1,False,0,Washington Commanders,Atlanta Falcons,-7.0,L
2025_04_CIN_DEN,2025,4,2025-09-29,TEST,DEN,CIN,28.0,3.0,1,False,1,Denver Broncos,Cincinnati Bengals,25.0,W
2025_04_CIN_DEN,2025,4,2025-09-29,TEST,CIN,DEN,3.0,28.0,1,False,0,Cincinnati Bengals,Denver Broncos,-25.0,L
2025_04_NYJ_MIA,2025,4,2025-09-29,TEST,MIA,NYJ,27.0,21.0,1,False,1,Miami Dolphins,New York Jets,6.0,W
2025_04_NYJ_MIA,2025,4,2025-09-29,TEST,NYJ,MIA,21.0,27.0,1,False,0,New York Jets,Miami Dolphins,-6.0,L
2025_05_SF_LA,2025,5,2025-10-02,TEST,LA,SF,23.0,26.0,0,False,1,Los Angeles Rams,San Francisco 49ers,-3.0,L
2025_05_SF_LA,2025,5,2025-10-02,TEST,SF,LA,26.0,23.0,0,False,0,San Francisco 49ers,Los Angeles Rams,3.0,W
2025_05_DAL_NYJ,2025,5,2025-10-05,TEST,NYJ,DAL,22.0,37.0,0,False,1,New York Jets,Dallas Cowboys,-15.0,L
2025_05_DAL_NYJ,2025,5,2025-10-05,TEST,DAL,NYJ,37.0,22.0,0,False,0,Dallas Cowboys,New York Jets,15.0,W
2025_05_DEN_PHI,2025,5,2025-10-05,TEST,PHI,DEN,17.0,21.0,0,False,1,Philadelphia Eagles,Denver Broncos,-4.0,L
2025_05_DEN_PHI,2025,5,2025-10-05,TEST,DEN,PHI,21.0,17.0,0,False,0,Denver Broncos,Philadelphia Eagles,4.0,W
2025_05_DET_CIN,2025,5,2025-10-05,TEST,CIN,DET,24.0,37.0,0,False,1,Cincinnati Bengals,Detroit Lions,-13.0,L
2025_05_DET_CIN,2025,5,2025-10-05,TEST,DET,CIN,37.0,24.0,0,False,0,Detroit Lions,Cincinnati Bengals,13.0,W
2025_05_HOU_BAL,2025,5,2025-10-05,TEST,BAL,HOU,10.0,44.0,0,False,1,Baltimore Ravens,Houston Texans,-34.0,L
2025_05_HOU_BAL,2025,5,2025-10-05,TEST,HOU,BAL,44.0,10.0,0,False,0,Houston Texans,Baltimore Ravens,34.0,W
2025_05_LV_IND,2025,5,2025-10-05,TEST,IND,LV,40.0,6.0,1,False,1,Indianapolis Colts,Las Vegas Raiders,34.0,W
2025_05_LV_IND,2025,5,2025-10-05,TEST,LV,IND,6.0,40.0,1,False,0,Las Vegas Raiders,Indianapolis Colts,-34.0,L
2025_05_MIA_CAR,2025,5,2025-10-05,TEST,CAR,MIA,27.0,24.0,1,False,1,Carolina Panthers,Miami Dolphins,3.0,W
2025_05_MIA_CAR,2025,5,2025-10-05,TEST,MIA,CAR,24.0,27.0,1,False,0,Miami Dolphins,Carolina Panthers,-3.0,L
2025_05_MIN_CLE,2025,5,2025-10-05,TEST,CLE,MIN,17.0,21.0,0,False,1,Cleveland Browns,Minnesota Vikings,-4.0,L
2025_05_MIN_CLE,2025,5,2025-10-05,TEST,MIN,CLE,21.0,17.0,0,False,0,Minnesota Vikings,Cleveland Browns,4.0,W
2025_05_NE_BUF,2025,5,2025-10-05,TEST,BUF,NE,20.0,23.0,0,False,1,Buffalo Bills,New England Patriots,-3.0,L
2025_05_NE_BUF,2025,5,2025-10-05,TEST,NE,BUF,23.0,20.0,0,False,0,New England Patriots,Buffalo Bills,3.0,W
2025_05_NYG_NO,2025,5,2025-10-05,TEST,NO,NYG,26.0,14.0,1,False,1,New Orleans Saints,New York Giants,12.0,W
2025_05_NYG_NO,2025,5,2025-10-05,TEST,NYG,NO,14.0,26.0,1,False,0,New York Giants,New Orleans Saints,-12.0,L
2025_05_TB_SEA,2025,5,2025-10-05,TEST,SEA,TB,35.0,38.0,0,False,1,Seattle Seahawks,Tampa Bay Buccaneers,-3.0,L
2025_05_TB_SEA,2025,5,2025-10-05,TEST,TB,SEA,38.0,35.0,0,False,0,Tampa Bay Buccaneers,Seattle Seahawks,3.0,W
2025_05_TEN_ARI,2025,5,2025-10-05,TEST,ARI,TEN,21.0,22.0,0,False,1,Arizona Cardinals,Tennessee Titans,-1.0,L
2025_05_TEN_ARI,2025,5,2025-10-05,TEST,TEN,ARI,22.0,21.0,0,False,0,Tennessee Titans,Arizona Cardinals,1.0,W
2025_05_WAS_LAC,2025,5,2025-10-05,TEST,LAC,WAS,10.0,27.0,0,False,1,Los Angeles Chargers,Washington Commanders,-17.0,L
2025_05_WAS_LAC,2025,5,2025-10-05,TEST,WAS,LAC,27.0,10.0,0,False,0,Washington Commanders,Los Angeles Chargers,17.0,W
2025_05_KC_JAX,2025,5,2025-10-06,TEST,JAX,KC,31.0,28.0,1,False,1,Jacksonville Jaguars,Kansas City Chiefs,3.0,W
2025_05_KC_JAX,2025,5,2025-10-06,TEST,KC,JAX,28.0,31.0,1,False,0,Kansas City Chiefs,Jacksonville Jaguars,-3.0,L
2025_06_PHI_NYG,2025,6,2025-10-09,TEST,NYG,PHI,34.0,17.0,1,False,1,New York Giants,Philadelphia Eagles,17.0,W
2025_06_PHI_NYG,2025,6,2025-10-09,TEST,PHI,NYG,17.0,34.0,1,False,0,Philadelphia Eagles,New York Giants,-17.0,L
2025_06_ARI_IND,2025,6,2025-10-12,TEST,IND,ARI,31.0,27.0,1,False,1,Indianapolis Colts,Arizona Cardinals,4.0,W
2025_06_ARI_IND,2025,6,2025-10-12,TEST,ARI,IND,27.0,31.0,1,False,0,Arizona Cardinals,Indianapolis Colts,-4.0,L
2025_06_CIN_GB,2025,6,2025-10-12,TEST,GB,CIN,27.0,18.0,1,False,1,Green Bay Packers,Cincinnati Bengals,9.0,W
2025_06_CIN_GB,2025,6,2025-10-12,TEST,CIN,GB,18.0,27.0,1,False,0,Cincinnati Bengals,Green Bay Packers,-9.0,L
2025_06_CLE_PIT,2025,6,2025-10-12,TEST,PIT,CLE,23.0,9.0,1,False,1,Pittsburgh Steelers,Cleveland Browns,14.0,W
2025_06_CLE_PIT,2025,6,2025-10-12,TEST,CLE,PIT,9.0,23.0,1,False,0,Cleveland Browns,Pittsburgh Steelers,-14.0,L
2025_06_DAL_CAR,2025,6,2025-10-12,TEST,CAR,DAL,30.0,27.0,1,False,1,Carolina Panthers,Dallas Cowboys,3.0,W
2025_06_DAL_CAR,2025,6,2025-10-12,TEST,DAL,CAR,27.0,30.0,1,False,0,Dallas Cowboys,Carolina Panthers,-3.0,L
2025_06_DEN_NYJ,2025,6,2025-10-12,TEST,NYJ,DEN,11.0,13.0,0,False,1,New York Jets,Denver Broncos,-2.0,L
2025_06_DEN_NYJ,2025,6,2025-10-12,TEST,DEN,NYJ,13.0,11.0,0,False,0,Denver Broncos,New York Jets,2.0,W
2025_06_DET_KC,2025,6,2025-10-12,TEST,KC,DET,30.0,17.0,1,False,1,Kansas City Chiefs,Detroit Lions,13.0,W
2025_06_DET_KC,2025,6,2025-10-12,TEST,DET,KC,17.0,30.0,1,False,0,Detroit Lions,Kansas City Chiefs,-13.0,L
2025_06_LAC_MIA,2025,6,2025-10-12,TEST,MIA,LAC,27.0,29.0,0,False,1,Miami Dolphins,Los Angeles Chargers,-2.0,L
2025_06_LAC_MIA,2025,6,2025-10-12,TEST,LAC,MIA,29.0,27.0,0,False,0,Los Angeles Chargers,Miami Dolphins,2.0,W
2025_06_LA_BAL,2025,6,2025-10-12,TEST,BAL,LA,3.0,17.0,0,False,1,Baltimore Ravens,Los Angeles Rams,-14.0,L
2025_06_LA_BAL,2025,6,2025-10-12,TEST,LA,BAL,17.0,3.0,0,False,0,Los Angeles Rams,Baltimore Ravens,14.0,W
2025_06_NE_NO,2025,6,2025-10-12,TEST,NO,NE,19.0,25.0,0,False,1,New Orleans Saints,New England Patriots,-6.0,L
2025_06_NE_NO,2025,6,2025-10-12,TEST,NE,NO,25.0,19.0,0,False,0,New England Patriots,New Orleans Saints,6.0,W
2025_06_SEA_JAX,2025,6,2025-10-12,TEST,JAX,SEA,12.0,20.0,0,False,1,Jacksonville Jaguars,Seattle Seahawks,-8.0,L
2025_06_SEA_JAX,2025,6,2025-10-12,TEST,SEA,JAX,20.0,12.0,0,False,0,Seattle Seahawks,Jacksonville Jaguars,8.0,W
2025_06_SF_TB,2025,6,2025-10-12,TEST,TB,SF,30.0,19.0,1,False,1,Tampa Bay Buccaneers,San Francisco 49ers,11.0,W
2025_06_SF_TB,2025,6,2025-10-12,TEST,SF,TB,19.0,30.0,1,False,0,San Francisco 49ers,Tampa Bay Buccaneers,-11.0,L
2025_06_TEN_LV,2025,6,2025-10-12,TEST,LV,TEN,20.0,10.0,1,False,1,Las Vegas Raiders,Tennessee Titans,10.0,W
2025_06_TEN_LV,2025,6,2025-10-12,TEST,TEN,LV,10.0,20.0,1,False,0,Tennessee Titans,Las Vegas Raiders,-10.0,L
2025_06_BUF_ATL,2025,6,2025-10-13,TEST,ATL,BUF,24.0,14.0,1,False,1,Atlanta Falcons,Buffalo Bills,10.0,W
2025_06_BUF_ATL,2025,6,2025-10-13,TEST,BUF,ATL,14.0,24.0,1,False,0,Buffalo Bills,Atlanta Falcons,-10.0,L
2025_06_CHI_WAS,2025,6,2025-10-13,TEST,WAS,CHI,24.0,25.0,0,False,1,Washington Commanders,Chicago Bears,-1.0,L
2025_06_CHI_WAS,2025,6,2025-10-13,TEST,CHI,WAS,25.0,24.0,0,False,0,Chicago Bears,Washington Commanders,1.0,W
2025_07_PIT_CIN,2025,7,2025-10-16,TEST,CIN,PIT,33.0,31.0,1,False,1,Cincinnati Bengals,Pittsburgh Steelers,2.0,W
2025_07_PIT_CIN,2025,7,2025-10-16,TEST,PIT,CIN,31.0,33.0,1,False,0,Pittsburgh Steelers,Cincinnati Bengals,-2.0,L
2025_07_ATL_SF,2025,7,2025-10-19,TEST,SF,ATL,20.0,10.0,1,False,1,San Francisco 49ers,Atlanta Falcons,10.0,W
2025_07_ATL_SF,2025,7,2025-10-19,TEST,ATL,SF,10.0,20.0,1,False,0,Atlanta Falcons,San Francisco 49ers,-10.0,L
2025_07_CAR_NYJ,2025,7,2025-10-19,TEST,NYJ,CAR,6.0,13.0,0,False,1,New York Jets,Carolina Panthers,-7.0,L
2025_07_CAR_NYJ,2025,7,2025-10-19,TEST,CAR,NYJ,13.0,6.0,0,False,0,Carolina Panthers,New York Jets,7.0,W
2025_07_GB_ARI,2025,7,2025-10-19,TEST,ARI,GB,23.0,27.0,0,False,1,Arizona Cardinals,Green Bay Packers,-4.0,L
2025_07_GB_ARI,2025,7,2025-10-19,TEST,GB,ARI,27.0,23.0,0,False,0,Green Bay Packers,Arizona Cardinals,4.0,W
2025_07_IND_LAC,2025,7,2025-10-19,TEST,LAC,IND,24.0,38.0,0,False,1,Los Angeles Chargers,Indianapolis Colts,-14.0,L
2025_07_IND_LAC,2025,7,2025-10-19,TEST,IND,LAC,38.0,24.0,0,False,0,Indianapolis Colts,Los Angeles Chargers,14.0,W
2025_07_LA_JAX,2025,7,2025-10-19,TEST,JAX,LA,7.0,35.0,0,False,1,Jacksonville Jaguars,Los Angeles Rams,-28.0,L
2025_07_LA_JAX,2025,7,2025-10-19,TEST,LA,JAX,35.0,7.0,0,False,0,Los Angeles Rams,Jacksonville Jaguars,28.0,W
2025_07_LV_KC,2025,7,2025-10-19,TEST,KC,LV,31.0,0.0,1,False,1,Kansas City Chiefs,Las Vegas Raiders,31.0,W
2025_07_LV_KC,2025,7,2025-10-19,TEST,LV,KC,0.0,31.0,1,False,0,Las Vegas Raiders,Kansas City Chiefs,-31.0,L
2025_07_MIA_CLE,2025,7,2025-10-19,TEST,CLE,MIA,31.0,6.0,1,False,1,Cleveland Browns,Miami Dolphins,25.0,W
2025_07_MIA_CLE,2025,7,2025-10-19,TEST,MIA,CLE,6.0,31.0,1,False,0,Miami Dolphins,Cleveland Browns,-25.0,L
2025_07_NE_TEN,2025,7,2025-10-19,TEST,TEN,NE,13.0,31.0,0,False,1,Tennessee Titans,New England Patriots,-18.0,L
2025_07_NE_TEN,2025,7,2025-10-19,TEST,NE,TEN,31.0,13.0,0,False,0,New England Patriots,Tennessee Titans,18.0,W
2025_07_NO_CHI,2025,7,2025-10-19,TEST,CHI,NO,26.0,14.0,1,False,1,Chicago Bears,New Orleans Saints,12.0,W
2025_07_NO_CHI,2025,7,2025-10-19,TEST,NO,CHI,14.0,26.0,1,False,0,New Orleans Saints,Chicago Bears,-12.0,L
2025_07_NYG_DEN,2025,7,2025-10-19,TEST,DEN,NYG,33.0,32.0,1,False,1,Denver Broncos,New York Giants,1.0,W
2025_07_NYG_DEN,2025,7,2025-10-19,TEST,NYG,DEN,32.0,33.0,1,False,0,New York Giants,Denver Broncos,-1.0,L
2025_07_PHI_MIN,2025,7,2025-10-19,TEST,MIN,PHI,22.0,28.0,0,False,1,Minnesota Vikings,Philadelphia Eagles,-6.0,L
2025_07_PHI_MIN,2025,7,2025-10-19,TEST,PHI,MIN,28.0,22.0,0,False,0,Philadelphia Eagles,Minnesota Vikings,6.0,W
2025_07_WAS_DAL,2025,7,2025-10-19,TEST,DAL,WAS,44.0,22.0,1,False,1,Dallas Cowboys,Washington Commanders,22.0,W
2025_07_WAS_DAL,2025,7,2025-10-19,TEST,WAS,DAL,22.0,44.0,1,False,0,Washington Commanders,Dallas Cowboys,-22.0,L
2025_07_HOU_SEA,2025,7,2025-10-20,TEST,SEA,HOU,27.0,19.0,1,False,1,Seattle Seahawks,Houston Texans,8.0,W
2025_07_HOU_SEA,2025,7,2025-10-20,TEST,HOU,SEA,19.0,27.0,1,False,0,Houston Texans,Seattle Seahawks,-8.0,L
2025_07_TB_DET,2025,7,2025-10-20,TEST,DET,TB,24.0,9.0,1,False,1,Detroit Lions,Tampa Bay Buccaneers,15.0,W
2025_07_TB_DET,2025,7,2025-10-20,TEST,TB,DET,9.0,24.0,1,False,0,Tampa Bay Buccaneers,Detroit Lions,-15.0,L
2025_08_MIN_LAC,2025,8,2025-10-23,TEST,LAC,MIN,37.0,10.0,1,False,1,Los Angeles Chargers,Minnesota Vikings,27.0,W
2025_08_MIN_LAC,2025,8,2025-10-23,TEST,MIN,LAC,10.0,37.0,1,False,0,Minnesota Vikings,Los Angeles Chargers,-27.0,L
2025_08_BUF_CAR,2025,8,2025-10-26,TEST,CAR,BUF,9.0,40.0,0,False,1,Carolina Panthers,Buffalo Bills,-31.0,L
2025_08_BUF_CAR,2025,8,2025-10-26,TEST,BUF,CAR,40.0,9.0,0,False,0,Buffalo Bills,Carolina Panthers,31.0,W
2025_08_CHI_BAL,2025,8,2025-10-26,TEST,BAL,CHI,30.0,16.0,1,False,1,Baltimore Ravens,Chicago Bears,14.0,W
2025_08_CHI_BAL,2025,8,2025-10-26,TEST,CHI,BAL,16.0,30.0,1,False,0,Chicago Bears,Baltimore Ravens,-14.0,L
2025_08_CLE_NE,2025,8,2025-10-26,TEST,NE,CLE,32.0,13.0,1,False,1,New England Patriots,Cleveland Browns,19.0,W
2025_08_CLE_NE,2025,8,2025-10-26,TEST,CLE,NE,13.0,32.0,1,False,0,Cleveland Browns,New England Patriots,-19.0,L
2025_08_DAL_DEN,2025,8,2025-10-26,TEST,DEN,DAL,44.0,24.0,1,False,1,Denver Broncos,Dallas Cowboys,20.0,W
2025_08_DAL_DEN,2025,8,2025-10-26,TEST,DAL,DEN,24.0,44.0,1,False,0,Dallas Cowboys,Denver Broncos,-20.0,L
2025_08_GB_PIT,2025,8,2025-10-26,TEST,PIT,GB,25.0,35.0,0,False,1,Pittsburgh Steelers,Green Bay Packers,-10.0,L
2025_08_GB_PIT,2025,8,2025-10-26,TEST,GB,PIT,35.0,25.0,0,False,0,Green Bay Packers,Pittsburgh Steelers,10.0,W
2025_08_MIA_ATL,2025,8,2025-10-26,TEST,ATL,MIA,10.0,34.0,0,False,1,Atlanta Falcons,Miami Dolphins,-24.0,L
2025_08_MIA_ATL,2025,8,2025-10-26,TEST,MIA,ATL,34.0,10.0,0,False,0,Miami Dolphins,Atlanta Falcons,24.0,W
2025_08_NYG_PHI,2025,8,2025-10-26,TEST,PHI,NYG,38.0,20.0,1,False,1,Philadelphia Eagles,New York Giants,18.0,W
2025_08_NYG_PHI,2025,8,2025-10-26,TEST,NYG,PHI,20.0,38.0,1,False,0,New York Giants,Philadelphia Eagles,-18.0,L
2025_08_NYJ_CIN,2025,8,2025-10-26,TEST,CIN,NYJ,38.0,39.0,0,False,1,Cincinnati Bengals,New York Jets,-1.0,L
2025_08_NYJ_CIN,2025,8,2025-10-26,TEST,NYJ,CIN,39.0,38.0,0,False,0,New York Jets,Cincinnati Bengals,1.0,W
2025_08_SF_HOU,2025,8,2025-10-26,TEST,HOU,SF,26.0,15.0,1,False,1,Houston Texans,San Francisco 49ers,11.0,W
2025_08_SF_HOU,2025,8,2025-10-26,TEST,SF,HOU,15.0,26.0,1,False,0,San Francisco 49ers,Houston Texans,-11.0,L
2025_08_TB_NO,2025,8,2025-10-26,TEST,NO,TB,3.0,23.0,0,False,1,New Orleans Saints,Tampa Bay Buccaneers,-20.0,L
2025_08_TB_NO,2025,8,2025-10-26,TEST,TB,NO,23.0,3.0,0,False,0,Tampa Bay Buccaneers,New Orleans Saints,20.0,W
2025_08_TEN_IND,2025,8,2025-10-26,TEST,IND,TEN,38.0,14.0,1,False,1,Indianapolis Colts,Tennessee Titans,24.0,W
2025_08_TEN_IND,2025,8,2025-10-26,TEST,TEN,IND,14.0,38.0,1,False,0,Tennessee Titans,Indianapolis Colts,-24.0,L
2025_08_WAS_KC,2025,8,2025-10-27,TEST,KC,WAS,28.0,7.0,1,False,1,Kansas City Chiefs,Washington Commanders,21.0,W
2025_08_WAS_KC,2025,8,2025-10-27,TEST,WAS,KC,7.0,28.0,1,False,0,Washington Commanders,Kansas City Chiefs,-21.0,L
2025_09_BAL_MIA,2025,9,2025-10-30,TEST,MIA,BAL,6.0,28.0,0,False,1,Miami Dolphins,Baltimore Ravens,-22.0,L
2025_09_BAL_MIA,2025,9,2025-10-30,TEST,BAL,MIA,28.0,6.0,0,False,0,Baltimore Ravens,Miami Dolphins,22.0,W
2025_09_ATL_NE,2025,9,2025-11-02,TEST,NE,ATL,24.0,23.0,1,False,1,New England Patriots,Atlanta Falcons,1.0,W
2025_09_ATL_NE,2025,9,2025-11-02,TEST,ATL,NE,23.0,24.0,1,False,0,Atlanta Falcons,New England Patriots,-1.0,L
2025_09_CAR_GB,2025,9,2025-11-02,TEST,GB,CAR,13.0,16.0,0,False,1,Green Bay Packers,Carolina Panthers,-3.0,L
2025_09_CAR_GB,2025,9,2025-11-02,TEST,CAR,GB,16.0,13.0,0,False,0,Carolina Panthers,Green Bay Packers,3.0,W
2025_09_CHI_CIN,2025,9,2025-11-02,TEST,CIN,CHI,42.0,47.0,0,False,1,Cincinnati Bengals,Chicago Bears,-5.0,L
2025_09_CHI_CIN,2025,9,2025-11-02,TEST,CHI,CIN,47.0,42.0,0,False,0,Chicago Bears,Cincinnati Bengals,5.0,W
2025_09_DEN_HOU,2025,9,2025-11-02,TEST,HOU,DEN,15.0,18.0,0,False,1,Houston Texans,Denver Broncos,-3.0,L
2025_09_DEN_HOU,2025,9,2025-11-02,TEST,DEN,HOU,18.0,15.0,0,False,0,Denver Broncos,Houston Texans,3.0,W
2025_09_IND_PIT,2025,9,2025-11-02,TEST,PIT,IND,27.0,20.0,1,False,1,Pittsburgh Steelers,Indianapolis Colts,7.0,W
2025_09_IND_PIT,2025,9,2025-11-02,TEST,IND,PIT,20.0,27.0,1,False,0,Indianapolis Colts,Pittsburgh Steelers,-7.0,L
2025_09_JAX_LV,2025,9,2025-11-02,TEST,LV,JAX,29.0,30.0,0,False,1,Las Vegas Raiders,Jacksonville Jaguars,-1.0,L
2025_09_JAX_LV,2025,9,2025-11-02,TEST,JAX,LV,30.0,29.0,0,False,0,Jacksonville Jaguars,Las Vegas Raiders,1.0,W
2025_09_KC_BUF,2025,9,2025-11-02,TEST,BUF,KC,28.0,21.0,1,False,1,Buffalo Bills,Kansas City Chiefs,7.0,W
2025_09_KC_BUF,2025,9,2025-11-02,TEST,KC,BUF,21.0,28.0,1,False,0,Kansas City Chiefs,Buffalo Bills,-7.0,L
2025_09_LAC_TEN,2025,9,2025-11-02,TEST,TEN,LAC,20.0,27.0,0,False,1,Tennessee Titans,Los Angeles Chargers,-7.0,L
2025_09_LAC_TEN,2025,9,2025-11-02,TEST,LAC,TEN,27.0,20.0,0,False,0,Los Angeles Chargers,Tennessee Titans,7.0,W
2025_09_MIN_DET,2025,9,2025-11-02,TEST,DET,MIN,24.0,27.0,0,False,1,Detroit Lions,Minnesota Vikings,-3.0,L
2025_09_MIN_DET,2025,9,2025-11-02,TEST,MIN,DET,27.0,24.0,0,False,0,Minnesota Vikings,Detroit Lions,3.0,W
2025_09_NO_LA,2025,9,2025-11-02,TEST,LA,NO,34.0,10.0,1,False,1,Los Angeles Rams,New Orleans Saints,24.0,W
2025_09_NO_LA,2025,9,2025-11-02,TEST,NO,LA,10.0,34.0,1,False,0,New Orleans Saints,Los Angeles Rams,-24.0,L
2025_09_SEA_WAS,2025,9,2025-11-02,TEST,WAS,SEA,14.0,38.0,0,False,1,Washington Commanders,Seattle Seahawks,-24.0,L
2025_09_SEA_WAS,2025,9,2025-11-02,TEST,SEA,WAS,38.0,14.0,0,False,0,Seattle Seahawks,Washington Commanders,24.0,W
2025_09_SF_NYG,2025,9,2025-11-02,TEST,NYG,SF,24.0,34.0,0,False,1,New York Giants,San Francisco 49ers,-10.0,L
2025_09_SF_NYG,2025,9,2025-11-02,TEST,SF,NYG,34.0,24.0,0,False,0,San Francisco 49ers,New York Giants,10.0,W
2025_09_ARI_DAL,2025,9,2025-11-03,TEST,DAL,ARI,17.0,27.0,0,False,1,Dallas Cowboys,Arizona Cardinals,-10.0,L
2025_09_ARI_DAL,2025,9,2025-11-03,TEST,ARI,DAL,27.0,17.0,0,False,0,Arizona Cardinals,Dallas Cowboys,10.0,W
2025_10_LV_DEN,2025,10,2025-11-06,TEST,DEN,LV,10.0,7.0,1,False,1,Denver Broncos,Las Vegas Raiders,3.0,W
2025_10_LV_DEN,2025,10,2025-11-06,TEST,LV,DEN,7.0,10.0,1,False,0,Las Vegas Raiders,Denver Broncos,-3.0,L
2025_10_ARI_SEA,2025,10,2025-11-09,TEST,SEA,ARI,44.0,22.0,1,False,1,Seattle Seahawks,Arizona Cardinals,22.0,W
2025_10_ARI_SEA,2025,10,2025-11-09,TEST,ARI,SEA,22.0,44.0,1,False,0,Arizona Cardinals,Seattle Seahawks,-22.0,L
2025_10_ATL_IND,2025,10,2025-11-09,TEST,IND,ATL,31.0,25.0,1,False,1,Indianapolis Colts,Atlanta Falcons,6.0,W
2025_10_ATL_IND,2025,10,2025-11-09,TEST,ATL,IND,25.0,31.0,1,False,0,Atlanta Falcons,Indianapolis Colts,-6.0,L
2025_10_BAL_MIN,2025,10,2025-11-09,TEST,MIN,BAL,19.0,27.0,0,False,1,Minnesota Vikings,Baltimore Ravens,-8.0,L
2025_10_BAL_MIN,2025,10,2025-11-09,TEST,BAL,MIN,27.0,19.0,0,False,0,Baltimore Ravens,Minnesota Vikings,8.0,W
2025_10_BUF_MIA,2025,10,2025-11-09,TEST,MIA,BUF,30.0,13.0,1,False,1,Miami Dolphins,Buffalo Bills,17.0,W
2025_10_BUF_MIA,2025,10,2025-11-09,TEST,BUF,MIA,13.0,30.0,1,False,0,Buffalo Bills,Miami Dolphins,-17.0,L
2025_10_CLE_NYJ,2025,10,2025-11-09,TEST,NYJ,CLE,27.0,20.0,1,False,1,New York Jets,Cleveland Browns,7.0,W
2025_10_CLE_NYJ,2025,10,2025-11-09,TEST,CLE,NYJ,20.0,27.0,1,False,0,Cleveland Browns,New York Jets,-7.0,L
2025_10_DET_WAS,2025,10,2025-11-09,TEST,WAS,DET,22.0,44.0,0,False,1,Washington Commanders,Detroit Lions,-22.0,L
2025_10_DET_WAS,2025,10,2025-11-09,TEST,DET,WAS,44.0,22.0,0,False,0,Detroit Lions,Washington Commanders,22.0,W
2025_10_JAX_HOU,2025,10,2025-11-09,TEST,HOU,JAX,36.0,29.0,1,False,1,Houston Texans,Jacksonville Jaguars,7.0,W
2025_10_JAX_HOU,2025,10,2025-11-09,TEST,JAX,HOU,29.0,36.0,1,False,0,Jacksonville Jaguars,Houston Texans,-7.0,L
2025_10_LA_SF,2025,10,2025-11-09,TEST,SF,LA,26.0,42.0,0,False,1,San Francisco 49ers,Los Angeles Rams,-16.0,L
2025_10_LA_SF,2025,10,2025-11-09,TEST,LA,SF,42.0,26.0,0,False,0,Los Angeles Rams,San Francisco 49ers,16.0,W
2025_10_NE_TB,2025,10,2025-11-09,TEST,TB,NE,23.0,28.0,0,False,1,Tampa Bay Buccaneers,New England Patriots,-5.0,L
2025_10_NE_TB,2025,10,2025-11-09,TEST,NE,TB,28.0,23.0,0,False,0,New England Patriots,Tampa Bay Buccaneers,5.0,W
2025_10_NO_CAR,2025,10,2025-11-09,TEST,CAR,NO,7.0,17.0,0,False,1,Carolina Panthers,New Orleans Saints,-10.0,L
2025_10_NO_CAR,2025,10,2025-11-09,TEST,NO,CAR,17.0,7.0,0,False,0,New Orleans Saints,Carolina Panthers,10.0,W
2025_10_NYG_CHI,2025,10,2025-11-09,TEST,CHI,NYG,24.0,20.0,1,False,1,Chicago Bears,New York Giants,4.0,W
2025_10_NYG_CHI,2025,10,2025-11-09,TEST,NYG,CHI,20.0,24.0,1,False,0,New York Giants,Chicago Bears,-4.0,L
2025_10_PIT_LAC,2025,10,2025-11-09,TEST,LAC,PIT,25.0,10.0,1,False,1,Los Angeles Chargers,Pittsburgh Steelers,15.0,W
2025_10_PIT_LAC,2025,10,2025-11-09,TEST,PIT,LAC,10.0,25.0,1,False,0,Pittsburgh Steelers,Los Angeles Chargers,-15.0,L
2025_10_PHI_GB,2025,10,2025-11-10,TEST,GB,PHI,7.0,10.0,0,False,1,Green Bay Packers,Philadelphia Eagles,-3.0,L
2025_10_PHI_GB,2025,10,2025-11-10,TEST,PHI,GB,10.0,7.0,0,False,0,Philadelphia Eagles,Green Bay Packers,3.0,W
2025_11_NYJ_NE,2025,11,2025-11-13,TEST,NE,NYJ,27.0,14.0,1,False,1,New England Patriots,New York Jets,13.0,W
2025_11_NYJ_NE,2025,11,2025-11-13,TEST,NYJ,NE,14.0,27.0,1,False,0,New York Jets,New England Patriots,-13.0,L
2025_11_BAL_CLE,2025,11,2025-11-16,TEST,CLE,BAL,16.0,23.0,0,False,1,Cleveland Browns,Baltimore Ravens,-7.0,L
2025_11_BAL_CLE,2025,11,2025-11-16,TEST,BAL,CLE,23.0,16.0,0,False,0,Baltimore Ravens,Cleveland Browns,7.0,W
2025_11_CAR_ATL,2025,11,2025-11-16,TEST,ATL,CAR,27.0,30.0,0,False,1,Atlanta Falcons,Carolina Panthers,-3.0,L
2025_11_CAR_ATL,2025,11,2025-11-16,TEST,CAR,ATL,30.0,27.0,0,False,0,Carolina Panthers,Atlanta Falcons,3.0,W
2025_11_CHI_MIN,2025,11,2025-11-16,TEST,MIN,CHI,17.0,19.0,0,False,1,Minnesota Vikings,Chicago Bears,-2.0,L
2025_11_CHI_MIN,2025,11,2025-11-16,TEST,CHI,MIN,19.0,17.0,0,False,0,Chicago Bears,Minnesota Vikings,2.0,W
2025_11_CIN_PIT,2025,11,2025-11-16,TEST,PIT,CIN,34.0,12.0,1,False,1,Pittsburgh Steelers,Cincinnati Bengals,22.0,W
2025_11_CIN_PIT,2025,11,2025-11-16,TEST,CIN,PIT,12.0,34.0,1,False,0,Cincinnati Bengals,Pittsburgh Steelers,-22.0,L
2025_11_DET_PHI,2025,11,2025-11-16,TEST,PHI,DET,16.0,9.0,1,False,1,Philadelphia Eagles,Detroit Lions,7.0,W
2025_11_DET_PHI,2025,11,2025-11-16,TEST,DET,PHI,9.0,16.0,1,False,0,Detroit Lions,Philadelphia Eagles,-7.0,L
2025_11_GB_NYG,2025,11,2025-11-16,TEST,NYG,GB,20.0,27.0,0,False,1,New York Giants,Green Bay Packers,-7.0,L
2025_11_GB_NYG,2025,11,2025-11-16,TEST,GB,NYG,27.0,20.0,0,False,0,Green Bay Packers,New York Giants,7.0,W
2025_11_HOU_TEN,2025,11,2025-11-16,TEST,TEN,HOU,13.0,16.0,0,False,1,Tennessee Titans,Houston Texans,-3.0,L
2025_11_HOU_TEN,2025,11,2025-11-16,TEST,HOU,TEN,16.0,13.0,0,False,0,Houston Texans,Tennessee Titans,3.0,W
2025_11_KC_DEN,2025,11,2025-11-16,TEST,DEN,KC,22.0,19.0,1,False,1,Denver Broncos,Kansas City Chiefs,3.0,W
2025_11_KC_DEN,2025,11,2025-11-16,TEST,KC,DEN,19.0,22.0,1,False,0,Kansas City Chiefs,Denver Broncos,-3.0,L
2025_11_LAC_JAX,2025,11,2025-11-16,TEST,JAX,LAC,35.0,6.0,1,False,1,Jacksonville Jaguars,Los Angeles Chargers,29.0,W
2025_11_LAC_JAX,2025,11,2025-11-16,TEST,LAC,JAX,6.0,35.0,1,False,0,Los Angeles Chargers,Jacksonville Jaguars,-29.0,L
2025_11_SEA_LA,2025,11,2025-11-16,TEST,LA,SEA,21.0,19.0,1,False,1,Los Angeles Rams,Seattle Seahawks,2.0,W
2025_11_SEA_LA,2025,11,2025-11-16,TEST,SEA,LA,19.0,21.0,1,False,0,Seattle Seahawks,Los Angeles Rams,-2.0,L
2025_11_SF_ARI,2025,11,2025-11-16,TEST,ARI,SF,22.0,41.0,0,False,1,Arizona Cardinals,San Francisco 49ers,-19.0,L
2025_11_SF_ARI,2025,11,2025-11-16,TEST,SF,ARI,41.0,22.0,0,False,0,San Francisco 49ers,Arizona Cardinals,19.0,W
2025_11_TB_BUF,2025,11,2025-11-16,TEST,BUF,TB,44.0,32.0,1,False,1,Buffalo Bills,Tampa Bay Buccaneers,12.0,W
2025_11_TB_BUF,2025,11,2025-11-16,TEST,TB,BUF,32.0,44.0,1,False,0,Tampa Bay Buccaneers,Buffalo Bills,-12.0,L
2025_11_WAS_MIA,2025,11,2025-11-16,TEST,MIA,WAS,16.0,13.0,1,False,1,Miami Dolphins,Washington Commanders,3.0,W
2025_11_WAS_MIA,2025,11,2025-11-16,TEST,WAS,MIA,13.0,16.0,1,False,0,Washington Commanders,Miami Dolphins,-3.0,L
2025_11_DAL_LV,2025,11,2025-11-17,TEST,LV,DAL,16.0,33.0,0,False,1,Las Vegas Raiders,Dallas Cowboys,-17.0,L
2025_11_DAL_LV,2025,11,2025-11-17,TEST,DAL,LV,33.0,16.0,0,False,0,Dallas Cowboys,Las Vegas Raiders,17.0,W
2025_12_BUF_HOU,2025,12,2025-11-20,TEST,HOU,BUF,23.0,19.0,1,False,1,Houston Texans,Buffalo Bills,4.0,W
2025_12_BUF_HOU,2025,12,2025-11-20,TEST,BUF,HOU,19.0,23.0,1,False,0,Buffalo Bills,Houston Texans,-4.0,L
2025_12_ATL_NO,2025,12,2025-11-23,TEST,NO,ATL,10.0,24.0,0,False,1,New Orleans Saints,Atlanta Falcons,-14.0,L
2025_12_ATL_NO,2025,12,2025-11-23,TEST,ATL,NO,24.0,10.0,0,False,0,Atlanta Falcons,New Orleans Saints,14.0,W
2025_12_CLE_LV,2025,12,2025-11-23,TEST,LV,CLE,10.0,24.0,0,False,1,Las Vegas Raiders,Cleveland Browns,-14.0,L
2025_12_CLE_LV,2025,12,2025-11-23,TEST,CLE,LV,24.0,10.0,0,False,0,Cleveland Browns,Las Vegas Raiders,14.0,W
2025_12_IND_KC,2025,12,2025-11-23,TEST,KC,IND,23.0,20.0,1,False,1,Kansas City Chiefs,Indianapolis Colts,3.0,W
2025_12_IND_KC,2025,12,2025-11-23,TEST,IND,KC,20.0,23.0,1,False,0,Indianapolis Colts,Kansas City Chiefs,-3.0,L
2025_12_JAX_ARI,2025,12,2025-11-23,TEST,ARI,JAX,24.0,27.0,0,False,1,Arizona Cardinals,Jacksonville Jaguars,-3.0,L
2025_12_JAX_ARI,2025,12,2025-11-23,TEST,JAX,ARI,27.0,24.0,0,False,0,Jacksonville Jaguars,Arizona Cardinals,3.0,W
2025_12_MIN_GB,2025,12,2025-11-23,TEST,GB,MIN,23.0,6.0,1,False,1,Green Bay Packers,Minnesota Vikings,17.0,W
2025_12_MIN_GB,2025,12,2025-11-23,TEST,MIN,GB,6.0,23.0,1,False,0,Minnesota Vikings,Green Bay Packers,-17.0,L
2025_12_NE_CIN,2025,12,2025-11-23,TEST,CIN,NE,20.0,26.0,0,False,1,Cincinnati Bengals,New England Patriots,-6.0,L
2025_12_NE_CIN,2025,12,2025-11-23,TEST,NE,CIN,26.0,20.0,0,False,0,New England Patriots,Cincinnati Bengals,6.0,W
2025_12_NYG_DET,2025,12,2025-11-23,TEST,DET,NYG,34.0,27.0,1,False,1,Detroit Lions,New York Giants,7.0,W
2025_12_NYG_DET,2025,12,2025-11-23,TEST,NYG,DET,27.0,34.0,1,False,0,New York Giants,Detroit Lions,-7.0,L
2025_12_NYJ_BAL,2025,12,2025-11-23,TEST,BAL,NYJ,23.0,10.0,1,False,1,Baltimore Ravens,New York Jets,13.0,W
2025_12_NYJ_BAL,2025,12,2025-11-23,TEST,NYJ,BAL,10.0,23.0,1,False,0,New York Jets,Baltimore Ravens,-13.0,L
2025_12_PHI_DAL,2025,12,2025-11-23,TEST,DAL,PHI,24.0,21.0,1,False,1,Dallas Cowboys,Philadelphia Eagles,3.0,W
2025_12_PHI_DAL,2025,12,2025-11-23,TEST,PHI,DAL,21.0,24.0,1,False,0,Philadelphia Eagles,Dallas Cowboys,-3.0,L
2025_12_PIT_CHI,2025,12,2025-11-23,TEST,CHI,PIT,31.0,28.0,1,False,1,Chicago Bears,Pittsburgh Steelers,3.0,W
2025_12_PIT_CHI,2025,12,2025-11-23,TEST,PIT,CHI,28.0,31.0,1,False,0,Pittsburgh Steelers,Chicago Bears,-3.0,L
2025_12_SEA_TEN,2025,12,2025-11-23,TEST,TEN,SEA,24.0,30.0,0,False,1,Tennessee Titans,Seattle Seahawks,-6.0,L
2025_12_SEA_TEN,2025,12,2025-11-23,TEST,SEA,TEN,30.0,24.0,0,False,0,Seattle Seahawks,Tennessee Titans,6.0,W
2025_12_TB_LA,2025,12,2025-11-23,TEST,LA,TB,34.0,7.0,1,False,1,Los Angeles Rams,Tampa Bay Buccaneers,27.0,W
2025_12_TB_LA,2025,12,2025-11-23,TEST,TB,LA,7.0,34.0,1,False,0,Tampa Bay Buccaneers,Los Angeles Rams,-27.0,L
2025_12_CAR_SF,2025,12,2025-11-24,TEST,SF,CAR,20.0,9.0,1,False,1,San Francisco 49ers,Carolina Panthers,11.0,W
2025_12_CAR_SF,2025,12,2025-11-24,TEST,CAR,SF,9.0,20.0,1,False,0,Carolina Panthers,San Francisco 49ers,-11.0,L
2025_13_CIN_BAL,2025,13,2025-11-27,TEST,BAL,CIN,14.0,32.0,0,False,1,Baltimore Ravens,Cincinnati Bengals,-18.0,L
2025_13_CIN_BAL,2025,13,2025-11-27,TEST,CIN,BAL,32.0,14.0,0,False,0,Cincinnati Bengals,Baltimore Ravens,18.0,W
2025_13_GB_DET,2025,13,2025-11-27,TEST,DET,GB,24.0,31.0,0,False,1,Detroit Lions,Green Bay Packers,-7.0,L
2025_13_GB_DET,2025,13,2025-11-27,TEST,GB,DET,31.0,24.0,0,False,0,Green Bay Packers,Detroit Lions,7.0,W
2025_13_KC_DAL,2025,13,2025-11-27,TEST,DAL,KC,31.0,28.0,1,False,1,Dallas Cowboys,Kansas City Chiefs,3.0,W
2025_13_KC_DAL,2025,13,2025-11-27,TEST,KC,DAL,28.0,31.0,1,False,0,Kansas City Chiefs,Dallas Cowboys,-3.0,L
2025_13_CHI_PHI,2025,13,2025-11-28,TEST,PHI,CHI,15.0,24.0,0,False,1,Philadelphia Eagles,Chicago Bears,-9.0,L
2025_13_CHI_PHI,2025,13,2025-11-28,TEST,CHI,PHI,24.0,15.0,0,False,0,Chicago Bears,Philadelphia Eagles,9.0,W
2025_13_ARI_TB,2025,13,2025-11-30,TEST,TB,ARI,20.0,17.0,1,False,1,Tampa Bay Buccaneers,Arizona Cardinals,3.0,W
2025_13_ARI_TB,2025,13,2025-11-30,TEST,ARI,TB,17.0,20.0,1,False,0,Arizona Cardinals,Tampa Bay Buccaneers,-3.0,L
2025_13_ATL_NYJ,2025,13,2025-11-30,TEST,NYJ,ATL,27.0,24.0,1,False,1,New York Jets,Atlanta Falcons,3.0,W
2025_13_ATL_NYJ,2025,13,2025-11-30,TEST,ATL,NYJ,24.0,27.0,1,False,0,Atlanta Falcons,New York Jets,-3.0,L
2025_13_BUF_PIT,2025,13,2025-11-30,TEST,PIT,BUF,7.0,26.0,0,False,1,Pittsburgh Steelers,Buffalo Bills,-19.0,L
2025_13_BUF_PIT,2025,13,2025-11-30,TEST,BUF,PIT,26.0,7.0,0,False,0,Buffalo Bills,Pittsburgh Steelers,19.0,W
2025_13_DEN_WAS,2025,13,2025-11-30,TEST,WAS,DEN,26.0,27.0,0,False,1,Washington Commanders,Denver Broncos,-1.0,L
2025_13_DEN_WAS,2025,13,2025-11-30,TEST,DEN,WAS,27.0,26.0,0,False,0,Denver Broncos,Washington Commanders,1.0,W
2025_13_HOU_IND,2025,13,2025-11-30,TEST,IND,HOU,16.0,20.0,0,False,1,Indianapolis Colts,Houston Texans,-4.0,L
2025_13_HOU_IND,2025,13,2025-11-30,TEST,HOU,IND,20.0,16.0,0,False,0,Houston Texans,Indianapolis Colts,4.0,W
2025_13_JAX_TEN,2025,13,2025-11-30,TEST,TEN,JAX,3.0,25.0,0,False,1,Tennessee Titans,Jacksonville Jaguars,-22.0,L
2025_13_JAX_TEN,2025,13,2025-11-30,TEST,JAX,TEN,25.0,3.0,0,False,0,Jacksonville Jaguars,Tennessee Titans,22.0,W
2025_13_LA_CAR,2025,13,2025-11-30,TEST,CAR,LA,31.0,28.0,1,False,1,Carolina Panthers,Los Angeles Rams,3.0,W
2025_13_LA_CAR,2025,13,2025-11-30,TEST,LA,CAR,28.0,31.0,1,False,0,Los Angeles Rams,Carolina Panthers,-3.0,L
2025_13_LV_LAC,2025,13,2025-11-30,TEST,LAC,LV,31.0,14.0,1,False,1,Los Angeles Chargers,Las Vegas Raiders,17.0,W
2025_13_LV_LAC,2025,13,2025-11-30,TEST,LV,LAC,14.0,31.0,1,False,0,Las Vegas Raiders,Los Angeles Chargers,-17.0,L
2025_13_MIN_SEA,2025,13,2025-11-30,TEST,SEA,MIN,26.0,0.0,1,False,1,Seattle Seahawks,Minnesota Vikings,26.0,W
2025_13_MIN_SEA,2025,13,2025-11-30,TEST,MIN,SEA,0.0,26.0,1,False,0,Minnesota Vikings,Seattle Seahawks,-26.0,L
2025_13_NO_MIA,2025,13,2025-11-30,TEST,MIA,NO,21.0,17.0,1,False,1,Miami Dolphins,New Orleans Saints,4.0,W
2025_13_NO_MIA,2025,13,2025-11-30,TEST,NO,MIA,17.0,21.0,1,False,0,New Orleans Saints,Miami Dolphins,-4.0,L
2025_13_SF_CLE,2025,13,2025-11-30,TEST,CLE,SF,8.0,26.0,0,False,1,Cleveland Browns,San Francisco 49ers,-18.0,L
2025_13_SF_CLE,2025,13,2025-11-30,TEST,SF,CLE,26.0,8.0,0,False,0,San Francisco 49ers,Cleveland Browns,18.0,W
2025_13_NYG_NE,2025,13,2025-12-01,TEST,NE,NYG,33.0,15.0,1,False,1,New England Patriots,New York Giants,18.0,W
2025_13_NYG_NE,2025,13,2025-12-01,TEST,NYG,NE,15.0,33.0,1,False,0,New York Giants,New England Patriots,-18.0,L
2025_14_DAL_DET,2025,14,2025-12-04,TEST,DET,DAL,44.0,30.0,1,False,1,Detroit Lions,Dallas Cowboys,14.0,W
2025_14_DAL_DET,2025,14,2025-12-04,TEST,DAL,DET,30.0,44.0,1,False,0,Dallas Cowboys,Detroit Lions,-14.0,L
2025_14_CHI_GB,2025,14,2025-12-07,TEST,GB,CHI,28.0,21.0,1,False,1,Green Bay Packers,Chicago Bears,7.0,W
2025_14_CHI_GB,2025,14,2025-12-07,TEST,CHI,GB,21.0,28.0,1,False,0,Chicago Bears,Green Bay Packers,-7.0,L
2025_14_CIN_BUF,2025,14,2025-12-07,TEST,BUF,CIN,39.0,34.0,1,False,1,Buffalo Bills,Cincinnati Bengals,5.0,W
2025_14_CIN_BUF,2025,14,2025-12-07,TEST,CIN,BUF,34.0,39.0,1,False,0,Cincinnati Bengals,Buffalo Bills,-5.0,L
2025_14_DEN_LV,2025,14,2025-12-07,TEST,LV,DEN,17.0,24.0,0,False,1,Las Vegas Raiders,Denver Broncos,-7.0,L
2025_14_DEN_LV,2025,14,2025-12-07,TEST,DEN,LV,24.0,17.0,0,False,0,Denver Broncos,Las Vegas Raiders,7.0,W
2025_14_HOU_KC,2025,14,2025-12-07,TEST,KC,HOU,10.0,20.0,0,False,1,Kansas City Chiefs,Houston Texans,-10.0,L
2025_14_HOU_KC,2025,14,2025-12-07,TEST,HOU,KC,20.0,10.0,0,False,0,Houston Texans,Kansas City Chiefs,10.0,W
2025_14_IND_JAX,2025,14,2025-12-07,TEST,JAX,IND,36.0,19.0,1,False,1,Jacksonville Jaguars,Indianapolis Colts,17.0,W
2025_14_IND_JAX,2025,14,2025-12-07,TEST,IND,JAX,19.0,36.0,1,False,0,Indianapolis Colts,Jacksonville Jaguars,-17.0,L
2025_14_LA_ARI,2025,14,2025-12-07,TEST,ARI,LA,17.0,45.0,0,False,1,Arizona Cardinals,Los Angeles Rams,-28.0,L
2025_14_LA_ARI,2025,14,2025-12-07,TEST,LA,ARI,45.0,17.0,0,False,0,Los Angeles Rams,Arizona Cardinals,28.0,W
2025_14_MIA_NYJ,2025,14,2025-12-07,TEST,NYJ,MIA,10.0,34.0,0,False,1,New York Jets,Miami Dolphins,-24.0,L
2025_14_MIA_NYJ,2025,14,2025-12-07,TEST,MIA,NYJ,34.0,10.0,0,False,0,Miami Dolphins,New York Jets,24.0,W
2025_14_NO_TB,2025,14,2025-12-07,TEST,TB,NO,20.0,24.0,0,False,1,Tampa Bay Buccaneers,New Orleans Saints,-4.0,L
2025_14_NO_TB,2025,14,2025-12-07,TEST,NO,TB,24.0,20.0,0,False,0,New Orleans Saints,Tampa Bay Buccaneers,4.0,W
2025_14_PIT_BAL,2025,14,2025-12-07,TEST,BAL,PIT,22.0,27.0,0,False,1,Baltimore Ravens,Pittsburgh Steelers,-5.0,L
2025_14_PIT_BAL,2025,14,2025-12-07,TEST,PIT,BAL,27.0,22.0,0,False,0,Pittsburgh Steelers,Baltimore Ravens,5.0,W
2025_14_SEA_ATL,2025,14,2025-12-07,TEST,ATL,SEA,9.0,37.0,0,False,1,Atlanta Falcons,Seattle Seahawks,-28.0,L
2025_14_SEA_ATL,2025,14,2025-12-07,TEST,SEA,ATL,37.0,9.0,0,False,0,Seattle Seahawks,Atlanta Falcons,28.0,W
2025_14_TEN_CLE,2025,14,2025-12-07,TEST,CLE,TEN,29.0,31.0,0,False,1,Cleveland Browns,Tennessee Titans,-2.0,L
2025_14_TEN_CLE,2025,14,2025-12-07,TEST,TEN,CLE,31.0,29.0,0,False,0,Tennessee Titans,Cleveland Browns,2.0,W
2025_14_WAS_MIN,2025,14,2025-12-07,TEST,MIN,WAS,31.0,0.0,1,False,1,Minnesota Vikings,Washington Commanders,31.0,W
2025_14_WAS_MIN,2025,14,2025-12-07,TEST,WAS,MIN,0.0,31.0,1,False,0,Washington Commanders,Minnesota Vikings,-31.0,L
2025_14_PHI_LAC,2025,14,2025-12-08,TEST,LAC,PHI,22.0,19.0,1,False,1,Los Angeles Chargers,Philadelphia Eagles,3.0,W
2025_14_PHI_LAC,2025,14,2025-12-08,TEST,PHI,LAC,19.0,22.0,1,False,0,Philadelphia Eagles,Los Angeles Chargers,-3.0,L
2025_15_ATL_TB,2025,15,2025-12-11,TEST,TB,ATL,28.0,29.0,0,False,1,Tampa Bay Buccaneers,Atlanta Falcons,-1.0,L
2025_15_ATL_TB,2025,15,2025-12-11,TEST,ATL,TB,29.0,28.0,0,False,0,Atlanta Falcons,Tampa Bay Buccaneers,1.0,W
2025_15_ARI_HOU,2025,15,2025-12-14,TEST,HOU,ARI,40.0,20.0,1,False,1,Houston Texans,Arizona Cardinals,20.0,W
2025_15_ARI_HOU,2025,15,2025-12-14,TEST,ARI,HOU,20.0,40.0,1,False,0,Arizona Cardinals,Houston Texans,-20.0,L
2025_15_BAL_CIN,2025,15,2025-12-14,TEST,CIN,BAL,0.0,24.0,0,False,1,Cincinnati Bengals,Baltimore Ravens,-24.0,L
2025_15_BAL_CIN,2025,15,2025-12-14,TEST,BAL,CIN,24.0,0.0,0,False,0,Baltimore Ravens,Cincinnati Bengals,24.0,W
2025_15_BUF_NE,2025,15,2025-12-14,TEST,NE,BUF,31.0,35.0,0,False,1,New England Patriots,Buffalo Bills,-4.0,L
2025_15_BUF_NE,2025,15,2025-12-14,TEST,BUF,NE,35.0,31.0,0,False,0,Buffalo Bills,New England Patriots,4.0,W
2025_15_CAR_NO,2025,15,2025-12-14,TEST,NO,CAR,20.0,17.0,1,False,1,New Orleans Saints,Carolina Panthers,3.0,W
2025_15_CAR_NO,2025,15,2025-12-14,TEST,CAR,NO,17.0,20.0,1,False,0,Carolina Panthers,New Orleans Saints,-3.0,L
2025_15_CLE_CHI,2025,15,2025-12-14,TEST,CHI,CLE,31.0,3.0,1,False,1,Chicago Bears,Cleveland Browns,28.0,W
2025_15_CLE_CHI,2025,15,2025-12-14,TEST,CLE,CHI,3.0,31.0,1,False,0,Cleveland Browns,Chicago Bears,-28.0,L
2025_15_DET_LA,2025,15,2025-12-14,TEST,LA,DET,41.0,34.0,1,False,1,Los Angeles Rams,Detroit Lions,7.0,W
2025_15_DET_LA,2025,15,2025-12-14,TEST,DET,LA,34.0,41.0,1,False,0,Detroit Lions,Los Angeles Rams,-7.0,L
2025_15_GB_DEN,2025,15,2025-12-14,TEST,DEN,GB,34.0,26.0,1,False,1,Denver Broncos,Green Bay Packers,8.0,W
2025_15_GB_DEN,2025,15,2025-12-14,TEST,GB,DEN,26.0,34.0,1,False,0,Green Bay Packers,Denver Broncos,-8.0,L
2025_15_IND_SEA,2025,15,2025-12-14,TEST,SEA,IND,18.0,16.0,1,False,1,Seattle Seahawks,Indianapolis Colts,2.0,W
2025_15_IND_SEA,2025,15,2025-12-14,TEST,IND,SEA,16.0,18.0,1,False,0,Indianapolis Colts,Seattle Seahawks,-2.0,L
2025_15_LAC_KC,2025,15,2025-12-14,TEST,KC,LAC,13.0,16.0,0,False,1,Kansas City Chiefs,Los Angeles Chargers,-3.0,L
2025_15_LAC_KC,2025,15,2025-12-14,TEST,LAC,KC,16.0,13.0,0,False,0,Los Angeles Chargers,Kansas City Chiefs,3.0,W
2025_15_LV_PHI,2025,15,2025-12-14,TEST,PHI,LV,31.0,0.0,1,False,1,Philadelphia Eagles,Las Vegas Raiders,31.0,W
2025_15_LV_PHI,2025,15,2025-12-14,TEST,LV,PHI,0.0,31.0,1,False,0,Las Vegas Raiders,Philadelphia Eagles,-31.0,L
2025_15_MIN_DAL,2025,15,2025-12-14,TEST,DAL,MIN,26.0,34.0,0,False,1,Dallas Cowboys,Minnesota Vikings,-8.0,L
2025_15_MIN_DAL,2025,15,2025-12-14,TEST,MIN,DAL,34.0,26.0,0,False,0,Minnesota Vikings,Dallas Cowboys,8.0,W
2025_15_NYJ_JAX,2025,15,2025-12-14,TEST,JAX,NYJ,48.0,20.0,1,False,1,Jacksonville Jaguars,New York Jets,28.0,W
2025_15_NYJ_JAX,2025,15,2025-12-14,TEST,NYJ,JAX,20.0,48.0,1,False,0,New York Jets,Jacksonville Jaguars,-28.0,L
2025_15_TEN_SF,2025,15,2025-12-14,TEST,SF,TEN,37.0,24.0,1,False,1,San Francisco 49ers,Tennessee Titans,13.0,W
2025_15_TEN_SF,2025,15,2025-12-14,TEST,TEN,SF,24.0,37.0,1,False,0,Tennessee Titans,San Francisco 49ers,-13.0,L
2025_15_WAS_NYG,2025,15,2025-12-14,TEST,NYG,WAS,21.0,29.0,0,False,1,New York Giants,Washington Commanders,-8.0,L
2025_15_WAS_NYG,2025,15,2025-12-14,TEST,WAS,NYG,29.0,21.0,0,False,0,Washington Commanders,New York Giants,8.0,W
2025_15_MIA_PIT,2025,15,2025-12-15,TEST,PIT,MIA,28.0,15.0,1,False,1,Pittsburgh Steelers,Miami Dolphins,13.0,W
2025_15_MIA_PIT,2025,15,2025-12-15,TEST,MIA,PIT,15.0,28.0,1,False,0,Miami Dolphins,Pittsburgh Steelers,-13.0,L
2025_16_LA_SEA,2025,16,2025-12-18,TEST,SEA,LA,38.0,37.0,1,False,1,Seattle Seahawks,Los Angeles Rams,1.0,W
2025_16_LA_SEA,2025,16,2025-12-18,TEST,LA,SEA,37.0,38.0,1,False,0,Los Angeles Rams,Seattle Seahawks,-1.0,L
2025_16_GB_CHI,2025,16,2025-12-20,TEST,CHI,GB,22.0,16.0,1,False,1,Chicago Bears,Green Bay Packers,6.0,W
2025_16_GB_CHI,2025,16,2025-12-20,TEST,GB,CHI,16.0,22.0,1,False,0,Green Bay Packers,Chicago Bears,-6.0,L
2025_16_PHI_WAS,2025,16,2025-12-20,TEST,WAS,PHI,18.0,29.0,0,False,1,Washington Commanders,Philadelphia Eagles,-11.0,L
2025_16_PHI_WAS,2025,16,2025-12-20,TEST,PHI,WAS,29.0,18.0,0,False,0,Philadelphia Eagles,Washington Commanders,11.0,W
2025_16_ATL_ARI,2025,16,2025-12-21,TEST,ARI,ATL,19.0,26.0,0,False,1,Arizona Cardinals,Atlanta Falcons,-7.0,L
2025_16_ATL_ARI,2025,16,2025-12-21,TEST,ATL,ARI,26.0,19.0,0,False,0,Atlanta Falcons,Arizona Cardinals,7.0,W
2025_16_BUF_CLE,2025,16,2025-12-21,TEST,CLE,BUF,20.0,23.0,0,False,1,Cleveland Browns,Buffalo Bills,-3.0,L
2025_16_BUF_CLE,2025,16,2025-12-21,TEST,BUF,CLE,23.0,20.0,0,False,0,Buffalo Bills,Cleveland Browns,3.0,W
2025_16_CIN_MIA,2025,16,2025-12-21,TEST,MIA,CIN,21.0,45.0,0,False,1,Miami Dolphins,Cincinnati Bengals,-24.0,L
2025_16_CIN_MIA,2025,16,2025-12-21,TEST,CIN,MIA,45.0,21.0,0,False,0,Cincinnati Bengals,Miami Dolphins,24.0,W
2025_16_JAX_DEN,2025,16,2025-12-21,TEST,DEN,JAX,20.0,34.0,0,False,1,Denver Broncos,Jacksonville Jaguars,-14.0,L
2025_16_JAX_DEN,2025,16,2025-12-21,TEST,JAX,DEN,34.0,20.0,0,False,0,Jacksonville Jaguars,Denver Broncos,14.0,W
2025_16_KC_TEN,2025,16,2025-12-21,TEST,TEN,KC,26.0,9.0,1,False,1,Tennessee Titans,Kansas City Chiefs,17.0,W
2025_16_KC_TEN,2025,16,2025-12-21,TEST,KC,TEN,9.0,26.0,1,False,0,Kansas City Chiefs,Tennessee Titans,-17.0,L
2025_16_LAC_DAL,2025,16,2025-12-21,TEST,DAL,LAC,17.0,34.0,0,False,1,Dallas Cowboys,Los Angeles Chargers,-17.0,L
2025_16_LAC_DAL,2025,16,2025-12-21,TEST,LAC,DAL,34.0,17.0,0,False,0,Los Angeles Chargers,Dallas Cowboys,17.0,W
2025_16_LV_HOU,2025,16,2025-12-21,TEST,HOU,LV,23.0,21.0,1,False,1,Houston Texans,Las Vegas Raiders,2.0,W
2025_16_LV_HOU,2025,16,2025-12-21,TEST,LV,HOU,21.0,23.0,1,False,0,Las Vegas Raiders,Houston Texans,-2.0,L
2025_16_MIN_NYG,2025,16,2025-12-21,TEST,NYG,MIN,13.0,16.0,0,False,1,New York Giants,Minnesota Vikings,-3.0,L
2025_16_MIN_NYG,2025,16,2025-12-21,TEST,MIN,NYG,16.0,13.0,0,False,0,Minnesota Vikings,New York Giants,3.0,W
2025_16_NE_BAL,2025,16,2025-12-21,TEST,BAL,NE,24.0,28.0,0,False,1,Baltimore Ravens,New England Patriots,-4.0,L
2025_16_NE_BAL,2025,16,2025-12-21,TEST,NE,BAL,28.0,24.0,0,False,0,New England Patriots,Baltimore Ravens,4.0,W
2025_16_NYJ_NO,2025,16,2025-12-21,TEST,NO,NYJ,29.0,6.0,1,False,1,New Orleans Saints,New York Jets,23.0,W
2025_16_NYJ_NO,2025,16,2025-12-21,TEST,NYJ,NO,6.0,29.0,1,False,0,New York Jets,New Orleans Saints,-23.0,L
2025_16_PIT_DET,2025,16,2025-12-21,TEST,DET,PIT,24.0,29.0,0,False,1,Detroit Lions,Pittsburgh Steelers,-5.0,L
2025_16_PIT_DET,2025,16,2025-12-21,TEST,PIT,DET,29.0,24.0,0,False,0,Pittsburgh Steelers,Detroit Lions,5.0,W
2025_16_TB_CAR,2025,16,2025-12-21,TEST,CAR,TB,23.0,20.0,1,False,1,Carolina Panthers,Tampa Bay Buccaneers,3.0,W
2025_16_TB_CAR,2025,16,2025-12-21,TEST,TB,CAR,20.0,23.0,1,False,0,Tampa Bay Buccaneers,Carolina Panthers,-3.0,L
2025_16_SF_IND,2025,16,2025-12-22,TEST,IND,SF,27.0,48.0,0,False,1,Indianapolis Colts,San Francisco 49ers,-21.0,L
2025_16_SF_IND,2025,16,2025-12-22,TEST,SF,IND,48.0,27.0,0,False,0,San Francisco 49ers,Indianapolis Colts,21.0,W
2025_17_DAL_WAS,2025,17,2025-12-25,TEST,WAS,DAL,23.0,30.0,0,False,1,Washington Commanders,Dallas Cowboys,-7.0,L
2025_17_DAL_WAS,2025,17,2025-12-25,TEST,DAL,WAS,30.0,23.0,0,False,0,Dallas Cowboys,Washington Commanders,7.0,W
2025_17_DEN_KC,2025,17,2025-12-25,TEST,KC,DEN,13.0,20.0,0,False,1,Kansas City Chiefs,Denver Broncos,-7.0,L
2025_17_DEN_KC,2025,17,2025-12-25,TEST,DEN,KC,20.0,13.0,0,False,0,Denver Broncos,Kansas City Chiefs,7.0,W
2025_17_DET_MIN,2025,17,2025-12-25,TEST,MIN,DET,23.0,10.0,1,False,1,Minnesota Vikings,Detroit Lions,13.0,W
2025_17_DET_MIN,2025,17,2025-12-25,TEST,DET,MIN,10.0,23.0,1,False,0,Detroit Lions,Minnesota Vikings,-13.0,L
2025_17_BAL_GB,2025,17,2025-12-27,TEST,GB,BAL,24.0,41.0,0,False,1,Green Bay Packers,Baltimore Ravens,-17.0,L
2025_17_BAL_GB,2025,17,2025-12-27,TEST,BAL,GB,41.0,24.0,0,False,0,Baltimore Ravens,Green Bay Packers,17.0,W
2025_17_HOU_LAC,2025,17,2025-12-27,TEST,LAC,HOU,16.0,20.0,0,False,1,Los Angeles Chargers,Houston Texans,-4.0,L
2025_17_HOU_LAC,2025,17,2025-12-27,TEST,HOU,LAC,20.0,16.0,0,False,0,Houston Texans,Los Angeles Chargers,4.0,W
2025_17_ARI_CIN,2025,17,2025-12-28,TEST,CIN,ARI,37.0,14.0,1,False,1,Cincinnati Bengals,Arizona Cardinals,23.0,W
2025_17_ARI_CIN,2025,17,2025-12-28,TEST,ARI,CIN,14.0,37.0,1,False,0,Arizona Cardinals,Cincinnati Bengals,-23.0,L
2025_17_CHI_SF,2025,17,2025-12-28,TEST,SF,CHI,42.0,38.0,1,False,1,San Francisco 49ers,Chicago Bears,4.0,W
2025_17_CHI_SF,2025,17,2025-12-28,TEST,CHI,SF,38.0,42.0,1,False,0,Chicago Bears,San Francisco 49ers,-4.0,L
2025_17_JAX_IND,2025,17,2025-12-28,TEST,IND,JAX,17.0,23.0,0,False,1,Indianapolis Colts,Jacksonville Jaguars,-6.0,L
2025_17_JAX_IND,2025,17,2025-12-28,TEST,JAX,IND,23.0,17.0,0,False,0,Jacksonville Jaguars,Indianapolis Colts,6.0,W
2025_17_NE_NYJ,2025,17,2025-12-28,TEST,NYJ,NE,10.0,42.0,0,False,1,New York Jets,New England Patriots,-32.0,L
2025_17_NE_NYJ,2025,17,2025-12-28,TEST,NE,NYJ,42.0,10.0,0,False,0,New England Patriots,New York Jets,32.0,W
2025_17_NO_TEN,2025,17,2025-12-28,TEST,TEN,NO,26.0,34.0,0,False,1,Tennessee Titans,New Orleans Saints,-8.0,L
2025_17_NO_TEN,2025,17,2025-12-28,TEST,NO,TEN,34.0,26.0,0,False,0,New Orleans Saints,Tennessee Titans,8.0,W
2025_17_NYG_LV,2025,17,2025-12-28,TEST,LV,NYG,10.0,34.0,0,False,1,Las Vegas Raiders,New York Giants,-24.0,L
2025_17_NYG_LV,2025,17,2025-12-28,TEST,NYG,LV,34.0,10.0,0,False,0,New York Giants,Las Vegas Raiders,24.0,W
2025_17_PHI_BUF,2025,17,2025-12-28,TEST,BUF,PHI,12.0,13.0,0,False,1,Buffalo Bills,Philadelphia Eagles,-1.0,L
2025_17_PHI_BUF,2025,17,2025-12-28,TEST,PHI,BUF,13.0,12.0,0,False,0,Philadelphia Eagles,Buffalo Bills,1.0,W
2025_17_PIT_CLE,2025,17,2025-12-28,TEST,CLE,PIT,13.0,6.0,1,False,1,Cleveland Browns,Pittsburgh Steelers,7.0,W
2025_17_PIT_CLE,2025,17,2025-12-28,TEST,PIT,CLE,6.0,13.0,1,False,0,Pittsburgh Steelers,Cleveland Browns,-7.0,L
2025_17_SEA_CAR,2025,17,2025-12-28,TEST,CAR,SEA,10.0,27.0,0,False,1,Carolina Panthers,Seattle Seahawks,-17.0,L
2025_17_SEA_CAR,2025,17,2025-12-28,TEST,SEA,CAR,27.0,10.0,0,False,0,Seattle Seahawks,Carolina Panthers,17.0,W
2025_17_TB_MIA,2025,17,2025-12-28,TEST,MIA,TB,20.0,17.0,1,False,1,Miami Dolphins,Tampa Bay Buccaneers,3.0,W
2025_17_TB_MIA,2025,17,2025-12-28,TEST,TB,MIA,17.0,20.0,1,False,0,Tampa Bay Buccaneers,Miami Dolphins,-3.0,L
2025_17_LA_ATL,2025,17,2025-12-29,TEST,ATL,LA,27.0,24.0,1,False,1,Atlanta Falcons,Los Angeles Rams,3.0,W
2025_17_LA_ATL,2025,17,2025-12-29,TEST,LA,ATL,24.0,27.0,1,False,0,Los Angeles Rams,Atlanta Falcons,-3.0,L
2025_18_CAR_TB,2025,18,2026-01-03,TEST,TB,CAR,16.0,14.0,1,False,1,Tampa Bay Buccaneers,Carolina Panthers,2.0,W
2025_18_CAR_TB,2025,18,2026-01-03,TEST,CAR,TB,14.0,16.0,1,False,0,Carolina Panthers,Tampa Bay Buccaneers,-2.0,L
2025_18_SEA_SF,2025,18,2026-01-03,TEST,SF,SEA,3.0,13.0,0,False,1,San Francisco 49ers,Seattle Seahawks,-10.0,L
2025_18_SEA_SF,2025,18,2026-01-03,TEST,SEA,SF,13.0,3.0,0,False,0,Seattle Seahawks,San Francisco 49ers,10.0,W
2025_18_ARI_LA,2025,18,2026-01-04,TEST,LA,ARI,37.0,20.0,1,False,1,Los Angeles Rams,Arizona Cardinals,17.0,W
2025_18_ARI_LA,2025,18,2026-01-04,TEST,ARI,LA,20.0,37.0,1,False,0,Arizona Cardinals,Los Angeles Rams,-17.0,L
2025_18_BAL_PIT,2025,18,2026-01-04,TEST,PIT,BAL,26.0,24.0,1,False,1,Pittsburgh Steelers,Baltimore Ravens,2.0,W
2025_18_BAL_PIT,2025,18,2026-01-04,TEST,BAL,PIT,24.0,26.0,1,False,0,Baltimore Ravens,Pittsburgh Steelers,-2.0,L
2025_18_CLE_CIN,2025,18,2026-01-04,TEST,CIN,CLE,18.0,20.0,0,False,1,Cincinnati Bengals,Cleveland Browns,-2.0,L
2025_18_CLE_CIN,2025,18,2026-01-04,TEST,CLE,CIN,20.0,18.0,0,False,0,Cleveland Browns,Cincinnati Bengals,2.0,W
2025_18_DAL_NYG,2025,18,2026-01-04,TEST,NYG,DAL,34.0,17.0,1,False,1,New York Giants,Dallas Cowboys,17.0,W
2025_18_DAL_NYG,2025,18,2026-01-04,TEST,DAL,NYG,17.0,34.0,1,False,0,Dallas Cowboys,New York Giants,-17.0,L
2025_18_DET_CHI,2025,18,2026-01-04,TEST,CHI,DET,16.0,19.0,0,False,1,Chicago Bears,Detroit Lions,-3.0,L
2025_18_DET_CHI,2025,18,2026-01-04,TEST,DET,CHI,19.0,16.0,0,False,0,Detroit Lions,Chicago Bears,3.0,W
2025_18_GB_MIN,2025,18,2026-01-04,TEST,MIN,GB,16.0,3.0,1,False,1,Minnesota Vikings,Green Bay Packers,13.0,W
2025_18_GB_MIN,2025,18,2026-01-04,TEST,GB,MIN,3.0,16.0,1,False,0,Green Bay Packers,Minnesota Vikings,-13.0,L
2025_18_IND_HOU,2025,18,2026-01-04,TEST,HOU,IND,38.0,30.0,1,False,1,Houston Texans,Indianapolis Colts,8.0,W
2025_18_IND_HOU,2025,18,2026-01-04,TEST,IND,HOU,30.0,38.0,1,False,0,Indianapolis Colts,Houston Texans,-8.0,L
2025_18_KC_LV,2025,18,2026-01-04,TEST,LV,KC,14.0,12.0,1,False,1,Las Vegas Raiders,Kansas City Chiefs,2.0,W
2025_18_KC_LV,2025,18,2026-01-04,TEST,KC,LV,12.0,14.0,1,False,0,Kansas City Chiefs,Las Vegas Raiders,-2.0,L
2025_18_LAC_DEN,2025,18,2026-01-04,TEST,DEN,LAC,19.0,3.0,1,False,1,Denver Broncos,Los Angeles Chargers,16.0,W
2025_18_LAC_DEN,2025,18,2026-01-04,TEST,LAC,DEN,3.0,19.0,1,False,0,Los Angeles Chargers,Denver Broncos,-16.0,L
2025_18_MIA_NE,2025,18,2026-01-04,TEST,NE,MIA,38.0,10.0,1,False,1,New England Patriots,Miami Dolphins,28.0,W
2025_18_MIA_NE,2025,18,2026-01-04,TEST,MIA,NE,10.0,38.0,1,False,0,Miami Dolphins,New England Patriots,-28.0,L
2025_18_NO_ATL,2025,18,2026-01-04,TEST,ATL,NO,19.0,17.0,1,False,1,Atlanta Falcons,New Orleans Saints,2.0,W
2025_18_NO_ATL,2025,18,2026-01-04,TEST,NO,ATL,17.0,19.0,1,False,0,New Orleans Saints,Atlanta Falcons,-2.0,L
2025_18_NYJ_BUF,2025,18,2026-01-04,TEST,BUF,NYJ,35.0,8.0,1,False,1,Buffalo Bills,New York Jets,27.0,W
2025_18_NYJ_BUF,2025,18,2026-01-04,TEST,NYJ,BUF,8.0,35.0,1,False,0,New York Jets,Buffalo Bills,-27.0,L
2025_18_TEN_JAX,2025,18,2026-01-04,TEST,JAX,TEN,41.0,7.0,1,False,1,Jacksonville Jaguars,Tennessee Titans,34.0,W
2025_18_TEN_JAX,2025,18,2026-01-04,TEST,TEN,JAX,7.0,41.0,1,False,0,Tennessee Titans,Jacksonville Jaguars,-34.0,L
2025_18_WAS_PHI,2025,18,2026-01-04,TEST,PHI,WAS,17.0,24.0,0,False,1,Philadelphia Eagles,Washington Commanders,-7.0,L
2025_18_WAS_PHI,2025,18,2026-01-04,TEST,WAS,PHI,24.0,17.0,0,False,0,Washington Commanders,Philadelphia Eagles,7.0,W
