game_id,season,data_split,game_date,team,opponent,goals_scored,goals_conceded,result_category,is_home,team_result,shots,shots_allowed,shots_on_target,shots_on_target_allowed,fouls,fouls_allowed,corners,corners_allowed,yellow_cards,yellow_cards_allowed,red_cards,red_cards_allowed,goal_difference,points_earned
EPL_2122_BRENTFORD_ARSENAL,2021-22,TRAIN,2021-08-13,Brentford,Arsenal,2,0,HOME_WIN,1,W,8,22,3,4,12,8,2,5,0,0,0,0,2,3
EPL_2122_BRENTFORD_ARSENAL,2021-22,TRAIN,2021-08-13,Arsenal,Brentford,0,2,HOME_WIN,0,L,22,8,4,3,8,12,5,2,0,0,0,0,-2,0
EPL_2122_BURNLEY_BRIGHTONHOVEALBION,2021-22,TRAIN,2021-08-14,Burnley,Brighton & Hove Albion,1,2,AWAY_WIN,1,L,14,14,3,8,10,7,7,6,2,1,0,0,-1,0
EPL_2122_BURNLEY_BRIGHTONHOVEALBION,2021-22,TRAIN,2021-08-14,Brighton & Hove Albion,Burnley,2,1,AWAY_WIN,0,W,14,14,8,3,7,10,6,7,1,2,0,0,1,3
EPL_2122_CHELSEA_CRYSTALPALACE,2021-22,TRAIN,2021-08-14,Chelsea,Crystal Palace,3,0,HOME_WIN,1,W,13,4,6,1,15,11,5,2,0,0,0,0,3,3
EPL_2122_CHELSEA_CRYSTALPALACE,2021-22,TRAIN,2021-08-14,Crystal Palace,Chelsea,0,3,HOME_WIN,0,L,4,13,1,6,11,15,2,5,0,0,0,0,-3,0
EPL_2122_EVERTON_SOUTHAMPTON,2021-22,TRAIN,2021-08-14,Everton,Southampton,3,1,HOME_WIN,1,W,14,6,6,3,13,15,6,8,2,0,0,0,2,3
EPL_2122_EVERTON_SOUTHAMPTON,2021-22,TRAIN,2021-08-14,Southampton,Everton,1,3,HOME_WIN,0,L,6,14,3,6,15,13,8,6,0,2,0,0,-2,0
EPL_2122_LEICESTERCITY_WOLVERHAMPTONWANDERERS,2021-22,TRAIN,2021-08-14,Leicester City,Wolverhampton Wanderers,1,0,HOME_WIN,1,W,9,17,5,3,6,10,5,4,1,2,0,0,1,3
EPL_2122_LEICESTERCITY_WOLVERHAMPTONWANDERERS,2021-22,TRAIN,2021-08-14,Wolverhampton Wanderers,Leicester City,0,1,HOME_WIN,0,L,17,9,3,5,10,6,4,5,2,1,0,0,-1,0
EPL_2122_MANCHESTERUNITED_LEEDSUNITED,2021-22,TRAIN,2021-08-14,Manchester United,Leeds United,5,1,HOME_WIN,1,W,16,10,8,3,11,9,5,4,1,2,0,0,4,3
EPL_2122_MANCHESTERUNITED_LEEDSUNITED,2021-22,TRAIN,2021-08-14,Leeds United,Manchester United,1,5,HOME_WIN,0,L,10,16,3,8,9,11,4,5,2,1,0,0,-4,0
EPL_2122_NORWICH_LIVERPOOL,2021-22,TRAIN,2021-08-14,Norwich,Liverpool,0,3,AWAY_WIN,1,L,14,19,3,8,4,14,3,11,1,1,0,0,-3,0
EPL_2122_NORWICH_LIVERPOOL,2021-22,TRAIN,2021-08-14,Liverpool,Norwich,3,0,AWAY_WIN,0,W,19,14,8,3,14,4,11,3,1,1,0,0,3,3
EPL_2122_WATFORD_ASTONVILLA,2021-22,TRAIN,2021-08-14,Watford,Aston Villa,3,2,HOME_WIN,1,W,13,11,7,2,18,13,2,4,3,1,0,0,1,3
EPL_2122_WATFORD_ASTONVILLA,2021-22,TRAIN,2021-08-14,Aston Villa,Watford,2,3,HOME_WIN,0,L,11,13,2,7,13,18,4,2,1,3,0,0,-1,0
EPL_2122_NEWCASTLEUNITED_WESTHAMUNITED,2021-22,TRAIN,2021-08-15,Newcastle United,West Ham United,2,4,AWAY_WIN,1,L,17,8,3,9,4,3,7,6,1,0,0,0,-2,0
EPL_2122_NEWCASTLEUNITED_WESTHAMUNITED,2021-22,TRAIN,2021-08-15,West Ham United,Newcastle United,4,2,AWAY_WIN,0,W,8,17,9,3,3,4,6,7,0,1,0,0,2,3
EPL_2122_TOTTENHAMHOTSPUR_MANCHESTERCITY,2021-22,TRAIN,2021-08-15,Tottenham Hotspur,Manchester City,1,0,HOME_WIN,1,W,13,18,3,4,11,8,3,11,2,1,0,0,1,3
EPL_2122_TOTTENHAMHOTSPUR_MANCHESTERCITY,2021-22,TRAIN,2021-08-15,Manchester City,Tottenham Hotspur,0,1,HOME_WIN,0,L,18,13,4,3,8,11,11,3,1,2,0,0,-1,0
EPL_2122_ASTONVILLA_NEWCASTLEUNITED,2021-22,TRAIN,2021-08-21,Aston Villa,Newcastle United,2,0,HOME_WIN,1,W,10,9,2,1,8,18,3,4,3,4,0,0,2,3
EPL_2122_ASTONVILLA_NEWCASTLEUNITED,2021-22,TRAIN,2021-08-21,Newcastle United,Aston Villa,0,2,HOME_WIN,0,L,9,10,1,2,18,8,4,3,4,3,0,0,-2,0
EPL_2122_BRIGHTONHOVEALBION_WATFORD,2021-22,TRAIN,2021-08-21,Brighton & Hove Albion,Watford,2,0,HOME_WIN,1,W,13,10,3,1,11,6,7,2,4,0,0,0,2,3
EPL_2122_BRIGHTONHOVEALBION_WATFORD,2021-22,TRAIN,2021-08-21,Watford,Brighton & Hove Albion,0,2,HOME_WIN,0,L,10,13,1,3,6,11,2,7,0,4,0,0,-2,0
EPL_2122_CRYSTALPALACE_BRENTFORD,2021-22,TRAIN,2021-08-21,Crystal Palace,Brentford,0,0,DRAW,1,D,7,14,2,3,12,9,3,5,3,1,0,0,0,1
EPL_2122_CRYSTALPALACE_BRENTFORD,2021-22,TRAIN,2021-08-21,Brentford,Crystal Palace,0,0,DRAW,0,D,14,7,3,2,9,12,5,3,1,3,0,0,0,1
EPL_2122_LEEDSUNITED_EVERTON,2021-22,TRAIN,2021-08-21,Leeds United,Everton,2,2,DRAW,1,D,17,17,4,8,6,13,8,5,2,4,0,0,0,1
EPL_2122_LEEDSUNITED_EVERTON,2021-22,TRAIN,2021-08-21,Everton,Leeds United,2,2,DRAW,0,D,17,17,8,4,13,6,5,8,4,2,0,0,0,1
EPL_2122_LIVERPOOL_BURNLEY,2021-22,TRAIN,2021-08-21,Liverpool,Burnley,2,0,HOME_WIN,1,W,27,9,9,3,6,12,8,4,0,0,0,0,2,3
EPL_2122_LIVERPOOL_BURNLEY,2021-22,TRAIN,2021-08-21,Burnley,Liverpool,0,2,HOME_WIN,0,L,9,27,3,9,12,6,4,8,0,0,0,0,-2,0
EPL_2122_MANCHESTERCITY_NORWICH,2021-22,TRAIN,2021-08-21,Manchester City,Norwich,5,0,HOME_WIN,1,W,16,1,4,0,13,7,6,1,1,0,0,0,5,3
EPL_2122_MANCHESTERCITY_NORWICH,2021-22,TRAIN,2021-08-21,Norwich,Manchester City,0,5,HOME_WIN,0,L,1,16,0,4,7,13,1,6,0,1,0,0,-5,0
EPL_2122_ARSENAL_CHELSEA,2021-22,TRAIN,2021-08-22,Arsenal,Chelsea,0,2,AWAY_WIN,1,L,6,22,3,5,10,4,9,8,3,0,0,0,-2,0
EPL_2122_ARSENAL_CHELSEA,2021-22,TRAIN,2021-08-22,Chelsea,Arsenal,2,0,AWAY_WIN,0,W,22,6,5,3,4,10,8,9,0,3,0,0,2,3
EPL_2122_SOUTHAMPTON_MANCHESTERUNITED,2021-22,TRAIN,2021-08-22,Southampton,Manchester United,1,1,DRAW,1,D,8,15,3,4,12,10,7,7,2,3,0,0,0,1
EPL_2122_SOUTHAMPTON_MANCHESTERUNITED,2021-22,TRAIN,2021-08-22,Manchester United,Southampton,1,1,DRAW,0,D,15,8,4,3,10,12,7,7,3,2,0,0,0,1
EPL_2122_WOLVERHAMPTONWANDERERS_TOTTENHAMHOTSPUR,2021-22,TRAIN,2021-08-22,Wolverhampton Wanderers,Tottenham Hotspur,0,1,AWAY_WIN,1,L,25,8,6,6,9,7,5,4,1,4,0,0,-1,0
EPL_2122_WOLVERHAMPTONWANDERERS_TOTTENHAMHOTSPUR,2021-22,TRAIN,2021-08-22,Tottenham Hotspur,Wolverhampton Wanderers,1,0,AWAY_WIN,0,W,8,25,6,6,7,9,4,5,4,1,0,0,1,3
EPL_2122_WESTHAMUNITED_LEICESTERCITY,2021-22,TRAIN,2021-08-23,West Ham United,Leicester City,4,1,HOME_WIN,1,W,13,5,7,1,8,8,10,0,0,1,0,1,3,3
EPL_2122_WESTHAMUNITED_LEICESTERCITY,2021-22,TRAIN,2021-08-23,Leicester City,West Ham United,1,4,HOME_WIN,0,L,5,13,1,7,8,8,0,10,1,0,1,0,-3,0
EPL_2122_ASTONVILLA_BRENTFORD,2021-22,TRAIN,2021-08-28,Aston Villa,Brentford,1,1,DRAW,1,D,7,9,5,2,15,14,3,2,3,3,0,0,0,1
EPL_2122_ASTONVILLA_BRENTFORD,2021-22,TRAIN,2021-08-28,Brentford,Aston Villa,1,1,DRAW,0,D,9,7,2,5,14,15,2,3,3,3,0,0,0,1
EPL_2122_BRIGHTONHOVEALBION_EVERTON,2021-22,TRAIN,2021-08-28,Brighton & Hove Albion,Everton,0,2,AWAY_WIN,1,L,14,14,3,5,7,9,4,5,1,2,0,0,-2,0
EPL_2122_BRIGHTONHOVEALBION_EVERTON,2021-22,TRAIN,2021-08-28,Everton,Brighton & Hove Albion,2,0,AWAY_WIN,0,W,14,14,5,3,9,7,5,4,2,1,0,0,2,3
EPL_2122_LIVERPOOL_CHELSEA,2021-22,TRAIN,2021-08-28,Liverpool,Chelsea,1,1,DRAW,1,D,24,6,7,3,13,4,12,3,0,2,0,1,0,1
EPL_2122_LIVERPOOL_CHELSEA,2021-22,TRAIN,2021-08-28,Chelsea,Liverpool,1,1,DRAW,0,D,6,24,3,7,4,13,3,12,2,0,1,0,0,1
EPL_2122_MANCHESTERCITY_ARSENAL,2021-22,TRAIN,2021-08-28,Manchester City,Arsenal,5,0,HOME_WIN,1,W,25,1,10,0,5,7,14,0,1,2,0,1,5,3
EPL_2122_MANCHESTERCITY_ARSENAL,2021-22,TRAIN,2021-08-28,Arsenal,Manchester City,0,5,HOME_WIN,0,L,1,25,0,10,7,5,0,14,2,1,1,0,-5,0
EPL_2122_NEWCASTLEUNITED_SOUTHAMPTON,2021-22,TRAIN,2021-08-28,Newcastle United,Southampton,2,2,DRAW,1,D,10,22,5,6,11,6,4,4,3,3,0,0,0,1
EPL_2122_NEWCASTLEUNITED_SOUTHAMPTON,2021-22,TRAIN,2021-08-28,Southampton,Newcastle United,2,2,DRAW,0,D,22,10,6,5,6,11,4,4,3,3,0,0,0,1
EPL_2122_NORWICH_LEICESTERCITY,2021-22,TRAIN,2021-08-28,Norwich,Leicester City,1,2,AWAY_WIN,1,L,14,9,4,3,8,9,9,9,2,1,0,0,-1,0
EPL_2122_NORWICH_LEICESTERCITY,2021-22,TRAIN,2021-08-28,Leicester City,Norwich,2,1,AWAY_WIN,0,W,9,14,3,4,9,8,9,9,1,2,0,0,1,3
EPL_2122_WESTHAMUNITED_CRYSTALPALACE,2021-22,TRAIN,2021-08-28,West Ham United,Crystal Palace,2,2,DRAW,1,D,14,9,4,2,10,7,5,3,1,0,0,0,0,1
EPL_2122_WESTHAMUNITED_CRYSTALPALACE,2021-22,TRAIN,2021-08-28,Crystal Palace,West Ham United,2,2,DRAW,0,D,9,14,2,4,7,10,3,5,0,1,0,0,0,1
EPL_2122_BURNLEY_LEEDSUNITED,2021-22,TRAIN,2021-08-29,Burnley,Leeds United,1,1,DRAW,1,D,12,12,3,2,13,9,5,5,4,3,0,0,0,1
EPL_2122_BURNLEY_LEEDSUNITED,2021-22,TRAIN,2021-08-29,Leeds United,Burnley,1,1,DRAW,0,D,12,12,2,3,9,13,5,5,3,4,0,0,0,1
EPL_2122_TOTTENHAMHOTSPUR_WATFORD,2021-22,TRAIN,2021-08-29,Tottenham Hotspur,Watford,1,0,HOME_WIN,1,W,15,9,8,2,8,14,10,3,3,3,0,0,1,3
EPL_2122_TOTTENHAMHOTSPUR_WATFORD,2021-22,TRAIN,2021-08-29,Watford,Tottenham Hotspur,0,1,HOME_WIN,0,L,9,15,2,8,14,8,3,10,3,3,0,0,-1,0
EPL_2122_WOLVERHAMPTONWANDERERS_MANCHESTERUNITED,2021-22,TRAIN,2021-08-29,Wolverhampton Wanderers,Manchester United,0,1,AWAY_WIN,1,L,15,10,6,3,7,9,5,7,3,4,0,0,-1,0
EPL_2122_WOLVERHAMPTONWANDERERS_MANCHESTERUNITED,2021-22,TRAIN,2021-08-29,Manchester United,Wolverhampton Wanderers,1,0,AWAY_WIN,0,W,10,15,3,6,9,7,7,5,4,3,0,0,1,3
EPL_2122_ARSENAL_NORWICH,2021-22,TRAIN,2021-09-11,Arsenal,Norwich,1,0,HOME_WIN,1,W,30,10,7,1,9,11,8,4,1,2,0,0,1,3
EPL_2122_ARSENAL_NORWICH,2021-22,TRAIN,2021-09-11,Norwich,Arsenal,0,1,HOME_WIN,0,L,10,30,1,7,11,9,4,8,2,1,0,0,-1,0
EPL_2122_BRENTFORD_BRIGHTONHOVEALBION,2021-22,TRAIN,2021-09-11,Brentford,Brighton & Hove Albion,0,1,AWAY_WIN,1,L,7,4,1,2,9,12,1,6,3,2,0,0,-1,0
EPL_2122_BRENTFORD_BRIGHTONHOVEALBION,2021-22,TRAIN,2021-09-11,Brighton & Hove Albion,Brentford,1,0,AWAY_WIN,0,W,4,7,2,1,12,9,6,1,2,3,0,0,1,3
EPL_2122_CHELSEA_ASTONVILLA,2021-22,TRAIN,2021-09-11,Chelsea,Aston Villa,3,0,HOME_WIN,1,W,12,18,4,6,11,11,4,11,1,4,0,0,3,3
EPL_2122_CHELSEA_ASTONVILLA,2021-22,TRAIN,2021-09-11,Aston Villa,Chelsea,0,3,HOME_WIN,0,L,18,12,6,4,11,11,11,4,4,1,0,0,-3,0
EPL_2122_CRYSTALPALACE_TOTTENHAMHOTSPUR,2021-22,TRAIN,2021-09-11,Crystal Palace,Tottenham Hotspur,3,0,HOME_WIN,1,W,18,2,4,1,13,15,8,2,2,1,0,1,3,3
EPL_2122_CRYSTALPALACE_TOTTENHAMHOTSPUR,2021-22,TRAIN,2021-09-11,Tottenham Hotspur,Crystal Palace,0,3,HOME_WIN,0,L,2,18,1,4,15,13,2,8,1,2,1,0,-3,0
EPL_2122_LEICESTERCITY_MANCHESTERCITY,2021-22,TRAIN,2021-09-11,Leicester City,Manchester City,0,1,AWAY_WIN,1,L,6,25,1,8,4,11,5,8,1,2,0,0,-1,0
EPL_2122_LEICESTERCITY_MANCHESTERCITY,2021-22,TRAIN,2021-09-11,Manchester City,Leicester City,1,0,AWAY_WIN,0,W,25,6,8,1,11,4,8,5,2,1,0,0,1,3
EPL_2122_MANCHESTERUNITED_NEWCASTLEUNITED,2021-22,TRAIN,2021-09-11,Manchester United,Newcastle United,4,1,HOME_WIN,1,W,21,12,7,3,9,2,7,3,1,0,0,0,3,3
EPL_2122_MANCHESTERUNITED_NEWCASTLEUNITED,2021-22,TRAIN,2021-09-11,Newcastle United,Manchester United,1,4,HOME_WIN,0,L,12,21,3,7,2,9,3,7,0,1,0,0,-3,0
EPL_2122_SOUTHAMPTON_WESTHAMUNITED,2021-22,TRAIN,2021-09-11,Southampton,West Ham United,0,0,DRAW,1,D,11,13,3,3,10,12,5,4,3,1,0,1,0,1
EPL_2122_SOUTHAMPTON_WESTHAMUNITED,2021-22,TRAIN,2021-09-11,West Ham United,Southampton,0,0,DRAW,0,D,13,11,3,3,12,10,4,5,1,3,1,0,0,1
EPL_2122_WATFORD_WOLVERHAMPTONWANDERERS,2021-22,TRAIN,2021-09-11,Watford,Wolverhampton Wanderers,0,2,AWAY_WIN,1,L,6,14,2,5,15,13,6,8,3,3,0,0,-2,0
EPL_2122_WATFORD_WOLVERHAMPTONWANDERERS,2021-22,TRAIN,2021-09-11,Wolverhampton Wanderers,Watford,2,0,AWAY_WIN,0,W,14,6,5,2,13,15,8,6,3,3,0,0,2,3
EPL_2122_LEEDSUNITED_LIVERPOOL,2021-22,TRAIN,2021-09-12,Leeds United,Liverpool,0,3,AWAY_WIN,1,L,9,30,4,9,9,8,2,11,2,1,1,0,-3,0
EPL_2122_LEEDSUNITED_LIVERPOOL,2021-22,TRAIN,2021-09-12,Liverpool,Leeds United,3,0,AWAY_WIN,0,W,30,9,9,4,8,9,11,2,1,2,0,1,3,3
EPL_2122_EVERTON_BURNLEY,2021-22,TRAIN,2021-09-13,Everton,Burnley,3,1,HOME_WIN,1,W,14,11,6,6,3,6,4,6,1,1,0,0,2,3
EPL_2122_EVERTON_BURNLEY,2021-22,TRAIN,2021-09-13,Burnley,Everton,1,3,HOME_WIN,0,L,11,14,6,6,6,3,6,4,1,1,0,0,-2,0
EPL_2122_NEWCASTLEUNITED_LEEDSUNITED,2021-22,TRAIN,2021-09-17,Newcastle United,Leeds United,1,1,DRAW,1,D,17,22,7,9,9,11,4,5,2,2,0,0,0,1
EPL_2122_NEWCASTLEUNITED_LEEDSUNITED,2021-22,TRAIN,2021-09-17,Leeds United,Newcastle United,1,1,DRAW,0,D,22,17,9,7,11,9,5,4,2,2,0,0,0,1
EPL_2122_ASTONVILLA_EVERTON,2021-22,TRAIN,2021-09-18,Aston Villa,Everton,3,0,HOME_WIN,1,W,15,11,3,1,7,10,5,4,1,1,0,0,3,3
EPL_2122_ASTONVILLA_EVERTON,2021-22,TRAIN,2021-09-18,Everton,Aston Villa,0,3,HOME_WIN,0,L,11,15,1,3,10,7,4,5,1,1,0,0,-3,0
EPL_2122_BURNLEY_ARSENAL,2021-22,TRAIN,2021-09-18,Burnley,Arsenal,0,1,AWAY_WIN,1,L,18,13,3,3,9,8,8,3,2,1,0,0,-1,0
EPL_2122_BURNLEY_ARSENAL,2021-22,TRAIN,2021-09-18,Arsenal,Burnley,1,0,AWAY_WIN,0,W,13,18,3,3,8,9,3,8,1,2,0,0,1,3
EPL_2122_LIVERPOOL_CRYSTALPALACE,2021-22,TRAIN,2021-09-18,Liverpool,Crystal Palace,3,0,HOME_WIN,1,W,25,13,10,2,17,11,10,5,3,1,0,0,3,3
EPL_2122_LIVERPOOL_CRYSTALPALACE,2021-22,TRAIN,2021-09-18,Crystal Palace,Liverpool,0,3,HOME_WIN,0,L,13,25,2,10,11,17,5,10,1,3,0,0,-3,0
EPL_2122_MANCHESTERCITY_SOUTHAMPTON,2021-22,TRAIN,2021-09-18,Manchester City,Southampton,0,0,DRAW,1,D,18,10,1,2,5,12,8,5,0,2,0,0,0,1
EPL_2122_MANCHESTERCITY_SOUTHAMPTON,2021-22,TRAIN,2021-09-18,Southampton,Manchester City,0,0,DRAW,0,D,10,18,2,1,12,5,5,8,2,0,0,0,0,1
EPL_2122_NORWICH_WATFORD,2021-22,TRAIN,2021-09-18,Norwich,Watford,1,3,AWAY_WIN,1,L,12,12,5,8,10,14,4,8,1,1,0,0,-2,0
EPL_2122_NORWICH_WATFORD,2021-22,TRAIN,2021-09-18,Watford,Norwich,3,1,AWAY_WIN,0,W,12,12,8,5,14,10,8,4,1,1,0,0,2,3
EPL_2122_WOLVERHAMPTONWANDERERS_BRENTFORD,2021-22,TRAIN,2021-09-18,Wolverhampton Wanderers,Brentford,0,2,AWAY_WIN,1,L,11,9,0,3,10,7,4,2,4,2,0,1,-2,0
EPL_2122_WOLVERHAMPTONWANDERERS_BRENTFORD,2021-22,TRAIN,2021-09-18,Brentford,Wolverhampton Wanderers,2,0,AWAY_WIN,0,W,9,11,3,0,7,10,2,4,2,4,1,0,2,3
EPL_2122_BRIGHTONHOVEALBION_LEICESTERCITY,2021-22,TRAIN,2021-09-19,Brighton & Hove Albion,Leicester City,2,1,HOME_WIN,1,W,12,14,5,3,8,10,4,9,2,1,0,0,1,3
EPL_2122_BRIGHTONHOVEALBION_LEICESTERCITY,2021-22,TRAIN,2021-09-19,Leicester City,Brighton & Hove Albion,1,2,HOME_WIN,0,L,14,12,3,5,10,8,9,4,1,2,0,0,-1,0
EPL_2122_TOTTENHAMHOTSPUR_CHELSEA,2021-22,TRAIN,2021-09-19,Tottenham Hotspur,Chelsea,0,3,AWAY_WIN,1,L,8,20,2,10,4,15,5,11,0,1,0,0,-3,0
EPL_2122_TOTTENHAMHOTSPUR_CHELSEA,2021-22,TRAIN,2021-09-19,Chelsea,Tottenham Hotspur,3,0,AWAY_WIN,0,W,20,8,10,2,15,4,11,5,1,0,0,0,3,3
EPL_2122_WESTHAMUNITED_MANCHESTERUNITED,2021-22,TRAIN,2021-09-19,West Ham United,Manchester United,1,2,AWAY_WIN,1,L,13,17,4,10,5,8,2,11,0,0,0,0,-1,0
EPL_2122_WESTHAMUNITED_MANCHESTERUNITED,2021-22,TRAIN,2021-09-19,Manchester United,West Ham United,2,1,AWAY_WIN,0,W,17,13,10,4,8,5,11,2,0,0,0,0,1,3
EPL_2122_BRENTFORD_LIVERPOOL,2021-22,TRAIN,2021-09-25,Brentford,Liverpool,3,3,DRAW,1,D,12,16,4,6,8,7,2,11,1,1,0,0,0,1
EPL_2122_BRENTFORD_LIVERPOOL,2021-22,TRAIN,2021-09-25,Liverpool,Brentford,3,3,DRAW,0,D,16,12,6,4,7,8,11,2,1,1,0,0,0,1
EPL_2122_CHELSEA_MANCHESTERCITY,2021-22,TRAIN,2021-09-25,Chelsea,Manchester City,0,1,AWAY_WIN,1,L,5,15,0,4,12,10,4,13,3,2,0,0,-1,0
EPL_2122_CHELSEA_MANCHESTERCITY,2021-22,TRAIN,2021-09-25,Manchester City,Chelsea,1,0,AWAY_WIN,0,W,15,5,4,0,10,12,13,4,2,3,0,0,1,3
EPL_2122_EVERTON_NORWICH,2021-22,TRAIN,2021-09-25,Everton,Norwich,2,0,HOME_WIN,1,W,11,10,4,2,12,9,6,4,2,3,0,0,2,3
EPL_2122_EVERTON_NORWICH,2021-22,TRAIN,2021-09-25,Norwich,Everton,0,2,HOME_WIN,0,L,10,11,2,4,9,12,4,6,3,2,0,0,-2,0
EPL_2122_LEEDSUNITED_WESTHAMUNITED,2021-22,TRAIN,2021-09-25,Leeds United,West Ham United,1,2,AWAY_WIN,1,L,15,20,5,7,10,6,5,7,3,2,0,0,-1,0
EPL_2122_LEEDSUNITED_WESTHAMUNITED,2021-22,TRAIN,2021-09-25,West Ham United,Leeds United,2,1,AWAY_WIN,0,W,20,15,7,5,6,10,7,5,2,3,0,0,1,3
EPL_2122_LEICESTERCITY_BURNLEY,2021-22,TRAIN,2021-09-25,Leicester City,Burnley,2,2,DRAW,1,D,22,9,5,3,10,8,8,4,2,4,0,0,0,1
EPL_2122_LEICESTERCITY_BURNLEY,2021-22,TRAIN,2021-09-25,Burnley,Leicester City,2,2,DRAW,0,D,9,22,3,5,8,10,4,8,4,2,0,0,0,1
EPL_2122_MANCHESTERUNITED_ASTONVILLA,2021-22,TRAIN,2021-09-25,Manchester United,Aston Villa,0,1,AWAY_WIN,1,L,28,7,4,3,9,13,5,5,2,2,0,0,-1,0
EPL_2122_MANCHESTERUNITED_ASTONVILLA,2021-22,TRAIN,2021-09-25,Aston Villa,Manchester United,1,0,AWAY_WIN,0,W,7,28,3,4,13,9,5,5,2,2,0,0,1,3
EPL_2122_WATFORD_NEWCASTLEUNITED,2021-22,TRAIN,2021-09-25,Watford,Newcastle United,1,1,DRAW,1,D,15,20,4,6,19,12,5,6,4,3,0,0,0,1
EPL_2122_WATFORD_NEWCASTLEUNITED,2021-22,TRAIN,2021-09-25,Newcastle United,Watford,1,1,DRAW,0,D,20,15,6,4,12,19,6,5,3,4,0,0,0,1
EPL_2122_ARSENAL_TOTTENHAMHOTSPUR,2021-22,TRAIN,2021-09-26,Arsenal,Tottenham Hotspur,3,1,HOME_WIN,1,W,12,10,7,4,12,13,4,4,2,1,0,0,2,3
EPL_2122_ARSENAL_TOTTENHAMHOTSPUR,2021-22,TRAIN,2021-09-26,Tottenham Hotspur,Arsenal,1,3,HOME_WIN,0,L,10,12,4,7,13,12,4,4,1,2,0,0,-2,0
EPL_2122_SOUTHAMPTON_WOLVERHAMPTONWANDERERS,2021-22,TRAIN,2021-09-26,Southampton,Wolverhampton Wanderers,0,1,AWAY_WIN,1,L,18,5,6,3,12,8,5,5,0,0,0,0,-1,0
EPL_2122_SOUTHAMPTON_WOLVERHAMPTONWANDERERS,2021-22,TRAIN,2021-09-26,Wolverhampton Wanderers,Southampton,1,0,AWAY_WIN,0,W,5,18,3,6,8,12,5,5,0,0,0,0,1,3
EPL_2122_CRYSTALPALACE_BRIGHTONHOVEALBION,2021-22,TRAIN,2021-09-27,Crystal Palace,Brighton & Hove Albion,1,1,DRAW,1,D,8,8,3,4,12,10,6,5,2,3,0,0,0,1
EPL_2122_CRYSTALPALACE_BRIGHTONHOVEALBION,2021-22,TRAIN,2021-09-27,Brighton & Hove Albion,Crystal Palace,1,1,DRAW,0,D,8,8,4,3,10,12,5,6,3,2,0,0,0,1
EPL_2122_BRIGHTONHOVEALBION_ARSENAL,2021-22,TRAIN,2021-10-02,Brighton & Hove Albion,Arsenal,0,0,DRAW,1,D,21,8,2,2,8,5,8,5,2,1,0,0,0,1
EPL_2122_BRIGHTONHOVEALBION_ARSENAL,2021-22,TRAIN,2021-10-02,Arsenal,Brighton & Hove Albion,0,0,DRAW,0,D,8,21,2,2,5,8,5,8,1,2,0,0,0,1
EPL_2122_BURNLEY_NORWICH,2021-22,TRAIN,2021-10-02,Burnley,Norwich,0,0,DRAW,1,D,14,10,4,2,13,3,9,5,5,2,0,0,0,1
EPL_2122_BURNLEY_NORWICH,2021-22,TRAIN,2021-10-02,Norwich,Burnley,0,0,DRAW,0,D,10,14,2,4,3,13,5,9,2,5,0,0,0,1
EPL_2122_CHELSEA_SOUTHAMPTON,2021-22,TRAIN,2021-10-02,Chelsea,Southampton,3,1,HOME_WIN,1,W,20,6,9,2,11,13,7,2,1,3,0,1,2,3
EPL_2122_CHELSEA_SOUTHAMPTON,2021-22,TRAIN,2021-10-02,Southampton,Chelsea,1,3,HOME_WIN,0,L,6,20,2,9,13,11,2,7,3,1,1,0,-2,0
EPL_2122_LEEDSUNITED_WATFORD,2021-22,TRAIN,2021-10-02,Leeds United,Watford,1,0,HOME_WIN,1,W,20,5,4,1,10,16,6,3,0,3,0,0,1,3
EPL_2122_LEEDSUNITED_WATFORD,2021-22,TRAIN,2021-10-02,Watford,Leeds United,0,1,HOME_WIN,0,L,5,20,1,4,16,10,3,6,3,0,0,0,-1,0
EPL_2122_MANCHESTERUNITED_EVERTON,2021-22,TRAIN,2021-10-02,Manchester United,Everton,1,1,DRAW,1,D,13,12,6,2,10,9,10,1,1,1,0,0,0,1
EPL_2122_MANCHESTERUNITED_EVERTON,2021-22,TRAIN,2021-10-02,Everton,Manchester United,1,1,DRAW,0,D,12,13,2,6,9,10,1,10,1,1,0,0,0,1
EPL_2122_WOLVERHAMPTONWANDERERS_NEWCASTLEUNITED,2021-22,TRAIN,2021-10-02,Wolverhampton Wanderers,Newcastle United,2,1,HOME_WIN,1,W,7,8,3,2,15,5,0,4,0,2,0,0,1,3
EPL_2122_WOLVERHAMPTONWANDERERS_NEWCASTLEUNITED,2021-22,TRAIN,2021-10-02,Newcastle United,Wolverhampton Wanderers,1,2,HOME_WIN,0,L,8,7,2,3,5,15,4,0,2,0,0,0,-1,0
EPL_2122_CRYSTALPALACE_LEICESTERCITY,2021-22,TRAIN,2021-10-03,Crystal Palace,Leicester City,2,2,DRAW,1,D,18,9,4,5,15,11,1,3,2,3,0,0,0,1
EPL_2122_CRYSTALPALACE_LEICESTERCITY,2021-22,TRAIN,2021-10-03,Leicester City,Crystal Palace,2,2,DRAW,0,D,9,18,5,4,11,15,3,1,3,2,0,0,0,1
EPL_2122_LIVERPOOL_MANCHESTERCITY,2021-22,TRAIN,2021-10-03,Liverpool,Manchester City,2,2,DRAW,1,D,6,12,4,3,10,12,3,4,3,3,0,0,0,1
EPL_2122_LIVERPOOL_MANCHESTERCITY,2021-22,TRAIN,2021-10-03,Manchester City,Liverpool,2,2,DRAW,0,D,12,6,3,4,12,10,4,3,3,3,0,0,0,1
EPL_2122_TOTTENHAMHOTSPUR_ASTONVILLA,2021-22,TRAIN,2021-10-03,Tottenham Hotspur,Aston Villa,2,1,HOME_WIN,1,W,17,14,8,3,11,14,5,8,2,1,0,0,1,3
EPL_2122_TOTTENHAMHOTSPUR_ASTONVILLA,2021-22,TRAIN,2021-10-03,Aston Villa,Tottenham Hotspur,1,2,HOME_WIN,0,L,14,17,3,8,14,11,8,5,1,2,0,0,-1,0
EPL_2122_WESTHAMUNITED_BRENTFORD,2021-22,TRAIN,2021-10-03,West Ham United,Brentford,1,2,AWAY_WIN,1,L,18,13,5,6,16,13,11,6,2,3,0,0,-1,0
EPL_2122_WESTHAMUNITED_BRENTFORD,2021-22,TRAIN,2021-10-03,Brentford,West Ham United,2,1,AWAY_WIN,0,W,13,18,6,5,13,16,6,11,3,2,0,0,1,3
EPL_2122_ASTONVILLA_WOLVERHAMPTONWANDERERS,2021-22,TRAIN,2021-10-16,Aston Villa,Wolverhampton Wanderers,2,3,AWAY_WIN,1,L,14,9,5,4,8,17,6,7,2,3,0,0,-1,0
EPL_2122_ASTONVILLA_WOLVERHAMPTONWANDERERS,2021-22,TRAIN,2021-10-16,Wolverhampton Wanderers,Aston Villa,3,2,AWAY_WIN,0,W,9,14,4,5,17,8,7,6,3,2,0,0,1,3
EPL_2122_BRENTFORD_CHELSEA,2021-22,TRAIN,2021-10-16,Brentford,Chelsea,0,1,AWAY_WIN,1,L,17,5,7,1,13,8,5,5,1,1,0,0,-1,0
EPL_2122_BRENTFORD_CHELSEA,2021-22,TRAIN,2021-10-16,Chelsea,Brentford,1,0,AWAY_WIN,0,W,5,17,1,7,8,13,5,5,1,1,0,0,1,3
EPL_2122_LEICESTERCITY_MANCHESTERUNITED,2021-22,TRAIN,2021-10-16,Leicester City,Manchester United,4,2,HOME_WIN,1,W,22,18,11,6,5,17,4,3,0,3,0,0,2,3
EPL_2122_LEICESTERCITY_MANCHESTERUNITED,2021-22,TRAIN,2021-10-16,Manchester United,Leicester City,2,4,HOME_WIN,0,L,18,22,6,11,17,5,3,4,3,0,0,0,-2,0
EPL_2122_MANCHESTERCITY_BURNLEY,2021-22,TRAIN,2021-10-16,Manchester City,Burnley,2,0,HOME_WIN,1,W,15,7,6,2,11,5,6,2,1,0,0,0,2,3
EPL_2122_MANCHESTERCITY_BURNLEY,2021-22,TRAIN,2021-10-16,Burnley,Manchester City,0,2,HOME_WIN,0,L,7,15,2,6,5,11,2,6,0,1,0,0,-2,0
EPL_2122_NORWICH_BRIGHTONHOVEALBION,2021-22,TRAIN,2021-10-16,Norwich,Brighton & Hove Albion,0,0,DRAW,1,D,15,11,3,3,5,14,8,4,3,5,0,0,0,1
EPL_2122_NORWICH_BRIGHTONHOVEALBION,2021-22,TRAIN,2021-10-16,Brighton & Hove Albion,Norwich,0,0,DRAW,0,D,11,15,3,3,14,5,4,8,5,3,0,0,0,1
EPL_2122_SOUTHAMPTON_LEEDSUNITED,2021-22,TRAIN,2021-10-16,Southampton,Leeds United,1,0,HOME_WIN,1,W,19,3,5,0,16,14,8,1,2,3,0,0,1,3
EPL_2122_SOUTHAMPTON_LEEDSUNITED,2021-22,TRAIN,2021-10-16,Leeds United,Southampton,0,1,HOME_WIN,0,L,3,19,0,5,14,16,1,8,3,2,0,0,-1,0
EPL_2122_WATFORD_LIVERPOOL,2021-22,TRAIN,2021-10-16,Watford,Liverpool,0,5,AWAY_WIN,1,L,6,19,2,8,4,10,1,9,0,0,0,0,-5,0
EPL_2122_WATFORD_LIVERPOOL,2021-22,TRAIN,2021-10-16,Liverpool,Watford,5,0,AWAY_WIN,0,W,19,6,8,2,10,4,9,1,0,0,0,0,5,3
EPL_2122_EVERTON_WESTHAMUNITED,2021-22,TRAIN,2021-10-17,Everton,West Ham United,0,1,AWAY_WIN,1,L,15,16,2,4,3,3,7,9,0,2,0,0,-1,0
EPL_2122_EVERTON_WESTHAMUNITED,2021-22,TRAIN,2021-10-17,West Ham United,Everton,1,0,AWAY_WIN,0,W,16,15,4,2,3,3,9,7,2,0,0,0,1,3
EPL_2122_NEWCASTLEUNITED_TOTTENHAMHOTSPUR,2021-22,TRAIN,2021-10-17,Newcastle United,Tottenham Hotspur,2,3,AWAY_WIN,1,L,7,14,1,4,13,4,2,9,4,1,1,0,-1,0
EPL_2122_NEWCASTLEUNITED_TOTTENHAMHOTSPUR,2021-22,TRAIN,2021-10-17,Tottenham Hotspur,Newcastle United,3,2,AWAY_WIN,0,W,14,7,4,1,4,13,9,2,1,4,0,1,1,3
EPL_2122_ARSENAL_CRYSTALPALACE,2021-22,TRAIN,2021-10-18,Arsenal,Crystal Palace,2,2,DRAW,1,D,17,9,6,6,7,4,6,4,1,1,0,0,0,1
EPL_2122_ARSENAL_CRYSTALPALACE,2021-22,TRAIN,2021-10-18,Crystal Palace,Arsenal,2,2,DRAW,0,D,9,17,6,6,4,7,4,6,1,1,0,0,0,1
EPL_2122_ARSENAL_ASTONVILLA,2021-22,TRAIN,2021-10-22,Arsenal,Aston Villa,3,1,HOME_WIN,1,W,22,10,9,4,17,10,7,4,2,5,0,0,2,3
EPL_2122_ARSENAL_ASTONVILLA,2021-22,TRAIN,2021-10-22,Aston Villa,Arsenal,1,3,HOME_WIN,0,L,10,22,4,9,10,17,4,7,5,2,0,0,-2,0
EPL_2122_BRIGHTONHOVEALBION_MANCHESTERCITY,2021-22,TRAIN,2021-10-23,Brighton & Hove Albion,Manchester City,1,4,AWAY_WIN,1,L,10,23,5,14,10,6,7,6,2,3,0,0,-3,0
EPL_2122_BRIGHTONHOVEALBION_MANCHESTERCITY,2021-22,TRAIN,2021-10-23,Manchester City,Brighton & Hove Albion,4,1,AWAY_WIN,0,W,23,10,14,5,6,10,6,7,3,2,0,0,3,3
EPL_2122_CHELSEA_NORWICH,2021-22,TRAIN,2021-10-23,Chelsea,Norwich,7,0,HOME_WIN,1,W,23,3,13,1,14,16,5,0,0,2,0,1,7,3
EPL_2122_CHELSEA_NORWICH,2021-22,TRAIN,2021-10-23,Norwich,Chelsea,0,7,HOME_WIN,0,L,3,23,1,13,16,14,0,5,2,0,1,0,-7,0
EPL_2122_CRYSTALPALACE_NEWCASTLEUNITED,2021-22,TRAIN,2021-10-23,Crystal Palace,Newcastle United,1,1,DRAW,1,D,15,6,3,2,13,9,3,7,3,4,0,0,0,1
EPL_2122_CRYSTALPALACE_NEWCASTLEUNITED,2021-22,TRAIN,2021-10-23,Newcastle United,Crystal Palace,1,1,DRAW,0,D,6,15,2,3,9,13,7,3,4,3,0,0,0,1
EPL_2122_EVERTON_WATFORD,2021-22,TRAIN,2021-10-23,Everton,Watford,2,5,AWAY_WIN,1,L,15,20,4,8,9,13,3,5,4,3,0,0,-3,0
EPL_2122_EVERTON_WATFORD,2021-22,TRAIN,2021-10-23,Watford,Everton,5,2,AWAY_WIN,0,W,20,15,8,4,13,9,5,3,3,4,0,0,3,3
EPL_2122_LEEDSUNITED_WOLVERHAMPTONWANDERERS,2021-22,TRAIN,2021-10-23,Leeds United,Wolverhampton Wanderers,1,1,DRAW,1,D,18,8,4,4,15,14,6,3,2,3,0,0,0,1
EPL_2122_LEEDSUNITED_WOLVERHAMPTONWANDERERS,2021-22,TRAIN,2021-10-23,Wolverhampton Wanderers,Leeds United,1,1,DRAW,0,D,8,18,4,4,14,15,3,6,3,2,0,0,0,1
EPL_2122_SOUTHAMPTON_BURNLEY,2021-22,TRAIN,2021-10-23,Southampton,Burnley,2,2,DRAW,1,D,16,9,4,5,10,11,6,2,1,3,0,0,0,1
EPL_2122_SOUTHAMPTON_BURNLEY,2021-22,TRAIN,2021-10-23,Burnley,Southampton,2,2,DRAW,0,D,9,16,5,4,11,10,2,6,3,1,0,0,0,1
EPL_2122_BRENTFORD_LEICESTERCITY,2021-22,TRAIN,2021-10-24,Brentford,Leicester City,1,2,AWAY_WIN,1,L,15,10,5,6,13,7,9,2,1,1,0,0,-1,0
EPL_2122_BRENTFORD_LEICESTERCITY,2021-22,TRAIN,2021-10-24,Leicester City,Brentford,2,1,AWAY_WIN,0,W,10,15,6,5,7,13,2,9,1,1,0,0,1,3
EPL_2122_MANCHESTERUNITED_LIVERPOOL,2021-22,TRAIN,2021-10-24,Manchester United,Liverpool,0,5,AWAY_WIN,1,L,12,19,4,8,10,8,6,3,6,0,1,0,-5,0
EPL_2122_MANCHESTERUNITED_LIVERPOOL,2021-22,TRAIN,2021-10-24,Liverpool,Manchester United,5,0,AWAY_WIN,0,W,19,12,8,4,8,10,3,6,0,6,0,1,5,3
EPL_2122_WESTHAMUNITED_TOTTENHAMHOTSPUR,2021-22,TRAIN,2021-10-24,West Ham United,Tottenham Hotspur,1,0,HOME_WIN,1,W,13,7,4,4,11,4,2,4,2,1,0,0,1,3
EPL_2122_WESTHAMUNITED_TOTTENHAMHOTSPUR,2021-22,TRAIN,2021-10-24,Tottenham Hotspur,West Ham United,0,1,HOME_WIN,0,L,7,13,4,4,4,11,4,2,1,2,0,0,-1,0
EPL_2122_BURNLEY_BRENTFORD,2021-22,TRAIN,2021-10-30,Burnley,Brentford,3,1,HOME_WIN,1,W,15,12,6,5,7,10,4,2,1,1,0,0,2,3
EPL_2122_BURNLEY_BRENTFORD,2021-22,TRAIN,2021-10-30,Brentford,Burnley,1,3,HOME_WIN,0,L,12,15,5,6,10,7,2,4,1,1,0,0,-2,0
EPL_2122_LEICESTERCITY_ARSENAL,2021-22,TRAIN,2021-10-30,Leicester City,Arsenal,0,2,AWAY_WIN,1,L,16,9,8,5,8,11,7,6,2,0,0,0,-2,0
EPL_2122_LEICESTERCITY_ARSENAL,2021-22,TRAIN,2021-10-30,Arsenal,Leicester City,2,0,AWAY_WIN,0,W,9,16,5,8,11,8,6,7,0,2,0,0,2,3
EPL_2122_LIVERPOOL_BRIGHTONHOVEALBION,2021-22,TRAIN,2021-10-30,Liverpool,Brighton & Hove Albion,2,2,DRAW,1,D,14,9,3,6,8,5,5,3,2,2,0,0,0,1
EPL_2122_LIVERPOOL_BRIGHTONHOVEALBION,2021-22,TRAIN,2021-10-30,Brighton & Hove Albion,Liverpool,2,2,DRAW,0,D,9,14,6,3,5,8,3,5,2,2,0,0,0,1
EPL_2122_MANCHESTERCITY_CRYSTALPALACE,2021-22,TRAIN,2021-10-30,Manchester City,Crystal Palace,0,2,AWAY_WIN,1,L,14,8,3,3,11,11,7,1,2,3,1,0,-2,0
EPL_2122_MANCHESTERCITY_CRYSTALPALACE,2021-22,TRAIN,2021-10-30,Crystal Palace,Manchester City,2,0,AWAY_WIN,0,W,8,14,3,3,11,11,1,7,3,2,0,1,2,3
EPL_2122_NEWCASTLEUNITED_CHELSEA,2021-22,TRAIN,2021-10-30,Newcastle United,Chelsea,0,3,AWAY_WIN,1,L,6,19,1,6,14,12,0,2,3,2,0,0,-3,0
EPL_2122_NEWCASTLEUNITED_CHELSEA,2021-22,TRAIN,2021-10-30,Chelsea,Newcastle United,3,0,AWAY_WIN,0,W,19,6,6,1,12,14,2,0,2,3,0,0,3,3
EPL_2122_TOTTENHAMHOTSPUR_MANCHESTERUNITED,2021-22,TRAIN,2021-10-30,Tottenham Hotspur,Manchester United,0,3,AWAY_WIN,1,L,9,10,0,4,12,14,10,2,2,3,0,0,-3,0
EPL_2122_TOTTENHAMHOTSPUR_MANCHESTERUNITED,2021-22,TRAIN,2021-10-30,Manchester United,Tottenham Hotspur,3,0,AWAY_WIN,0,W,10,9,4,0,14,12,2,10,3,2,0,0,3,3
EPL_2122_WATFORD_SOUTHAMPTON,2021-22,TRAIN,2021-10-30,Watford,Southampton,0,1,AWAY_WIN,1,L,10,12,4,1,16,6,5,8,2,2,0,0,-1,0
EPL_2122_WATFORD_SOUTHAMPTON,2021-22,TRAIN,2021-10-30,Southampton,Watford,1,0,AWAY_WIN,0,W,12,10,1,4,6,16,8,5,2,2,0,0,1,3
EPL_2122_ASTONVILLA_WESTHAMUNITED,2021-22,TRAIN,2021-10-31,Aston Villa,West Ham United,1,4,AWAY_WIN,1,L,9,21,3,9,7,13,3,6,1,2,1,0,-3,0
EPL_2122_ASTONVILLA_WESTHAMUNITED,2021-22,TRAIN,2021-10-31,West Ham United,Aston Villa,4,1,AWAY_WIN,0,W,21,9,9,3,13,7,6,3,2,1,0,1,3,3
EPL_2122_NORWICH_LEEDSUNITED,2021-22,TRAIN,2021-10-31,Norwich,Leeds United,1,2,AWAY_WIN,1,L,14,13,3,6,14,23,5,0,1,4,0,0,-1,0
EPL_2122_NORWICH_LEEDSUNITED,2021-22,TRAIN,2021-10-31,Leeds United,Norwich,2,1,AWAY_WIN,0,W,13,14,6,3,23,14,0,5,4,1,0,0,1,3
EPL_2122_WOLVERHAMPTONWANDERERS_EVERTON,2021-22,TRAIN,2021-11-01,Wolverhampton Wanderers,Everton,2,1,HOME_WIN,1,W,10,14,4,5,10,8,4,3,1,1,0,0,1,3
EPL_2122_WOLVERHAMPTONWANDERERS_EVERTON,2021-22,TRAIN,2021-11-01,Everton,Wolverhampton Wanderers,1,2,HOME_WIN,0,L,14,10,5,4,8,10,3,4,1,1,0,0,-1,0
EPL_2122_SOUTHAMPTON_ASTONVILLA,2021-22,TRAIN,2021-11-05,Southampton,Aston Villa,1,0,HOME_WIN,1,W,9,14,3,3,12,12,10,8,2,2,0,0,1,3
EPL_2122_SOUTHAMPTON_ASTONVILLA,2021-22,TRAIN,2021-11-05,Aston Villa,Southampton,0,1,HOME_WIN,0,L,14,9,3,3,12,12,8,10,2,2,0,0,-1,0
EPL_2122_BRENTFORD_NORWICH,2021-22,TRAIN,2021-11-06,Brentford,Norwich,1,2,AWAY_WIN,1,L,19,9,7,5,12,13,6,2,2,3,0,0,-1,0
EPL_2122_BRENTFORD_NORWICH,2021-22,TRAIN,2021-11-06,Norwich,Brentford,2,1,AWAY_WIN,0,W,9,19,5,7,13,12,2,6,3,2,0,0,1,3
EPL_2122_BRIGHTONHOVEALBION_NEWCASTLEUNITED,2021-22,TRAIN,2021-11-06,Brighton & Hove Albion,Newcastle United,1,1,DRAW,1,D,14,6,5,1,16,10,2,5,3,4,1,0,0,1
EPL_2122_BRIGHTONHOVEALBION_NEWCASTLEUNITED,2021-22,TRAIN,2021-11-06,Newcastle United,Brighton & Hove Albion,1,1,DRAW,0,D,6,14,1,5,10,16,5,2,4,3,0,1,0,1
EPL_2122_CHELSEA_BURNLEY,2021-22,TRAIN,2021-11-06,Chelsea,Burnley,1,1,DRAW,1,D,25,5,4,2,6,9,14,2,1,4,0,0,0,1
EPL_2122_CHELSEA_BURNLEY,2021-22,TRAIN,2021-11-06,Burnley,Chelsea,1,1,DRAW,0,D,5,25,2,4,9,6,2,14,4,1,0,0,0,1
EPL_2122_CRYSTALPALACE_WOLVERHAMPTONWANDERERS,2021-22,TRAIN,2021-11-06,Crystal Palace,Wolverhampton Wanderers,2,0,HOME_WIN,1,W,13,4,6,2,14,13,4,6,2,1,0,0,2,3
EPL_2122_CRYSTALPALACE_WOLVERHAMPTONWANDERERS,2021-22,TRAIN,2021-11-06,Wolverhampton Wanderers,Crystal Palace,0,2,HOME_WIN,0,L,4,13,2,6,13,14,6,4,1,2,0,0,-2,0
EPL_2122_MANCHESTERUNITED_MANCHESTERCITY,2021-22,TRAIN,2021-11-06,Manchester United,Manchester City,0,2,AWAY_WIN,1,L,5,16,1,5,9,12,1,9,1,2,0,0,-2,0
EPL_2122_MANCHESTERUNITED_MANCHESTERCITY,2021-22,TRAIN,2021-11-06,Manchester City,Manchester United,2,0,AWAY_WIN,0,W,16,5,5,1,12,9,9,1,2,1,0,0,2,3
EPL_2122_ARSENAL_WATFORD,2021-22,TRAIN,2021-11-07,Arsenal,Watford,1,0,HOME_WIN,1,W,14,7,6,1,6,19,4,2,4,2,0,1,1,3
EPL_2122_ARSENAL_WATFORD,2021-22,TRAIN,2021-11-07,Watford,Arsenal,0,1,HOME_WIN,0,L,7,14,1,6,19,6,2,4,2,4,1,0,-1,0
EPL_2122_EVERTON_TOTTENHAMHOTSPUR,2021-22,TRAIN,2021-11-07,Everton,Tottenham Hotspur,0,0,DRAW,1,D,12,8,2,0,13,17,4,2,2,4,1,0,0,1
EPL_2122_EVERTON_TOTTENHAMHOTSPUR,2021-22,TRAIN,2021-11-07,Tottenham Hotspur,Everton,0,0,DRAW,0,D,8,12,0,2,17,13,2,4,4,2,0,1,0,1
EPL_2122_LEEDSUNITED_LEICESTERCITY,2021-22,TRAIN,2021-11-07,Leeds United,Leicester City,1,1,DRAW,1,D,18,9,5,3,12,5,10,5,1,1,0,0,0,1
EPL_2122_LEEDSUNITED_LEICESTERCITY,2021-22,TRAIN,2021-11-07,Leicester City,Leeds United,1,1,DRAW,0,D,9,18,3,5,5,12,5,10,1,1,0,0,0,1
EPL_2122_WESTHAMUNITED_LIVERPOOL,2021-22,TRAIN,2021-11-07,West Ham United,Liverpool,3,2,HOME_WIN,1,W,7,16,3,5,11,6,3,2,1,1,0,0,1,3
EPL_2122_WESTHAMUNITED_LIVERPOOL,2021-22,TRAIN,2021-11-07,Liverpool,West Ham United,2,3,HOME_WIN,0,L,16,7,5,3,6,11,2,3,1,1,0,0,-1,0
EPL_2122_ASTONVILLA_BRIGHTONHOVEALBION,2021-22,TRAIN,2021-11-20,Aston Villa,Brighton & Hove Albion,2,0,HOME_WIN,1,W,9,6,5,2,7,13,5,7,3,3,0,0,2,3
EPL_2122_ASTONVILLA_BRIGHTONHOVEALBION,2021-22,TRAIN,2021-11-20,Brighton & Hove Albion,Aston Villa,0,2,HOME_WIN,0,L,6,9,2,5,13,7,7,5,3,3,0,0,-2,0
EPL_2122_BURNLEY_CRYSTALPALACE,2021-22,TRAIN,2021-11-20,Burnley,Crystal Palace,3,3,DRAW,1,D,15,18,9,8,14,15,3,6,2,3,0,0,0,1
EPL_2122_BURNLEY_CRYSTALPALACE,2021-22,TRAIN,2021-11-20,Crystal Palace,Burnley,3,3,DRAW,0,D,18,15,8,9,15,14,6,3,3,2,0,0,0,1
EPL_2122_LEICESTERCITY_CHELSEA,2021-22,TRAIN,2021-11-20,Leicester City,Chelsea,0,3,AWAY_WIN,1,L,4,16,3,7,15,8,3,5,3,1,0,0,-3,0
EPL_2122_LEICESTERCITY_CHELSEA,2021-22,TRAIN,2021-11-20,Chelsea,Leicester City,3,0,AWAY_WIN,0,W,16,4,7,3,8,15,5,3,1,3,0,0,3,3
EPL_2122_LIVERPOOL_ARSENAL,2021-22,TRAIN,2021-11-20,Liverpool,Arsenal,4,0,HOME_WIN,1,W,19,5,9,3,15,12,6,1,2,0,0,0,4,3
EPL_2122_LIVERPOOL_ARSENAL,2021-22,TRAIN,2021-11-20,Arsenal,Liverpool,0,4,HOME_WIN,0,L,5,19,3,9,12,15,1,6,0,2,0,0,-4,0
EPL_2122_NEWCASTLEUNITED_BRENTFORD,2021-22,TRAIN,2021-11-20,Newcastle United,Brentford,3,3,DRAW,1,D,23,10,9,4,13,11,8,2,2,2,0,0,0,1
EPL_2122_NEWCASTLEUNITED_BRENTFORD,2021-22,TRAIN,2021-11-20,Brentford,Newcastle United,3,3,DRAW,0,D,10,23,4,9,11,13,2,8,2,2,0,0,0,1
EPL_2122_NORWICH_SOUTHAMPTON,2021-22,TRAIN,2021-11-20,Norwich,Southampton,2,1,HOME_WIN,1,W,8,17,4,5,8,9,5,7,3,2,0,0,1,3
EPL_2122_NORWICH_SOUTHAMPTON,2021-22,TRAIN,2021-11-20,Southampton,Norwich,1,2,HOME_WIN,0,L,17,8,5,4,9,8,7,5,2,3,0,0,-1,0
EPL_2122_WATFORD_MANCHESTERUNITED,2021-22,TRAIN,2021-11-20,Watford,Manchester United,4,1,HOME_WIN,1,W,20,9,7,3,7,5,9,3,2,1,0,1,3,3
EPL_2122_WATFORD_MANCHESTERUNITED,2021-22,TRAIN,2021-11-20,Manchester United,Watford,1,4,HOME_WIN,0,L,9,20,3,7,5,7,3,9,1,2,1,0,-3,0
EPL_2122_WOLVERHAMPTONWANDERERS_WESTHAMUNITED,2021-22,TRAIN,2021-11-20,Wolverhampton Wanderers,West Ham United,1,0,HOME_WIN,1,W,15,8,5,3,6,9,7,3,1,1,0,0,1,3
EPL_2122_WOLVERHAMPTONWANDERERS_WESTHAMUNITED,2021-22,TRAIN,2021-11-20,West Ham United,Wolverhampton Wanderers,0,1,HOME_WIN,0,L,8,15,3,5,9,6,3,7,1,1,0,0,-1,0
EPL_2122_MANCHESTERCITY_EVERTON,2021-22,TRAIN,2021-11-21,Manchester City,Everton,3,0,HOME_WIN,1,W,17,4,7,1,5,7,7,1,1,1,0,0,3,3
EPL_2122_MANCHESTERCITY_EVERTON,2021-22,TRAIN,2021-11-21,Everton,Manchester City,0,3,HOME_WIN,0,L,4,17,1,7,7,5,1,7,1,1,0,0,-3,0
EPL_2122_TOTTENHAMHOTSPUR_LEEDSUNITED,2021-22,TRAIN,2021-11-21,Tottenham Hotspur,Leeds United,2,1,HOME_WIN,1,W,13,18,4,7,11,12,4,8,1,4,0,0,1,3
EPL_2122_TOTTENHAMHOTSPUR_LEEDSUNITED,2021-22,TRAIN,2021-11-21,Leeds United,Tottenham Hotspur,1,2,HOME_WIN,0,L,18,13,7,4,12,11,8,4,4,1,0,0,-1,0
EPL_2122_ARSENAL_NEWCASTLEUNITED,2021-22,TRAIN,2021-11-27,Arsenal,Newcastle United,2,0,HOME_WIN,1,W,24,9,6,5,6,12,4,4,1,3,0,0,2,3
EPL_2122_ARSENAL_NEWCASTLEUNITED,2021-22,TRAIN,2021-11-27,Newcastle United,Arsenal,0,2,HOME_WIN,0,L,9,24,5,6,12,6,4,4,3,1,0,0,-2,0
EPL_2122_BRIGHTONHOVEALBION_LEEDSUNITED,2021-22,TRAIN,2021-11-27,Brighton & Hove Albion,Leeds United,0,0,DRAW,1,D,20,11,4,4,12,14,6,1,1,3,0,0,0,1
EPL_2122_BRIGHTONHOVEALBION_LEEDSUNITED,2021-22,TRAIN,2021-11-27,Leeds United,Brighton & Hove Albion,0,0,DRAW,0,D,11,20,4,4,14,12,1,6,3,1,0,0,0,1
EPL_2122_CRYSTALPALACE_ASTONVILLA,2021-22,TRAIN,2021-11-27,Crystal Palace,Aston Villa,1,2,AWAY_WIN,1,L,8,10,3,3,12,10,7,3,3,3,0,0,-1,0
EPL_2122_CRYSTALPALACE_ASTONVILLA,2021-22,TRAIN,2021-11-27,Aston Villa,Crystal Palace,2,1,AWAY_WIN,0,W,10,8,3,3,10,12,3,7,3,3,0,0,1,3
EPL_2122_LIVERPOOL_SOUTHAMPTON,2021-22,TRAIN,2021-11-27,Liverpool,Southampton,4,0,HOME_WIN,1,W,20,7,6,3,7,14,5,7,0,1,0,0,4,3
EPL_2122_LIVERPOOL_SOUTHAMPTON,2021-22,TRAIN,2021-11-27,Southampton,Liverpool,0,4,HOME_WIN,0,L,7,20,3,6,14,7,7,5,1,0,0,0,-4,0
EPL_2122_NORWICH_WOLVERHAMPTONWANDERERS,2021-22,TRAIN,2021-11-27,Norwich,Wolverhampton Wanderers,0,0,DRAW,1,D,14,5,4,2,11,10,4,3,2,2,0,0,0,1
EPL_2122_NORWICH_WOLVERHAMPTONWANDERERS,2021-22,TRAIN,2021-11-27,Wolverhampton Wanderers,Norwich,0,0,DRAW,0,D,5,14,2,4,10,11,3,4,2,2,0,0,0,1
EPL_2122_BRENTFORD_EVERTON,2021-22,TRAIN,2021-11-28,Brentford,Everton,1,0,HOME_WIN,1,W,6,14,4,5,8,11,3,3,4,3,0,0,1,3
EPL_2122_BRENTFORD_EVERTON,2021-22,TRAIN,2021-11-28,Everton,Brentford,0,1,HOME_WIN,0,L,14,6,5,4,11,8,3,3,3,4,0,0,-1,0
EPL_2122_CHELSEA_MANCHESTERUNITED,2021-22,TRAIN,2021-11-28,Chelsea,Manchester United,1,1,DRAW,1,D,24,3,6,2,13,14,15,2,2,5,0,0,0,1
EPL_2122_CHELSEA_MANCHESTERUNITED,2021-22,TRAIN,2021-11-28,Manchester United,Chelsea,1,1,DRAW,0,D,3,24,2,6,14,13,2,15,5,2,0,0,0,1
EPL_2122_LEICESTERCITY_WATFORD,2021-22,TRAIN,2021-11-28,Leicester City,Watford,4,2,HOME_WIN,1,W,18,16,8,5,5,19,8,6,0,0,0,0,2,3
EPL_2122_LEICESTERCITY_WATFORD,2021-22,TRAIN,2021-11-28,Watford,Leicester City,2,4,HOME_WIN,0,L,16,18,5,8,19,5,6,8,0,0,0,0,-2,0
EPL_2122_MANCHESTERCITY_WESTHAMUNITED,2021-22,TRAIN,2021-11-28,Manchester City,West Ham United,2,1,HOME_WIN,1,W,19,5,9,3,7,6,8,4,2,0,0,0,1,3
EPL_2122_MANCHESTERCITY_WESTHAMUNITED,2021-22,TRAIN,2021-11-28,West Ham United,Manchester City,1,2,HOME_WIN,0,L,5,19,3,9,6,7,4,8,0,2,0,0,-1,0
EPL_2122_LEEDSUNITED_CRYSTALPALACE,2021-22,TRAIN,2021-11-30,Leeds United,Crystal Palace,1,0,HOME_WIN,1,W,15,9,3,1,15,15,7,4,5,3,0,0,1,3
EPL_2122_LEEDSUNITED_CRYSTALPALACE,2021-22,TRAIN,2021-11-30,Crystal Palace,Leeds United,0,1,HOME_WIN,0,L,9,15,1,3,15,15,4,7,3,5,0,0,-1,0
EPL_2122_NEWCASTLEUNITED_NORWICH,2021-22,TRAIN,2021-11-30,Newcastle United,Norwich,1,1,DRAW,1,D,9,16,1,6,8,11,2,5,0,0,0,1,0,1
EPL_2122_NEWCASTLEUNITED_NORWICH,2021-22,TRAIN,2021-11-30,Norwich,Newcastle United,1,1,DRAW,0,D,16,9,6,1,11,8,5,2,0,0,1,0,0,1
EPL_2122_ASTONVILLA_MANCHESTERCITY,2021-22,TRAIN,2021-12-01,Aston Villa,Manchester City,1,2,AWAY_WIN,1,L,9,17,3,7,8,12,4,11,0,0,0,0,-1,0
EPL_2122_ASTONVILLA_MANCHESTERCITY,2021-22,TRAIN,2021-12-01,Manchester City,Aston Villa,2,1,AWAY_WIN,0,W,17,9,7,3,12,8,11,4,0,0,0,0,1,3
EPL_2122_EVERTON_LIVERPOOL,2021-22,TRAIN,2021-12-01,Everton,Liverpool,1,4,AWAY_WIN,1,L,8,16,2,7,8,16,3,11,4,3,0,0,-3,0
EPL_2122_EVERTON_LIVERPOOL,2021-22,TRAIN,2021-12-01,Liverpool,Everton,4,1,AWAY_WIN,0,W,16,8,7,2,16,8,11,3,3,4,0,0,3,3
EPL_2122_SOUTHAMPTON_LEICESTERCITY,2021-22,TRAIN,2021-12-01,Southampton,Leicester City,2,2,DRAW,1,D,15,15,7,6,14,11,2,4,1,3,0,0,0,1
EPL_2122_SOUTHAMPTON_LEICESTERCITY,2021-22,TRAIN,2021-12-01,Leicester City,Southampton,2,2,DRAW,0,D,15,15,6,7,11,14,4,2,3,1,0,0,0,1
EPL_2122_WATFORD_CHELSEA,2021-22,TRAIN,2021-12-01,Watford,Chelsea,1,2,AWAY_WIN,1,L,13,8,6,4,18,16,6,0,4,3,0,0,-1,0
EPL_2122_WATFORD_CHELSEA,2021-22,TRAIN,2021-12-01,Chelsea,Watford,2,1,AWAY_WIN,0,W,8,13,4,6,16,18,0,6,3,4,0,0,1,3
EPL_2122_WESTHAMUNITED_BRIGHTONHOVEALBION,2021-22,TRAIN,2021-12-01,West Ham United,Brighton & Hove Albion,1,1,DRAW,1,D,14,9,6,3,10,8,9,5,1,1,0,0,0,1
EPL_2122_WESTHAMUNITED_BRIGHTONHOVEALBION,2021-22,TRAIN,2021-12-01,Brighton & Hove Albion,West Ham United,1,1,DRAW,0,D,9,14,3,6,8,10,5,9,1,1,0,0,0,1
EPL_2122_WOLVERHAMPTONWANDERERS_BURNLEY,2021-22,TRAIN,2021-12-01,Wolverhampton Wanderers,Burnley,0,0,DRAW,1,D,16,6,2,1,5,7,5,5,2,3,0,0,0,1
EPL_2122_WOLVERHAMPTONWANDERERS_BURNLEY,2021-22,TRAIN,2021-12-01,Burnley,Wolverhampton Wanderers,0,0,DRAW,0,D,6,16,1,2,7,5,5,5,3,2,0,0,0,1
EPL_2122_MANCHESTERUNITED_ARSENAL,2021-22,TRAIN,2021-12-02,Manchester United,Arsenal,3,2,HOME_WIN,1,W,14,17,10,8,9,10,3,8,1,0,0,0,1,3
EPL_2122_MANCHESTERUNITED_ARSENAL,2021-22,TRAIN,2021-12-02,Arsenal,Manchester United,2,3,HOME_WIN,0,L,17,14,8,10,10,9,8,3,0,1,0,0,-1,0
EPL_2122_TOTTENHAMHOTSPUR_BRENTFORD,2021-22,TRAIN,2021-12-02,Tottenham Hotspur,Brentford,2,0,HOME_WIN,1,W,11,6,6,2,13,11,11,5,0,0,0,0,2,3
EPL_2122_TOTTENHAMHOTSPUR_BRENTFORD,2021-22,TRAIN,2021-12-02,Brentford,Tottenham Hotspur,0,2,HOME_WIN,0,L,6,11,2,6,11,13,5,11,0,0,0,0,-2,0
EPL_2122_NEWCASTLEUNITED_BURNLEY,2021-22,TRAIN,2021-12-04,Newcastle United,Burnley,1,0,HOME_WIN,1,W,19,10,4,1,11,9,10,3,1,1,0,0,1,3
EPL_2122_NEWCASTLEUNITED_BURNLEY,2021-22,TRAIN,2021-12-04,Burnley,Newcastle United,0,1,HOME_WIN,0,L,10,19,1,4,9,11,3,10,1,1,0,0,-1,0
EPL_2122_SOUTHAMPTON_BRIGHTONHOVEALBION,2021-22,TRAIN,2021-12-04,Southampton,Brighton & Hove Albion,1,1,DRAW,1,D,14,14,4,4,15,12,6,2,4,2,0,0,0,1
EPL_2122_SOUTHAMPTON_BRIGHTONHOVEALBION,2021-22,TRAIN,2021-12-04,Brighton & Hove Albion,Southampton,1,1,DRAW,0,D,14,14,4,4,12,15,2,6,2,4,0,0,0,1
EPL_2122_WATFORD_MANCHESTERCITY,2021-22,TRAIN,2021-12-04,Watford,Manchester City,1,3,AWAY_WIN,1,L,11,26,4,13,10,7,5,11,3,0,0,0,-2,0
EPL_2122_WATFORD_MANCHESTERCITY,2021-22,TRAIN,2021-12-04,Manchester City,Watford,3,1,AWAY_WIN,0,W,26,11,13,4,7,10,11,5,0,3,0,0,2,3
EPL_2122_WESTHAMUNITED_CHELSEA,2021-22,TRAIN,2021-12-04,West Ham United,Chelsea,3,2,HOME_WIN,1,W,11,19,5,7,10,10,1,9,1,3,0,0,1,3
EPL_2122_WESTHAMUNITED_CHELSEA,2021-22,TRAIN,2021-12-04,Chelsea,West Ham United,2,3,HOME_WIN,0,L,19,11,7,5,10,10,9,1,3,1,0,0,-1,0
EPL_2122_WOLVERHAMPTONWANDERERS_LIVERPOOL,2021-22,TRAIN,2021-12-04,Wolverhampton Wanderers,Liverpool,0,1,AWAY_WIN,1,L,3,17,1,5,4,7,2,8,2,2,0,0,-1,0
EPL_2122_WOLVERHAMPTONWANDERERS_LIVERPOOL,2021-22,TRAIN,2021-12-04,Liverpool,Wolverhampton Wanderers,1,0,AWAY_WIN,0,W,17,3,5,1,7,4,8,2,2,2,0,0,1,3
EPL_2122_ASTONVILLA_LEICESTERCITY,2021-22,TRAIN,2021-12-05,Aston Villa,Leicester City,2,1,HOME_WIN,1,W,13,12,4,5,8,25,3,6,1,1,0,0,1,3
EPL_2122_ASTONVILLA_LEICESTERCITY,2021-22,TRAIN,2021-12-05,Leicester City,Aston Villa,1,2,HOME_WIN,0,L,12,13,5,4,25,8,6,3,1,1,0,0,-1,0
EPL_2122_LEEDSUNITED_BRENTFORD,2021-22,TRAIN,2021-12-05,Leeds United,Brentford,2,2,DRAW,1,D,13,9,6,3,11,9,5,1,5,3,0,0,0,1
EPL_2122_LEEDSUNITED_BRENTFORD,2021-22,TRAIN,2021-12-05,Brentford,Leeds United,2,2,DRAW,0,D,9,13,3,6,9,11,1,5,3,5,0,0,0,1
EPL_2122_MANCHESTERUNITED_CRYSTALPALACE,2021-22,TRAIN,2021-12-05,Manchester United,Crystal Palace,1,0,HOME_WIN,1,W,16,8,3,2,16,9,9,6,2,2,0,0,1,3
EPL_2122_MANCHESTERUNITED_CRYSTALPALACE,2021-22,TRAIN,2021-12-05,Crystal Palace,Manchester United,0,1,HOME_WIN,0,L,8,16,2,3,9,16,6,9,2,2,0,0,-1,0
EPL_2122_TOTTENHAMHOTSPUR_NORWICH,2021-22,TRAIN,2021-12-05,Tottenham Hotspur,Norwich,3,0,HOME_WIN,1,W,17,10,7,1,11,4,6,4,1,2,0,0,3,3
EPL_2122_TOTTENHAMHOTSPUR_NORWICH,2021-22,TRAIN,2021-12-05,Norwich,Tottenham Hotspur,0,3,HOME_WIN,0,L,10,17,1,7,4,11,4,6,2,1,0,0,-3,0
EPL_2122_EVERTON_ARSENAL,2021-22,TRAIN,2021-12-06,Everton,Arsenal,2,1,HOME_WIN,1,W,11,10,5,3,8,12,3,3,2,2,0,0,1,3
EPL_2122_EVERTON_ARSENAL,2021-22,TRAIN,2021-12-06,Arsenal,Everton,1,2,HOME_WIN,0,L,10,11,3,5,12,8,3,3,2,2,0,0,-1,0
EPL_2122_BRENTFORD_WATFORD,2021-22,TRAIN,2021-12-10,Brentford,Watford,2,1,HOME_WIN,1,W,14,6,5,2,12,18,8,2,4,0,0,0,1,3
EPL_2122_BRENTFORD_WATFORD,2021-22,TRAIN,2021-12-10,Watford,Brentford,1,2,HOME_WIN,0,L,6,14,2,5,18,12,2,8,0,4,0,0,-1,0
EPL_2122_ARSENAL_SOUTHAMPTON,2021-22,TRAIN,2021-12-11,Arsenal,Southampton,3,0,HOME_WIN,1,W,15,11,5,6,5,9,9,8,2,0,0,0,3,3
EPL_2122_ARSENAL_SOUTHAMPTON,2021-22,TRAIN,2021-12-11,Southampton,Arsenal,0,3,HOME_WIN,0,L,11,15,6,5,9,5,8,9,0,2,0,0,-3,0
EPL_2122_CHELSEA_LEEDSUNITED,2021-22,TRAIN,2021-12-11,Chelsea,Leeds United,3,2,HOME_WIN,1,W,16,12,6,5,9,15,5,2,2,5,0,0,1,3
EPL_2122_CHELSEA_LEEDSUNITED,2021-22,TRAIN,2021-12-11,Leeds United,Chelsea,2,3,HOME_WIN,0,L,12,16,5,6,15,9,2,5,5,2,0,0,-1,0
EPL_2122_LIVERPOOL_ASTONVILLA,2021-22,TRAIN,2021-12-11,Liverpool,Aston Villa,1,0,HOME_WIN,1,W,20,4,5,0,13,6,11,3,1,2,0,0,1,3
EPL_2122_LIVERPOOL_ASTONVILLA,2021-22,TRAIN,2021-12-11,Aston Villa,Liverpool,0,1,HOME_WIN,0,L,4,20,0,5,6,13,3,11,2,1,0,0,-1,0
EPL_2122_MANCHESTERCITY_WOLVERHAMPTONWANDERERS,2021-22,TRAIN,2021-12-11,Manchester City,Wolverhampton Wanderers,1,0,HOME_WIN,1,W,24,2,10,1,12,5,14,1,3,2,0,1,1,3
EPL_2122_MANCHESTERCITY_WOLVERHAMPTONWANDERERS,2021-22,TRAIN,2021-12-11,Wolverhampton Wanderers,Manchester City,0,1,HOME_WIN,0,L,2,24,1,10,5,12,1,14,2,3,1,0,-1,0
EPL_2122_NORWICH_MANCHESTERUNITED,2021-22,TRAIN,2021-12-11,Norwich,Manchester United,0,1,AWAY_WIN,1,L,11,13,5,5,6,17,8,6,1,1,0,0,-1,0
EPL_2122_NORWICH_MANCHESTERUNITED,2021-22,TRAIN,2021-12-11,Manchester United,Norwich,1,0,AWAY_WIN,0,W,13,11,5,5,17,6,6,8,1,1,0,0,1,3
EPL_2122_BURNLEY_WESTHAMUNITED,2021-22,TRAIN,2021-12-12,Burnley,West Ham United,0,0,DRAW,1,D,9,16,1,3,13,11,6,4,2,1,0,0,0,1
EPL_2122_BURNLEY_WESTHAMUNITED,2021-22,TRAIN,2021-12-12,West Ham United,Burnley,0,0,DRAW,0,D,16,9,3,1,11,13,4,6,1,2,0,0,0,1
EPL_2122_CRYSTALPALACE_EVERTON,2021-22,TRAIN,2021-12-12,Crystal Palace,Everton,3,1,HOME_WIN,1,W,17,12,6,6,15,14,8,2,0,2,0,0,2,3
EPL_2122_CRYSTALPALACE_EVERTON,2021-22,TRAIN,2021-12-12,Everton,Crystal Palace,1,3,HOME_WIN,0,L,12,17,6,6,14,15,2,8,2,0,0,0,-2,0
EPL_2122_LEICESTERCITY_NEWCASTLEUNITED,2021-22,TRAIN,2021-12-12,Leicester City,Newcastle United,4,0,HOME_WIN,1,W,8,12,5,3,9,16,4,6,2,3,0,0,4,3
EPL_2122_LEICESTERCITY_NEWCASTLEUNITED,2021-22,TRAIN,2021-12-12,Newcastle United,Leicester City,0,4,HOME_WIN,0,L,12,8,3,5,16,9,6,4,3,2,0,0,-4,0
EPL_2122_MANCHESTERCITY_LEEDSUNITED,2021-22,TRAIN,2021-12-14,Manchester City,Leeds United,7,0,HOME_WIN,1,W,31,6,15,3,5,9,6,2,1,1,0,0,7,3
EPL_2122_MANCHESTERCITY_LEEDSUNITED,2021-22,TRAIN,2021-12-14,Leeds United,Manchester City,0,7,HOME_WIN,0,L,6,31,3,15,9,5,2,6,1,1,0,0,-7,0
EPL_2122_NORWICH_ASTONVILLA,2021-22,TRAIN,2021-12-14,Norwich,Aston Villa,0,2,AWAY_WIN,1,L,7,17,3,6,12,9,7,10,3,1,0,0,-2,0
EPL_2122_NORWICH_ASTONVILLA,2021-22,TRAIN,2021-12-14,Aston Villa,Norwich,2,0,AWAY_WIN,0,W,17,7,6,3,9,12,10,7,1,3,0,0,2,3
EPL_2122_ARSENAL_WESTHAMUNITED,2021-22,TRAIN,2021-12-15,Arsenal,West Ham United,2,0,HOME_WIN,1,W,21,7,8,1,8,9,5,2,2,0,0,1,2,3
EPL_2122_ARSENAL_WESTHAMUNITED,2021-22,TRAIN,2021-12-15,West Ham United,Arsenal,0,2,HOME_WIN,0,L,7,21,1,8,9,8,2,5,0,2,1,0,-2,0
EPL_2122_BRIGHTONHOVEALBION_WOLVERHAMPTONWANDERERS,2021-22,TRAIN,2021-12-15,Brighton & Hove Albion,Wolverhampton Wanderers,0,1,AWAY_WIN,1,L,12,8,2,5,11,14,7,4,2,0,0,0,-1,0
EPL_2122_BRIGHTONHOVEALBION_WOLVERHAMPTONWANDERERS,2021-22,TRAIN,2021-12-15,Wolverhampton Wanderers,Brighton & Hove Albion,1,0,AWAY_WIN,0,W,8,12,5,2,14,11,4,7,0,2,0,0,1,3
EPL_2122_CRYSTALPALACE_SOUTHAMPTON,2021-22,TRAIN,2021-12-15,Crystal Palace,Southampton,2,2,DRAW,1,D,9,15,6,4,16,20,4,6,2,4,0,0,0,1
EPL_2122_CRYSTALPALACE_SOUTHAMPTON,2021-22,TRAIN,2021-12-15,Southampton,Crystal Palace,2,2,DRAW,0,D,15,9,4,6,20,16,6,4,4,2,0,0,0,1
EPL_2122_CHELSEA_EVERTON,2021-22,TRAIN,2021-12-16,Chelsea,Everton,1,1,DRAW,1,D,23,5,10,3,11,11,7,1,2,3,0,0,0,1
EPL_2122_CHELSEA_EVERTON,2021-22,TRAIN,2021-12-16,Everton,Chelsea,1,1,DRAW,0,D,5,23,3,10,11,11,1,7,3,2,0,0,0,1
EPL_2122_LIVERPOOL_NEWCASTLEUNITED,2021-22,TRAIN,2021-12-16,Liverpool,Newcastle United,3,1,HOME_WIN,1,W,23,4,8,2,9,4,11,0,1,3,0,0,2,3
EPL_2122_LIVERPOOL_NEWCASTLEUNITED,2021-22,TRAIN,2021-12-16,Newcastle United,Liverpool,1,3,HOME_WIN,0,L,4,23,2,8,4,9,0,11,3,1,0,0,-2,0
EPL_2122_LEEDSUNITED_ARSENAL,2021-22,TRAIN,2021-12-18,Leeds United,Arsenal,1,4,AWAY_WIN,1,L,9,21,2,12,11,7,1,4,3,1,0,0,-3,0
EPL_2122_LEEDSUNITED_ARSENAL,2021-22,TRAIN,2021-12-18,Arsenal,Leeds United,4,1,AWAY_WIN,0,W,21,9,12,2,7,11,4,1,1,3,0,0,3,3
EPL_2122_NEWCASTLEUNITED_MANCHESTERCITY,2021-22,TRAIN,2021-12-19,Newcastle United,Manchester City,0,4,AWAY_WIN,1,L,5,18,1,7,9,6,3,6,1,2,0,0,-4,0
EPL_2122_NEWCASTLEUNITED_MANCHESTERCITY,2021-22,TRAIN,2021-12-19,Manchester City,Newcastle United,4,0,AWAY_WIN,0,W,18,5,7,1,6,9,6,3,2,1,0,0,4,3
EPL_2122_TOTTENHAMHOTSPUR_LIVERPOOL,2021-22,TRAIN,2021-12-19,Tottenham Hotspur,Liverpool,2,2,DRAW,1,D,10,18,5,6,12,11,6,4,4,4,0,1,0,1
EPL_2122_TOTTENHAMHOTSPUR_LIVERPOOL,2021-22,TRAIN,2021-12-19,Liverpool,Tottenham Hotspur,2,2,DRAW,0,D,18,10,6,5,11,12,4,6,4,4,1,0,0,1
EPL_2122_WOLVERHAMPTONWANDERERS_CHELSEA,2021-22,TRAIN,2021-12-19,Wolverhampton Wanderers,Chelsea,0,0,DRAW,1,D,4,8,1,1,9,7,4,9,0,2,0,0,0,1
EPL_2122_WOLVERHAMPTONWANDERERS_CHELSEA,2021-22,TRAIN,2021-12-19,Chelsea,Wolverhampton Wanderers,0,0,DRAW,0,D,8,4,1,1,7,9,9,4,2,0,0,0,0,1
EPL_2122_ASTONVILLA_CHELSEA,2021-22,TRAIN,2021-12-26,Aston Villa,Chelsea,1,3,AWAY_WIN,1,L,8,10,1,4,8,11,2,5,3,1,0,0,-2,0
EPL_2122_ASTONVILLA_CHELSEA,2021-22,TRAIN,2021-12-26,Chelsea,Aston Villa,3,1,AWAY_WIN,0,W,10,8,4,1,11,8,5,2,1,3,0,0,2,3
EPL_2122_BRIGHTONHOVEALBION_BRENTFORD,2021-22,TRAIN,2021-12-26,Brighton & Hove Albion,Brentford,2,0,HOME_WIN,1,W,15,16,5,6,8,10,6,9,1,3,0,0,2,3
EPL_2122_BRIGHTONHOVEALBION_BRENTFORD,2021-22,TRAIN,2021-12-26,Brentford,Brighton & Hove Albion,0,2,HOME_WIN,0,L,16,15,6,5,10,8,9,6,3,1,0,0,-2,0
EPL_2122_MANCHESTERCITY_LEICESTERCITY,2021-22,TRAIN,2021-12-26,Manchester City,Leicester City,6,3,HOME_WIN,1,W,17,14,9,8,11,9,14,4,1,2,0,0,3,3
EPL_2122_MANCHESTERCITY_LEICESTERCITY,2021-22,TRAIN,2021-12-26,Leicester City,Manchester City,3,6,HOME_WIN,0,L,14,17,8,9,9,11,4,14,2,1,0,0,-3,0
EPL_2122_NORWICH_ARSENAL,2021-22,TRAIN,2021-12-26,Norwich,Arsenal,0,5,AWAY_WIN,1,L,4,16,2,6,13,7,3,5,1,2,0,0,-5,0
EPL_2122_NORWICH_ARSENAL,2021-22,TRAIN,2021-12-26,Arsenal,Norwich,5,0,AWAY_WIN,0,W,16,4,6,2,7,13,5,3,2,1,0,0,5,3
EPL_2122_TOTTENHAMHOTSPUR_CRYSTALPALACE,2021-22,TRAIN,2021-12-26,Tottenham Hotspur,Crystal Palace,3,0,HOME_WIN,1,W,17,4,6,0,16,10,4,2,1,1,0,1,3,3
EPL_2122_TOTTENHAMHOTSPUR_CRYSTALPALACE,2021-22,TRAIN,2021-12-26,Crystal Palace,Tottenham Hotspur,0,3,HOME_WIN,0,L,4,17,0,6,10,16,2,4,1,1,1,0,-3,0
EPL_2122_WESTHAMUNITED_SOUTHAMPTON,2021-22,TRAIN,2021-12-26,West Ham United,Southampton,2,3,AWAY_WIN,1,L,11,11,5,6,10,9,10,2,2,3,0,0,-1,0
EPL_2122_WESTHAMUNITED_SOUTHAMPTON,2021-22,TRAIN,2021-12-26,Southampton,West Ham United,3,2,AWAY_WIN,0,W,11,11,6,5,9,10,2,10,3,2,0,0,1,3
EPL_2122_NEWCASTLEUNITED_MANCHESTERUNITED,2021-22,TRAIN,2021-12-27,Newcastle United,Manchester United,1,1,DRAW,1,D,13,13,8,4,11,8,2,4,3,3,0,0,0,1
EPL_2122_NEWCASTLEUNITED_MANCHESTERUNITED,2021-22,TRAIN,2021-12-27,Manchester United,Newcastle United,1,1,DRAW,0,D,13,13,4,8,8,11,4,2,3,3,0,0,0,1
EPL_2122_CRYSTALPALACE_NORWICH,2021-22,TRAIN,2021-12-28,Crystal Palace,Norwich,3,0,HOME_WIN,1,W,19,12,6,3,9,13,8,8,1,2,0,0,3,3
EPL_2122_CRYSTALPALACE_NORWICH,2021-22,TRAIN,2021-12-28,Norwich,Crystal Palace,0,3,HOME_WIN,0,L,12,19,3,6,13,9,8,8,2,1,0,0,-3,0
EPL_2122_LEICESTERCITY_LIVERPOOL,2021-22,TRAIN,2021-12-28,Leicester City,Liverpool,1,0,HOME_WIN,1,W,6,21,1,4,8,11,1,12,0,1,0,0,1,3
EPL_2122_LEICESTERCITY_LIVERPOOL,2021-22,TRAIN,2021-12-28,Liverpool,Leicester City,0,1,HOME_WIN,0,L,21,6,4,1,11,8,12,1,1,0,0,0,-1,0
EPL_2122_SOUTHAMPTON_TOTTENHAMHOTSPUR,2021-22,TRAIN,2021-12-28,Southampton,Tottenham Hotspur,1,1,DRAW,1,D,9,21,2,11,15,5,3,7,2,2,1,0,0,1
EPL_2122_SOUTHAMPTON_TOTTENHAMHOTSPUR,2021-22,TRAIN,2021-12-28,Tottenham Hotspur,Southampton,1,1,DRAW,0,D,21,9,11,2,5,15,7,3,2,2,0,1,0,1
EPL_2122_WATFORD_WESTHAMUNITED,2021-22,TRAIN,2021-12-28,Watford,West Ham United,1,4,AWAY_WIN,1,L,14,13,5,6,12,12,4,5,0,1,0,0,-3,0
EPL_2122_WATFORD_WESTHAMUNITED,2021-22,TRAIN,2021-12-28,West Ham United,Watford,4,1,AWAY_WIN,0,W,13,14,6,5,12,12,5,4,1,0,0,0,3,3
EPL_2122_BRENTFORD_MANCHESTERCITY,2021-22,TRAIN,2021-12-29,Brentford,Manchester City,0,1,AWAY_WIN,1,L,6,12,2,3,12,10,3,5,0,0,0,0,-1,0
EPL_2122_BRENTFORD_MANCHESTERCITY,2021-22,TRAIN,2021-12-29,Manchester City,Brentford,1,0,AWAY_WIN,0,W,12,6,3,2,10,12,5,3,0,0,0,0,1,3
EPL_2122_CHELSEA_BRIGHTONHOVEALBION,2021-22,TRAIN,2021-12-29,Chelsea,Brighton & Hove Albion,1,1,DRAW,1,D,11,18,5,6,14,7,10,8,4,1,0,0,0,1
EPL_2122_CHELSEA_BRIGHTONHOVEALBION,2021-22,TRAIN,2021-12-29,Brighton & Hove Albion,Chelsea,1,1,DRAW,0,D,18,11,6,5,7,14,8,10,1,4,0,0,0,1
EPL_2122_MANCHESTERUNITED_BURNLEY,2021-22,TRAIN,2021-12-30,Manchester United,Burnley,3,1,HOME_WIN,1,W,18,10,6,3,5,10,7,5,0,0,0,0,2,3
EPL_2122_MANCHESTERUNITED_BURNLEY,2021-22,TRAIN,2021-12-30,Burnley,Manchester United,1,3,HOME_WIN,0,L,10,18,3,6,10,5,5,7,0,0,0,0,-2,0
EPL_2122_ARSENAL_MANCHESTERCITY,2021-22,TRAIN,2022-01-01,Arsenal,Manchester City,1,2,AWAY_WIN,1,L,7,15,2,2,13,5,5,5,3,2,1,0,-1,0
EPL_2122_ARSENAL_MANCHESTERCITY,2021-22,TRAIN,2022-01-01,Manchester City,Arsenal,2,1,AWAY_WIN,0,W,15,7,2,2,5,13,5,5,2,3,0,1,1,3
EPL_2122_CRYSTALPALACE_WESTHAMUNITED,2021-22,TRAIN,2022-01-01,Crystal Palace,West Ham United,2,3,AWAY_WIN,1,L,22,10,6,5,6,16,9,1,0,2,0,0,-1,0
EPL_2122_CRYSTALPALACE_WESTHAMUNITED,2021-22,TRAIN,2022-01-01,West Ham United,Crystal Palace,3,2,AWAY_WIN,0,W,10,22,5,6,16,6,1,9,2,0,0,0,1,3
EPL_2122_WATFORD_TOTTENHAMHOTSPUR,2021-22,TRAIN,2022-01-01,Watford,Tottenham Hotspur,0,1,AWAY_WIN,1,L,6,21,4,9,6,9,3,7,0,1,0,0,-1,0
EPL_2122_WATFORD_TOTTENHAMHOTSPUR,2021-22,TRAIN,2022-01-01,Tottenham Hotspur,Watford,1,0,AWAY_WIN,0,W,21,6,9,4,9,6,7,3,1,0,0,0,1,3
EPL_2122_BRENTFORD_ASTONVILLA,2021-22,TRAIN,2022-01-02,Brentford,Aston Villa,2,1,HOME_WIN,1,W,10,16,4,5,17,11,3,7,2,2,0,0,1,3
EPL_2122_BRENTFORD_ASTONVILLA,2021-22,TRAIN,2022-01-02,Aston Villa,Brentford,1,2,HOME_WIN,0,L,16,10,5,4,11,17,7,3,2,2,0,0,-1,0
EPL_2122_CHELSEA_LIVERPOOL,2021-22,TRAIN,2022-01-02,Chelsea,Liverpool,2,2,DRAW,1,D,15,10,6,6,5,13,6,7,1,2,0,0,0,1
EPL_2122_CHELSEA_LIVERPOOL,2021-22,TRAIN,2022-01-02,Liverpool,Chelsea,2,2,DRAW,0,D,10,15,6,6,13,5,7,6,2,1,0,0,0,1
EPL_2122_EVERTON_BRIGHTONHOVEALBION,2021-22,TRAIN,2022-01-02,Everton,Brighton & Hove Albion,2,3,AWAY_WIN,1,L,17,12,6,5,5,12,8,5,1,1,0,0,-1,0
EPL_2122_EVERTON_BRIGHTONHOVEALBION,2021-22,TRAIN,2022-01-02,Brighton & Hove Albion,Everton,3,2,AWAY_WIN,0,W,12,17,5,6,12,5,5,8,1,1,0,0,1,3
EPL_2122_LEEDSUNITED_BURNLEY,2021-22,TRAIN,2022-01-02,Leeds United,Burnley,3,1,HOME_WIN,1,W,22,8,7,2,11,7,9,3,2,1,0,0,2,3
EPL_2122_LEEDSUNITED_BURNLEY,2021-22,TRAIN,2022-01-02,Burnley,Leeds United,1,3,HOME_WIN,0,L,8,22,2,7,7,11,3,9,1,2,0,0,-2,0
EPL_2122_MANCHESTERUNITED_WOLVERHAMPTONWANDERERS,2021-22,TRAIN,2022-01-03,Manchester United,Wolverhampton Wanderers,0,1,AWAY_WIN,1,L,9,19,2,6,9,8,3,8,3,1,0,0,-1,0
EPL_2122_MANCHESTERUNITED_WOLVERHAMPTONWANDERERS,2021-22,TRAIN,2022-01-03,Wolverhampton Wanderers,Manchester United,1,0,AWAY_WIN,0,W,19,9,6,2,8,9,8,3,1,3,0,0,1,3
EPL_2122_SOUTHAMPTON_BRENTFORD,2021-22,TRAIN,2022-01-11,Southampton,Brentford,4,1,HOME_WIN,1,W,12,5,6,4,9,8,5,2,0,1,0,0,3,3
EPL_2122_SOUTHAMPTON_BRENTFORD,2021-22,TRAIN,2022-01-11,Brentford,Southampton,1,4,HOME_WIN,0,L,5,12,4,6,8,9,2,5,1,0,0,0,-3,0
EPL_2122_WESTHAMUNITED_NORWICH,2021-22,TRAIN,2022-01-12,West Ham United,Norwich,2,0,HOME_WIN,1,W,13,7,5,3,9,8,11,2,0,0,0,0,2,3
EPL_2122_WESTHAMUNITED_NORWICH,2021-22,TRAIN,2022-01-12,Norwich,West Ham United,0,2,HOME_WIN,0,L,7,13,3,5,8,9,2,11,0,0,0,0,-2,0
EPL_2122_BRIGHTONHOVEALBION_CRYSTALPALACE,2021-22,TRAIN,2022-01-14,Brighton & Hove Albion,Crystal Palace,1,1,DRAW,1,D,19,3,4,1,11,7,9,0,0,2,0,0,0,1
EPL_2122_BRIGHTONHOVEALBION_CRYSTALPALACE,2021-22,TRAIN,2022-01-14,Crystal Palace,Brighton & Hove Albion,1,1,DRAW,0,D,3,19,1,4,7,11,0,9,2,0,0,0,0,1
EPL_2122_ASTONVILLA_MANCHESTERUNITED,2021-22,TRAIN,2022-01-15,Aston Villa,Manchester United,2,2,DRAW,1,D,13,13,9,6,8,13,3,6,1,2,0,0,0,1
EPL_2122_ASTONVILLA_MANCHESTERUNITED,2021-22,TRAIN,2022-01-15,Manchester United,Aston Villa,2,2,DRAW,0,D,13,13,6,9,13,8,6,3,2,1,0,0,0,1
EPL_2122_MANCHESTERCITY_CHELSEA,2021-22,TRAIN,2022-01-15,Manchester City,Chelsea,1,0,HOME_WIN,1,W,11,4,6,1,11,6,9,1,0,2,0,0,1,3
EPL_2122_MANCHESTERCITY_CHELSEA,2021-22,TRAIN,2022-01-15,Chelsea,Manchester City,0,1,HOME_WIN,0,L,4,11,1,6,6,11,1,9,2,0,0,0,-1,0
EPL_2122_NEWCASTLEUNITED_WATFORD,2021-22,TRAIN,2022-01-15,Newcastle United,Watford,1,1,DRAW,1,D,12,18,1,5,13,13,4,6,3,2,0,0,0,1
EPL_2122_NEWCASTLEUNITED_WATFORD,2021-22,TRAIN,2022-01-15,Watford,Newcastle United,1,1,DRAW,0,D,18,12,5,1,13,13,6,4,2,3,0,0,0,1
EPL_2122_NORWICH_EVERTON,2021-22,TRAIN,2022-01-15,Norwich,Everton,2,1,HOME_WIN,1,W,14,12,3,5,12,14,8,8,3,1,0,0,1,3
EPL_2122_NORWICH_EVERTON,2021-22,TRAIN,2022-01-15,Everton,Norwich,1,2,HOME_WIN,0,L,12,14,5,3,14,12,8,8,1,3,0,0,-1,0
EPL_2122_WOLVERHAMPTONWANDERERS_SOUTHAMPTON,2021-22,TRAIN,2022-01-15,Wolverhampton Wanderers,Southampton,3,1,HOME_WIN,1,W,9,13,5,10,13,14,2,10,2,3,0,0,2,3
EPL_2122_WOLVERHAMPTONWANDERERS_SOUTHAMPTON,2021-22,TRAIN,2022-01-15,Southampton,Wolverhampton Wanderers,1,3,HOME_WIN,0,L,13,9,10,5,14,13,10,2,3,2,0,0,-2,0
EPL_2122_LIVERPOOL_BRENTFORD,2021-22,TRAIN,2022-01-16,Liverpool,Brentford,3,0,HOME_WIN,1,W,27,6,13,1,6,6,9,0,0,1,0,0,3,3
EPL_2122_LIVERPOOL_BRENTFORD,2021-22,TRAIN,2022-01-16,Brentford,Liverpool,0,3,HOME_WIN,0,L,6,27,1,13,6,6,0,9,1,0,0,0,-3,0
EPL_2122_WESTHAMUNITED_LEEDSUNITED,2021-22,TRAIN,2022-01-16,West Ham United,Leeds United,2,3,AWAY_WIN,1,L,15,18,5,5,6,9,4,3,3,2,0,0,-1,0
EPL_2122_WESTHAMUNITED_LEEDSUNITED,2021-22,TRAIN,2022-01-16,Leeds United,West Ham United,3,2,AWAY_WIN,0,W,18,15,5,5,9,6,3,4,2,3,0,0,1,3
EPL_2122_BRIGHTONHOVEALBION_CHELSEA,2021-22,TRAIN,2022-01-18,Brighton & Hove Albion,Chelsea,1,1,DRAW,1,D,10,15,2,3,8,5,5,7,1,2,0,0,0,1
EPL_2122_BRIGHTONHOVEALBION_CHELSEA,2021-22,TRAIN,2022-01-18,Chelsea,Brighton & Hove Albion,1,1,DRAW,0,D,15,10,3,2,5,8,7,5,2,1,0,0,0,1
EPL_2122_BRENTFORD_MANCHESTERUNITED,2021-22,TRAIN,2022-01-19,Brentford,Manchester United,1,3,AWAY_WIN,1,L,18,13,8,5,7,9,6,9,0,0,0,0,-2,0
EPL_2122_BRENTFORD_MANCHESTERUNITED,2021-22,TRAIN,2022-01-19,Manchester United,Brentford,3,1,AWAY_WIN,0,W,13,18,5,8,9,7,9,6,0,0,0,0,2,3
EPL_2122_LEICESTERCITY_TOTTENHAMHOTSPUR,2021-22,TRAIN,2022-01-19,Leicester City,Tottenham Hotspur,2,3,AWAY_WIN,1,L,14,27,4,10,6,12,3,8,1,2,0,0,-1,0
EPL_2122_LEICESTERCITY_TOTTENHAMHOTSPUR,2021-22,TRAIN,2022-01-19,Tottenham Hotspur,Leicester City,3,2,AWAY_WIN,0,W,27,14,10,4,12,6,8,3,2,1,0,0,1,3
EPL_2122_WATFORD_NORWICH,2021-22,TRAIN,2022-01-21,Watford,Norwich,0,3,AWAY_WIN,1,L,15,7,4,2,16,11,5,1,0,1,1,0,-3,0
EPL_2122_WATFORD_NORWICH,2021-22,TRAIN,2022-01-21,Norwich,Watford,3,0,AWAY_WIN,0,W,7,15,2,4,11,16,1,5,1,0,0,1,3,3
EPL_2122_BRENTFORD_WOLVERHAMPTONWANDERERS,2021-22,TRAIN,2022-01-22,Brentford,Wolverhampton Wanderers,1,2,AWAY_WIN,1,L,11,7,1,2,6,7,6,3,2,3,0,0,-1,0
EPL_2122_BRENTFORD_WOLVERHAMPTONWANDERERS,2021-22,TRAIN,2022-01-22,Wolverhampton Wanderers,Brentford,2,1,AWAY_WIN,0,W,7,11,2,1,7,6,3,6,3,2,0,0,1,3
EPL_2122_EVERTON_ASTONVILLA,2021-22,TRAIN,2022-01-22,Everton,Aston Villa,0,1,AWAY_WIN,1,L,15,8,1,3,14,16,9,2,5,3,0,0,-1,0
EPL_2122_EVERTON_ASTONVILLA,2021-22,TRAIN,2022-01-22,Aston Villa,Everton,1,0,AWAY_WIN,0,W,8,15,3,1,16,14,2,9,3,5,0,0,1,3
EPL_2122_LEEDSUNITED_NEWCASTLEUNITED,2021-22,TRAIN,2022-01-22,Leeds United,Newcastle United,0,1,AWAY_WIN,1,L,13,15,4,3,9,9,6,7,4,2,0,0,-1,0
EPL_2122_LEEDSUNITED_NEWCASTLEUNITED,2021-22,TRAIN,2022-01-22,Newcastle United,Leeds United,1,0,AWAY_WIN,0,W,15,13,3,4,9,9,7,6,2,4,0,0,1,3
EPL_2122_MANCHESTERUNITED_WESTHAMUNITED,2021-22,TRAIN,2022-01-22,Manchester United,West Ham United,1,0,HOME_WIN,1,W,18,6,3,1,9,8,3,3,1,1,0,0,1,3
EPL_2122_MANCHESTERUNITED_WESTHAMUNITED,2021-22,TRAIN,2022-01-22,West Ham United,Manchester United,0,1,HOME_WIN,0,L,6,18,1,3,8,9,3,3,1,1,0,0,-1,0
EPL_2122_SOUTHAMPTON_MANCHESTERCITY,2021-22,TRAIN,2022-01-22,Southampton,Manchester City,1,1,DRAW,1,D,7,20,3,5,13,5,2,11,3,0,0,0,0,1
EPL_2122_SOUTHAMPTON_MANCHESTERCITY,2021-22,TRAIN,2022-01-22,Manchester City,Southampton,1,1,DRAW,0,D,20,7,5,3,5,13,11,2,0,3,0,0,0,1
EPL_2122_ARSENAL_BURNLEY,2021-22,TRAIN,2022-01-23,Arsenal,Burnley,0,0,DRAW,1,D,20,10,5,1,9,13,12,4,0,2,0,0,0,1
EPL_2122_ARSENAL_BURNLEY,2021-22,TRAIN,2022-01-23,Burnley,Arsenal,0,0,DRAW,0,D,10,20,1,5,13,9,4,12,2,0,0,0,0,1
EPL_2122_CHELSEA_TOTTENHAMHOTSPUR,2021-22,TRAIN,2022-01-23,Chelsea,Tottenham Hotspur,2,0,HOME_WIN,1,W,15,6,7,3,17,14,10,3,2,1,0,0,2,3
EPL_2122_CHELSEA_TOTTENHAMHOTSPUR,2021-22,TRAIN,2022-01-23,Tottenham Hotspur,Chelsea,0,2,HOME_WIN,0,L,6,15,3,7,14,17,3,10,1,2,0,0,-2,0
EPL_2122_CRYSTALPALACE_LIVERPOOL,2021-22,TRAIN,2022-01-23,Crystal Palace,Liverpool,1,3,AWAY_WIN,1,L,8,15,5,7,12,10,2,5,4,1,0,0,-2,0
EPL_2122_CRYSTALPALACE_LIVERPOOL,2021-22,TRAIN,2022-01-23,Liverpool,Crystal Palace,3,1,AWAY_WIN,0,W,15,8,7,5,10,12,5,2,1,4,0,0,2,3
EPL_2122_LEICESTERCITY_BRIGHTONHOVEALBION,2021-22,TRAIN,2022-01-23,Leicester City,Brighton & Hove Albion,1,1,DRAW,1,D,15,14,5,5,6,8,4,5,0,1,0,0,0,1
EPL_2122_LEICESTERCITY_BRIGHTONHOVEALBION,2021-22,TRAIN,2022-01-23,Brighton & Hove Albion,Leicester City,1,1,DRAW,0,D,14,15,5,5,8,6,5,4,1,0,0,0,0,1
EPL_2122_BURNLEY_WATFORD,2021-22,TRAIN,2022-02-05,Burnley,Watford,0,0,DRAW,1,D,13,11,2,5,16,9,4,7,1,2,0,0,0,1
EPL_2122_BURNLEY_WATFORD,2021-22,TRAIN,2022-02-05,Watford,Burnley,0,0,DRAW,0,D,11,13,5,2,9,16,7,4,2,1,0,0,0,1
EPL_2122_BURNLEY_MANCHESTERUNITED,2021-22,TRAIN,2022-02-08,Burnley,Manchester United,1,1,DRAW,1,D,9,22,3,5,11,10,2,10,2,1,0,0,0,1
EPL_2122_BURNLEY_MANCHESTERUNITED,2021-22,TRAIN,2022-02-08,Manchester United,Burnley,1,1,DRAW,0,D,22,9,5,3,10,11,10,2,1,2,0,0,0,1
EPL_2122_NEWCASTLEUNITED_EVERTON,2021-22,TRAIN,2022-02-08,Newcastle United,Everton,3,1,HOME_WIN,1,W,20,11,9,3,13,13,6,2,2,3,0,0,2,3
EPL_2122_NEWCASTLEUNITED_EVERTON,2021-22,TRAIN,2022-02-08,Everton,Newcastle United,1,3,HOME_WIN,0,L,11,20,3,9,13,13,2,6,3,2,0,0,-2,0
EPL_2122_WESTHAMUNITED_WATFORD,2021-22,TRAIN,2022-02-08,West Ham United,Watford,1,0,HOME_WIN,1,W,9,6,3,1,1,6,5,6,1,0,0,0,1,3
EPL_2122_WESTHAMUNITED_WATFORD,2021-22,TRAIN,2022-02-08,Watford,West Ham United,0,1,HOME_WIN,0,L,6,9,1,3,6,1,6,5,0,1,0,0,-1,0
EPL_2122_ASTONVILLA_LEEDSUNITED,2021-22,TRAIN,2022-02-09,Aston Villa,Leeds United,3,3,DRAW,1,D,12,16,4,8,11,9,6,11,1,3,1,0,0,1
EPL_2122_ASTONVILLA_LEEDSUNITED,2021-22,TRAIN,2022-02-09,Leeds United,Aston Villa,3,3,DRAW,0,D,16,12,8,4,9,11,11,6,3,1,0,1,0,1
EPL_2122_MANCHESTERCITY_BRENTFORD,2021-22,TRAIN,2022-02-09,Manchester City,Brentford,2,0,HOME_WIN,1,W,15,6,7,2,7,13,9,3,0,0,0,0,2,3
EPL_2122_MANCHESTERCITY_BRENTFORD,2021-22,TRAIN,2022-02-09,Brentford,Manchester City,0,2,HOME_WIN,0,L,6,15,2,7,13,7,3,9,0,0,0,0,-2,0
EPL_2122_NORWICH_CRYSTALPALACE,2021-22,TRAIN,2022-02-09,Norwich,Crystal Palace,1,1,DRAW,1,D,5,13,1,5,11,15,4,6,1,2,0,0,0,1
EPL_2122_NORWICH_CRYSTALPALACE,2021-22,TRAIN,2022-02-09,Crystal Palace,Norwich,1,1,DRAW,0,D,13,5,5,1,15,11,6,4,2,1,0,0,0,1
EPL_2122_TOTTENHAMHOTSPUR_SOUTHAMPTON,2021-22,TRAIN,2022-02-09,Tottenham Hotspur,Southampton,2,3,AWAY_WIN,1,L,8,23,3,10,7,13,2,8,2,3,0,0,-1,0
EPL_2122_TOTTENHAMHOTSPUR_SOUTHAMPTON,2021-22,TRAIN,2022-02-09,Southampton,Tottenham Hotspur,3,2,AWAY_WIN,0,W,23,8,10,3,13,7,8,2,3,2,0,0,1,3
EPL_2122_LIVERPOOL_LEICESTERCITY,2021-22,TRAIN,2022-02-10,Liverpool,Leicester City,2,0,HOME_WIN,1,W,22,5,11,1,11,7,7,6,1,0,0,0,2,3
EPL_2122_LIVERPOOL_LEICESTERCITY,2021-22,TRAIN,2022-02-10,Leicester City,Liverpool,0,2,HOME_WIN,0,L,5,22,1,11,7,11,6,7,0,1,0,0,-2,0
EPL_2122_WOLVERHAMPTONWANDERERS_ARSENAL,2021-22,TRAIN,2022-02-10,Wolverhampton Wanderers,Arsenal,0,1,AWAY_WIN,1,L,15,12,4,2,12,13,7,4,2,3,0,1,-1,0
EPL_2122_WOLVERHAMPTONWANDERERS_ARSENAL,2021-22,TRAIN,2022-02-10,Arsenal,Wolverhampton Wanderers,1,0,AWAY_WIN,0,W,12,15,2,4,13,12,4,7,3,2,1,0,1,3
EPL_2122_BRENTFORD_CRYSTALPALACE,2021-22,TRAIN,2022-02-12,Brentford,Crystal Palace,0,0,DRAW,1,D,9,6,2,3,10,10,3,9,1,0,0,0,0,1
EPL_2122_BRENTFORD_CRYSTALPALACE,2021-22,TRAIN,2022-02-12,Crystal Palace,Brentford,0,0,DRAW,0,D,6,9,3,2,10,10,9,3,0,1,0,0,0,1
EPL_2122_EVERTON_LEEDSUNITED,2021-22,TRAIN,2022-02-12,Everton,Leeds United,3,0,HOME_WIN,1,W,21,7,10,0,8,9,5,3,1,1,0,0,3,3
EPL_2122_EVERTON_LEEDSUNITED,2021-22,TRAIN,2022-02-12,Leeds United,Everton,0,3,HOME_WIN,0,L,7,21,0,10,9,8,3,5,1,1,0,0,-3,0
EPL_2122_MANCHESTERUNITED_SOUTHAMPTON,2021-22,TRAIN,2022-02-12,Manchester United,Southampton,1,1,DRAW,1,D,12,13,8,4,12,13,1,4,4,0,0,0,0,1
EPL_2122_MANCHESTERUNITED_SOUTHAMPTON,2021-22,TRAIN,2022-02-12,Southampton,Manchester United,1,1,DRAW,0,D,13,12,4,8,13,12,4,1,0,4,0,0,0,1
EPL_2122_NORWICH_MANCHESTERCITY,2021-22,TRAIN,2022-02-12,Norwich,Manchester City,0,4,AWAY_WIN,1,L,8,22,3,9,7,8,4,12,0,2,0,0,-4,0
EPL_2122_NORWICH_MANCHESTERCITY,2021-22,TRAIN,2022-02-12,Manchester City,Norwich,4,0,AWAY_WIN,0,W,22,8,9,3,8,7,12,4,2,0,0,0,4,3
EPL_2122_WATFORD_BRIGHTONHOVEALBION,2021-22,TRAIN,2022-02-12,Watford,Brighton & Hove Albion,0,2,AWAY_WIN,1,L,9,11,1,6,16,9,4,5,3,2,0,0,-2,0
EPL_2122_WATFORD_BRIGHTONHOVEALBION,2021-22,TRAIN,2022-02-12,Brighton & Hove Albion,Watford,2,0,AWAY_WIN,0,W,11,9,6,1,9,16,5,4,2,3,0,0,2,3
EPL_2122_BURNLEY_LIVERPOOL,2021-22,TRAIN,2022-02-13,Burnley,Liverpool,0,1,AWAY_WIN,1,L,8,12,5,4,7,6,5,8,0,1,0,0,-1,0
EPL_2122_BURNLEY_LIVERPOOL,2021-22,TRAIN,2022-02-13,Liverpool,Burnley,1,0,AWAY_WIN,0,W,12,8,4,5,6,7,8,5,1,0,0,0,1,3
EPL_2122_LEICESTERCITY_WESTHAMUNITED,2021-22,TRAIN,2022-02-13,Leicester City,West Ham United,2,2,DRAW,1,D,13,8,2,3,10,9,5,4,1,2,0,0,0,1
EPL_2122_LEICESTERCITY_WESTHAMUNITED,2021-22,TRAIN,2022-02-13,West Ham United,Leicester City,2,2,DRAW,0,D,8,13,3,2,9,10,4,5,2,1,0,0,0,1
EPL_2122_NEWCASTLEUNITED_ASTONVILLA,2021-22,TRAIN,2022-02-13,Newcastle United,Aston Villa,1,0,HOME_WIN,1,W,10,11,2,1,22,15,3,6,3,4,0,0,1,3
EPL_2122_NEWCASTLEUNITED_ASTONVILLA,2021-22,TRAIN,2022-02-13,Aston Villa,Newcastle United,0,1,HOME_WIN,0,L,11,10,1,2,15,22,6,3,4,3,0,0,-1,0
EPL_2122_TOTTENHAMHOTSPUR_WOLVERHAMPTONWANDERERS,2021-22,TRAIN,2022-02-13,Tottenham Hotspur,Wolverhampton Wanderers,0,2,AWAY_WIN,1,L,17,11,7,7,13,13,7,3,3,1,0,0,-2,0
EPL_2122_TOTTENHAMHOTSPUR_WOLVERHAMPTONWANDERERS,2021-22,TRAIN,2022-02-13,Wolverhampton Wanderers,Tottenham Hotspur,2,0,AWAY_WIN,0,W,11,17,7,7,13,13,3,7,1,3,0,0,2,3
EPL_2122_MANCHESTERUNITED_BRIGHTONHOVEALBION,2021-22,TRAIN,2022-02-15,Manchester United,Brighton & Hove Albion,2,0,HOME_WIN,1,W,19,10,7,3,8,10,10,2,3,1,0,1,2,3
EPL_2122_MANCHESTERUNITED_BRIGHTONHOVEALBION,2021-22,TRAIN,2022-02-15,Brighton & Hove Albion,Manchester United,0,2,HOME_WIN,0,L,10,19,3,7,10,8,2,10,1,3,1,0,-2,0
EPL_2122_ARSENAL_BRENTFORD,2021-22,TRAIN,2022-02-19,Arsenal,Brentford,2,1,HOME_WIN,1,W,24,6,8,2,10,5,14,0,1,1,0,0,1,3
EPL_2122_ARSENAL_BRENTFORD,2021-22,TRAIN,2022-02-19,Brentford,Arsenal,1,2,HOME_WIN,0,L,6,24,2,8,5,10,0,14,1,1,0,0,-1,0
EPL_2122_ASTONVILLA_WATFORD,2021-22,TRAIN,2022-02-19,Aston Villa,Watford,0,1,AWAY_WIN,1,L,20,8,1,4,12,7,10,5,1,2,0,0,-1,0
EPL_2122_ASTONVILLA_WATFORD,2021-22,TRAIN,2022-02-19,Watford,Aston Villa,1,0,AWAY_WIN,0,W,8,20,4,1,7,12,5,10,2,1,0,0,1,3
EPL_2122_BRIGHTONHOVEALBION_BURNLEY,2021-22,TRAIN,2022-02-19,Brighton & Hove Albion,Burnley,0,3,AWAY_WIN,1,L,11,10,1,4,12,12,4,4,1,4,0,0,-3,0
EPL_2122_BRIGHTONHOVEALBION_BURNLEY,2021-22,TRAIN,2022-02-19,Burnley,Brighton & Hove Albion,3,0,AWAY_WIN,0,W,10,11,4,1,12,12,4,4,4,1,0,0,3,3
EPL_2122_CRYSTALPALACE_CHELSEA,2021-22,TRAIN,2022-02-19,Crystal Palace,Chelsea,0,1,AWAY_WIN,1,L,7,9,0,3,4,20,4,4,1,3,0,0,-1,0
EPL_2122_CRYSTALPALACE_CHELSEA,2021-22,TRAIN,2022-02-19,Chelsea,Crystal Palace,1,0,AWAY_WIN,0,W,9,7,3,0,20,4,4,4,3,1,0,0,1,3
EPL_2122_LIVERPOOL_NORWICH,2021-22,TRAIN,2022-02-19,Liverpool,Norwich,3,1,HOME_WIN,1,W,29,6,8,1,7,8,9,4,0,1,0,0,2,3
EPL_2122_LIVERPOOL_NORWICH,2021-22,TRAIN,2022-02-19,Norwich,Liverpool,1,3,HOME_WIN,0,L,6,29,1,8,8,7,4,9,1,0,0,0,-2,0
EPL_2122_MANCHESTERCITY_TOTTENHAMHOTSPUR,2021-22,TRAIN,2022-02-19,Manchester City,Tottenham Hotspur,2,3,AWAY_WIN,1,L,21,6,4,5,5,7,10,0,0,3,0,0,-1,0
EPL_2122_MANCHESTERCITY_TOTTENHAMHOTSPUR,2021-22,TRAIN,2022-02-19,Tottenham Hotspur,Manchester City,3,2,AWAY_WIN,0,W,6,21,5,4,7,5,0,10,3,0,0,0,1,3
EPL_2122_SOUTHAMPTON_EVERTON,2021-22,TRAIN,2022-02-19,Southampton,Everton,2,0,HOME_WIN,1,W,19,9,11,0,6,9,4,4,0,2,0,0,2,3
EPL_2122_SOUTHAMPTON_EVERTON,2021-22,TRAIN,2022-02-19,Everton,Southampton,0,2,HOME_WIN,0,L,9,19,0,11,9,6,4,4,2,0,0,0,-2,0
EPL_2122_WESTHAMUNITED_NEWCASTLEUNITED,2021-22,TRAIN,2022-02-19,West Ham United,Newcastle United,1,1,DRAW,1,D,11,14,3,3,3,7,3,7,3,3,0,0,0,1
EPL_2122_WESTHAMUNITED_NEWCASTLEUNITED,2021-22,TRAIN,2022-02-19,Newcastle United,West Ham United,1,1,DRAW,0,D,14,11,3,3,7,3,7,3,3,3,0,0,0,1
EPL_2122_LEEDSUNITED_MANCHESTERUNITED,2021-22,TRAIN,2022-02-20,Leeds United,Manchester United,2,4,AWAY_WIN,1,L,16,15,6,9,13,19,3,3,6,3,0,0,-2,0
EPL_2122_LEEDSUNITED_MANCHESTERUNITED,2021-22,TRAIN,2022-02-20,Manchester United,Leeds United,4,2,AWAY_WIN,0,W,15,16,9,6,19,13,3,3,3,6,0,0,2,3
EPL_2122_WOLVERHAMPTONWANDERERS_LEICESTERCITY,2021-22,TRAIN,2022-02-20,Wolverhampton Wanderers,Leicester City,2,1,HOME_WIN,1,W,11,17,3,7,12,9,7,10,4,4,0,0,1,3
EPL_2122_WOLVERHAMPTONWANDERERS_LEICESTERCITY,2021-22,TRAIN,2022-02-20,Leicester City,Wolverhampton Wanderers,1,2,HOME_WIN,0,L,17,11,7,3,9,12,10,7,4,4,0,0,-1,0
EPL_2122_BURNLEY_TOTTENHAMHOTSPUR,2021-22,TRAIN,2022-02-23,Burnley,Tottenham Hotspur,1,0,HOME_WIN,1,W,15,12,4,2,8,8,3,7,0,0,0,0,1,3
EPL_2122_BURNLEY_TOTTENHAMHOTSPUR,2021-22,TRAIN,2022-02-23,Tottenham Hotspur,Burnley,0,1,HOME_WIN,0,L,12,15,2,4,8,8,7,3,0,0,0,0,-1,0
EPL_2122_LIVERPOOL_LEEDSUNITED,2021-22,TRAIN,2022-02-23,Liverpool,Leeds United,6,0,HOME_WIN,1,W,23,3,15,2,5,11,4,0,0,3,0,0,6,3
EPL_2122_LIVERPOOL_LEEDSUNITED,2021-22,TRAIN,2022-02-23,Leeds United,Liverpool,0,6,HOME_WIN,0,L,3,23,2,15,11,5,0,4,3,0,0,0,-6,0
EPL_2122_WATFORD_CRYSTALPALACE,2021-22,TRAIN,2022-02-23,Watford,Crystal Palace,1,4,AWAY_WIN,1,L,8,7,1,5,12,9,6,4,2,1,0,0,-3,0
EPL_2122_WATFORD_CRYSTALPALACE,2021-22,TRAIN,2022-02-23,Crystal Palace,Watford,4,1,AWAY_WIN,0,W,7,8,5,1,9,12,4,6,1,2,0,0,3,3
EPL_2122_ARSENAL_WOLVERHAMPTONWANDERERS,2021-22,TRAIN,2022-02-24,Arsenal,Wolverhampton Wanderers,2,1,HOME_WIN,1,W,26,6,5,2,8,9,5,4,1,1,0,0,1,3
EPL_2122_ARSENAL_WOLVERHAMPTONWANDERERS,2021-22,TRAIN,2022-02-24,Wolverhampton Wanderers,Arsenal,1,2,HOME_WIN,0,L,6,26,2,5,9,8,4,5,1,1,0,0,-1,0
EPL_2122_SOUTHAMPTON_NORWICH,2021-22,TRAIN,2022-02-25,Southampton,Norwich,2,0,HOME_WIN,1,W,27,8,9,1,12,9,13,6,1,2,0,0,2,3
EPL_2122_SOUTHAMPTON_NORWICH,2021-22,TRAIN,2022-02-25,Norwich,Southampton,0,2,HOME_WIN,0,L,8,27,1,9,9,12,6,13,2,1,0,0,-2,0
EPL_2122_BRENTFORD_NEWCASTLEUNITED,2021-22,TRAIN,2022-02-26,Brentford,Newcastle United,0,2,AWAY_WIN,1,L,6,26,1,11,9,7,6,6,3,1,1,0,-2,0
EPL_2122_BRENTFORD_NEWCASTLEUNITED,2021-22,TRAIN,2022-02-26,Newcastle United,Brentford,2,0,AWAY_WIN,0,W,26,6,11,1,7,9,6,6,1,3,0,1,2,3
EPL_2122_BRIGHTONHOVEALBION_ASTONVILLA,2021-22,TRAIN,2022-02-26,Brighton & Hove Albion,Aston Villa,0,2,AWAY_WIN,1,L,12,9,1,4,17,11,7,2,4,5,0,0,-2,0
EPL_2122_BRIGHTONHOVEALBION_ASTONVILLA,2021-22,TRAIN,2022-02-26,Aston Villa,Brighton & Hove Albion,2,0,AWAY_WIN,0,W,9,12,4,1,11,17,2,7,5,4,0,0,2,3
EPL_2122_CRYSTALPALACE_BURNLEY,2021-22,TRAIN,2022-02-26,Crystal Palace,Burnley,1,1,DRAW,1,D,11,5,4,1,5,17,5,4,0,2,0,0,0,1
EPL_2122_CRYSTALPALACE_BURNLEY,2021-22,TRAIN,2022-02-26,Burnley,Crystal Palace,1,1,DRAW,0,D,5,11,1,4,17,5,4,5,2,0,0,0,0,1
EPL_2122_EVERTON_MANCHESTERCITY,2021-22,TRAIN,2022-02-26,Everton,Manchester City,0,1,AWAY_WIN,1,L,6,13,2,8,7,14,3,4,3,2,0,0,-1,0
EPL_2122_EVERTON_MANCHESTERCITY,2021-22,TRAIN,2022-02-26,Manchester City,Everton,1,0,AWAY_WIN,0,W,13,6,8,2,14,7,4,3,2,3,0,0,1,3
EPL_2122_LEEDSUNITED_TOTTENHAMHOTSPUR,2021-22,TRAIN,2022-02-26,Leeds United,Tottenham Hotspur,0,4,AWAY_WIN,1,L,19,15,3,11,16,11,3,6,4,2,0,0,-4,0
EPL_2122_LEEDSUNITED_TOTTENHAMHOTSPUR,2021-22,TRAIN,2022-02-26,Tottenham Hotspur,Leeds United,4,0,AWAY_WIN,0,W,15,19,11,3,11,16,6,3,2,4,0,0,4,3
EPL_2122_MANCHESTERUNITED_WATFORD,2021-22,TRAIN,2022-02-26,Manchester United,Watford,0,0,DRAW,1,D,22,10,3,2,2,7,4,3,0,0,0,0,0,1
EPL_2122_MANCHESTERUNITED_WATFORD,2021-22,TRAIN,2022-02-26,Watford,Manchester United,0,0,DRAW,0,D,10,22,2,3,7,2,3,4,0,0,0,0,0,1
EPL_2122_WESTHAMUNITED_WOLVERHAMPTONWANDERERS,2021-22,TRAIN,2022-02-27,West Ham United,Wolverhampton Wanderers,1,0,HOME_WIN,1,W,13,14,4,1,8,2,3,5,1,0,0,0,1,3
EPL_2122_WESTHAMUNITED_WOLVERHAMPTONWANDERERS,2021-22,TRAIN,2022-02-27,Wolverhampton Wanderers,West Ham United,0,1,HOME_WIN,0,L,14,13,1,4,2,8,5,3,0,1,0,0,-1,0
EPL_2122_BURNLEY_LEICESTERCITY,2021-22,TRAIN,2022-03-01,Burnley,Leicester City,0,2,AWAY_WIN,1,L,9,22,2,6,10,13,6,8,1,1,0,0,-2,0
EPL_2122_BURNLEY_LEICESTERCITY,2021-22,TRAIN,2022-03-01,Leicester City,Burnley,2,0,AWAY_WIN,0,W,22,9,6,2,13,10,8,6,1,1,0,0,2,3
EPL_2122_ASTONVILLA_SOUTHAMPTON,2021-22,TRAIN,2022-03-05,Aston Villa,Southampton,4,0,HOME_WIN,1,W,14,11,9,1,10,8,4,7,1,1,0,0,4,3
EPL_2122_ASTONVILLA_SOUTHAMPTON,2021-22,TRAIN,2022-03-05,Southampton,Aston Villa,0,4,HOME_WIN,0,L,11,14,1,9,8,10,7,4,1,1,0,0,-4,0
EPL_2122_BURNLEY_CHELSEA,2021-22,TRAIN,2022-03-05,Burnley,Chelsea,0,4,AWAY_WIN,1,L,6,11,1,5,12,7,5,2,2,0,0,0,-4,0
EPL_2122_BURNLEY_CHELSEA,2021-22,TRAIN,2022-03-05,Chelsea,Burnley,4,0,AWAY_WIN,0,W,11,6,5,1,7,12,2,5,0,2,0,0,4,3
EPL_2122_LEICESTERCITY_LEEDSUNITED,2021-22,TRAIN,2022-03-05,Leicester City,Leeds United,1,0,HOME_WIN,1,W,7,19,4,4,9,12,5,10,1,2,0,0,1,3
EPL_2122_LEICESTERCITY_LEEDSUNITED,2021-22,TRAIN,2022-03-05,Leeds United,Leicester City,0,1,HOME_WIN,0,L,19,7,4,4,12,9,10,5,2,1,0,0,-1,0
EPL_2122_LIVERPOOL_WESTHAMUNITED,2021-22,TRAIN,2022-03-05,Liverpool,West Ham United,1,0,HOME_WIN,1,W,22,13,5,5,7,7,4,6,2,1,0,0,1,3
EPL_2122_LIVERPOOL_WESTHAMUNITED,2021-22,TRAIN,2022-03-05,West Ham United,Liverpool,0,1,HOME_WIN,0,L,13,22,5,5,7,7,6,4,1,2,0,0,-1,0
EPL_2122_NEWCASTLEUNITED_BRIGHTONHOVEALBION,2021-22,TRAIN,2022-03-05,Newcastle United,Brighton & Hove Albion,2,1,HOME_WIN,1,W,10,15,4,4,8,10,4,7,1,1,0,0,1,3
EPL_2122_NEWCASTLEUNITED_BRIGHTONHOVEALBION,2021-22,TRAIN,2022-03-05,Brighton & Hove Albion,Newcastle United,1,2,HOME_WIN,0,L,15,10,4,4,10,8,7,4,1,1,0,0,-1,0
EPL_2122_NORWICH_BRENTFORD,2021-22,TRAIN,2022-03-05,Norwich,Brentford,1,3,AWAY_WIN,1,L,15,10,7,6,13,18,5,5,2,5,0,0,-2,0
EPL_2122_NORWICH_BRENTFORD,2021-22,TRAIN,2022-03-05,Brentford,Norwich,3,1,AWAY_WIN,0,W,10,15,6,7,18,13,5,5,5,2,0,0,2,3
EPL_2122_WOLVERHAMPTONWANDERERS_CRYSTALPALACE,2021-22,TRAIN,2022-03-05,Wolverhampton Wanderers,Crystal Palace,0,2,AWAY_WIN,1,L,12,12,5,8,13,8,7,7,0,3,0,0,-2,0
EPL_2122_WOLVERHAMPTONWANDERERS_CRYSTALPALACE,2021-22,TRAIN,2022-03-05,Crystal Palace,Wolverhampton Wanderers,2,0,AWAY_WIN,0,W,12,12,8,5,8,13,7,7,3,0,0,0,2,3
EPL_2122_MANCHESTERCITY_MANCHESTERUNITED,2021-22,TRAIN,2022-03-06,Manchester City,Manchester United,4,1,HOME_WIN,1,W,24,5,10,2,10,14,9,3,0,1,0,0,3,3
EPL_2122_MANCHESTERCITY_MANCHESTERUNITED,2021-22,TRAIN,2022-03-06,Manchester United,Manchester City,1,4,HOME_WIN,0,L,5,24,2,10,14,10,3,9,1,0,0,0,-3,0
EPL_2122_WATFORD_ARSENAL,2021-22,TRAIN,2022-03-06,Watford,Arsenal,2,3,AWAY_WIN,1,L,13,16,7,4,5,11,1,5,1,2,0,0,-1,0
EPL_2122_WATFORD_ARSENAL,2021-22,TRAIN,2022-03-06,Arsenal,Watford,3,2,AWAY_WIN,0,W,16,13,4,7,11,5,5,1,2,1,0,0,1,3
EPL_2122_TOTTENHAMHOTSPUR_EVERTON,2021-22,TRAIN,2022-03-07,Tottenham Hotspur,Everton,5,0,HOME_WIN,1,W,14,6,7,0,15,10,5,2,2,0,0,0,5,3
EPL_2122_TOTTENHAMHOTSPUR_EVERTON,2021-22,TRAIN,2022-03-07,Everton,Tottenham Hotspur,0,5,HOME_WIN,0,L,6,14,0,7,10,15,2,5,0,2,0,0,-5,0
EPL_2122_LEEDSUNITED_ASTONVILLA,2021-22,TRAIN,2022-03-10,Leeds United,Aston Villa,0,3,AWAY_WIN,1,L,4,15,1,9,17,11,3,5,5,3,0,0,-3,0
EPL_2122_LEEDSUNITED_ASTONVILLA,2021-22,TRAIN,2022-03-10,Aston Villa,Leeds United,3,0,AWAY_WIN,0,W,15,4,9,1,11,17,5,3,3,5,0,0,3,3
EPL_2122_NORWICH_CHELSEA,2021-22,TRAIN,2022-03-10,Norwich,Chelsea,1,3,AWAY_WIN,1,L,9,15,3,7,8,15,3,8,0,2,0,0,-2,0
EPL_2122_NORWICH_CHELSEA,2021-22,TRAIN,2022-03-10,Chelsea,Norwich,3,1,AWAY_WIN,0,W,15,9,7,3,15,8,8,3,2,0,0,0,2,3
EPL_2122_SOUTHAMPTON_NEWCASTLEUNITED,2021-22,TRAIN,2022-03-10,Southampton,Newcastle United,1,2,AWAY_WIN,1,L,14,8,5,4,6,7,12,5,1,1,0,0,-1,0
EPL_2122_SOUTHAMPTON_NEWCASTLEUNITED,2021-22,TRAIN,2022-03-10,Newcastle United,Southampton,2,1,AWAY_WIN,0,W,8,14,4,5,7,6,5,12,1,1,0,0,1,3
EPL_2122_WOLVERHAMPTONWANDERERS_WATFORD,2021-22,TRAIN,2022-03-10,Wolverhampton Wanderers,Watford,4,0,HOME_WIN,1,W,10,9,5,0,11,10,5,2,2,2,0,0,4,3
EPL_2122_WOLVERHAMPTONWANDERERS_WATFORD,2021-22,TRAIN,2022-03-10,Watford,Wolverhampton Wanderers,0,4,HOME_WIN,0,L,9,10,0,5,10,11,2,5,2,2,0,0,-4,0
EPL_2122_BRENTFORD_BURNLEY,2021-22,TRAIN,2022-03-12,Brentford,Burnley,2,0,HOME_WIN,1,W,13,7,4,1,6,10,2,9,1,1,0,1,2,3
EPL_2122_BRENTFORD_BURNLEY,2021-22,TRAIN,2022-03-12,Burnley,Brentford,0,2,HOME_WIN,0,L,7,13,1,4,10,6,9,2,1,1,1,0,-2,0
EPL_2122_BRIGHTONHOVEALBION_LIVERPOOL,2021-22,TRAIN,2022-03-12,Brighton & Hove Albion,Liverpool,0,2,AWAY_WIN,1,L,8,18,3,9,12,15,7,6,3,1,0,0,-2,0
EPL_2122_BRIGHTONHOVEALBION_LIVERPOOL,2021-22,TRAIN,2022-03-12,Liverpool,Brighton & Hove Albion,2,0,AWAY_WIN,0,W,18,8,9,3,15,12,6,7,1,3,0,0,2,3
EPL_2122_MANCHESTERUNITED_TOTTENHAMHOTSPUR,2021-22,TRAIN,2022-03-12,Manchester United,Tottenham Hotspur,3,2,HOME_WIN,1,W,10,10,6,3,8,7,4,5,2,1,0,0,1,3
EPL_2122_MANCHESTERUNITED_TOTTENHAMHOTSPUR,2021-22,TRAIN,2022-03-12,Tottenham Hotspur,Manchester United,2,3,HOME_WIN,0,L,10,10,3,6,7,8,5,4,1,2,0,0,-1,0
EPL_2122_ARSENAL_LEICESTERCITY,2021-22,TRAIN,2022-03-13,Arsenal,Leicester City,2,0,HOME_WIN,1,W,21,6,8,3,8,10,2,6,0,3,0,0,2,3
EPL_2122_ARSENAL_LEICESTERCITY,2021-22,TRAIN,2022-03-13,Leicester City,Arsenal,0,2,HOME_WIN,0,L,6,21,3,8,10,8,6,2,3,0,0,0,-2,0
EPL_2122_CHELSEA_NEWCASTLEUNITED,2021-22,TRAIN,2022-03-13,Chelsea,Newcastle United,1,0,HOME_WIN,1,W,8,7,3,2,17,16,7,2,4,3,0,0,1,3
EPL_2122_CHELSEA_NEWCASTLEUNITED,2021-22,TRAIN,2022-03-13,Newcastle United,Chelsea,0,1,HOME_WIN,0,L,7,8,2,3,16,17,2,7,3,4,0,0,-1,0
EPL_2122_EVERTON_WOLVERHAMPTONWANDERERS,2021-22,TRAIN,2022-03-13,Everton,Wolverhampton Wanderers,0,1,AWAY_WIN,1,L,8,14,2,3,13,11,5,2,2,1,1,0,-1,0
EPL_2122_EVERTON_WOLVERHAMPTONWANDERERS,2021-22,TRAIN,2022-03-13,Wolverhampton Wanderers,Everton,1,0,AWAY_WIN,0,W,14,8,3,2,11,13,2,5,1,2,0,1,1,3
EPL_2122_LEEDSUNITED_NORWICH,2021-22,TRAIN,2022-03-13,Leeds United,Norwich,2,1,HOME_WIN,1,W,13,12,7,4,18,8,6,2,3,1,0,0,1,3
EPL_2122_LEEDSUNITED_NORWICH,2021-22,TRAIN,2022-03-13,Norwich,Leeds United,1,2,HOME_WIN,0,L,12,13,4,7,8,18,2,6,1,3,0,0,-1,0
EPL_2122_SOUTHAMPTON_WATFORD,2021-22,TRAIN,2022-03-13,Southampton,Watford,1,2,AWAY_WIN,1,L,13,9,7,5,8,12,11,3,3,2,0,0,-1,0
EPL_2122_SOUTHAMPTON_WATFORD,2021-22,TRAIN,2022-03-13,Watford,Southampton,2,1,AWAY_WIN,0,W,9,13,5,7,12,8,3,11,2,3,0,0,1,3
EPL_2122_WESTHAMUNITED_ASTONVILLA,2021-22,TRAIN,2022-03-13,West Ham United,Aston Villa,2,1,HOME_WIN,1,W,11,13,4,7,9,3,5,7,1,0,0,0,1,3
EPL_2122_WESTHAMUNITED_ASTONVILLA,2021-22,TRAIN,2022-03-13,Aston Villa,West Ham United,1,2,HOME_WIN,0,L,13,11,7,4,3,9,7,5,0,1,0,0,-1,0
EPL_2122_CRYSTALPALACE_MANCHESTERCITY,2021-22,TRAIN,2022-03-14,Crystal Palace,Manchester City,0,0,DRAW,1,D,7,18,1,4,6,11,2,6,3,1,0,0,0,1
EPL_2122_CRYSTALPALACE_MANCHESTERCITY,2021-22,TRAIN,2022-03-14,Manchester City,Crystal Palace,0,0,DRAW,0,D,18,7,4,1,11,6,6,2,1,3,0,0,0,1
EPL_2122_ARSENAL_LIVERPOOL,2021-22,TRAIN,2022-03-16,Arsenal,Liverpool,0,2,AWAY_WIN,1,L,9,9,2,3,9,9,1,6,0,1,0,0,-2,0
EPL_2122_ARSENAL_LIVERPOOL,2021-22,TRAIN,2022-03-16,Liverpool,Arsenal,2,0,AWAY_WIN,0,W,9,9,3,2,9,9,6,1,1,0,0,0,2,3
EPL_2122_BRIGHTONHOVEALBION_TOTTENHAMHOTSPUR,2021-22,TRAIN,2022-03-16,Brighton & Hove Albion,Tottenham Hotspur,0,2,AWAY_WIN,1,L,15,17,0,7,11,9,6,3,2,2,0,0,-2,0
EPL_2122_BRIGHTONHOVEALBION_TOTTENHAMHOTSPUR,2021-22,TRAIN,2022-03-16,Tottenham Hotspur,Brighton & Hove Albion,2,0,AWAY_WIN,0,W,17,15,7,0,9,11,3,6,2,2,0,0,2,3
EPL_2122_EVERTON_NEWCASTLEUNITED,2021-22,TRAIN,2022-03-17,Everton,Newcastle United,1,0,HOME_WIN,1,W,9,17,3,6,13,11,5,7,2,1,1,0,1,3
EPL_2122_EVERTON_NEWCASTLEUNITED,2021-22,TRAIN,2022-03-17,Newcastle United,Everton,0,1,HOME_WIN,0,L,17,9,6,3,11,13,7,5,1,2,0,1,-1,0
EPL_2122_WOLVERHAMPTONWANDERERS_LEEDSUNITED,2021-22,TRAIN,2022-03-18,Wolverhampton Wanderers,Leeds United,2,3,AWAY_WIN,1,L,14,15,8,6,13,14,2,5,1,4,1,0,-1,0
EPL_2122_WOLVERHAMPTONWANDERERS_LEEDSUNITED,2021-22,TRAIN,2022-03-18,Leeds United,Wolverhampton Wanderers,3,2,AWAY_WIN,0,W,15,14,6,8,14,13,5,2,4,1,0,1,1,3
EPL_2122_ASTONVILLA_ARSENAL,2021-22,TRAIN,2022-03-19,Aston Villa,Arsenal,0,1,AWAY_WIN,1,L,8,10,1,3,13,14,6,5,3,3,0,0,-1,0
EPL_2122_ASTONVILLA_ARSENAL,2021-22,TRAIN,2022-03-19,Arsenal,Aston Villa,1,0,AWAY_WIN,0,W,10,8,3,1,14,13,5,6,3,3,0,0,1,3
EPL_2122_LEICESTERCITY_BRENTFORD,2021-22,TRAIN,2022-03-20,Leicester City,Brentford,2,1,HOME_WIN,1,W,12,15,4,6,10,10,2,5,1,2,0,0,1,3
EPL_2122_LEICESTERCITY_BRENTFORD,2021-22,TRAIN,2022-03-20,Brentford,Leicester City,1,2,HOME_WIN,0,L,15,12,6,4,10,10,5,2,2,1,0,0,-1,0
EPL_2122_TOTTENHAMHOTSPUR_WESTHAMUNITED,2021-22,TRAIN,2022-03-20,Tottenham Hotspur,West Ham United,3,1,HOME_WIN,1,W,17,6,4,1,7,7,5,3,0,1,0,0,2,3
EPL_2122_TOTTENHAMHOTSPUR_WESTHAMUNITED,2021-22,TRAIN,2022-03-20,West Ham United,Tottenham Hotspur,1,3,HOME_WIN,0,L,6,17,1,4,7,7,3,5,1,0,0,0,-2,0
EPL_2122_BRIGHTONHOVEALBION_NORWICH,2021-22,TRAIN,2022-04-02,Brighton & Hove Albion,Norwich,0,0,DRAW,1,D,31,6,4,0,12,11,11,2,1,1,0,0,0,1
EPL_2122_BRIGHTONHOVEALBION_NORWICH,2021-22,TRAIN,2022-04-02,Norwich,Brighton & Hove Albion,0,0,DRAW,0,D,6,31,0,4,11,12,2,11,1,1,0,0,0,1
EPL_2122_BURNLEY_MANCHESTERCITY,2021-22,TRAIN,2022-04-02,Burnley,Manchester City,0,2,AWAY_WIN,1,L,3,18,1,6,11,6,1,8,1,0,0,0,-2,0
EPL_2122_BURNLEY_MANCHESTERCITY,2021-22,TRAIN,2022-04-02,Manchester City,Burnley,2,0,AWAY_WIN,0,W,18,3,6,1,6,11,8,1,0,1,0,0,2,3
EPL_2122_CHELSEA_BRENTFORD,2021-22,TRAIN,2022-04-02,Chelsea,Brentford,1,4,AWAY_WIN,1,L,21,17,8,6,11,7,12,7,0,0,0,0,-3,0
EPL_2122_CHELSEA_BRENTFORD,2021-22,TRAIN,2022-04-02,Brentford,Chelsea,4,1,AWAY_WIN,0,W,17,21,6,8,7,11,7,12,0,0,0,0,3,3
EPL_2122_LEEDSUNITED_SOUTHAMPTON,2021-22,TRAIN,2022-04-02,Leeds United,Southampton,1,1,DRAW,1,D,12,14,3,6,14,7,4,7,1,1,0,0,0,1
EPL_2122_LEEDSUNITED_SOUTHAMPTON,2021-22,TRAIN,2022-04-02,Southampton,Leeds United,1,1,DRAW,0,D,14,12,6,3,7,14,7,4,1,1,0,0,0,1
EPL_2122_LIVERPOOL_WATFORD,2021-22,TRAIN,2022-04-02,Liverpool,Watford,2,0,HOME_WIN,1,W,20,5,3,2,9,8,9,3,1,1,0,0,2,3
EPL_2122_LIVERPOOL_WATFORD,2021-22,TRAIN,2022-04-02,Watford,Liverpool,0,2,HOME_WIN,0,L,5,20,2,3,8,9,3,9,1,1,0,0,-2,0
EPL_2122_MANCHESTERUNITED_LEICESTERCITY,2021-22,TRAIN,2022-04-02,Manchester United,Leicester City,1,1,DRAW,1,D,11,11,5,3,13,6,6,5,2,2,0,0,0,1
EPL_2122_MANCHESTERUNITED_LEICESTERCITY,2021-22,TRAIN,2022-04-02,Leicester City,Manchester United,1,1,DRAW,0,D,11,11,3,5,6,13,5,6,2,2,0,0,0,1
EPL_2122_WOLVERHAMPTONWANDERERS_ASTONVILLA,2021-22,TRAIN,2022-04-02,Wolverhampton Wanderers,Aston Villa,2,1,HOME_WIN,1,W,11,15,5,5,15,8,4,9,4,3,0,0,1,3
EPL_2122_WOLVERHAMPTONWANDERERS_ASTONVILLA,2021-22,TRAIN,2022-04-02,Aston Villa,Wolverhampton Wanderers,1,2,HOME_WIN,0,L,15,11,5,5,8,15,9,4,3,4,0,0,-1,0
EPL_2122_TOTTENHAMHOTSPUR_NEWCASTLEUNITED,2021-22,TRAIN,2022-04-03,Tottenham Hotspur,Newcastle United,5,1,HOME_WIN,1,W,19,8,6,1,10,7,2,3,2,3,0,0,4,3
EPL_2122_TOTTENHAMHOTSPUR_NEWCASTLEUNITED,2021-22,TRAIN,2022-04-03,Newcastle United,Tottenham Hotspur,1,5,HOME_WIN,0,L,8,19,1,6,7,10,3,2,3,2,0,0,-4,0
EPL_2122_WESTHAMUNITED_EVERTON,2021-22,TRAIN,2022-04-03,West Ham United,Everton,2,1,HOME_WIN,1,W,11,13,5,2,9,12,2,4,1,1,0,1,1,3
EPL_2122_WESTHAMUNITED_EVERTON,2021-22,TRAIN,2022-04-03,Everton,West Ham United,1,2,HOME_WIN,0,L,13,11,2,5,12,9,4,2,1,1,1,0,-1,0
EPL_2122_CRYSTALPALACE_ARSENAL,2021-22,TRAIN,2022-04-04,Crystal Palace,Arsenal,3,0,HOME_WIN,1,W,6,12,5,3,11,15,0,2,0,2,0,0,3,3
EPL_2122_CRYSTALPALACE_ARSENAL,2021-22,TRAIN,2022-04-04,Arsenal,Crystal Palace,0,3,HOME_WIN,0,L,12,6,3,5,15,11,2,0,2,0,0,0,-3,0
EPL_2122_BURNLEY_EVERTON,2021-22,TRAIN,2022-04-06,Burnley,Everton,3,2,HOME_WIN,1,W,13,16,4,4,11,16,9,6,2,2,0,0,1,3
EPL_2122_BURNLEY_EVERTON,2021-22,TRAIN,2022-04-06,Everton,Burnley,2,3,HOME_WIN,0,L,16,13,4,4,16,11,6,9,2,2,0,0,-1,0
EPL_2122_NEWCASTLEUNITED_WOLVERHAMPTONWANDERERS,2021-22,TRAIN,2022-04-08,Newcastle United,Wolverhampton Wanderers,1,0,HOME_WIN,1,W,12,5,4,2,6,13,1,2,1,1,0,0,1,3
EPL_2122_NEWCASTLEUNITED_WOLVERHAMPTONWANDERERS,2021-22,TRAIN,2022-04-08,Wolverhampton Wanderers,Newcastle United,0,1,HOME_WIN,0,L,5,12,2,4,13,6,2,1,1,1,0,0,-1,0
EPL_2122_ARSENAL_BRIGHTONHOVEALBION,2021-22,TRAIN,2022-04-09,Arsenal,Brighton & Hove Albion,1,2,AWAY_WIN,1,L,20,8,4,3,12,19,11,2,3,4,0,0,-1,0
EPL_2122_ARSENAL_BRIGHTONHOVEALBION,2021-22,TRAIN,2022-04-09,Brighton & Hove Albion,Arsenal,2,1,AWAY_WIN,0,W,8,20,3,4,19,12,2,11,4,3,0,0,1,3
EPL_2122_ASTONVILLA_TOTTENHAMHOTSPUR,2021-22,TRAIN,2022-04-09,Aston Villa,Tottenham Hotspur,0,4,AWAY_WIN,1,L,9,11,8,5,12,14,9,3,2,3,0,0,-4,0
EPL_2122_ASTONVILLA_TOTTENHAMHOTSPUR,2021-22,TRAIN,2022-04-09,Tottenham Hotspur,Aston Villa,4,0,AWAY_WIN,0,W,11,9,5,8,14,12,3,9,3,2,0,0,4,3
EPL_2122_EVERTON_MANCHESTERUNITED,2021-22,TRAIN,2022-04-09,Everton,Manchester United,1,0,HOME_WIN,1,W,7,12,3,4,4,10,5,7,2,2,0,0,1,3
EPL_2122_EVERTON_MANCHESTERUNITED,2021-22,TRAIN,2022-04-09,Manchester United,Everton,0,1,HOME_WIN,0,L,12,7,4,3,10,4,7,5,2,2,0,0,-1,0
EPL_2122_SOUTHAMPTON_CHELSEA,2021-22,TRAIN,2022-04-09,Southampton,Chelsea,0,6,AWAY_WIN,1,L,4,24,1,14,11,10,3,3,1,0,0,0,-6,0
EPL_2122_SOUTHAMPTON_CHELSEA,2021-22,TRAIN,2022-04-09,Chelsea,Southampton,6,0,AWAY_WIN,0,W,24,4,14,1,10,11,3,3,0,1,0,0,6,3
EPL_2122_WATFORD_LEEDSUNITED,2021-22,TRAIN,2022-04-09,Watford,Leeds United,0,3,AWAY_WIN,1,L,8,10,1,5,8,12,3,8,2,0,0,0,-3,0
EPL_2122_WATFORD_LEEDSUNITED,2021-22,TRAIN,2022-04-09,Leeds United,Watford,3,0,AWAY_WIN,0,W,10,8,5,1,12,8,8,3,0,2,0,0,3,3
EPL_2122_BRENTFORD_WESTHAMUNITED,2021-22,TRAIN,2022-04-10,Brentford,West Ham United,2,0,HOME_WIN,1,W,15,5,7,1,2,6,4,6,0,1,0,0,2,3
EPL_2122_BRENTFORD_WESTHAMUNITED,2021-22,TRAIN,2022-04-10,West Ham United,Brentford,0,2,HOME_WIN,0,L,5,15,1,7,6,2,6,4,1,0,0,0,-2,0
EPL_2122_LEICESTERCITY_CRYSTALPALACE,2021-22,TRAIN,2022-04-10,Leicester City,Crystal Palace,2,1,HOME_WIN,1,W,12,11,3,3,11,12,3,4,1,1,0,0,1,3
EPL_2122_LEICESTERCITY_CRYSTALPALACE,2021-22,TRAIN,2022-04-10,Crystal Palace,Leicester City,1,2,HOME_WIN,0,L,11,12,3,3,12,11,4,3,1,1,0,0,-1,0
EPL_2122_MANCHESTERCITY_LIVERPOOL,2021-22,TRAIN,2022-04-10,Manchester City,Liverpool,2,2,DRAW,1,D,11,6,5,4,9,11,4,1,1,4,0,0,0,1
EPL_2122_MANCHESTERCITY_LIVERPOOL,2021-22,TRAIN,2022-04-10,Liverpool,Manchester City,2,2,DRAW,0,D,6,11,4,5,11,9,1,4,4,1,0,0,0,1
EPL_2122_NORWICH_BURNLEY,2021-22,TRAIN,2022-04-10,Norwich,Burnley,2,0,HOME_WIN,1,W,17,18,6,4,12,10,6,7,1,1,0,0,2,3
EPL_2122_NORWICH_BURNLEY,2021-22,TRAIN,2022-04-10,Burnley,Norwich,0,2,HOME_WIN,0,L,18,17,4,6,10,12,7,6,1,1,0,0,-2,0
EPL_2122_MANCHESTERUNITED_NORWICH,2021-22,TRAIN,2022-04-16,Manchester United,Norwich,3,2,HOME_WIN,1,W,20,15,9,4,7,6,6,7,0,0,0,0,1,3
EPL_2122_MANCHESTERUNITED_NORWICH,2021-22,TRAIN,2022-04-16,Norwich,Manchester United,2,3,HOME_WIN,0,L,15,20,4,9,6,7,7,6,0,0,0,0,-1,0
EPL_2122_SOUTHAMPTON_ARSENAL,2021-22,TRAIN,2022-04-16,Southampton,Arsenal,1,0,HOME_WIN,1,W,9,23,3,6,6,6,6,8,2,1,0,0,1,3
EPL_2122_SOUTHAMPTON_ARSENAL,2021-22,TRAIN,2022-04-16,Arsenal,Southampton,0,1,HOME_WIN,0,L,23,9,6,3,6,6,8,6,1,2,0,0,-1,0
EPL_2122_TOTTENHAMHOTSPUR_BRIGHTONHOVEALBION,2021-22,TRAIN,2022-04-16,Tottenham Hotspur,Brighton & Hove Albion,0,1,AWAY_WIN,1,L,5,12,0,5,14,10,4,4,3,3,0,0,-1,0
EPL_2122_TOTTENHAMHOTSPUR_BRIGHTONHOVEALBION,2021-22,TRAIN,2022-04-16,Brighton & Hove Albion,Tottenham Hotspur,1,0,AWAY_WIN,0,W,12,5,5,0,10,14,4,4,3,3,0,0,1,3
EPL_2122_WATFORD_BRENTFORD,2021-22,TRAIN,2022-04-16,Watford,Brentford,1,2,AWAY_WIN,1,L,17,16,4,5,11,9,6,5,2,1,0,0,-1,0
EPL_2122_WATFORD_BRENTFORD,2021-22,TRAIN,2022-04-16,Brentford,Watford,2,1,AWAY_WIN,0,W,16,17,5,4,9,11,5,6,1,2,0,0,1,3
EPL_2122_NEWCASTLEUNITED_LEICESTERCITY,2021-22,TRAIN,2022-04-17,Newcastle United,Leicester City,2,1,HOME_WIN,1,W,16,8,7,2,10,10,3,5,2,2,0,0,1,3
EPL_2122_NEWCASTLEUNITED_LEICESTERCITY,2021-22,TRAIN,2022-04-17,Leicester City,Newcastle United,1,2,HOME_WIN,0,L,8,16,2,7,10,10,5,3,2,2,0,0,-1,0
EPL_2122_WESTHAMUNITED_BURNLEY,2021-22,TRAIN,2022-04-17,West Ham United,Burnley,1,1,DRAW,1,D,21,9,8,1,9,10,13,4,2,2,0,0,0,1
EPL_2122_WESTHAMUNITED_BURNLEY,2021-22,TRAIN,2022-04-17,Burnley,West Ham United,1,1,DRAW,0,D,9,21,1,8,10,9,4,13,2,2,0,0,0,1
EPL_2122_LIVERPOOL_MANCHESTERUNITED,2021-22,TRAIN,2022-04-19,Liverpool,Manchester United,4,0,HOME_WIN,1,W,14,2,5,1,3,6,10,2,1,2,0,0,4,3
EPL_2122_LIVERPOOL_MANCHESTERUNITED,2021-22,TRAIN,2022-04-19,Manchester United,Liverpool,0,4,HOME_WIN,0,L,2,14,1,5,6,3,2,10,2,1,0,0,-4,0
EPL_2122_CHELSEA_ARSENAL,2021-22,TRAIN,2022-04-20,Chelsea,Arsenal,2,4,AWAY_WIN,1,L,11,14,2,4,7,6,6,1,3,1,0,0,-2,0
EPL_2122_CHELSEA_ARSENAL,2021-22,TRAIN,2022-04-20,Arsenal,Chelsea,4,2,AWAY_WIN,0,W,14,11,4,2,6,7,1,6,1,3,0,0,2,3
EPL_2122_EVERTON_LEICESTERCITY,2021-22,TRAIN,2022-04-20,Everton,Leicester City,1,1,DRAW,1,D,13,11,3,3,8,17,5,4,3,1,0,0,0,1
EPL_2122_EVERTON_LEICESTERCITY,2021-22,TRAIN,2022-04-20,Leicester City,Everton,1,1,DRAW,0,D,11,13,3,3,17,8,4,5,1,3,0,0,0,1
EPL_2122_MANCHESTERCITY_BRIGHTONHOVEALBION,2021-22,TRAIN,2022-04-20,Manchester City,Brighton & Hove Albion,3,0,HOME_WIN,1,W,17,2,5,1,12,7,7,4,0,3,0,0,3,3
EPL_2122_MANCHESTERCITY_BRIGHTONHOVEALBION,2021-22,TRAIN,2022-04-20,Brighton & Hove Albion,Manchester City,0,3,HOME_WIN,0,L,2,17,1,5,7,12,4,7,3,0,0,0,-3,0
EPL_2122_NEWCASTLEUNITED_CRYSTALPALACE,2021-22,TRAIN,2022-04-20,Newcastle United,Crystal Palace,1,0,HOME_WIN,1,W,13,10,4,2,12,12,2,5,1,1,0,0,1,3
EPL_2122_NEWCASTLEUNITED_CRYSTALPALACE,2021-22,TRAIN,2022-04-20,Crystal Palace,Newcastle United,0,1,HOME_WIN,0,L,10,13,2,4,12,12,5,2,1,1,0,0,-1,0
EPL_2122_BURNLEY_SOUTHAMPTON,2021-22,TRAIN,2022-04-21,Burnley,Southampton,2,0,HOME_WIN,1,W,16,11,6,3,7,7,10,10,2,2,0,0,2,3
EPL_2122_BURNLEY_SOUTHAMPTON,2021-22,TRAIN,2022-04-21,Southampton,Burnley,0,2,HOME_WIN,0,L,11,16,3,6,7,7,10,10,2,2,0,0,-2,0
EPL_2122_ARSENAL_MANCHESTERUNITED,2021-22,TRAIN,2022-04-23,Arsenal,Manchester United,3,1,HOME_WIN,1,W,14,14,7,5,9,12,1,7,3,4,0,0,2,3
EPL_2122_ARSENAL_MANCHESTERUNITED,2021-22,TRAIN,2022-04-23,Manchester United,Arsenal,1,3,HOME_WIN,0,L,14,14,5,7,12,9,7,1,4,3,0,0,-2,0
EPL_2122_BRENTFORD_TOTTENHAMHOTSPUR,2021-22,TRAIN,2022-04-23,Brentford,Tottenham Hotspur,0,0,DRAW,1,D,15,9,2,0,8,7,12,8,2,1,0,0,0,1
EPL_2122_BRENTFORD_TOTTENHAMHOTSPUR,2021-22,TRAIN,2022-04-23,Tottenham Hotspur,Brentford,0,0,DRAW,0,D,9,15,0,2,7,8,8,12,1,2,0,0,0,1
EPL_2122_LEICESTERCITY_ASTONVILLA,2021-22,TRAIN,2022-04-23,Leicester City,Aston Villa,0,0,DRAW,1,D,5,11,2,3,15,16,7,6,3,2,0,0,0,1
EPL_2122_LEICESTERCITY_ASTONVILLA,2021-22,TRAIN,2022-04-23,Aston Villa,Leicester City,0,0,DRAW,0,D,11,5,3,2,16,15,6,7,2,3,0,0,0,1
EPL_2122_MANCHESTERCITY_WATFORD,2021-22,TRAIN,2022-04-23,Manchester City,Watford,5,1,HOME_WIN,1,W,21,5,8,2,9,7,11,4,1,0,0,0,4,3
EPL_2122_MANCHESTERCITY_WATFORD,2021-22,TRAIN,2022-04-23,Watford,Manchester City,1,5,HOME_WIN,0,L,5,21,2,8,7,9,4,11,0,1,0,0,-4,0
EPL_2122_NORWICH_NEWCASTLEUNITED,2021-22,TRAIN,2022-04-23,Norwich,Newcastle United,0,3,AWAY_WIN,1,L,5,13,2,7,11,10,2,3,0,2,0,0,-3,0
EPL_2122_NORWICH_NEWCASTLEUNITED,2021-22,TRAIN,2022-04-23,Newcastle United,Norwich,3,0,AWAY_WIN,0,W,13,5,7,2,10,11,3,2,2,0,0,0,3,3
EPL_2122_BRIGHTONHOVEALBION_SOUTHAMPTON,2021-22,TRAIN,2022-04-24,Brighton & Hove Albion,Southampton,2,2,DRAW,1,D,8,18,5,5,12,7,6,6,1,0,0,0,0,1
EPL_2122_BRIGHTONHOVEALBION_SOUTHAMPTON,2021-22,TRAIN,2022-04-24,Southampton,Brighton & Hove Albion,2,2,DRAW,0,D,18,8,5,5,7,12,6,6,0,1,0,0,0,1
EPL_2122_BURNLEY_WOLVERHAMPTONWANDERERS,2021-22,TRAIN,2022-04-24,Burnley,Wolverhampton Wanderers,1,0,HOME_WIN,1,W,14,10,5,4,8,7,3,6,3,1,0,0,1,3
EPL_2122_BURNLEY_WOLVERHAMPTONWANDERERS,2021-22,TRAIN,2022-04-24,Wolverhampton Wanderers,Burnley,0,1,HOME_WIN,0,L,10,14,4,5,7,8,6,3,1,3,0,0,-1,0
EPL_2122_CHELSEA_WESTHAMUNITED,2021-22,TRAIN,2022-04-24,Chelsea,West Ham United,1,0,HOME_WIN,1,W,26,6,5,2,11,9,3,1,1,0,0,1,1,3
EPL_2122_CHELSEA_WESTHAMUNITED,2021-22,TRAIN,2022-04-24,West Ham United,Chelsea,0,1,HOME_WIN,0,L,6,26,2,5,9,11,1,3,0,1,1,0,-1,0
EPL_2122_LIVERPOOL_EVERTON,2021-22,TRAIN,2022-04-24,Liverpool,Everton,2,0,HOME_WIN,1,W,18,9,4,1,8,8,13,1,2,5,0,0,2,3
EPL_2122_LIVERPOOL_EVERTON,2021-22,TRAIN,2022-04-24,Everton,Liverpool,0,2,HOME_WIN,0,L,9,18,1,4,8,8,1,13,5,2,0,0,-2,0
EPL_2122_CRYSTALPALACE_LEEDSUNITED,2021-22,TRAIN,2022-04-25,Crystal Palace,Leeds United,0,0,DRAW,1,D,17,9,7,2,12,13,6,3,2,2,0,0,0,1
EPL_2122_CRYSTALPALACE_LEEDSUNITED,2021-22,TRAIN,2022-04-25,Leeds United,Crystal Palace,0,0,DRAW,0,D,9,17,2,7,13,12,3,6,2,2,0,0,0,1
EPL_2122_MANCHESTERUNITED_CHELSEA,2021-22,TRAIN,2022-04-28,Manchester United,Chelsea,1,1,DRAW,1,D,6,21,3,6,9,12,2,9,0,1,0,0,0,1
EPL_2122_MANCHESTERUNITED_CHELSEA,2021-22,TRAIN,2022-04-28,Chelsea,Manchester United,1,1,DRAW,0,D,21,6,6,3,12,9,9,2,1,0,0,0,0,1
EPL_2122_ASTONVILLA_NORWICH,2021-22,TRAIN,2022-04-30,Aston Villa,Norwich,2,0,HOME_WIN,1,W,21,9,6,3,16,8,2,3,4,1,0,0,2,3
EPL_2122_ASTONVILLA_NORWICH,2021-22,TRAIN,2022-04-30,Norwich,Aston Villa,0,2,HOME_WIN,0,L,9,21,3,6,8,16,3,2,1,4,0,0,-2,0
EPL_2122_LEEDSUNITED_MANCHESTERCITY,2021-22,TRAIN,2022-04-30,Leeds United,Manchester City,0,4,AWAY_WIN,1,L,7,19,2,6,13,3,3,6,1,2,0,0,-4,0
EPL_2122_LEEDSUNITED_MANCHESTERCITY,2021-22,TRAIN,2022-04-30,Manchester City,Leeds United,4,0,AWAY_WIN,0,W,19,7,6,2,3,13,6,3,2,1,0,0,4,3
EPL_2122_NEWCASTLEUNITED_LIVERPOOL,2021-22,TRAIN,2022-04-30,Newcastle United,Liverpool,0,1,AWAY_WIN,1,L,4,24,2,10,11,11,0,6,1,3,0,0,-1,0
EPL_2122_NEWCASTLEUNITED_LIVERPOOL,2021-22,TRAIN,2022-04-30,Liverpool,Newcastle United,1,0,AWAY_WIN,0,W,24,4,10,2,11,11,6,0,3,1,0,0,1,3
EPL_2122_SOUTHAMPTON_CRYSTALPALACE,2021-22,TRAIN,2022-04-30,Southampton,Crystal Palace,1,2,AWAY_WIN,1,L,8,14,3,5,13,11,6,7,1,3,0,0,-1,0
EPL_2122_SOUTHAMPTON_CRYSTALPALACE,2021-22,TRAIN,2022-04-30,Crystal Palace,Southampton,2,1,AWAY_WIN,0,W,14,8,5,3,11,13,7,6,3,1,0,0,1,3
EPL_2122_WATFORD_BURNLEY,2021-22,TRAIN,2022-04-30,Watford,Burnley,1,2,AWAY_WIN,1,L,13,17,1,6,13,9,5,6,1,2,0,0,-1,0
EPL_2122_WATFORD_BURNLEY,2021-22,TRAIN,2022-04-30,Burnley,Watford,2,1,AWAY_WIN,0,W,17,13,6,1,9,13,6,5,2,1,0,0,1,3
EPL_2122_WOLVERHAMPTONWANDERERS_BRIGHTONHOVEALBION,2021-22,TRAIN,2022-04-30,Wolverhampton Wanderers,Brighton & Hove Albion,0,3,AWAY_WIN,1,L,11,17,1,9,6,4,7,3,2,1,0,0,-3,0
EPL_2122_WOLVERHAMPTONWANDERERS_BRIGHTONHOVEALBION,2021-22,TRAIN,2022-04-30,Brighton & Hove Albion,Wolverhampton Wanderers,3,0,AWAY_WIN,0,W,17,11,9,1,4,6,3,7,1,2,0,0,3,3
EPL_2122_EVERTON_CHELSEA,2021-22,TRAIN,2022-05-01,Everton,Chelsea,1,0,HOME_WIN,1,W,9,17,4,5,9,12,3,8,3,5,0,0,1,3
EPL_2122_EVERTON_CHELSEA,2021-22,TRAIN,2022-05-01,Chelsea,Everton,0,1,HOME_WIN,0,L,17,9,5,4,12,9,8,3,5,3,0,0,-1,0
EPL_2122_TOTTENHAMHOTSPUR_LEICESTERCITY,2021-22,TRAIN,2022-05-01,Tottenham Hotspur,Leicester City,3,1,HOME_WIN,1,W,13,6,7,2,13,8,7,3,2,3,0,0,2,3
EPL_2122_TOTTENHAMHOTSPUR_LEICESTERCITY,2021-22,TRAIN,2022-05-01,Leicester City,Tottenham Hotspur,1,3,HOME_WIN,0,L,6,13,2,7,8,13,3,7,3,2,0,0,-2,0
EPL_2122_WESTHAMUNITED_ARSENAL,2021-22,TRAIN,2022-05-01,West Ham United,Arsenal,1,2,AWAY_WIN,1,L,8,13,3,7,8,9,3,7,2,2,0,0,-1,0
EPL_2122_WESTHAMUNITED_ARSENAL,2021-22,TRAIN,2022-05-01,Arsenal,West Ham United,2,1,AWAY_WIN,0,W,13,8,7,3,9,8,7,3,2,2,0,0,1,3
EPL_2122_MANCHESTERUNITED_BRENTFORD,2021-22,TRAIN,2022-05-02,Manchester United,Brentford,3,0,HOME_WIN,1,W,9,12,5,4,4,6,3,8,1,0,0,0,3,3
EPL_2122_MANCHESTERUNITED_BRENTFORD,2021-22,TRAIN,2022-05-02,Brentford,Manchester United,0,3,HOME_WIN,0,L,12,9,4,5,6,4,8,3,0,1,0,0,-3,0
EPL_2122_BRENTFORD_SOUTHAMPTON,2021-22,TRAIN,2022-05-07,Brentford,Southampton,3,0,HOME_WIN,1,W,18,19,5,4,12,9,4,7,0,1,0,0,3,3
EPL_2122_BRENTFORD_SOUTHAMPTON,2021-22,TRAIN,2022-05-07,Southampton,Brentford,0,3,HOME_WIN,0,L,19,18,4,5,9,12,7,4,1,0,0,0,-3,0
EPL_2122_BRIGHTONHOVEALBION_MANCHESTERUNITED,2021-22,TRAIN,2022-05-07,Brighton & Hove Albion,Manchester United,4,0,HOME_WIN,1,W,17,15,6,5,13,9,7,6,0,2,0,0,4,3
EPL_2122_BRIGHTONHOVEALBION_MANCHESTERUNITED,2021-22,TRAIN,2022-05-07,Manchester United,Brighton & Hove Albion,0,4,HOME_WIN,0,L,15,17,5,6,9,13,6,7,2,0,0,0,-4,0
EPL_2122_BURNLEY_ASTONVILLA,2021-22,TRAIN,2022-05-07,Burnley,Aston Villa,1,3,AWAY_WIN,1,L,14,12,6,7,13,11,4,5,1,2,0,0,-2,0
EPL_2122_BURNLEY_ASTONVILLA,2021-22,TRAIN,2022-05-07,Aston Villa,Burnley,3,1,AWAY_WIN,0,W,12,14,7,6,11,13,5,4,2,1,0,0,2,3
EPL_2122_CHELSEA_WOLVERHAMPTONWANDERERS,2021-22,TRAIN,2022-05-07,Chelsea,Wolverhampton Wanderers,2,2,DRAW,1,D,19,14,6,4,7,11,9,3,1,3,0,0,0,1
EPL_2122_CHELSEA_WOLVERHAMPTONWANDERERS,2021-22,TRAIN,2022-05-07,Wolverhampton Wanderers,Chelsea,2,2,DRAW,0,D,14,19,4,6,11,7,3,9,3,1,0,0,0,1
EPL_2122_CRYSTALPALACE_WATFORD,2021-22,TRAIN,2022-05-07,Crystal Palace,Watford,1,0,HOME_WIN,1,W,15,6,7,1,11,18,8,5,2,1,0,1,1,3
EPL_2122_CRYSTALPALACE_WATFORD,2021-22,TRAIN,2022-05-07,Watford,Crystal Palace,0,1,HOME_WIN,0,L,6,15,1,7,18,11,5,8,1,2,1,0,-1,0
EPL_2122_LIVERPOOL_TOTTENHAMHOTSPUR,2021-22,TRAIN,2022-05-07,Liverpool,Tottenham Hotspur,1,1,DRAW,1,D,22,8,3,3,12,8,11,5,3,2,0,0,0,1
EPL_2122_LIVERPOOL_TOTTENHAMHOTSPUR,2021-22,TRAIN,2022-05-07,Tottenham Hotspur,Liverpool,1,1,DRAW,0,D,8,22,3,3,8,12,5,11,2,3,0,0,0,1
EPL_2122_ARSENAL_LEEDSUNITED,2021-22,TRAIN,2022-05-08,Arsenal,Leeds United,2,1,HOME_WIN,1,W,19,3,9,2,13,15,8,2,2,2,0,1,1,3
EPL_2122_ARSENAL_LEEDSUNITED,2021-22,TRAIN,2022-05-08,Leeds United,Arsenal,1,2,HOME_WIN,0,L,3,19,2,9,15,13,2,8,2,2,1,0,-1,0
EPL_2122_LEICESTERCITY_EVERTON,2021-22,TRAIN,2022-05-08,Leicester City,Everton,1,2,AWAY_WIN,1,L,16,10,9,4,11,6,6,1,3,0,0,0,-1,0
EPL_2122_LEICESTERCITY_EVERTON,2021-22,TRAIN,2022-05-08,Everton,Leicester City,2,1,AWAY_WIN,0,W,10,16,4,9,6,11,1,6,0,3,0,0,1,3
EPL_2122_MANCHESTERCITY_NEWCASTLEUNITED,2021-22,TRAIN,2022-05-08,Manchester City,Newcastle United,5,0,HOME_WIN,1,W,21,7,9,3,6,11,8,2,1,3,0,0,5,3
EPL_2122_MANCHESTERCITY_NEWCASTLEUNITED,2021-22,TRAIN,2022-05-08,Newcastle United,Manchester City,0,5,HOME_WIN,0,L,7,21,3,9,11,6,2,8,3,1,0,0,-5,0
EPL_2122_NORWICH_WESTHAMUNITED,2021-22,TRAIN,2022-05-08,Norwich,West Ham United,0,4,AWAY_WIN,1,L,8,13,2,5,7,7,9,5,1,1,0,0,-4,0
EPL_2122_NORWICH_WESTHAMUNITED,2021-22,TRAIN,2022-05-08,West Ham United,Norwich,4,0,AWAY_WIN,0,W,13,8,5,2,7,7,5,9,1,1,0,0,4,3
EPL_2122_ASTONVILLA_LIVERPOOL,2021-22,TRAIN,2022-05-10,Aston Villa,Liverpool,1,2,AWAY_WIN,1,L,9,17,4,6,10,12,2,3,0,0,0,0,-1,0
EPL_2122_ASTONVILLA_LIVERPOOL,2021-22,TRAIN,2022-05-10,Liverpool,Aston Villa,2,1,AWAY_WIN,0,W,17,9,6,4,12,10,3,2,0,0,0,0,1,3
EPL_2122_LEEDSUNITED_CHELSEA,2021-22,TRAIN,2022-05-11,Leeds United,Chelsea,0,3,AWAY_WIN,1,L,5,17,0,4,10,14,1,5,1,0,1,0,-3,0
EPL_2122_LEEDSUNITED_CHELSEA,2021-22,TRAIN,2022-05-11,Chelsea,Leeds United,3,0,AWAY_WIN,0,W,17,5,4,0,14,10,5,1,0,1,0,1,3,3
EPL_2122_LEICESTERCITY_NORWICH,2021-22,TRAIN,2022-05-11,Leicester City,Norwich,3,0,HOME_WIN,1,W,20,9,8,5,10,5,10,2,0,0,0,0,3,3
EPL_2122_LEICESTERCITY_NORWICH,2021-22,TRAIN,2022-05-11,Norwich,Leicester City,0,3,HOME_WIN,0,L,9,20,5,8,5,10,2,10,0,0,0,0,-3,0
EPL_2122_WATFORD_EVERTON,2021-22,TRAIN,2022-05-11,Watford,Everton,0,0,DRAW,1,D,6,16,0,5,5,12,1,13,1,2,0,0,0,1
EPL_2122_WATFORD_EVERTON,2021-22,TRAIN,2022-05-11,Everton,Watford,0,0,DRAW,0,D,16,6,5,0,12,5,13,1,2,1,0,0,0,1
EPL_2122_WOLVERHAMPTONWANDERERS_MANCHESTERCITY,2021-22,TRAIN,2022-05-11,Wolverhampton Wanderers,Manchester City,1,5,AWAY_WIN,1,L,7,16,3,5,2,10,6,2,0,1,0,0,-4,0
EPL_2122_WOLVERHAMPTONWANDERERS_MANCHESTERCITY,2021-22,TRAIN,2022-05-11,Manchester City,Wolverhampton Wanderers,5,1,AWAY_WIN,0,W,16,7,5,3,10,2,2,6,1,0,0,0,4,3
EPL_2122_TOTTENHAMHOTSPUR_ARSENAL,2021-22,TRAIN,2022-05-12,Tottenham Hotspur,Arsenal,3,0,HOME_WIN,1,W,16,8,6,4,8,15,2,2,1,3,0,1,3,3
EPL_2122_TOTTENHAMHOTSPUR_ARSENAL,2021-22,TRAIN,2022-05-12,Arsenal,Tottenham Hotspur,0,3,HOME_WIN,0,L,8,16,4,6,15,8,2,2,3,1,1,0,-3,0
EPL_2122_ASTONVILLA_CRYSTALPALACE,2021-22,TRAIN,2022-05-15,Aston Villa,Crystal Palace,1,1,DRAW,1,D,13,16,4,4,11,15,1,5,1,3,0,0,0,1
EPL_2122_ASTONVILLA_CRYSTALPALACE,2021-22,TRAIN,2022-05-15,Crystal Palace,Aston Villa,1,1,DRAW,0,D,16,13,4,4,15,11,5,1,3,1,0,0,0,1
EPL_2122_EVERTON_BRENTFORD,2021-22,TRAIN,2022-05-15,Everton,Brentford,2,3,AWAY_WIN,1,L,10,18,5,7,8,8,5,2,0,3,2,0,-1,0
EPL_2122_EVERTON_BRENTFORD,2021-22,TRAIN,2022-05-15,Brentford,Everton,3,2,AWAY_WIN,0,W,18,10,7,5,8,8,2,5,3,0,0,2,1,3
EPL_2122_LEEDSUNITED_BRIGHTONHOVEALBION,2021-22,TRAIN,2022-05-15,Leeds United,Brighton & Hove Albion,1,1,DRAW,1,D,19,16,5,6,16,8,8,1,3,2,0,0,0,1
EPL_2122_LEEDSUNITED_BRIGHTONHOVEALBION,2021-22,TRAIN,2022-05-15,Brighton & Hove Albion,Leeds United,1,1,DRAW,0,D,16,19,6,5,8,16,1,8,2,3,0,0,0,1
EPL_2122_TOTTENHAMHOTSPUR_BURNLEY,2021-22,TRAIN,2022-05-15,Tottenham Hotspur,Burnley,1,0,HOME_WIN,1,W,21,8,8,1,12,8,8,2,3,2,0,0,1,3
EPL_2122_TOTTENHAMHOTSPUR_BURNLEY,2021-22,TRAIN,2022-05-15,Burnley,Tottenham Hotspur,0,1,HOME_WIN,0,L,8,21,1,8,8,12,2,8,2,3,0,0,-1,0
EPL_2122_WATFORD_LEICESTERCITY,2021-22,TRAIN,2022-05-15,Watford,Leicester City,1,5,AWAY_WIN,1,L,13,13,5,7,4,6,7,3,0,1,0,0,-4,0
EPL_2122_WATFORD_LEICESTERCITY,2021-22,TRAIN,2022-05-15,Leicester City,Watford,5,1,AWAY_WIN,0,W,13,13,7,5,6,4,3,7,1,0,0,0,4,3
EPL_2122_WESTHAMUNITED_MANCHESTERCITY,2021-22,TRAIN,2022-05-15,West Ham United,Manchester City,2,2,DRAW,1,D,6,31,2,8,9,5,4,9,3,1,0,0,0,1
EPL_2122_WESTHAMUNITED_MANCHESTERCITY,2021-22,TRAIN,2022-05-15,Manchester City,West Ham United,2,2,DRAW,0,D,31,6,8,2,5,9,9,4,1,3,0,0,0,1
EPL_2122_WOLVERHAMPTONWANDERERS_NORWICH,2021-22,TRAIN,2022-05-15,Wolverhampton Wanderers,Norwich,1,1,DRAW,1,D,17,11,4,2,5,10,5,3,0,3,0,0,0,1
EPL_2122_WOLVERHAMPTONWANDERERS_NORWICH,2021-22,TRAIN,2022-05-15,Norwich,Wolverhampton Wanderers,1,1,DRAW,0,D,11,17,2,4,10,5,3,5,3,0,0,0,0,1
EPL_2122_NEWCASTLEUNITED_ARSENAL,2021-22,TRAIN,2022-05-16,Newcastle United,Arsenal,2,0,HOME_WIN,1,W,16,11,4,2,11,8,12,8,0,3,0,0,2,3
EPL_2122_NEWCASTLEUNITED_ARSENAL,2021-22,TRAIN,2022-05-16,Arsenal,Newcastle United,0,2,HOME_WIN,0,L,11,16,2,4,8,11,8,12,3,0,0,0,-2,0
EPL_2122_SOUTHAMPTON_LIVERPOOL,2021-22,TRAIN,2022-05-17,Southampton,Liverpool,1,2,AWAY_WIN,1,L,4,24,2,5,6,6,1,9,2,0,0,0,-1,0
EPL_2122_SOUTHAMPTON_LIVERPOOL,2021-22,TRAIN,2022-05-17,Liverpool,Southampton,2,1,AWAY_WIN,0,W,24,4,5,2,6,6,9,1,0,2,0,0,1,3
EPL_2122_ASTONVILLA_BURNLEY,2021-22,TRAIN,2022-05-19,Aston Villa,Burnley,1,1,DRAW,1,D,22,10,9,5,11,20,13,6,0,1,0,1,0,1
EPL_2122_ASTONVILLA_BURNLEY,2021-22,TRAIN,2022-05-19,Burnley,Aston Villa,1,1,DRAW,0,D,10,22,5,9,20,11,6,13,1,0,1,0,0,1
EPL_2122_CHELSEA_LEICESTERCITY,2021-22,TRAIN,2022-05-19,Chelsea,Leicester City,1,1,DRAW,1,D,20,2,7,1,13,7,6,0,4,1,0,0,0,1
EPL_2122_CHELSEA_LEICESTERCITY,2021-22,TRAIN,2022-05-19,Leicester City,Chelsea,1,1,DRAW,0,D,2,20,1,7,7,13,0,6,1,4,0,0,0,1
EPL_2122_EVERTON_CRYSTALPALACE,2021-22,TRAIN,2022-05-19,Everton,Crystal Palace,3,2,HOME_WIN,1,W,12,7,6,5,9,13,4,5,2,3,0,0,1,3
EPL_2122_EVERTON_CRYSTALPALACE,2021-22,TRAIN,2022-05-19,Crystal Palace,Everton,2,3,HOME_WIN,0,L,7,12,5,6,13,9,5,4,3,2,0,0,-1,0
EPL_2122_ARSENAL_EVERTON,2021-22,TRAIN,2022-05-22,Arsenal,Everton,5,1,HOME_WIN,1,W,26,6,9,2,8,9,12,2,0,1,0,0,4,3
EPL_2122_ARSENAL_EVERTON,2021-22,TRAIN,2022-05-22,Everton,Arsenal,1,5,HOME_WIN,0,L,6,26,2,9,9,8,2,12,1,0,0,0,-4,0
EPL_2122_BRENTFORD_LEEDSUNITED,2021-22,TRAIN,2022-05-22,Brentford,Leeds United,1,2,AWAY_WIN,1,L,14,14,5,6,11,13,3,2,2,1,1,0,-1,0
EPL_2122_BRENTFORD_LEEDSUNITED,2021-22,TRAIN,2022-05-22,Leeds United,Brentford,2,1,AWAY_WIN,0,W,14,14,6,5,13,11,2,3,1,2,0,1,1,3
EPL_2122_BRIGHTONHOVEALBION_WESTHAMUNITED,2021-22,TRAIN,2022-05-22,Brighton & Hove Albion,West Ham United,3,1,HOME_WIN,1,W,18,7,7,2,9,9,5,6,1,1,0,0,2,3
EPL_2122_BRIGHTONHOVEALBION_WESTHAMUNITED,2021-22,TRAIN,2022-05-22,West Ham United,Brighton & Hove Albion,1,3,HOME_WIN,0,L,7,18,2,7,9,9,6,5,1,1,0,0,-2,0
EPL_2122_BURNLEY_NEWCASTLEUNITED,2021-22,TRAIN,2022-05-22,Burnley,Newcastle United,1,2,AWAY_WIN,1,L,12,8,5,6,8,9,8,2,1,0,0,0,-1,0
EPL_2122_BURNLEY_NEWCASTLEUNITED,2021-22,TRAIN,2022-05-22,Newcastle United,Burnley,2,1,AWAY_WIN,0,W,8,12,6,5,9,8,2,8,0,1,0,0,1,3
EPL_2122_CHELSEA_WATFORD,2021-22,TRAIN,2022-05-22,Chelsea,Watford,2,1,HOME_WIN,1,W,19,8,8,3,9,9,3,3,0,0,0,0,1,3
EPL_2122_CHELSEA_WATFORD,2021-22,TRAIN,2022-05-22,Watford,Chelsea,1,2,HOME_WIN,0,L,8,19,3,8,9,9,3,3,0,0,0,0,-1,0
EPL_2122_CRYSTALPALACE_MANCHESTERUNITED,2021-22,TRAIN,2022-05-22,Crystal Palace,Manchester United,1,0,HOME_WIN,1,W,6,10,3,4,12,22,3,6,2,4,0,0,1,3
EPL_2122_CRYSTALPALACE_MANCHESTERUNITED,2021-22,TRAIN,2022-05-22,Manchester United,Crystal Palace,0,1,HOME_WIN,0,L,10,6,4,3,22,12,6,3,4,2,0,0,-1,0
EPL_2122_LEICESTERCITY_SOUTHAMPTON,2021-22,TRAIN,2022-05-22,Leicester City,Southampton,4,1,HOME_WIN,1,W,12,7,6,2,10,5,3,3,0,1,0,0,3,3
EPL_2122_LEICESTERCITY_SOUTHAMPTON,2021-22,TRAIN,2022-05-22,Southampton,Leicester City,1,4,HOME_WIN,0,L,7,12,2,6,5,10,3,3,1,0,0,0,-3,0
EPL_2122_LIVERPOOL_WOLVERHAMPTONWANDERERS,2021-22,TRAIN,2022-05-22,Liverpool,Wolverhampton Wanderers,3,1,HOME_WIN,1,W,29,7,8,5,6,3,5,3,1,0,0,0,2,3
EPL_2122_LIVERPOOL_WOLVERHAMPTONWANDERERS,2021-22,TRAIN,2022-05-22,Wolverhampton Wanderers,Liverpool,1,3,HOME_WIN,0,L,7,29,5,8,3,6,3,5,0,1,0,0,-2,0
EPL_2122_MANCHESTERCITY_ASTONVILLA,2021-22,TRAIN,2022-05-22,Manchester City,Aston Villa,3,2,HOME_WIN,1,W,24,4,5,2,5,11,13,1,0,1,0,0,1,3
EPL_2122_MANCHESTERCITY_ASTONVILLA,2021-22,TRAIN,2022-05-22,Aston Villa,Manchester City,2,3,HOME_WIN,0,L,4,24,2,5,11,5,1,13,1,0,0,0,-1,0
EPL_2122_NORWICH_TOTTENHAMHOTSPUR,2021-22,TRAIN,2022-05-22,Norwich,Tottenham Hotspur,0,5,AWAY_WIN,1,L,9,19,0,13,13,7,3,2,3,1,0,0,-5,0
EPL_2122_NORWICH_TOTTENHAMHOTSPUR,2021-22,TRAIN,2022-05-22,Tottenham Hotspur,Norwich,5,0,AWAY_WIN,0,W,19,9,13,0,7,13,2,3,1,3,0,0,5,3
EPL_2223_CRYSTALPALACE_ARSENAL,2022-23,TRAIN,2022-08-05,Crystal Palace,Arsenal,0,2,AWAY_WIN,1,L,10,10,2,2,16,11,3,5,1,2,0,0,-2,0
EPL_2223_CRYSTALPALACE_ARSENAL,2022-23,TRAIN,2022-08-05,Arsenal,Crystal Palace,2,0,AWAY_WIN,0,W,10,10,2,2,11,16,5,3,2,1,0,0,2,3
EPL_2223_BOURNEMOUTH_ASTONVILLA,2022-23,TRAIN,2022-08-06,Bournemouth,Aston Villa,2,0,HOME_WIN,1,W,7,15,3,2,18,16,5,5,3,3,0,0,2,3
EPL_2223_BOURNEMOUTH_ASTONVILLA,2022-23,TRAIN,2022-08-06,Aston Villa,Bournemouth,0,2,HOME_WIN,0,L,15,7,2,3,16,18,5,5,3,3,0,0,-2,0
EPL_2223_EVERTON_CHELSEA,2022-23,TRAIN,2022-08-06,Everton,Chelsea,0,1,AWAY_WIN,1,L,8,15,4,6,14,11,4,16,3,2,0,0,-1,0
EPL_2223_EVERTON_CHELSEA,2022-23,TRAIN,2022-08-06,Chelsea,Everton,1,0,AWAY_WIN,0,W,15,8,6,4,11,14,16,4,2,3,0,0,1,3
EPL_2223_FULHAM_LIVERPOOL,2022-23,TRAIN,2022-08-06,Fulham,Liverpool,2,2,DRAW,1,D,9,11,3,4,7,9,4,4,2,0,0,0,0,1
EPL_2223_FULHAM_LIVERPOOL,2022-23,TRAIN,2022-08-06,Liverpool,Fulham,2,2,DRAW,0,D,11,9,4,3,9,7,4,4,0,2,0,0,0,1
EPL_2223_LEEDSUNITED_WOLVERHAMPTONWANDERERS,2022-23,TRAIN,2022-08-06,Leeds United,Wolverhampton Wanderers,2,1,HOME_WIN,1,W,12,15,4,6,13,9,6,4,2,0,0,0,1,3
EPL_2223_LEEDSUNITED_WOLVERHAMPTONWANDERERS,2022-23,TRAIN,2022-08-06,Wolverhampton Wanderers,Leeds United,1,2,HOME_WIN,0,L,15,12,6,4,9,13,4,6,0,2,0,0,-1,0
EPL_2223_NEWCASTLEUNITED_NOTTINGHAMFOREST,2022-23,TRAIN,2022-08-06,Newcastle United,Nottingham Forest,2,0,HOME_WIN,1,W,23,5,10,0,9,14,11,1,0,3,0,0,2,3
EPL_2223_NEWCASTLEUNITED_NOTTINGHAMFOREST,2022-23,TRAIN,2022-08-06,Nottingham Forest,Newcastle United,0,2,HOME_WIN,0,L,5,23,0,10,14,9,1,11,3,0,0,0,-2,0
EPL_2223_TOTTENHAMHOTSPUR_SOUTHAMPTON,2022-23,TRAIN,2022-08-06,Tottenham Hotspur,Southampton,4,1,HOME_WIN,1,W,18,10,8,2,11,6,10,2,3,0,0,0,3,3
EPL_2223_TOTTENHAMHOTSPUR_SOUTHAMPTON,2022-23,TRAIN,2022-08-06,Southampton,Tottenham Hotspur,1,4,HOME_WIN,0,L,10,18,2,8,6,11,2,10,0,3,0,0,-3,0
EPL_2223_LEICESTERCITY_BRENTFORD,2022-23,TRAIN,2022-08-07,Leicester City,Brentford,2,2,DRAW,1,D,14,8,5,3,6,5,5,6,0,0,0,0,0,1
EPL_2223_LEICESTERCITY_BRENTFORD,2022-23,TRAIN,2022-08-07,Brentford,Leicester City,2,2,DRAW,0,D,8,14,3,5,5,6,6,5,0,0,0,0,0,1
EPL_2223_MANCHESTERUNITED_BRIGHTONHOVEALBION,2022-23,TRAIN,2022-08-07,Manchester United,Brighton & Hove Albion,1,2,AWAY_WIN,1,L,17,15,5,4,7,12,6,2,4,1,0,0,-1,0
EPL_2223_MANCHESTERUNITED_BRIGHTONHOVEALBION,2022-23,TRAIN,2022-08-07,Brighton & Hove Albion,Manchester United,2,1,AWAY_WIN,0,W,15,17,4,5,12,7,2,6,1,4,0,0,1,3
EPL_2223_WESTHAMUNITED_MANCHESTERCITY,2022-23,TRAIN,2022-08-07,West Ham United,Manchester City,0,2,AWAY_WIN,1,L,6,14,1,2,8,4,1,4,0,1,0,0,-2,0
EPL_2223_WESTHAMUNITED_MANCHESTERCITY,2022-23,TRAIN,2022-08-07,Manchester City,West Ham United,2,0,AWAY_WIN,0,W,14,6,2,1,4,8,4,1,1,0,0,0,2,3
EPL_2223_ARSENAL_LEICESTERCITY,2022-23,TRAIN,2022-08-13,Arsenal,Leicester City,4,2,HOME_WIN,1,W,19,6,7,2,15,9,6,2,1,1,0,0,2,3
EPL_2223_ARSENAL_LEICESTERCITY,2022-23,TRAIN,2022-08-13,Leicester City,Arsenal,2,4,HOME_WIN,0,L,6,19,2,7,9,15,2,6,1,1,0,0,-2,0
EPL_2223_ASTONVILLA_EVERTON,2022-23,TRAIN,2022-08-13,Aston Villa,Everton,2,1,HOME_WIN,1,W,12,15,4,4,9,7,5,8,4,1,0,0,1,3
EPL_2223_ASTONVILLA_EVERTON,2022-23,TRAIN,2022-08-13,Everton,Aston Villa,1,2,HOME_WIN,0,L,15,12,4,4,7,9,8,5,1,4,0,0,-1,0
EPL_2223_BRENTFORD_MANCHESTERUNITED,2022-23,TRAIN,2022-08-13,Brentford,Manchester United,4,0,HOME_WIN,1,W,13,15,7,4,6,15,8,2,0,4,0,0,4,3
EPL_2223_BRENTFORD_MANCHESTERUNITED,2022-23,TRAIN,2022-08-13,Manchester United,Brentford,0,4,HOME_WIN,0,L,15,13,4,7,15,6,2,8,4,0,0,0,-4,0
EPL_2223_BRIGHTONHOVEALBION_NEWCASTLEUNITED,2022-23,TRAIN,2022-08-13,Brighton & Hove Albion,Newcastle United,0,0,DRAW,1,D,13,4,7,1,8,6,7,3,2,3,0,0,0,1
EPL_2223_BRIGHTONHOVEALBION_NEWCASTLEUNITED,2022-23,TRAIN,2022-08-13,Newcastle United,Brighton & Hove Albion,0,0,DRAW,0,D,4,13,1,7,6,8,3,7,3,2,0,0,0,1
EPL_2223_MANCHESTERCITY_BOURNEMOUTH,2022-23,TRAIN,2022-08-13,Manchester City,Bournemouth,4,0,HOME_WIN,1,W,19,3,7,1,9,9,11,1,0,3,0,0,4,3
EPL_2223_MANCHESTERCITY_BOURNEMOUTH,2022-23,TRAIN,2022-08-13,Bournemouth,Manchester City,0,4,HOME_WIN,0,L,3,19,1,7,9,9,1,11,3,0,0,0,-4,0
EPL_2223_SOUTHAMPTON_LEEDSUNITED,2022-23,TRAIN,2022-08-13,Southampton,Leeds United,2,2,DRAW,1,D,14,13,4,5,10,12,2,5,1,3,0,0,0,1
EPL_2223_SOUTHAMPTON_LEEDSUNITED,2022-23,TRAIN,2022-08-13,Leeds United,Southampton,2,2,DRAW,0,D,13,14,5,4,12,10,5,2,3,1,0,0,0,1
EPL_2223_WOLVERHAMPTONWANDERERS_FULHAM,2022-23,TRAIN,2022-08-13,Wolverhampton Wanderers,Fulham,0,0,DRAW,1,D,7,9,1,3,7,14,5,3,3,3,0,0,0,1
EPL_2223_WOLVERHAMPTONWANDERERS_FULHAM,2022-23,TRAIN,2022-08-13,Fulham,Wolverhampton Wanderers,0,0,DRAW,0,D,9,7,3,1,14,7,3,5,3,3,0,0,0,1
EPL_2223_CHELSEA_TOTTENHAMHOTSPUR,2022-23,TRAIN,2022-08-14,Chelsea,Tottenham Hotspur,2,2,DRAW,1,D,16,10,3,5,9,9,8,5,3,0,0,0,0,1
EPL_2223_CHELSEA_TOTTENHAMHOTSPUR,2022-23,TRAIN,2022-08-14,Tottenham Hotspur,Chelsea,2,2,DRAW,0,D,10,16,5,3,9,9,5,8,0,3,0,0,0,1
EPL_2223_NOTTINGHAMFOREST_WESTHAMUNITED,2022-23,TRAIN,2022-08-14,Nottingham Forest,West Ham United,1,0,HOME_WIN,1,W,13,19,6,5,10,11,6,7,4,1,0,0,1,3
EPL_2223_NOTTINGHAMFOREST_WESTHAMUNITED,2022-23,TRAIN,2022-08-14,West Ham United,Nottingham Forest,0,1,HOME_WIN,0,L,19,13,5,6,11,10,7,6,1,4,0,0,-1,0
EPL_2223_LIVERPOOL_CRYSTALPALACE,2022-23,TRAIN,2022-08-15,Liverpool,Crystal Palace,1,1,DRAW,1,D,24,7,4,3,7,8,4,2,2,4,1,0,0,1
EPL_2223_LIVERPOOL_CRYSTALPALACE,2022-23,TRAIN,2022-08-15,Crystal Palace,Liverpool,1,1,DRAW,0,D,7,24,3,4,8,7,2,4,4,2,0,1,0,1
EPL_2223_BOURNEMOUTH_ARSENAL,2022-23,TRAIN,2022-08-20,Bournemouth,Arsenal,0,3,AWAY_WIN,1,L,6,14,1,6,12,10,3,4,2,1,0,0,-3,0
EPL_2223_BOURNEMOUTH_ARSENAL,2022-23,TRAIN,2022-08-20,Arsenal,Bournemouth,3,0,AWAY_WIN,0,W,14,6,6,1,10,12,4,3,1,2,0,0,3,3
EPL_2223_CRYSTALPALACE_ASTONVILLA,2022-23,TRAIN,2022-08-20,Crystal Palace,Aston Villa,3,1,HOME_WIN,1,W,17,13,9,5,16,14,4,2,2,1,0,0,2,3
EPL_2223_CRYSTALPALACE_ASTONVILLA,2022-23,TRAIN,2022-08-20,Aston Villa,Crystal Palace,1,3,HOME_WIN,0,L,13,17,5,9,14,16,2,4,1,2,0,0,-2,0
EPL_2223_EVERTON_NOTTINGHAMFOREST,2022-23,TRAIN,2022-08-20,Everton,Nottingham Forest,1,1,DRAW,1,D,19,14,8,5,6,9,6,2,3,2,0,0,0,1
EPL_2223_EVERTON_NOTTINGHAMFOREST,2022-23,TRAIN,2022-08-20,Nottingham Forest,Everton,1,1,DRAW,0,D,14,19,5,8,9,6,2,6,2,3,0,0,0,1
EPL_2223_FULHAM_BRENTFORD,2022-23,TRAIN,2022-08-20,Fulham,Brentford,3,2,HOME_WIN,1,W,18,13,9,5,13,7,6,3,3,2,0,0,1,3
EPL_2223_FULHAM_BRENTFORD,2022-23,TRAIN,2022-08-20,Brentford,Fulham,2,3,HOME_WIN,0,L,13,18,5,9,7,13,3,6,2,3,0,0,-1,0
EPL_2223_LEICESTERCITY_SOUTHAMPTON,2022-23,TRAIN,2022-08-20,Leicester City,Southampton,1,2,AWAY_WIN,1,L,6,9,1,3,11,15,2,5,2,3,0,0,-1,0
EPL_2223_LEICESTERCITY_SOUTHAMPTON,2022-23,TRAIN,2022-08-20,Southampton,Leicester City,2,1,AWAY_WIN,0,W,9,6,3,1,15,11,5,2,3,2,0,0,1,3
EPL_2223_TOTTENHAMHOTSPUR_WOLVERHAMPTONWANDERERS,2022-23,TRAIN,2022-08-20,Tottenham Hotspur,Wolverhampton Wanderers,1,0,HOME_WIN,1,W,11,20,4,3,10,8,8,6,2,2,0,0,1,3
EPL_2223_TOTTENHAMHOTSPUR_WOLVERHAMPTONWANDERERS,2022-23,TRAIN,2022-08-20,Wolverhampton Wanderers,Tottenham Hotspur,0,1,HOME_WIN,0,L,20,11,3,4,8,10,6,8,2,2,0,0,-1,0
EPL_2223_LEEDSUNITED_CHELSEA,2022-23,TRAIN,2022-08-21,Leeds United,Chelsea,3,0,HOME_WIN,1,W,12,14,6,3,16,15,4,6,0,1,0,1,3,3
EPL_2223_LEEDSUNITED_CHELSEA,2022-23,TRAIN,2022-08-21,Chelsea,Leeds United,0,3,HOME_WIN,0,L,14,12,3,6,15,16,6,4,1,0,1,0,-3,0
EPL_2223_NEWCASTLEUNITED_MANCHESTERCITY,2022-23,TRAIN,2022-08-21,Newcastle United,Manchester City,3,3,DRAW,1,D,12,21,6,10,14,7,5,5,4,2,0,0,0,1
EPL_2223_NEWCASTLEUNITED_MANCHESTERCITY,2022-23,TRAIN,2022-08-21,Manchester City,Newcastle United,3,3,DRAW,0,D,21,12,10,6,7,14,5,5,2,4,0,0,0,1
EPL_2223_WESTHAMUNITED_BRIGHTONHOVEALBION,2022-23,TRAIN,2022-08-21,West Ham United,Brighton & Hove Albion,0,2,AWAY_WIN,1,L,13,11,3,2,10,7,5,4,2,0,0,0,-2,0
EPL_2223_WESTHAMUNITED_BRIGHTONHOVEALBION,2022-23,TRAIN,2022-08-21,Brighton & Hove Albion,West Ham United,2,0,AWAY_WIN,0,W,11,13,2,3,7,10,4,5,0,2,0,0,2,3
EPL_2223_MANCHESTERUNITED_LIVERPOOL,2022-23,TRAIN,2022-08-22,Manchester United,Liverpool,2,1,HOME_WIN,1,W,12,17,4,5,11,7,6,8,3,1,0,0,1,3
EPL_2223_MANCHESTERUNITED_LIVERPOOL,2022-23,TRAIN,2022-08-22,Liverpool,Manchester United,1,2,HOME_WIN,0,L,17,12,5,4,7,11,8,6,1,3,0,0,-1,0
EPL_2223_ARSENAL_FULHAM,2022-23,TRAIN,2022-08-27,Arsenal,Fulham,2,1,HOME_WIN,1,W,22,11,8,3,6,12,9,2,2,3,0,0,1,3
EPL_2223_ARSENAL_FULHAM,2022-23,TRAIN,2022-08-27,Fulham,Arsenal,1,2,HOME_WIN,0,L,11,22,3,8,12,6,2,9,3,2,0,0,-1,0
EPL_2223_BRENTFORD_EVERTON,2022-23,TRAIN,2022-08-27,Brentford,Everton,1,1,DRAW,1,D,19,14,5,7,8,8,8,5,2,2,0,0,0,1
EPL_2223_BRENTFORD_EVERTON,2022-23,TRAIN,2022-08-27,Everton,Brentford,1,1,DRAW,0,D,14,19,7,5,8,8,5,8,2,2,0,0,0,1
EPL_2223_BRIGHTONHOVEALBION_LEEDSUNITED,2022-23,TRAIN,2022-08-27,Brighton & Hove Albion,Leeds United,1,0,HOME_WIN,1,W,13,10,4,2,10,14,5,3,2,3,0,0,1,3
EPL_2223_BRIGHTONHOVEALBION_LEEDSUNITED,2022-23,TRAIN,2022-08-27,Leeds United,Brighton & Hove Albion,0,1,HOME_WIN,0,L,10,13,2,4,14,10,3,5,3,2,0,0,-1,0
EPL_2223_CHELSEA_LEICESTERCITY,2022-23,TRAIN,2022-08-27,Chelsea,Leicester City,2,1,HOME_WIN,1,W,7,17,3,5,10,7,3,11,1,2,1,0,1,3
EPL_2223_CHELSEA_LEICESTERCITY,2022-23,TRAIN,2022-08-27,Leicester City,Chelsea,1,2,HOME_WIN,0,L,17,7,5,3,7,10,11,3,2,1,0,1,-1,0
EPL_2223_LIVERPOOL_BOURNEMOUTH,2022-23,TRAIN,2022-08-27,Liverpool,Bournemouth,9,0,HOME_WIN,1,W,19,5,12,2,6,5,8,1,0,1,0,0,9,3
EPL_2223_LIVERPOOL_BOURNEMOUTH,2022-23,TRAIN,2022-08-27,Bournemouth,Liverpool,0,9,HOME_WIN,0,L,5,19,2,12,5,6,1,8,1,0,0,0,-9,0
EPL_2223_MANCHESTERCITY_CRYSTALPALACE,2022-23,TRAIN,2022-08-27,Manchester City,Crystal Palace,4,2,HOME_WIN,1,W,18,2,5,2,14,8,6,1,1,2,0,0,2,3
EPL_2223_MANCHESTERCITY_CRYSTALPALACE,2022-23,TRAIN,2022-08-27,Crystal Palace,Manchester City,2,4,HOME_WIN,0,L,2,18,2,5,8,14,1,6,2,1,0,0,-2,0
EPL_2223_SOUTHAMPTON_MANCHESTERUNITED,2022-23,TRAIN,2022-08-27,Southampton,Manchester United,0,1,AWAY_WIN,1,L,17,11,5,6,4,14,5,3,0,3,0,0,-1,0
EPL_2223_SOUTHAMPTON_MANCHESTERUNITED,2022-23,TRAIN,2022-08-27,Manchester United,Southampton,1,0,AWAY_WIN,0,W,11,17,6,5,14,4,3,5,3,0,0,0,1,3
EPL_2223_ASTONVILLA_WESTHAMUNITED,2022-23,TRAIN,2022-08-28,Aston Villa,West Ham United,0,1,AWAY_WIN,1,L,9,7,3,2,10,10,3,2,2,0,0,0,-1,0
EPL_2223_ASTONVILLA_WESTHAMUNITED,2022-23,TRAIN,2022-08-28,West Ham United,Aston Villa,1,0,AWAY_WIN,0,W,7,9,2,3,10,10,2,3,0,2,0,0,1,3
EPL_2223_NOTTINGHAMFOREST_TOTTENHAMHOTSPUR,2022-23,TRAIN,2022-08-28,Nottingham Forest,Tottenham Hotspur,0,2,AWAY_WIN,1,L,17,18,1,7,11,13,6,1,6,1,0,0,-2,0
EPL_2223_NOTTINGHAMFOREST_TOTTENHAMHOTSPUR,2022-23,TRAIN,2022-08-28,Tottenham Hotspur,Nottingham Forest,2,0,AWAY_WIN,0,W,18,17,7,1,13,11,1,6,1,6,0,0,2,3
EPL_2223_WOLVERHAMPTONWANDERERS_NEWCASTLEUNITED,2022-23,TRAIN,2022-08-28,Wolverhampton Wanderers,Newcastle United,1,1,DRAW,1,D,10,21,4,6,10,11,4,13,2,1,0,0,0,1
EPL_2223_WOLVERHAMPTONWANDERERS_NEWCASTLEUNITED,2022-23,TRAIN,2022-08-28,Newcastle United,Wolverhampton Wanderers,1,1,DRAW,0,D,21,10,6,4,11,10,13,4,1,2,0,0,0,1
EPL_2223_CRYSTALPALACE_BRENTFORD,2022-23,TRAIN,2022-08-30,Crystal Palace,Brentford,1,1,DRAW,1,D,13,9,4,3,11,8,4,6,1,2,0,0,0,1
EPL_2223_CRYSTALPALACE_BRENTFORD,2022-23,TRAIN,2022-08-30,Brentford,Crystal Palace,1,1,DRAW,0,D,9,13,3,4,8,11,6,4,2,1,0,0,0,1
EPL_2223_FULHAM_BRIGHTONHOVEALBION,2022-23,TRAIN,2022-08-30,Fulham,Brighton & Hove Albion,2,1,HOME_WIN,1,W,10,7,3,4,9,11,3,3,2,1,0,0,1,3
EPL_2223_FULHAM_BRIGHTONHOVEALBION,2022-23,TRAIN,2022-08-30,Brighton & Hove Albion,Fulham,1,2,HOME_WIN,0,L,7,10,4,3,11,9,3,3,1,2,0,0,-1,0
EPL_2223_LEEDSUNITED_EVERTON,2022-23,TRAIN,2022-08-30,Leeds United,Everton,1,1,DRAW,1,D,14,7,5,2,10,9,10,2,3,3,0,0,0,1
EPL_2223_LEEDSUNITED_EVERTON,2022-23,TRAIN,2022-08-30,Everton,Leeds United,1,1,DRAW,0,D,7,14,2,5,9,10,2,10,3,3,0,0,0,1
EPL_2223_SOUTHAMPTON_CHELSEA,2022-23,TRAIN,2022-08-30,Southampton,Chelsea,2,1,HOME_WIN,1,W,9,10,7,4,15,10,5,3,2,1,0,0,1,3
EPL_2223_SOUTHAMPTON_CHELSEA,2022-23,TRAIN,2022-08-30,Chelsea,Southampton,1,2,HOME_WIN,0,L,10,9,4,7,10,15,3,5,1,2,0,0,-1,0
EPL_2223_ARSENAL_ASTONVILLA,2022-23,TRAIN,2022-08-31,Arsenal,Aston Villa,2,1,HOME_WIN,1,W,22,4,9,3,10,14,10,3,2,3,0,0,1,3
EPL_2223_ARSENAL_ASTONVILLA,2022-23,TRAIN,2022-08-31,Aston Villa,Arsenal,1,2,HOME_WIN,0,L,4,22,3,9,14,10,3,10,3,2,0,0,-1,0
EPL_2223_BOURNEMOUTH_WOLVERHAMPTONWANDERERS,2022-23,TRAIN,2022-08-31,Bournemouth,Wolverhampton Wanderers,0,0,DRAW,1,D,5,17,2,4,12,12,2,5,2,1,0,0,0,1
EPL_2223_BOURNEMOUTH_WOLVERHAMPTONWANDERERS,2022-23,TRAIN,2022-08-31,Wolverhampton Wanderers,Bournemouth,0,0,DRAW,0,D,17,5,4,2,12,12,5,2,1,2,0,0,0,1
EPL_2223_LIVERPOOL_NEWCASTLEUNITED,2022-23,TRAIN,2022-08-31,Liverpool,Newcastle United,2,1,HOME_WIN,1,W,23,5,6,2,9,10,13,0,0,2,0,0,1,3
EPL_2223_LIVERPOOL_NEWCASTLEUNITED,2022-23,TRAIN,2022-08-31,Newcastle United,Liverpool,1,2,HOME_WIN,0,L,5,23,2,6,10,9,0,13,2,0,0,0,-1,0
EPL_2223_MANCHESTERCITY_NOTTINGHAMFOREST,2022-23,TRAIN,2022-08-31,Manchester City,Nottingham Forest,6,0,HOME_WIN,1,W,17,8,9,1,9,7,10,1,0,1,0,0,6,3
EPL_2223_MANCHESTERCITY_NOTTINGHAMFOREST,2022-23,TRAIN,2022-08-31,Nottingham Forest,Manchester City,0,6,HOME_WIN,0,L,8,17,1,9,7,9,1,10,1,0,0,0,-6,0
EPL_2223_WESTHAMUNITED_TOTTENHAMHOTSPUR,2022-23,TRAIN,2022-08-31,West Ham United,Tottenham Hotspur,1,1,DRAW,1,D,14,13,4,4,10,9,3,4,2,5,0,0,0,1
EPL_2223_WESTHAMUNITED_TOTTENHAMHOTSPUR,2022-23,TRAIN,2022-08-31,Tottenham Hotspur,West Ham United,1,1,DRAW,0,D,13,14,4,4,9,10,4,3,5,2,0,0,0,1
EPL_2223_LEICESTERCITY_MANCHESTERUNITED,2022-23,TRAIN,2022-09-01,Leicester City,Manchester United,0,1,AWAY_WIN,1,L,10,9,2,2,7,15,1,3,1,3,0,0,-1,0
EPL_2223_LEICESTERCITY_MANCHESTERUNITED,2022-23,TRAIN,2022-09-01,Manchester United,Leicester City,1,0,AWAY_WIN,0,W,9,10,2,2,15,7,3,1,3,1,0,0,1,3
EPL_2223_ASTONVILLA_MANCHESTERCITY,2022-23,TRAIN,2022-09-03,Aston Villa,Manchester City,1,1,DRAW,1,D,3,13,1,4,7,6,1,4,2,0,0,0,0,1
EPL_2223_ASTONVILLA_MANCHESTERCITY,2022-23,TRAIN,2022-09-03,Manchester City,Aston Villa,1,1,DRAW,0,D,13,3,4,1,6,7,4,1,0,2,0,0,0,1
EPL_2223_BRENTFORD_LEEDSUNITED,2022-23,TRAIN,2022-09-03,Brentford,Leeds United,5,2,HOME_WIN,1,W,14,17,8,6,8,9,2,6,2,2,0,0,3,3
EPL_2223_BRENTFORD_LEEDSUNITED,2022-23,TRAIN,2022-09-03,Leeds United,Brentford,2,5,HOME_WIN,0,L,17,14,6,8,9,8,6,2,2,2,0,0,-3,0
EPL_2223_CHELSEA_WESTHAMUNITED,2022-23,TRAIN,2022-09-03,Chelsea,West Ham United,2,1,HOME_WIN,1,W,8,6,3,3,6,11,10,3,4,2,0,0,1,3
EPL_2223_CHELSEA_WESTHAMUNITED,2022-23,TRAIN,2022-09-03,West Ham United,Chelsea,1,2,HOME_WIN,0,L,6,8,3,3,11,6,3,10,2,4,0,0,-1,0
EPL_2223_EVERTON_LIVERPOOL,2022-23,TRAIN,2022-09-03,Everton,Liverpool,0,0,DRAW,1,D,14,23,3,8,7,11,7,9,2,2,0,0,0,1
EPL_2223_EVERTON_LIVERPOOL,2022-23,TRAIN,2022-09-03,Liverpool,Everton,0,0,DRAW,0,D,23,14,8,3,11,7,9,7,2,2,0,0,0,1
EPL_2223_NEWCASTLEUNITED_CRYSTALPALACE,2022-23,TRAIN,2022-09-03,Newcastle United,Crystal Palace,0,0,DRAW,1,D,23,19,6,9,19,12,13,5,2,1,0,0,0,1
EPL_2223_NEWCASTLEUNITED_CRYSTALPALACE,2022-23,TRAIN,2022-09-03,Crystal Palace,Newcastle United,0,0,DRAW,0,D,19,23,9,6,12,19,5,13,1,2,0,0,0,1
EPL_2223_NOTTINGHAMFOREST_BOURNEMOUTH,2022-23,TRAIN,2022-09-03,Nottingham Forest,Bournemouth,2,3,AWAY_WIN,1,L,11,8,3,3,13,10,4,6,2,1,0,0,-1,0
EPL_2223_NOTTINGHAMFOREST_BOURNEMOUTH,2022-23,TRAIN,2022-09-03,Bournemouth,Nottingham Forest,3,2,AWAY_WIN,0,W,8,11,3,3,10,13,6,4,1,2,0,0,1,3
EPL_2223_TOTTENHAMHOTSPUR_FULHAM,2022-23,TRAIN,2022-09-03,Tottenham Hotspur,Fulham,2,1,HOME_WIN,1,W,23,9,10,3,9,6,10,3,3,4,0,0,1,3
EPL_2223_TOTTENHAMHOTSPUR_FULHAM,2022-23,TRAIN,2022-09-03,Fulham,Tottenham Hotspur,1,2,HOME_WIN,0,L,9,23,3,10,6,9,3,10,4,3,0,0,-1,0
EPL_2223_WOLVERHAMPTONWANDERERS_SOUTHAMPTON,2022-23,TRAIN,2022-09-03,Wolverhampton Wanderers,Southampton,1,0,HOME_WIN,1,W,7,12,2,1,10,14,5,6,4,2,0,0,1,3
EPL_2223_WOLVERHAMPTONWANDERERS_SOUTHAMPTON,2022-23,TRAIN,2022-09-03,Southampton,Wolverhampton Wanderers,0,1,HOME_WIN,0,L,12,7,1,2,14,10,6,5,2,4,0,0,-1,0
EPL_2223_BRIGHTONHOVEALBION_LEICESTERCITY,2022-23,TRAIN,2022-09-04,Brighton & Hove Albion,Leicester City,5,2,HOME_WIN,1,W,23,6,11,4,6,8,10,1,1,1,0,0,3,3
EPL_2223_BRIGHTONHOVEALBION_LEICESTERCITY,2022-23,TRAIN,2022-09-04,Leicester City,Brighton & Hove Albion,2,5,HOME_WIN,0,L,6,23,4,11,8,6,1,10,1,1,0,0,-3,0
EPL_2223_MANCHESTERUNITED_ARSENAL,2022-23,TRAIN,2022-09-04,Manchester United,Arsenal,3,1,HOME_WIN,1,W,10,16,6,3,13,9,2,5,3,3,0,0,2,3
EPL_2223_MANCHESTERUNITED_ARSENAL,2022-23,TRAIN,2022-09-04,Arsenal,Manchester United,1,3,HOME_WIN,0,L,16,10,3,6,9,13,5,2,3,3,0,0,-2,0
EPL_2223_ASTONVILLA_SOUTHAMPTON,2022-23,TRAIN,2022-09-16,Aston Villa,Southampton,1,0,HOME_WIN,1,W,11,7,3,1,13,13,6,3,3,1,0,0,1,3
EPL_2223_ASTONVILLA_SOUTHAMPTON,2022-23,TRAIN,2022-09-16,Southampton,Aston Villa,0,1,HOME_WIN,0,L,7,11,1,3,13,13,3,6,1,3,0,0,-1,0
EPL_2223_NOTTINGHAMFOREST_FULHAM,2022-23,TRAIN,2022-09-16,Nottingham Forest,Fulham,2,3,AWAY_WIN,1,L,11,15,3,7,11,10,2,10,2,4,0,0,-1,0
EPL_2223_NOTTINGHAMFOREST_FULHAM,2022-23,TRAIN,2022-09-16,Fulham,Nottingham Forest,3,2,AWAY_WIN,0,W,15,11,7,3,10,11,10,2,4,2,0,0,1,3
EPL_2223_NEWCASTLEUNITED_BOURNEMOUTH,2022-23,TRAIN,2022-09-17,Newcastle United,Bournemouth,1,1,DRAW,1,D,20,10,7,3,10,11,8,1,2,2,0,0,0,1
EPL_2223_NEWCASTLEUNITED_BOURNEMOUTH,2022-23,TRAIN,2022-09-17,Bournemouth,Newcastle United,1,1,DRAW,0,D,10,20,3,7,11,10,1,8,2,2,0,0,0,1
EPL_2223_TOTTENHAMHOTSPUR_LEICESTERCITY,2022-23,TRAIN,2022-09-17,Tottenham Hotspur,Leicester City,6,2,HOME_WIN,1,W,16,19,11,7,9,9,6,1,1,2,0,0,4,3
EPL_2223_TOTTENHAMHOTSPUR_LEICESTERCITY,2022-23,TRAIN,2022-09-17,Leicester City,Tottenham Hotspur,2,6,HOME_WIN,0,L,19,16,7,11,9,9,1,6,2,1,0,0,-4,0
EPL_2223_WOLVERHAMPTONWANDERERS_MANCHESTERCITY,2022-23,TRAIN,2022-09-17,Wolverhampton Wanderers,Manchester City,0,3,AWAY_WIN,1,L,6,16,1,7,7,9,5,7,2,1,1,0,-3,0
EPL_2223_WOLVERHAMPTONWANDERERS_MANCHESTERCITY,2022-23,TRAIN,2022-09-17,Manchester City,Wolverhampton Wanderers,3,0,AWAY_WIN,0,W,16,6,7,1,9,7,7,5,1,2,0,1,3,3
EPL_2223_BRENTFORD_ARSENAL,2022-23,TRAIN,2022-09-18,Brentford,Arsenal,0,3,AWAY_WIN,1,L,5,13,2,7,10,10,3,3,0,2,0,0,-3,0
EPL_2223_BRENTFORD_ARSENAL,2022-23,TRAIN,2022-09-18,Arsenal,Brentford,3,0,AWAY_WIN,0,W,13,5,7,2,10,10,3,3,2,0,0,0,3,3
EPL_2223_EVERTON_WESTHAMUNITED,2022-23,TRAIN,2022-09-18,Everton,West Ham United,1,0,HOME_WIN,1,W,7,14,2,4,8,11,5,14,3,1,0,0,1,3
EPL_2223_EVERTON_WESTHAMUNITED,2022-23,TRAIN,2022-09-18,West Ham United,Everton,0,1,HOME_WIN,0,L,14,7,4,2,11,8,14,5,1,3,0,0,-1,0
EPL_2223_ARSENAL_TOTTENHAMHOTSPUR,2022-23,TRAIN,2022-10-01,Arsenal,Tottenham Hotspur,3,1,HOME_WIN,1,W,22,7,9,3,10,10,5,2,2,1,0,1,2,3
EPL_2223_ARSENAL_TOTTENHAMHOTSPUR,2022-23,TRAIN,2022-10-01,Tottenham Hotspur,Arsenal,1,3,HOME_WIN,0,L,7,22,3,9,10,10,2,5,1,2,1,0,-2,0
EPL_2223_BOURNEMOUTH_BRENTFORD,2022-23,TRAIN,2022-10-01,Bournemouth,Brentford,0,0,DRAW,1,D,7,13,1,4,11,10,7,8,1,2,0,0,0,1
EPL_2223_BOURNEMOUTH_BRENTFORD,2022-23,TRAIN,2022-10-01,Brentford,Bournemouth,0,0,DRAW,0,D,13,7,4,1,10,11,8,7,2,1,0,0,0,1
EPL_2223_CRYSTALPALACE_CHELSEA,2022-23,TRAIN,2022-10-01,Crystal Palace,Chelsea,1,2,AWAY_WIN,1,L,7,13,3,3,11,13,5,2,1,3,0,0,-1,0
EPL_2223_CRYSTALPALACE_CHELSEA,2022-23,TRAIN,2022-10-01,Chelsea,Crystal Palace,2,1,AWAY_WIN,0,W,13,7,3,3,13,11,2,5,3,1,0,0,1,3
EPL_2223_FULHAM_NEWCASTLEUNITED,2022-23,TRAIN,2022-10-01,Fulham,Newcastle United,1,4,AWAY_WIN,1,L,3,19,1,10,9,10,1,8,2,0,1,0,-3,0
EPL_2223_FULHAM_NEWCASTLEUNITED,2022-23,TRAIN,2022-10-01,Newcastle United,Fulham,4,1,AWAY_WIN,0,W,19,3,10,1,10,9,8,1,0,2,0,1,3,3
EPL_2223_LIVERPOOL_BRIGHTONHOVEALBION,2022-23,TRAIN,2022-10-01,Liverpool,Brighton & Hove Albion,3,3,DRAW,1,D,15,6,7,6,9,13,9,2,1,1,0,0,0,1
EPL_2223_LIVERPOOL_BRIGHTONHOVEALBION,2022-23,TRAIN,2022-10-01,Brighton & Hove Albion,Liverpool,3,3,DRAW,0,D,6,15,6,7,13,9,2,9,1,1,0,0,0,1
EPL_2223_SOUTHAMPTON_EVERTON,2022-23,TRAIN,2022-10-01,Southampton,Everton,1,2,AWAY_WIN,1,L,22,12,6,5,11,10,7,6,2,2,0,0,-1,0
EPL_2223_SOUTHAMPTON_EVERTON,2022-23,TRAIN,2022-10-01,Everton,Southampton,2,1,AWAY_WIN,0,W,12,22,5,6,10,11,6,7,2,2,0,0,1,3
EPL_2223_WESTHAMUNITED_WOLVERHAMPTONWANDERERS,2022-23,TRAIN,2022-10-01,West Ham United,Wolverhampton Wanderers,2,0,HOME_WIN,1,W,18,15,5,4,8,6,1,6,2,2,0,0,2,3
EPL_2223_WESTHAMUNITED_WOLVERHAMPTONWANDERERS,2022-23,TRAIN,2022-10-01,Wolverhampton Wanderers,West Ham United,0,2,HOME_WIN,0,L,15,18,4,5,6,8,6,1,2,2,0,0,-2,0
EPL_2223_LEEDSUNITED_ASTONVILLA,2022-23,TRAIN,2022-10-02,Leeds United,Aston Villa,0,0,DRAW,1,D,9,19,1,7,23,12,2,9,3,2,1,0,0,1
EPL_2223_LEEDSUNITED_ASTONVILLA,2022-23,TRAIN,2022-10-02,Aston Villa,Leeds United,0,0,DRAW,0,D,19,9,7,1,12,23,9,2,2,3,0,1,0,1
EPL_2223_MANCHESTERCITY_MANCHESTERUNITED,2022-23,TRAIN,2022-10-02,Manchester City,Manchester United,6,3,HOME_WIN,1,W,22,12,10,8,3,9,5,1,0,3,0,0,3,3
EPL_2223_MANCHESTERCITY_MANCHESTERUNITED,2022-23,TRAIN,2022-10-02,Manchester United,Manchester City,3,6,HOME_WIN,0,L,12,22,8,10,9,3,1,5,3,0,0,0,-3,0
EPL_2223_LEICESTERCITY_NOTTINGHAMFOREST,2022-23,TRAIN,2022-10-03,Leicester City,Nottingham Forest,4,0,HOME_WIN,1,W,17,10,7,3,13,12,6,6,2,4,0,0,4,3
EPL_2223_LEICESTERCITY_NOTTINGHAMFOREST,2022-23,TRAIN,2022-10-03,Nottingham Forest,Leicester City,0,4,HOME_WIN,0,L,10,17,3,7,12,13,6,6,4,2,0,0,-4,0
EPL_2223_BOURNEMOUTH_LEICESTERCITY,2022-23,TRAIN,2022-10-08,Bournemouth,Leicester City,2,1,HOME_WIN,1,W,10,9,4,5,8,16,7,2,1,2,0,0,1,3
EPL_2223_BOURNEMOUTH_LEICESTERCITY,2022-23,TRAIN,2022-10-08,Leicester City,Bournemouth,1,2,HOME_WIN,0,L,9,10,5,4,16,8,2,7,2,1,0,0,-1,0
EPL_2223_BRIGHTONHOVEALBION_TOTTENHAMHOTSPUR,2022-23,TRAIN,2022-10-08,Brighton & Hove Albion,Tottenham Hotspur,0,1,AWAY_WIN,1,L,14,8,4,3,9,14,6,2,1,2,0,0,-1,0
EPL_2223_BRIGHTONHOVEALBION_TOTTENHAMHOTSPUR,2022-23,TRAIN,2022-10-08,Tottenham Hotspur,Brighton & Hove Albion,1,0,AWAY_WIN,0,W,8,14,3,4,14,9,2,6,2,1,0,0,1,3
EPL_2223_CHELSEA_WOLVERHAMPTONWANDERERS,2022-23,TRAIN,2022-10-08,Chelsea,Wolverhampton Wanderers,3,0,HOME_WIN,1,W,20,8,7,2,8,8,4,2,2,0,0,0,3,3
EPL_2223_CHELSEA_WOLVERHAMPTONWANDERERS,2022-23,TRAIN,2022-10-08,Wolverhampton Wanderers,Chelsea,0,3,HOME_WIN,0,L,8,20,2,7,8,8,2,4,0,2,0,0,-3,0
EPL_2223_MANCHESTERCITY_SOUTHAMPTON,2022-23,TRAIN,2022-10-08,Manchester City,Southampton,4,0,HOME_WIN,1,W,21,5,8,0,4,8,9,1,0,1,0,0,4,3
EPL_2223_MANCHESTERCITY_SOUTHAMPTON,2022-23,TRAIN,2022-10-08,Southampton,Manchester City,0,4,HOME_WIN,0,L,5,21,0,8,8,4,1,9,1,0,0,0,-4,0
EPL_2223_NEWCASTLEUNITED_BRENTFORD,2022-23,TRAIN,2022-10-08,Newcastle United,Brentford,5,1,HOME_WIN,1,W,16,6,6,3,14,9,9,5,0,1,0,0,4,3
EPL_2223_NEWCASTLEUNITED_BRENTFORD,2022-23,TRAIN,2022-10-08,Brentford,Newcastle United,1,5,HOME_WIN,0,L,6,16,3,6,9,14,5,9,1,0,0,0,-4,0
EPL_2223_ARSENAL_LIVERPOOL,2022-23,TRAIN,2022-10-09,Arsenal,Liverpool,3,2,HOME_WIN,1,W,11,8,7,3,11,11,4,3,1,2,0,0,1,3
EPL_2223_ARSENAL_LIVERPOOL,2022-23,TRAIN,2022-10-09,Liverpool,Arsenal,2,3,HOME_WIN,0,L,8,11,3,7,11,11,3,4,2,1,0,0,-1,0
EPL_2223_CRYSTALPALACE_LEEDSUNITED,2022-23,TRAIN,2022-10-09,Crystal Palace,Leeds United,2,1,HOME_WIN,1,W,13,10,5,4,13,23,5,3,3,3,0,0,1,3
EPL_2223_CRYSTALPALACE_LEEDSUNITED,2022-23,TRAIN,2022-10-09,Leeds United,Crystal Palace,1,2,HOME_WIN,0,L,10,13,4,5,23,13,3,5,3,3,0,0,-1,0
EPL_2223_EVERTON_MANCHESTERUNITED,2022-23,TRAIN,2022-10-09,Everton,Manchester United,1,2,AWAY_WIN,1,L,11,12,2,4,7,13,5,4,2,1,0,0,-1,0
EPL_2223_EVERTON_MANCHESTERUNITED,2022-23,TRAIN,2022-10-09,Manchester United,Everton,2,1,AWAY_WIN,0,W,12,11,4,2,13,7,4,5,1,2,0,0,1,3
EPL_2223_WESTHAMUNITED_FULHAM,2022-23,TRAIN,2022-10-09,West Ham United,Fulham,3,1,HOME_WIN,1,W,17,8,8,2,9,7,4,2,1,3,0,0,2,3
EPL_2223_WESTHAMUNITED_FULHAM,2022-23,TRAIN,2022-10-09,Fulham,West Ham United,1,3,HOME_WIN,0,L,8,17,2,8,7,9,2,4,3,1,0,0,-2,0
EPL_2223_NOTTINGHAMFOREST_ASTONVILLA,2022-23,TRAIN,2022-10-10,Nottingham Forest,Aston Villa,1,1,DRAW,1,D,6,12,3,2,13,19,1,4,3,3,0,0,0,1
EPL_2223_NOTTINGHAMFOREST_ASTONVILLA,2022-23,TRAIN,2022-10-10,Aston Villa,Nottingham Forest,1,1,DRAW,0,D,12,6,2,3,19,13,4,1,3,3,0,0,0,1
EPL_2223_BRENTFORD_BRIGHTONHOVEALBION,2022-23,TRAIN,2022-10-14,Brentford,Brighton & Hove Albion,2,0,HOME_WIN,1,W,7,21,3,7,12,15,2,11,3,1,0,0,2,3
EPL_2223_BRENTFORD_BRIGHTONHOVEALBION,2022-23,TRAIN,2022-10-14,Brighton & Hove Albion,Brentford,0,2,HOME_WIN,0,L,21,7,7,3,15,12,11,2,1,3,0,0,-2,0
EPL_2223_FULHAM_BOURNEMOUTH,2022-23,TRAIN,2022-10-15,Fulham,Bournemouth,2,2,DRAW,1,D,19,10,4,6,9,11,5,6,2,0,0,0,0,1
EPL_2223_FULHAM_BOURNEMOUTH,2022-23,TRAIN,2022-10-15,Bournemouth,Fulham,2,2,DRAW,0,D,10,19,6,4,11,9,6,5,0,2,0,0,0,1
EPL_2223_LEICESTERCITY_CRYSTALPALACE,2022-23,TRAIN,2022-10-15,Leicester City,Crystal Palace,0,0,DRAW,1,D,14,8,5,1,18,13,9,2,2,2,0,0,0,1
EPL_2223_LEICESTERCITY_CRYSTALPALACE,2022-23,TRAIN,2022-10-15,Crystal Palace,Leicester City,0,0,DRAW,0,D,8,14,1,5,13,18,2,9,2,2,0,0,0,1
EPL_2223_TOTTENHAMHOTSPUR_EVERTON,2022-23,TRAIN,2022-10-15,Tottenham Hotspur,Everton,2,0,HOME_WIN,1,W,21,4,7,0,12,13,7,1,1,4,0,0,2,3
EPL_2223_TOTTENHAMHOTSPUR_EVERTON,2022-23,TRAIN,2022-10-15,Everton,Tottenham Hotspur,0,2,HOME_WIN,0,L,4,21,0,7,13,12,1,7,4,1,0,0,-2,0
EPL_2223_WOLVERHAMPTONWANDERERS_NOTTINGHAMFOREST,2022-23,TRAIN,2022-10-15,Wolverhampton Wanderers,Nottingham Forest,1,0,HOME_WIN,1,W,9,10,2,2,17,13,4,5,2,2,0,0,1,3
EPL_2223_WOLVERHAMPTONWANDERERS_NOTTINGHAMFOREST,2022-23,TRAIN,2022-10-15,Nottingham Forest,Wolverhampton Wanderers,0,1,HOME_WIN,0,L,10,9,2,2,13,17,5,4,2,2,0,0,-1,0
EPL_2223_ASTONVILLA_CHELSEA,2022-23,TRAIN,2022-10-16,Aston Villa,Chelsea,0,2,AWAY_WIN,1,L,18,8,7,4,12,11,7,1,0,3,0,0,-2,0
EPL_2223_ASTONVILLA_CHELSEA,2022-23,TRAIN,2022-10-16,Chelsea,Aston Villa,2,0,AWAY_WIN,0,W,8,18,4,7,11,12,1,7,3,0,0,0,2,3
EPL_2223_LEEDSUNITED_ARSENAL,2022-23,TRAIN,2022-10-16,Leeds United,Arsenal,0,1,AWAY_WIN,1,L,16,9,4,4,10,11,6,3,0,2,0,0,-1,0
EPL_2223_LEEDSUNITED_ARSENAL,2022-23,TRAIN,2022-10-16,Arsenal,Leeds United,1,0,AWAY_WIN,0,W,9,16,4,4,11,10,3,6,2,0,0,0,1,3
EPL_2223_LIVERPOOL_MANCHESTERCITY,2022-23,TRAIN,2022-10-16,Liverpool,Manchester City,1,0,HOME_WIN,1,W,13,16,2,6,10,7,5,6,3,1,0,0,1,3
EPL_2223_LIVERPOOL_MANCHESTERCITY,2022-23,TRAIN,2022-10-16,Manchester City,Liverpool,0,1,HOME_WIN,0,L,16,13,6,2,7,10,6,5,1,3,0,0,-1,0
EPL_2223_MANCHESTERUNITED_NEWCASTLEUNITED,2022-23,TRAIN,2022-10-16,Manchester United,Newcastle United,0,0,DRAW,1,D,15,9,2,2,13,11,4,4,3,1,0,0,0,1
EPL_2223_MANCHESTERUNITED_NEWCASTLEUNITED,2022-23,TRAIN,2022-10-16,Newcastle United,Manchester United,0,0,DRAW,0,D,9,15,2,2,11,13,4,4,1,3,0,0,0,1
EPL_2223_SOUTHAMPTON_WESTHAMUNITED,2022-23,TRAIN,2022-10-16,Southampton,West Ham United,1,1,DRAW,1,D,10,25,8,4,7,3,4,14,1,1,0,0,0,1
EPL_2223_SOUTHAMPTON_WESTHAMUNITED,2022-23,TRAIN,2022-10-16,West Ham United,Southampton,1,1,DRAW,0,D,25,10,4,8,3,7,14,4,1,1,0,0,0,1
EPL_2223_BRIGHTONHOVEALBION_NOTTINGHAMFOREST,2022-23,TRAIN,2022-10-18,Brighton & Hove Albion,Nottingham Forest,0,0,DRAW,1,D,19,3,7,0,10,14,9,1,3,1,0,0,0,1
EPL_2223_BRIGHTONHOVEALBION_NOTTINGHAMFOREST,2022-23,TRAIN,2022-10-18,Nottingham Forest,Brighton & Hove Albion,0,0,DRAW,0,D,3,19,0,7,14,10,1,9,1,3,0,0,0,1
EPL_2223_CRYSTALPALACE_WOLVERHAMPTONWANDERERS,2022-23,TRAIN,2022-10-18,Crystal Palace,Wolverhampton Wanderers,2,1,HOME_WIN,1,W,14,10,4,4,14,18,4,3,3,1,0,0,1,3
EPL_2223_CRYSTALPALACE_WOLVERHAMPTONWANDERERS,2022-23,TRAIN,2022-10-18,Wolverhampton Wanderers,Crystal Palace,1,2,HOME_WIN,0,L,10,14,4,4,18,14,3,4,1,3,0,0,-1,0
EPL_2223_BOURNEMOUTH_SOUTHAMPTON,2022-23,TRAIN,2022-10-19,Bournemouth,Southampton,0,1,AWAY_WIN,1,L,15,9,3,3,8,13,7,3,1,3,0,0,-1,0
EPL_2223_BOURNEMOUTH_SOUTHAMPTON,2022-23,TRAIN,2022-10-19,Southampton,Bournemouth,1,0,AWAY_WIN,0,W,9,15,3,3,13,8,3,7,3,1,0,0,1,3
EPL_2223_BRENTFORD_CHELSEA,2022-23,TRAIN,2022-10-19,Brentford,Chelsea,0,0,DRAW,1,D,8,14,5,5,7,7,6,2,0,0,0,0,0,1
EPL_2223_BRENTFORD_CHELSEA,2022-23,TRAIN,2022-10-19,Chelsea,Brentford,0,0,DRAW,0,D,14,8,5,5,7,7,2,6,0,0,0,0,0,1
EPL_2223_LIVERPOOL_WESTHAMUNITED,2022-23,TRAIN,2022-10-19,Liverpool,West Ham United,1,0,HOME_WIN,1,W,22,8,7,3,9,8,8,3,0,0,0,0,1,3
EPL_2223_LIVERPOOL_WESTHAMUNITED,2022-23,TRAIN,2022-10-19,West Ham United,Liverpool,0,1,HOME_WIN,0,L,8,22,3,7,8,9,3,8,0,0,0,0,-1,0
EPL_2223_MANCHESTERUNITED_TOTTENHAMHOTSPUR,2022-23,TRAIN,2022-10-19,Manchester United,Tottenham Hotspur,2,0,HOME_WIN,1,W,28,9,10,2,7,7,8,3,1,0,0,0,2,3
EPL_2223_MANCHESTERUNITED_TOTTENHAMHOTSPUR,2022-23,TRAIN,2022-10-19,Tottenham Hotspur,Manchester United,0,2,HOME_WIN,0,L,9,28,2,10,7,7,3,8,0,1,0,0,-2,0
EPL_2223_NEWCASTLEUNITED_EVERTON,2022-23,TRAIN,2022-10-19,Newcastle United,Everton,1,0,HOME_WIN,1,W,16,1,4,0,9,12,8,2,2,4,0,0,1,3
EPL_2223_NEWCASTLEUNITED_EVERTON,2022-23,TRAIN,2022-10-19,Everton,Newcastle United,0,1,HOME_WIN,0,L,1,16,0,4,12,9,2,8,4,2,0,0,-1,0
EPL_2223_FULHAM_ASTONVILLA,2022-23,TRAIN,2022-10-20,Fulham,Aston Villa,3,0,HOME_WIN,1,W,18,12,8,6,11,11,9,7,0,2,0,1,3,3
EPL_2223_FULHAM_ASTONVILLA,2022-23,TRAIN,2022-10-20,Aston Villa,Fulham,0,3,HOME_WIN,0,L,12,18,6,8,11,11,7,9,2,0,1,0,-3,0
EPL_2223_LEICESTERCITY_LEEDSUNITED,2022-23,TRAIN,2022-10-20,Leicester City,Leeds United,2,0,HOME_WIN,1,W,5,14,1,2,15,11,2,9,2,1,0,0,2,3
EPL_2223_LEICESTERCITY_LEEDSUNITED,2022-23,TRAIN,2022-10-20,Leeds United,Leicester City,0,2,HOME_WIN,0,L,14,5,2,1,11,15,9,2,1,2,0,0,-2,0
EPL_2223_CHELSEA_MANCHESTERUNITED,2022-23,TRAIN,2022-10-22,Chelsea,Manchester United,1,1,DRAW,1,D,6,13,2,6,8,10,6,4,1,4,0,0,0,1
EPL_2223_CHELSEA_MANCHESTERUNITED,2022-23,TRAIN,2022-10-22,Manchester United,Chelsea,1,1,DRAW,0,D,13,6,6,2,10,8,4,6,4,1,0,0,0,1
EPL_2223_EVERTON_CRYSTALPALACE,2022-23,TRAIN,2022-10-22,Everton,Crystal Palace,3,0,HOME_WIN,1,W,9,9,6,2,16,14,3,4,3,4,0,0,3,3
EPL_2223_EVERTON_CRYSTALPALACE,2022-23,TRAIN,2022-10-22,Crystal Palace,Everton,0,3,HOME_WIN,0,L,9,9,2,6,14,16,4,3,4,3,0,0,-3,0
EPL_2223_MANCHESTERCITY_BRIGHTONHOVEALBION,2022-23,TRAIN,2022-10-22,Manchester City,Brighton & Hove Albion,3,1,HOME_WIN,1,W,10,8,4,2,11,12,7,3,1,3,0,0,2,3
EPL_2223_MANCHESTERCITY_BRIGHTONHOVEALBION,2022-23,TRAIN,2022-10-22,Brighton & Hove Albion,Manchester City,1,3,HOME_WIN,0,L,8,10,2,4,12,11,3,7,3,1,0,0,-2,0
EPL_2223_NOTTINGHAMFOREST_LIVERPOOL,2022-23,TRAIN,2022-10-22,Nottingham Forest,Liverpool,1,0,HOME_WIN,1,W,10,15,7,7,14,8,2,11,2,1,0,0,1,3
EPL_2223_NOTTINGHAMFOREST_LIVERPOOL,2022-23,TRAIN,2022-10-22,Liverpool,Nottingham Forest,0,1,HOME_WIN,0,L,15,10,7,7,8,14,11,2,1,2,0,0,-1,0
EPL_2223_ASTONVILLA_BRENTFORD,2022-23,TRAIN,2022-10-23,Aston Villa,Brentford,4,0,HOME_WIN,1,W,19,12,11,3,14,11,7,6,1,0,0,0,4,3
EPL_2223_ASTONVILLA_BRENTFORD,2022-23,TRAIN,2022-10-23,Brentford,Aston Villa,0,4,HOME_WIN,0,L,12,19,3,11,11,14,6,7,0,1,0,0,-4,0
EPL_2223_LEEDSUNITED_FULHAM,2022-23,TRAIN,2022-10-23,Leeds United,Fulham,2,3,AWAY_WIN,1,L,14,11,5,5,12,8,3,6,1,1,0,0,-1,0
EPL_2223_LEEDSUNITED_FULHAM,2022-23,TRAIN,2022-10-23,Fulham,Leeds United,3,2,AWAY_WIN,0,W,11,14,5,5,8,12,6,3,1,1,0,0,1,3
EPL_2223_SOUTHAMPTON_ARSENAL,2022-23,TRAIN,2022-10-23,Southampton,Arsenal,1,1,DRAW,1,D,10,12,3,3,11,8,9,4,2,1,0,0,0,1
EPL_2223_SOUTHAMPTON_ARSENAL,2022-23,TRAIN,2022-10-23,Arsenal,Southampton,1,1,DRAW,0,D,12,10,3,3,8,11,4,9,1,2,0,0,0,1
EPL_2223_TOTTENHAMHOTSPUR_NEWCASTLEUNITED,2022-23,TRAIN,2022-10-23,Tottenham Hotspur,Newcastle United,1,2,AWAY_WIN,1,L,17,13,5,5,12,6,6,7,4,2,0,0,-1,0
EPL_2223_TOTTENHAMHOTSPUR_NEWCASTLEUNITED,2022-23,TRAIN,2022-10-23,Newcastle United,Tottenham Hotspur,2,1,AWAY_WIN,0,W,13,17,5,5,6,12,7,6,2,4,0,0,1,3
EPL_2223_WOLVERHAMPTONWANDERERS_LEICESTERCITY,2022-23,TRAIN,2022-10-23,Wolverhampton Wanderers,Leicester City,0,4,AWAY_WIN,1,L,21,5,5,4,10,13,9,2,2,1,0,0,-4,0
EPL_2223_WOLVERHAMPTONWANDERERS_LEICESTERCITY,2022-23,TRAIN,2022-10-23,Leicester City,Wolverhampton Wanderers,4,0,AWAY_WIN,0,W,5,21,4,5,13,10,2,9,1,2,0,0,4,3
EPL_2223_WESTHAMUNITED_BOURNEMOUTH,2022-23,TRAIN,2022-10-24,West Ham United,Bournemouth,2,0,HOME_WIN,1,W,20,5,4,3,9,11,5,0,0,2,0,0,2,3
EPL_2223_WESTHAMUNITED_BOURNEMOUTH,2022-23,TRAIN,2022-10-24,Bournemouth,West Ham United,0,2,HOME_WIN,0,L,5,20,3,4,11,9,0,5,2,0,0,0,-2,0
EPL_2223_BOURNEMOUTH_TOTTENHAMHOTSPUR,2022-23,TRAIN,2022-10-29,Bournemouth,Tottenham Hotspur,2,3,AWAY_WIN,1,L,6,23,4,7,10,5,2,19,1,2,0,0,-1,0
EPL_2223_BOURNEMOUTH_TOTTENHAMHOTSPUR,2022-23,TRAIN,2022-10-29,Tottenham Hotspur,Bournemouth,3,2,AWAY_WIN,0,W,23,6,7,4,5,10,19,2,2,1,0,0,1,3
EPL_2223_BRENTFORD_WOLVERHAMPTONWANDERERS,2022-23,TRAIN,2022-10-29,Brentford,Wolverhampton Wanderers,1,1,DRAW,1,D,12,14,3,4,10,17,3,6,3,3,0,1,0,1
EPL_2223_BRENTFORD_WOLVERHAMPTONWANDERERS,2022-23,TRAIN,2022-10-29,Wolverhampton Wanderers,Brentford,1,1,DRAW,0,D,14,12,4,3,17,10,6,3,3,3,1,0,0,1
EPL_2223_BRIGHTONHOVEALBION_CHELSEA,2022-23,TRAIN,2022-10-29,Brighton & Hove Albion,Chelsea,4,1,HOME_WIN,1,W,19,15,9,7,16,6,8,7,1,2,0,0,3,3
EPL_2223_BRIGHTONHOVEALBION_CHELSEA,2022-23,TRAIN,2022-10-29,Chelsea,Brighton & Hove Albion,1,4,HOME_WIN,0,L,15,19,7,9,6,16,7,8,2,1,0,0,-3,0
EPL_2223_CRYSTALPALACE_SOUTHAMPTON,2022-23,TRAIN,2022-10-29,Crystal Palace,Southampton,1,0,HOME_WIN,1,W,12,14,3,4,13,12,8,4,3,3,0,0,1,3
EPL_2223_CRYSTALPALACE_SOUTHAMPTON,2022-23,TRAIN,2022-10-29,Southampton,Crystal Palace,0,1,HOME_WIN,0,L,14,12,4,3,12,13,4,8,3,3,0,0,-1,0
EPL_2223_FULHAM_EVERTON,2022-23,TRAIN,2022-10-29,Fulham,Everton,0,0,DRAW,1,D,24,9,6,4,10,8,13,4,2,1,0,0,0,1
EPL_2223_FULHAM_EVERTON,2022-23,TRAIN,2022-10-29,Everton,Fulham,0,0,DRAW,0,D,9,24,4,6,8,10,4,13,1,2,0,0,0,1
EPL_2223_LEICESTERCITY_MANCHESTERCITY,2022-23,TRAIN,2022-10-29,Leicester City,Manchester City,0,1,AWAY_WIN,1,L,10,15,5,5,5,10,3,10,0,0,0,0,-1,0
EPL_2223_LEICESTERCITY_MANCHESTERCITY,2022-23,TRAIN,2022-10-29,Manchester City,Leicester City,1,0,AWAY_WIN,0,W,15,10,5,5,10,5,10,3,0,0,0,0,1,3
EPL_2223_LIVERPOOL_LEEDSUNITED,2022-23,TRAIN,2022-10-29,Liverpool,Leeds United,1,2,AWAY_WIN,1,L,22,14,10,6,9,3,14,5,0,1,0,0,-1,0
EPL_2223_LIVERPOOL_LEEDSUNITED,2022-23,TRAIN,2022-10-29,Leeds United,Liverpool,2,1,AWAY_WIN,0,W,14,22,6,10,3,9,5,14,1,0,0,0,1,3
EPL_2223_NEWCASTLEUNITED_ASTONVILLA,2022-23,TRAIN,2022-10-29,Newcastle United,Aston Villa,4,0,HOME_WIN,1,W,20,3,7,0,11,11,3,0,1,1,0,0,4,3
EPL_2223_NEWCASTLEUNITED_ASTONVILLA,2022-23,TRAIN,2022-10-29,Aston Villa,Newcastle United,0,4,HOME_WIN,0,L,3,20,0,7,11,11,0,3,1,1,0,0,-4,0
EPL_2223_ARSENAL_NOTTINGHAMFOREST,2022-23,TRAIN,2022-10-30,Arsenal,Nottingham Forest,5,0,HOME_WIN,1,W,24,5,10,2,9,8,9,4,0,1,0,0,5,3
EPL_2223_ARSENAL_NOTTINGHAMFOREST,2022-23,TRAIN,2022-10-30,Nottingham Forest,Arsenal,0,5,HOME_WIN,0,L,5,24,2,10,8,9,4,9,1,0,0,0,-5,0
EPL_2223_MANCHESTERUNITED_WESTHAMUNITED,2022-23,TRAIN,2022-10-30,Manchester United,West Ham United,1,0,HOME_WIN,1,W,16,13,3,5,12,10,5,10,1,3,0,0,1,3
EPL_2223_MANCHESTERUNITED_WESTHAMUNITED,2022-23,TRAIN,2022-10-30,West Ham United,Manchester United,0,1,HOME_WIN,0,L,13,16,5,3,10,12,10,5,3,1,0,0,-1,0
EPL_2223_EVERTON_LEICESTERCITY,2022-23,TRAIN,2022-11-05,Everton,Leicester City,0,2,AWAY_WIN,1,L,12,22,2,8,9,5,8,3,0,0,0,0,-2,0
EPL_2223_EVERTON_LEICESTERCITY,2022-23,TRAIN,2022-11-05,Leicester City,Everton,2,0,AWAY_WIN,0,W,22,12,8,2,5,9,3,8,0,0,0,0,2,3
EPL_2223_LEEDSUNITED_BOURNEMOUTH,2022-23,TRAIN,2022-11-05,Leeds United,Bournemouth,4,3,HOME_WIN,1,W,18,9,4,6,16,10,13,3,2,2,0,0,1,3
EPL_2223_LEEDSUNITED_BOURNEMOUTH,2022-23,TRAIN,2022-11-05,Bournemouth,Leeds United,3,4,HOME_WIN,0,L,9,18,6,4,10,16,3,13,2,2,0,0,-1,0
EPL_2223_MANCHESTERCITY_FULHAM,2022-23,TRAIN,2022-11-05,Manchester City,Fulham,2,1,HOME_WIN,1,W,16,4,5,2,6,11,9,0,2,4,1,0,1,3
EPL_2223_MANCHESTERCITY_FULHAM,2022-23,TRAIN,2022-11-05,Fulham,Manchester City,1,2,HOME_WIN,0,L,4,16,2,5,11,6,0,9,4,2,0,1,-1,0
EPL_2223_NOTTINGHAMFOREST_BRENTFORD,2022-23,TRAIN,2022-11-05,Nottingham Forest,Brentford,2,2,DRAW,1,D,15,6,7,2,10,11,3,3,2,2,0,0,0,1
EPL_2223_NOTTINGHAMFOREST_BRENTFORD,2022-23,TRAIN,2022-11-05,Brentford,Nottingham Forest,2,2,DRAW,0,D,6,15,2,7,11,10,3,3,2,2,0,0,0,1
EPL_2223_WOLVERHAMPTONWANDERERS_BRIGHTONHOVEALBION,2022-23,TRAIN,2022-11-05,Wolverhampton Wanderers,Brighton & Hove Albion,2,3,AWAY_WIN,1,L,8,19,5,8,15,11,4,9,2,0,1,0,-1,0
EPL_2223_WOLVERHAMPTONWANDERERS_BRIGHTONHOVEALBION,2022-23,TRAIN,2022-11-05,Brighton & Hove Albion,Wolverhampton Wanderers,3,2,AWAY_WIN,0,W,19,8,8,5,11,15,9,4,0,2,0,1,1,3
EPL_2223_ASTONVILLA_MANCHESTERUNITED,2022-23,TRAIN,2022-11-06,Aston Villa,Manchester United,3,1,HOME_WIN,1,W,6,8,4,3,6,12,3,5,3,3,0,0,2,3
EPL_2223_ASTONVILLA_MANCHESTERUNITED,2022-23,TRAIN,2022-11-06,Manchester United,Aston Villa,1,3,HOME_WIN,0,L,8,6,3,4,12,6,5,3,3,3,0,0,-2,0
EPL_2223_CHELSEA_ARSENAL,2022-23,TRAIN,2022-11-06,Chelsea,Arsenal,0,1,AWAY_WIN,1,L,5,14,1,2,20,13,4,6,5,2,0,0,-1,0
EPL_2223_CHELSEA_ARSENAL,2022-23,TRAIN,2022-11-06,Arsenal,Chelsea,1,0,AWAY_WIN,0,W,14,5,2,1,13,20,6,4,2,5,0,0,1,3
EPL_2223_SOUTHAMPTON_NEWCASTLEUNITED,2022-23,TRAIN,2022-11-06,Southampton,Newcastle United,1,4,AWAY_WIN,1,L,16,7,5,4,7,10,8,2,1,0,0,0,-3,0
EPL_2223_SOUTHAMPTON_NEWCASTLEUNITED,2022-23,TRAIN,2022-11-06,Newcastle United,Southampton,4,1,AWAY_WIN,0,W,7,16,4,5,10,7,2,8,0,1,0,0,3,3
EPL_2223_TOTTENHAMHOTSPUR_LIVERPOOL,2022-23,TRAIN,2022-11-06,Tottenham Hotspur,Liverpool,1,2,AWAY_WIN,1,L,14,13,5,6,10,8,5,3,0,0,0,0,-1,0
EPL_2223_TOTTENHAMHOTSPUR_LIVERPOOL,2022-23,TRAIN,2022-11-06,Liverpool,Tottenham Hotspur,2,1,AWAY_WIN,0,W,13,14,6,5,8,10,3,5,0,0,0,0,1,3
EPL_2223_WESTHAMUNITED_CRYSTALPALACE,2022-23,TRAIN,2022-11-06,West Ham United,Crystal Palace,1,2,AWAY_WIN,1,L,5,15,2,6,10,7,2,5,1,1,0,0,-1,0
EPL_2223_WESTHAMUNITED_CRYSTALPALACE,2022-23,TRAIN,2022-11-06,Crystal Palace,West Ham United,2,1,AWAY_WIN,0,W,15,5,6,2,7,10,5,2,1,1,0,0,1,3
EPL_2223_BOURNEMOUTH_EVERTON,2022-23,TRAIN,2022-11-12,Bournemouth,Everton,3,0,HOME_WIN,1,W,16,15,9,3,12,8,3,5,2,0,0,0,3,3
EPL_2223_BOURNEMOUTH_EVERTON,2022-23,TRAIN,2022-11-12,Everton,Bournemouth,0,3,HOME_WIN,0,L,15,16,3,9,8,12,5,3,0,2,0,0,-3,0
EPL_2223_LIVERPOOL_SOUTHAMPTON,2022-23,TRAIN,2022-11-12,Liverpool,Southampton,3,1,HOME_WIN,1,W,15,9,7,5,8,8,6,0,0,2,0,0,2,3
EPL_2223_LIVERPOOL_SOUTHAMPTON,2022-23,TRAIN,2022-11-12,Southampton,Liverpool,1,3,HOME_WIN,0,L,9,15,5,7,8,8,0,6,2,0,0,0,-2,0
EPL_2223_MANCHESTERCITY_BRENTFORD,2022-23,TRAIN,2022-11-12,Manchester City,Brentford,1,2,AWAY_WIN,1,L,29,10,6,8,9,7,10,2,2,2,0,0,-1,0
EPL_2223_MANCHESTERCITY_BRENTFORD,2022-23,TRAIN,2022-11-12,Brentford,Manchester City,2,1,AWAY_WIN,0,W,10,29,8,6,7,9,2,10,2,2,0,0,1,3
EPL_2223_NEWCASTLEUNITED_CHELSEA,2022-23,TRAIN,2022-11-12,Newcastle United,Chelsea,1,0,HOME_WIN,1,W,10,5,3,2,14,11,5,3,3,2,0,0,1,3
EPL_2223_NEWCASTLEUNITED_CHELSEA,2022-23,TRAIN,2022-11-12,Chelsea,Newcastle United,0,1,HOME_WIN,0,L,5,10,2,3,11,14,3,5,2,3,0,0,-1,0
EPL_2223_NOTTINGHAMFOREST_CRYSTALPALACE,2022-23,TRAIN,2022-11-12,Nottingham Forest,Crystal Palace,1,0,HOME_WIN,1,W,9,8,2,0,11,13,1,5,1,4,0,0,1,3
EPL_2223_NOTTINGHAMFOREST_CRYSTALPALACE,2022-23,TRAIN,2022-11-12,Crystal Palace,Nottingham Forest,0,1,HOME_WIN,0,L,8,9,0,2,13,11,5,1,4,1,0,0,-1,0
EPL_2223_TOTTENHAMHOTSPUR_LEEDSUNITED,2022-23,TRAIN,2022-11-12,Tottenham Hotspur,Leeds United,4,3,HOME_WIN,1,W,14,12,8,5,8,7,9,2,1,1,0,1,1,3
EPL_2223_TOTTENHAMHOTSPUR_LEEDSUNITED,2022-23,TRAIN,2022-11-12,Leeds United,Tottenham Hotspur,3,4,HOME_WIN,0,L,12,14,5,8,7,8,2,9,1,1,1,0,-1,0
EPL_2223_WESTHAMUNITED_LEICESTERCITY,2022-23,TRAIN,2022-11-12,West Ham United,Leicester City,0,2,AWAY_WIN,1,L,18,9,6,6,9,8,7,2,3,1,0,0,-2,0
EPL_2223_WESTHAMUNITED_LEICESTERCITY,2022-23,TRAIN,2022-11-12,Leicester City,West Ham United,2,0,AWAY_WIN,0,W,9,18,6,6,8,9,2,7,1,3,0,0,2,3
EPL_2223_WOLVERHAMPTONWANDERERS_ARSENAL,2022-23,TRAIN,2022-11-12,Wolverhampton Wanderers,Arsenal,0,2,AWAY_WIN,1,L,11,14,2,4,5,6,6,4,3,2,0,0,-2,0
EPL_2223_WOLVERHAMPTONWANDERERS_ARSENAL,2022-23,TRAIN,2022-11-12,Arsenal,Wolverhampton Wanderers,2,0,AWAY_WIN,0,W,14,11,4,2,6,5,4,6,2,3,0,0,2,3
EPL_2223_BRIGHTONHOVEALBION_ASTONVILLA,2022-23,TRAIN,2022-11-13,Brighton & Hove Albion,Aston Villa,1,2,AWAY_WIN,1,L,7,8,2,2,14,11,11,4,2,7,0,0,-1,0
EPL_2223_BRIGHTONHOVEALBION_ASTONVILLA,2022-23,TRAIN,2022-11-13,Aston Villa,Brighton & Hove Albion,2,1,AWAY_WIN,0,W,8,7,2,2,11,14,4,11,7,2,0,0,1,3
EPL_2223_FULHAM_MANCHESTERUNITED,2022-23,TRAIN,2022-11-13,Fulham,Manchester United,1,2,AWAY_WIN,1,L,14,14,7,9,9,10,10,3,1,1,0,0,-1,0
EPL_2223_FULHAM_MANCHESTERUNITED,2022-23,TRAIN,2022-11-13,Manchester United,Fulham,2,1,AWAY_WIN,0,W,14,14,9,7,10,9,3,10,1,1,0,0,1,3
EPL_2223_ARSENAL_WESTHAMUNITED,2022-23,TRAIN,2022-12-26,Arsenal,West Ham United,3,1,HOME_WIN,1,W,16,8,5,4,13,17,7,5,0,2,0,0,2,3
EPL_2223_ARSENAL_WESTHAMUNITED,2022-23,TRAIN,2022-12-26,West Ham United,Arsenal,1,3,HOME_WIN,0,L,8,16,4,5,17,13,5,7,2,0,0,0,-2,0
EPL_2223_ASTONVILLA_LIVERPOOL,2022-23,TRAIN,2022-12-26,Aston Villa,Liverpool,1,3,AWAY_WIN,1,L,12,16,6,9,7,12,0,6,0,0,0,0,-2,0
EPL_2223_ASTONVILLA_LIVERPOOL,2022-23,TRAIN,2022-12-26,Liverpool,Aston Villa,3,1,AWAY_WIN,0,W,16,12,9,6,12,7,6,0,0,0,0,0,2,3
EPL_2223_BRENTFORD_TOTTENHAMHOTSPUR,2022-23,TRAIN,2022-12-26,Brentford,Tottenham Hotspur,2,2,DRAW,1,D,9,16,5,8,11,10,6,5,3,1,0,0,0,1
EPL_2223_BRENTFORD_TOTTENHAMHOTSPUR,2022-23,TRAIN,2022-12-26,Tottenham Hotspur,Brentford,2,2,DRAW,0,D,16,9,8,5,10,11,5,6,1,3,0,0,0,1
EPL_2223_CRYSTALPALACE_FULHAM,2022-23,TRAIN,2022-12-26,Crystal Palace,Fulham,0,3,AWAY_WIN,1,L,4,23,0,11,12,15,1,8,0,0,2,0,-3,0
EPL_2223_CRYSTALPALACE_FULHAM,2022-23,TRAIN,2022-12-26,Fulham,Crystal Palace,3,0,AWAY_WIN,0,W,23,4,11,0,15,12,8,1,0,0,0,2,3,3
EPL_2223_EVERTON_WOLVERHAMPTONWANDERERS,2022-23,TRAIN,2022-12-26,Everton,Wolverhampton Wanderers,1,2,AWAY_WIN,1,L,12,7,6,4,9,22,2,2,1,6,0,0,-1,0
EPL_2223_EVERTON_WOLVERHAMPTONWANDERERS,2022-23,TRAIN,2022-12-26,Wolverhampton Wanderers,Everton,2,1,AWAY_WIN,0,W,7,12,4,6,22,9,2,2,6,1,0,0,1,3
EPL_2223_LEICESTERCITY_NEWCASTLEUNITED,2022-23,TRAIN,2022-12-26,Leicester City,Newcastle United,0,3,AWAY_WIN,1,L,8,12,2,5,9,6,5,5,0,0,0,0,-3,0
EPL_2223_LEICESTERCITY_NEWCASTLEUNITED,2022-23,TRAIN,2022-12-26,Newcastle United,Leicester City,3,0,AWAY_WIN,0,W,12,8,5,2,6,9,5,5,0,0,0,0,3,3
EPL_2223_SOUTHAMPTON_BRIGHTONHOVEALBION,2022-23,TRAIN,2022-12-26,Southampton,Brighton & Hove Albion,1,3,AWAY_WIN,1,L,14,7,4,4,9,10,4,2,1,2,0,0,-2,0
EPL_2223_SOUTHAMPTON_BRIGHTONHOVEALBION,2022-23,TRAIN,2022-12-26,Brighton & Hove Albion,Southampton,3,1,AWAY_WIN,0,W,7,14,4,4,10,9,2,4,2,1,0,0,2,3
EPL_2223_CHELSEA_BOURNEMOUTH,2022-23,TRAIN,2022-12-27,Chelsea,Bournemouth,2,0,HOME_WIN,1,W,15,9,5,4,8,10,6,8,0,0,0,0,2,3
EPL_2223_CHELSEA_BOURNEMOUTH,2022-23,TRAIN,2022-12-27,Bournemouth,Chelsea,0,2,HOME_WIN,0,L,9,15,4,5,10,8,8,6,0,0,0,0,-2,0
EPL_2223_MANCHESTERUNITED_NOTTINGHAMFOREST,2022-23,TRAIN,2022-12-27,Manchester United,Nottingham Forest,3,0,HOME_WIN,1,W,17,8,8,3,13,4,9,9,3,1,0,0,3,3
EPL_2223_MANCHESTERUNITED_NOTTINGHAMFOREST,2022-23,TRAIN,2022-12-27,Nottingham Forest,Manchester United,0,3,HOME_WIN,0,L,8,17,3,8,4,13,9,9,1,3,0,0,-3,0
EPL_2223_LEEDSUNITED_MANCHESTERCITY,2022-23,TRAIN,2022-12-28,Leeds United,Manchester City,1,3,AWAY_WIN,1,L,9,26,1,9,11,14,3,5,3,3,0,0,-2,0
EPL_2223_LEEDSUNITED_MANCHESTERCITY,2022-23,TRAIN,2022-12-28,Manchester City,Leeds United,3,1,AWAY_WIN,0,W,26,9,9,1,14,11,5,3,3,3,0,0,2,3
EPL_2223_LIVERPOOL_LEICESTERCITY,2022-23,TRAIN,2022-12-30,Liverpool,Leicester City,2,1,HOME_WIN,1,W,21,7,5,2,8,15,4,5,0,1,0,0,1,3
EPL_2223_LIVERPOOL_LEICESTERCITY,2022-23,TRAIN,2022-12-30,Leicester City,Liverpool,1,2,HOME_WIN,0,L,7,21,2,5,15,8,5,4,1,0,0,0,-1,0
EPL_2223_WESTHAMUNITED_BRENTFORD,2022-23,TRAIN,2022-12-30,West Ham United,Brentford,0,2,AWAY_WIN,1,L,20,9,5,6,9,5,8,1,1,0,0,0,-2,0
EPL_2223_WESTHAMUNITED_BRENTFORD,2022-23,TRAIN,2022-12-30,Brentford,West Ham United,2,0,AWAY_WIN,0,W,9,20,6,5,5,9,1,8,0,1,0,0,2,3
EPL_2223_BOURNEMOUTH_CRYSTALPALACE,2022-23,TRAIN,2022-12-31,Bournemouth,Crystal Palace,0,2,AWAY_WIN,1,L,6,15,2,6,17,11,2,7,4,1,0,0,-2,0
EPL_2223_BOURNEMOUTH_CRYSTALPALACE,2022-23,TRAIN,2022-12-31,Crystal Palace,Bournemouth,2,0,AWAY_WIN,0,W,15,6,6,2,11,17,7,2,1,4,0,0,2,3
EPL_2223_BRIGHTONHOVEALBION_ARSENAL,2022-23,TRAIN,2022-12-31,Brighton & Hove Albion,Arsenal,2,4,AWAY_WIN,1,L,9,14,5,7,7,11,7,4,3,3,0,0,-2,0
EPL_2223_BRIGHTONHOVEALBION_ARSENAL,2022-23,TRAIN,2022-12-31,Arsenal,Brighton & Hove Albion,4,2,AWAY_WIN,0,W,14,9,7,5,11,7,4,7,3,3,0,0,2,3
EPL_2223_FULHAM_SOUTHAMPTON,2022-23,TRAIN,2022-12-31,Fulham,Southampton,2,1,HOME_WIN,1,W,8,9,2,3,8,13,4,4,0,1,0,0,1,3
EPL_2223_FULHAM_SOUTHAMPTON,2022-23,TRAIN,2022-12-31,Southampton,Fulham,1,2,HOME_WIN,0,L,9,8,3,2,13,8,4,4,1,0,0,0,-1,0
EPL_2223_MANCHESTERCITY_EVERTON,2022-23,TRAIN,2022-12-31,Manchester City,Everton,1,1,DRAW,1,D,16,2,3,1,13,14,7,1,3,4,0,0,0,1
EPL_2223_MANCHESTERCITY_EVERTON,2022-23,TRAIN,2022-12-31,Everton,Manchester City,1,1,DRAW,0,D,2,16,1,3,14,13,1,7,4,3,0,0,0,1
EPL_2223_NEWCASTLEUNITED_LEEDSUNITED,2022-23,TRAIN,2022-12-31,Newcastle United,Leeds United,0,0,DRAW,1,D,16,8,5,1,13,19,9,3,3,5,0,0,0,1
EPL_2223_NEWCASTLEUNITED_LEEDSUNITED,2022-23,TRAIN,2022-12-31,Leeds United,Newcastle United,0,0,DRAW,0,D,8,16,1,5,19,13,3,9,5,3,0,0,0,1
EPL_2223_WOLVERHAMPTONWANDERERS_MANCHESTERUNITED,2022-23,TRAIN,2022-12-31,Wolverhampton Wanderers,Manchester United,0,1,AWAY_WIN,1,L,10,16,3,6,11,11,7,5,1,3,0,0,-1,0
EPL_2223_WOLVERHAMPTONWANDERERS_MANCHESTERUNITED,2022-23,TRAIN,2022-12-31,Manchester United,Wolverhampton Wanderers,1,0,AWAY_WIN,0,W,16,10,6,3,11,11,5,7,3,1,0,0,1,3
EPL_2223_NOTTINGHAMFOREST_CHELSEA,2022-23,TRAIN,2023-01-01,Nottingham Forest,Chelsea,1,1,DRAW,1,D,12,7,5,2,16,14,1,2,2,2,0,0,0,1
EPL_2223_NOTTINGHAMFOREST_CHELSEA,2022-23,TRAIN,2023-01-01,Chelsea,Nottingham Forest,1,1,DRAW,0,D,7,12,2,5,14,16,2,1,2,2,0,0,0,1
EPL_2223_TOTTENHAMHOTSPUR_ASTONVILLA,2022-23,TRAIN,2023-01-01,Tottenham Hotspur,Aston Villa,0,2,AWAY_WIN,1,L,6,13,2,4,15,10,5,3,4,3,0,0,-2,0
EPL_2223_TOTTENHAMHOTSPUR_ASTONVILLA,2022-23,TRAIN,2023-01-01,Aston Villa,Tottenham Hotspur,2,0,AWAY_WIN,0,W,13,6,4,2,10,15,3,5,3,4,0,0,2,3
EPL_2223_BRENTFORD_LIVERPOOL,2022-23,TRAIN,2023-01-02,Brentford,Liverpool,3,1,HOME_WIN,1,W,10,16,7,6,5,8,4,9,1,3,0,0,2,3
EPL_2223_BRENTFORD_LIVERPOOL,2022-23,TRAIN,2023-01-02,Liverpool,Brentford,1,3,HOME_WIN,0,L,16,10,6,7,8,5,9,4,3,1,0,0,-2,0
EPL_2223_ARSENAL_NEWCASTLEUNITED,2022-23,TRAIN,2023-01-03,Arsenal,Newcastle United,0,0,DRAW,1,D,17,8,4,1,10,16,5,5,4,4,0,0,0,1
EPL_2223_ARSENAL_NEWCASTLEUNITED,2022-23,TRAIN,2023-01-03,Newcastle United,Arsenal,0,0,DRAW,0,D,8,17,1,4,16,10,5,5,4,4,0,0,0,1
EPL_2223_EVERTON_BRIGHTONHOVEALBION,2022-23,TRAIN,2023-01-03,Everton,Brighton & Hove Albion,1,4,AWAY_WIN,1,L,10,19,4,8,8,10,5,2,3,1,0,0,-3,0
EPL_2223_EVERTON_BRIGHTONHOVEALBION,2022-23,TRAIN,2023-01-03,Brighton & Hove Albion,Everton,4,1,AWAY_WIN,0,W,19,10,8,4,10,8,2,5,1,3,0,0,3,3
EPL_2223_LEICESTERCITY_FULHAM,2022-23,TRAIN,2023-01-03,Leicester City,Fulham,0,1,AWAY_WIN,1,L,15,11,6,2,12,11,6,3,2,6,0,0,-1,0
EPL_2223_LEICESTERCITY_FULHAM,2022-23,TRAIN,2023-01-03,Fulham,Leicester City,1,0,AWAY_WIN,0,W,11,15,2,6,11,12,3,6,6,2,0,0,1,3
EPL_2223_MANCHESTERUNITED_BOURNEMOUTH,2022-23,TRAIN,2023-01-03,Manchester United,Bournemouth,3,0,HOME_WIN,1,W,18,7,6,4,13,7,6,5,0,3,0,0,3,3
EPL_2223_MANCHESTERUNITED_BOURNEMOUTH,2022-23,TRAIN,2023-01-03,Bournemouth,Manchester United,0,3,HOME_WIN,0,L,7,18,4,6,7,13,5,6,3,0,0,0,-3,0
EPL_2223_ASTONVILLA_WOLVERHAMPTONWANDERERS,2022-23,TRAIN,2023-01-04,Aston Villa,Wolverhampton Wanderers,1,1,DRAW,1,D,13,10,4,3,6,12,7,8,1,3,0,0,0,1
EPL_2223_ASTONVILLA_WOLVERHAMPTONWANDERERS,2022-23,TRAIN,2023-01-04,Wolverhampton Wanderers,Aston Villa,1,1,DRAW,0,D,10,13,3,4,12,6,8,7,3,1,0,0,0,1
EPL_2223_CRYSTALPALACE_TOTTENHAMHOTSPUR,2022-23,TRAIN,2023-01-04,Crystal Palace,Tottenham Hotspur,0,4,AWAY_WIN,1,L,19,14,4,6,11,8,10,4,1,2,0,0,-4,0
EPL_2223_CRYSTALPALACE_TOTTENHAMHOTSPUR,2022-23,TRAIN,2023-01-04,Tottenham Hotspur,Crystal Palace,4,0,AWAY_WIN,0,W,14,19,6,4,8,11,4,10,2,1,0,0,4,3
EPL_2223_LEEDSUNITED_WESTHAMUNITED,2022-23,TRAIN,2023-01-04,Leeds United,West Ham United,2,2,DRAW,1,D,14,15,6,2,11,18,8,1,3,1,0,0,0,1
EPL_2223_LEEDSUNITED_WESTHAMUNITED,2022-23,TRAIN,2023-01-04,West Ham United,Leeds United,2,2,DRAW,0,D,15,14,2,6,18,11,1,8,1,3,0,0,0,1
EPL_2223_SOUTHAMPTON_NOTTINGHAMFOREST,2022-23,TRAIN,2023-01-04,Southampton,Nottingham Forest,0,1,AWAY_WIN,1,L,8,11,0,1,14,17,6,2,2,2,0,0,-1,0
EPL_2223_SOUTHAMPTON_NOTTINGHAMFOREST,2022-23,TRAIN,2023-01-04,Nottingham Forest,Southampton,1,0,AWAY_WIN,0,W,11,8,1,0,17,14,2,6,2,2,0,0,1,3
EPL_2223_CHELSEA_MANCHESTERCITY,2022-23,TRAIN,2023-01-05,Chelsea,Manchester City,0,1,AWAY_WIN,1,L,8,12,2,3,9,9,3,2,2,0,0,0,-1,0
EPL_2223_CHELSEA_MANCHESTERCITY,2022-23,TRAIN,2023-01-05,Manchester City,Chelsea,1,0,AWAY_WIN,0,W,12,8,3,2,9,9,2,3,0,2,0,0,1,3
EPL_2223_FULHAM_CHELSEA,2022-23,TRAIN,2023-01-12,Fulham,Chelsea,2,1,HOME_WIN,1,W,8,20,3,10,12,16,5,7,4,3,0,1,1,3
EPL_2223_FULHAM_CHELSEA,2022-23,TRAIN,2023-01-12,Chelsea,Fulham,1,2,HOME_WIN,0,L,20,8,10,3,16,12,7,5,3,4,1,0,-1,0
EPL_2223_ASTONVILLA_LEEDSUNITED,2022-23,TRAIN,2023-01-13,Aston Villa,Leeds United,2,1,HOME_WIN,1,W,11,16,5,4,12,8,0,11,2,2,0,0,1,3
EPL_2223_ASTONVILLA_LEEDSUNITED,2022-23,TRAIN,2023-01-13,Leeds United,Aston Villa,1,2,HOME_WIN,0,L,16,11,4,5,8,12,11,0,2,2,0,0,-1,0
EPL_2223_BRENTFORD_BOURNEMOUTH,2022-23,TRAIN,2023-01-14,Brentford,Bournemouth,2,0,HOME_WIN,1,W,12,7,4,2,5,9,5,3,1,1,0,0,2,3
EPL_2223_BRENTFORD_BOURNEMOUTH,2022-23,TRAIN,2023-01-14,Bournemouth,Brentford,0,2,HOME_WIN,0,L,7,12,2,4,9,5,3,5,1,1,0,0,-2,0
EPL_2223_BRIGHTONHOVEALBION_LIVERPOOL,2022-23,TRAIN,2023-01-14,Brighton & Hove Albion,Liverpool,3,0,HOME_WIN,1,W,16,6,9,2,8,15,7,1,1,3,0,0,3,3
EPL_2223_BRIGHTONHOVEALBION_LIVERPOOL,2022-23,TRAIN,2023-01-14,Liverpool,Brighton & Hove Albion,0,3,HOME_WIN,0,L,6,16,2,9,15,8,1,7,3,1,0,0,-3,0
EPL_2223_EVERTON_SOUTHAMPTON,2022-23,TRAIN,2023-01-14,Everton,Southampton,1,2,AWAY_WIN,1,L,12,13,4,5,7,19,6,4,0,3,0,0,-1,0
EPL_2223_EVERTON_SOUTHAMPTON,2022-23,TRAIN,2023-01-14,Southampton,Everton,2,1,AWAY_WIN,0,W,13,12,5,4,19,7,4,6,3,0,0,0,1,3
EPL_2223_MANCHESTERUNITED_MANCHESTERCITY,2022-23,TRAIN,2023-01-14,Manchester United,Manchester City,2,1,HOME_WIN,1,W,8,5,4,1,15,5,1,2,3,0,0,0,1,3
EPL_2223_MANCHESTERUNITED_MANCHESTERCITY,2022-23,TRAIN,2023-01-14,Manchester City,Manchester United,1,2,HOME_WIN,0,L,5,8,1,4,5,15,2,1,0,3,0,0,-1,0
EPL_2223_NOTTINGHAMFOREST_LEICESTERCITY,2022-23,TRAIN,2023-01-14,Nottingham Forest,Leicester City,2,0,HOME_WIN,1,W,15,6,5,1,11,12,3,5,1,2,0,0,2,3
EPL_2223_NOTTINGHAMFOREST_LEICESTERCITY,2022-23,TRAIN,2023-01-14,Leicester City,Nottingham Forest,0,2,HOME_WIN,0,L,6,15,1,5,12,11,5,3,2,1,0,0,-2,0
EPL_2223_WOLVERHAMPTONWANDERERS_WESTHAMUNITED,2022-23,TRAIN,2023-01-14,Wolverhampton Wanderers,West Ham United,1,0,HOME_WIN,1,W,17,16,4,4,10,7,4,3,0,2,0,0,1,3
EPL_2223_WOLVERHAMPTONWANDERERS_WESTHAMUNITED,2022-23,TRAIN,2023-01-14,West Ham United,Wolverhampton Wanderers,0,1,HOME_WIN,0,L,16,17,4,4,7,10,3,4,2,0,0,0,-1,0
EPL_2223_CHELSEA_CRYSTALPALACE,2022-23,TRAIN,2023-01-15,Chelsea,Crystal Palace,1,0,HOME_WIN,1,W,15,10,5,5,10,17,11,7,2,5,0,0,1,3
EPL_2223_CHELSEA_CRYSTALPALACE,2022-23,TRAIN,2023-01-15,Crystal Palace,Chelsea,0,1,HOME_WIN,0,L,10,15,5,5,17,10,7,11,5,2,0,0,-1,0
EPL_2223_NEWCASTLEUNITED_FULHAM,2022-23,TRAIN,2023-01-15,Newcastle United,Fulham,1,0,HOME_WIN,1,W,20,5,5,0,6,14,10,5,1,3,0,0,1,3
EPL_2223_NEWCASTLEUNITED_FULHAM,2022-23,TRAIN,2023-01-15,Fulham,Newcastle United,0,1,HOME_WIN,0,L,5,20,0,5,14,6,5,10,3,1,0,0,-1,0
EPL_2223_TOTTENHAMHOTSPUR_ARSENAL,2022-23,TRAIN,2023-01-15,Tottenham Hotspur,Arsenal,0,2,AWAY_WIN,1,L,17,14,7,5,16,15,4,3,4,2,0,0,-2,0
EPL_2223_TOTTENHAMHOTSPUR_ARSENAL,2022-23,TRAIN,2023-01-15,Arsenal,Tottenham Hotspur,2,0,AWAY_WIN,0,W,14,17,5,7,15,16,3,4,2,4,0,0,2,3
EPL_2223_CRYSTALPALACE_MANCHESTERUNITED,2022-23,TRAIN,2023-01-18,Crystal Palace,Manchester United,1,1,DRAW,1,D,10,15,5,4,9,10,3,3,1,2,0,0,0,1
EPL_2223_CRYSTALPALACE_MANCHESTERUNITED,2022-23,TRAIN,2023-01-18,Manchester United,Crystal Palace,1,1,DRAW,0,D,15,10,4,5,10,9,3,3,2,1,0,0,0,1
EPL_2223_MANCHESTERCITY_TOTTENHAMHOTSPUR,2022-23,TRAIN,2023-01-19,Manchester City,Tottenham Hotspur,4,2,HOME_WIN,1,W,16,9,6,3,10,14,8,3,1,2,0,0,2,3
EPL_2223_MANCHESTERCITY_TOTTENHAMHOTSPUR,2022-23,TRAIN,2023-01-19,Tottenham Hotspur,Manchester City,2,4,HOME_WIN,0,L,9,16,3,6,14,10,3,8,2,1,0,0,-2,0
EPL_2223_BOURNEMOUTH_NOTTINGHAMFOREST,2022-23,TRAIN,2023-01-21,Bournemouth,Nottingham Forest,1,1,DRAW,1,D,16,20,4,5,10,7,4,6,1,2,0,0,0,1
EPL_2223_BOURNEMOUTH_NOTTINGHAMFOREST,2022-23,TRAIN,2023-01-21,Nottingham Forest,Bournemouth,1,1,DRAW,0,D,20,16,5,4,7,10,6,4,2,1,0,0,0,1
EPL_2223_CRYSTALPALACE_NEWCASTLEUNITED,2022-23,TRAIN,2023-01-21,Crystal Palace,Newcastle United,0,0,DRAW,1,D,6,16,1,7,13,7,3,15,4,2,0,0,0,1
EPL_2223_CRYSTALPALACE_NEWCASTLEUNITED,2022-23,TRAIN,2023-01-21,Newcastle United,Crystal Palace,0,0,DRAW,0,D,16,6,7,1,7,13,15,3,2,4,0,0,0,1
EPL_2223_LEICESTERCITY_BRIGHTONHOVEALBION,2022-23,TRAIN,2023-01-21,Leicester City,Brighton & Hove Albion,2,2,DRAW,1,D,9,13,2,4,9,9,5,6,0,1,0,0,0,1
EPL_2223_LEICESTERCITY_BRIGHTONHOVEALBION,2022-23,TRAIN,2023-01-21,Brighton & Hove Albion,Leicester City,2,2,DRAW,0,D,13,9,4,2,9,9,6,5,1,0,0,0,0,1
EPL_2223_LIVERPOOL_CHELSEA,2022-23,TRAIN,2023-01-21,Liverpool,Chelsea,0,0,DRAW,1,D,15,11,3,2,16,9,5,5,3,1,0,0,0,1
EPL_2223_LIVERPOOL_CHELSEA,2022-23,TRAIN,2023-01-21,Chelsea,Liverpool,0,0,DRAW,0,D,11,15,2,3,9,16,5,5,1,3,0,0,0,1
EPL_2223_SOUTHAMPTON_ASTONVILLA,2022-23,TRAIN,2023-01-21,Southampton,Aston Villa,0,1,AWAY_WIN,1,L,8,16,5,5,19,9,2,2,1,2,0,0,-1,0
EPL_2223_SOUTHAMPTON_ASTONVILLA,2022-23,TRAIN,2023-01-21,Aston Villa,Southampton,1,0,AWAY_WIN,0,W,16,8,5,5,9,19,2,2,2,1,0,0,1,3
EPL_2223_WESTHAMUNITED_EVERTON,2022-23,TRAIN,2023-01-21,West Ham United,Everton,2,0,HOME_WIN,1,W,11,5,4,2,9,6,4,9,1,1,0,0,2,3
EPL_2223_WESTHAMUNITED_EVERTON,2022-23,TRAIN,2023-01-21,Everton,West Ham United,0,2,HOME_WIN,0,L,5,11,2,4,6,9,9,4,1,1,0,0,-2,0
EPL_2223_ARSENAL_MANCHESTERUNITED,2022-23,TRAIN,2023-01-22,Arsenal,Manchester United,3,2,HOME_WIN,1,W,25,6,5,4,8,9,12,4,1,2,0,0,1,3
EPL_2223_ARSENAL_MANCHESTERUNITED,2022-23,TRAIN,2023-01-22,Manchester United,Arsenal,2,3,HOME_WIN,0,L,6,25,4,5,9,8,4,12,2,1,0,0,-1,0
EPL_2223_LEEDSUNITED_BRENTFORD,2022-23,TRAIN,2023-01-22,Leeds United,Brentford,0,0,DRAW,1,D,9,6,5,0,10,18,2,3,2,2,0,0,0,1
EPL_2223_LEEDSUNITED_BRENTFORD,2022-23,TRAIN,2023-01-22,Brentford,Leeds United,0,0,DRAW,0,D,6,9,0,5,18,10,3,2,2,2,0,0,0,1
EPL_2223_MANCHESTERCITY_WOLVERHAMPTONWANDERERS,2022-23,TRAIN,2023-01-22,Manchester City,Wolverhampton Wanderers,3,0,HOME_WIN,1,W,13,10,7,1,10,10,5,7,1,2,0,0,3,3
EPL_2223_MANCHESTERCITY_WOLVERHAMPTONWANDERERS,2022-23,TRAIN,2023-01-22,Wolverhampton Wanderers,Manchester City,0,3,HOME_WIN,0,L,10,13,1,7,10,10,7,5,2,1,0,0,-3,0
EPL_2223_FULHAM_TOTTENHAMHOTSPUR,2022-23,TRAIN,2023-01-23,Fulham,Tottenham Hotspur,0,1,AWAY_WIN,1,L,10,10,5,3,10,10,3,8,1,3,0,0,-1,0
EPL_2223_FULHAM_TOTTENHAMHOTSPUR,2022-23,TRAIN,2023-01-23,Tottenham Hotspur,Fulham,1,0,AWAY_WIN,0,W,10,10,3,5,10,10,8,3,3,1,0,0,1,3
EPL_2223_CHELSEA_FULHAM,2022-23,TRAIN,2023-02-03,Chelsea,Fulham,0,0,DRAW,1,D,12,10,3,4,16,12,6,2,1,4,0,0,0,1
EPL_2223_CHELSEA_FULHAM,2022-23,TRAIN,2023-02-03,Fulham,Chelsea,0,0,DRAW,0,D,10,12,4,3,12,16,2,6,4,1,0,0,0,1
EPL_2223_ASTONVILLA_LEICESTERCITY,2022-23,TRAIN,2023-02-04,Aston Villa,Leicester City,2,4,AWAY_WIN,1,L,19,9,4,5,10,10,11,3,0,2,0,0,-2,0
EPL_2223_ASTONVILLA_LEICESTERCITY,2022-23,TRAIN,2023-02-04,Leicester City,Aston Villa,4,2,AWAY_WIN,0,W,9,19,5,4,10,10,3,11,2,0,0,0,2,3
EPL_2223_BRENTFORD_SOUTHAMPTON,2022-23,TRAIN,2023-02-04,Brentford,Southampton,3,0,HOME_WIN,1,W,14,14,4,6,10,9,4,4,1,2,0,0,3,3
EPL_2223_BRENTFORD_SOUTHAMPTON,2022-23,TRAIN,2023-02-04,Southampton,Brentford,0,3,HOME_WIN,0,L,14,14,6,4,9,10,4,4,2,1,0,0,-3,0
EPL_2223_BRIGHTONHOVEALBION_BOURNEMOUTH,2022-23,TRAIN,2023-02-04,Brighton & Hove Albion,Bournemouth,1,0,HOME_WIN,1,W,20,12,6,2,14,7,7,3,3,1,0,0,1,3
EPL_2223_BRIGHTONHOVEALBION_BOURNEMOUTH,2022-23,TRAIN,2023-02-04,Bournemouth,Brighton & Hove Albion,0,1,HOME_WIN,0,L,12,20,2,6,7,14,3,7,1,3,0,0,-1,0
EPL_2223_EVERTON_ARSENAL,2022-23,TRAIN,2023-02-04,Everton,Arsenal,1,0,HOME_WIN,1,W,12,15,4,3,13,8,7,5,4,1,0,0,1,3
EPL_2223_EVERTON_ARSENAL,2022-23,TRAIN,2023-02-04,Arsenal,Everton,0,1,HOME_WIN,0,L,15,12,3,4,8,13,5,7,1,4,0,0,-1,0
EPL_2223_MANCHESTERUNITED_CRYSTALPALACE,2022-23,TRAIN,2023-02-04,Manchester United,Crystal Palace,2,1,HOME_WIN,1,W,14,10,5,3,9,9,5,5,1,2,1,0,1,3
EPL_2223_MANCHESTERUNITED_CRYSTALPALACE,2022-23,TRAIN,2023-02-04,Crystal Palace,Manchester United,1,2,HOME_WIN,0,L,10,14,3,5,9,9,5,5,2,1,0,1,-1,0
EPL_2223_NEWCASTLEUNITED_WESTHAMUNITED,2022-23,TRAIN,2023-02-04,Newcastle United,West Ham United,1,1,DRAW,1,D,8,10,2,1,11,13,4,2,2,1,0,0,0,1
EPL_2223_NEWCASTLEUNITED_WESTHAMUNITED,2022-23,TRAIN,2023-02-04,West Ham United,Newcastle United,1,1,DRAW,0,D,10,8,1,2,13,11,2,4,1,2,0,0,0,1
EPL_2223_WOLVERHAMPTONWANDERERS_LIVERPOOL,2022-23,TRAIN,2023-02-04,Wolverhampton Wanderers,Liverpool,3,0,HOME_WIN,1,W,12,22,6,4,9,7,2,7,1,1,0,0,3,3
EPL_2223_WOLVERHAMPTONWANDERERS_LIVERPOOL,2022-23,TRAIN,2023-02-04,Liverpool,Wolverhampton Wanderers,0,3,HOME_WIN,0,L,22,12,4,6,7,9,7,2,1,1,0,0,-3,0
EPL_2223_NOTTINGHAMFOREST_LEEDSUNITED,2022-23,TRAIN,2023-02-05,Nottingham Forest,Leeds United,1,0,HOME_WIN,1,W,6,10,2,4,15,14,0,2,4,2,0,0,1,3
EPL_2223_NOTTINGHAMFOREST_LEEDSUNITED,2022-23,TRAIN,2023-02-05,Leeds United,Nottingham Forest,0,1,HOME_WIN,0,L,10,6,4,2,14,15,2,0,2,4,0,0,-1,0
EPL_2223_TOTTENHAMHOTSPUR_MANCHESTERCITY,2022-23,TRAIN,2023-02-05,Tottenham Hotspur,Manchester City,1,0,HOME_WIN,1,W,12,15,3,5,19,14,4,6,2,3,1,0,1,3
EPL_2223_TOTTENHAMHOTSPUR_MANCHESTERCITY,2022-23,TRAIN,2023-02-05,Manchester City,Tottenham Hotspur,0,1,HOME_WIN,0,L,15,12,5,3,14,19,6,4,3,2,0,1,-1,0
EPL_2223_MANCHESTERUNITED_LEEDSUNITED,2022-23,TRAIN,2023-02-08,Manchester United,Leeds United,2,2,DRAW,1,D,24,8,7,2,7,11,6,5,1,3,0,0,0,1
EPL_2223_MANCHESTERUNITED_LEEDSUNITED,2022-23,TRAIN,2023-02-08,Leeds United,Manchester United,2,2,DRAW,0,D,8,24,2,7,11,7,5,6,3,1,0,0,0,1
EPL_2223_ARSENAL_BRENTFORD,2022-23,TRAIN,2023-02-11,Arsenal,Brentford,1,1,DRAW,1,D,23,9,7,2,9,9,7,4,0,2,0,0,0,1
EPL_2223_ARSENAL_BRENTFORD,2022-23,TRAIN,2023-02-11,Brentford,Arsenal,1,1,DRAW,0,D,9,23,2,7,9,9,4,7,2,0,0,0,0,1
EPL_2223_BOURNEMOUTH_NEWCASTLEUNITED,2022-23,TRAIN,2023-02-11,Bournemouth,Newcastle United,1,1,DRAW,1,D,11,15,5,7,8,10,4,6,2,3,0,0,0,1
EPL_2223_BOURNEMOUTH_NEWCASTLEUNITED,2022-23,TRAIN,2023-02-11,Newcastle United,Bournemouth,1,1,DRAW,0,D,15,11,7,5,10,8,6,4,3,2,0,0,0,1
EPL_2223_CRYSTALPALACE_BRIGHTONHOVEALBION,2022-23,TRAIN,2023-02-11,Crystal Palace,Brighton & Hove Albion,1,1,DRAW,1,D,6,17,1,7,10,11,1,6,4,1,0,0,0,1
EPL_2223_CRYSTALPALACE_BRIGHTONHOVEALBION,2022-23,TRAIN,2023-02-11,Brighton & Hove Albion,Crystal Palace,1,1,DRAW,0,D,17,6,7,1,11,10,6,1,1,4,0,0,0,1
EPL_2223_FULHAM_NOTTINGHAMFOREST,2022-23,TRAIN,2023-02-11,Fulham,Nottingham Forest,2,0,HOME_WIN,1,W,16,10,3,1,9,11,5,4,0,1,0,0,2,3
EPL_2223_FULHAM_NOTTINGHAMFOREST,2022-23,TRAIN,2023-02-11,Nottingham Forest,Fulham,0,2,HOME_WIN,0,L,10,16,1,3,11,9,4,5,1,0,0,0,-2,0
EPL_2223_LEICESTERCITY_TOTTENHAMHOTSPUR,2022-23,TRAIN,2023-02-11,Leicester City,Tottenham Hotspur,4,1,HOME_WIN,1,W,15,11,7,4,14,9,1,5,5,2,0,0,3,3
EPL_2223_LEICESTERCITY_TOTTENHAMHOTSPUR,2022-23,TRAIN,2023-02-11,Tottenham Hotspur,Leicester City,1,4,HOME_WIN,0,L,11,15,4,7,9,14,5,1,2,5,0,0,-3,0
EPL_2223_SOUTHAMPTON_WOLVERHAMPTONWANDERERS,2022-23,TRAIN,2023-02-11,Southampton,Wolverhampton Wanderers,1,2,AWAY_WIN,1,L,17,11,2,2,12,14,5,2,2,2,0,1,-1,0
EPL_2223_SOUTHAMPTON_WOLVERHAMPTONWANDERERS,2022-23,TRAIN,2023-02-11,Wolverhampton Wanderers,Southampton,2,1,AWAY_WIN,0,W,11,17,2,2,14,12,2,5,2,2,1,0,1,3
EPL_2223_WESTHAMUNITED_CHELSEA,2022-23,TRAIN,2023-02-11,West Ham United,Chelsea,1,1,DRAW,1,D,10,12,2,4,9,11,5,6,1,1,0,0,0,1
EPL_2223_WESTHAMUNITED_CHELSEA,2022-23,TRAIN,2023-02-11,Chelsea,West Ham United,1,1,DRAW,0,D,12,10,4,2,11,9,6,5,1,1,0,0,0,1
EPL_2223_LEEDSUNITED_MANCHESTERUNITED,2022-23,TRAIN,2023-02-12,Leeds United,Manchester United,0,2,AWAY_WIN,1,L,16,11,6,5,10,13,7,3,2,1,0,0,-2,0
EPL_2223_LEEDSUNITED_MANCHESTERUNITED,2022-23,TRAIN,2023-02-12,Manchester United,Leeds United,2,0,AWAY_WIN,0,W,11,16,5,6,13,10,3,7,1,2,0,0,2,3
EPL_2223_MANCHESTERCITY_ASTONVILLA,2022-23,TRAIN,2023-02-12,Manchester City,Aston Villa,3,1,HOME_WIN,1,W,17,6,9,2,13,14,8,4,1,2,0,0,2,3
EPL_2223_MANCHESTERCITY_ASTONVILLA,2022-23,TRAIN,2023-02-12,Aston Villa,Manchester City,1,3,HOME_WIN,0,L,6,17,2,9,14,13,4,8,2,1,0,0,-2,0
EPL_2223_LIVERPOOL_EVERTON,2022-23,TRAIN,2023-02-13,Liverpool,Everton,2,0,HOME_WIN,1,W,15,6,6,1,8,16,3,3,1,3,0,0,2,3
EPL_2223_LIVERPOOL_EVERTON,2022-23,TRAIN,2023-02-13,Everton,Liverpool,0,2,HOME_WIN,0,L,6,15,1,6,16,8,3,3,3,1,0,0,-2,0
EPL_2223_ARSENAL_MANCHESTERCITY,2022-23,TRAIN,2023-02-15,Arsenal,Manchester City,1,3,AWAY_WIN,1,L,10,9,1,6,11,15,1,3,2,3,0,0,-2,0
EPL_2223_ARSENAL_MANCHESTERCITY,2022-23,TRAIN,2023-02-15,Manchester City,Arsenal,3,1,AWAY_WIN,0,W,9,10,6,1,15,11,3,1,3,2,0,0,2,3
EPL_2223_ASTONVILLA_ARSENAL,2022-23,TRAIN,2023-02-18,Aston Villa,Arsenal,2,4,AWAY_WIN,1,L,7,20,5,5,13,4,2,9,2,1,0,0,-2,0
EPL_2223_ASTONVILLA_ARSENAL,2022-23,TRAIN,2023-02-18,Arsenal,Aston Villa,4,2,AWAY_WIN,0,W,20,7,5,5,4,13,9,2,1,2,0,0,2,3
EPL_2223_BRENTFORD_CRYSTALPALACE,2022-23,TRAIN,2023-02-18,Brentford,Crystal Palace,1,1,DRAW,1,D,12,10,5,4,10,8,2,6,2,2,0,0,0,1
EPL_2223_BRENTFORD_CRYSTALPALACE,2022-23,TRAIN,2023-02-18,Crystal Palace,Brentford,1,1,DRAW,0,D,10,12,4,5,8,10,6,2,2,2,0,0,0,1
EPL_2223_BRIGHTONHOVEALBION_FULHAM,2022-23,TRAIN,2023-02-18,Brighton & Hove Albion,Fulham,0,1,AWAY_WIN,1,L,21,5,7,2,12,14,10,2,0,5,0,0,-1,0
EPL_2223_BRIGHTONHOVEALBION_FULHAM,2022-23,TRAIN,2023-02-18,Fulham,Brighton & Hove Albion,1,0,AWAY_WIN,0,W,5,21,2,7,14,12,2,10,5,0,0,0,1,3
EPL_2223_CHELSEA_SOUTHAMPTON,2022-23,TRAIN,2023-02-18,Chelsea,Southampton,0,1,AWAY_WIN,1,L,17,8,5,5,16,24,8,2,3,6,0,0,-1,0
EPL_2223_CHELSEA_SOUTHAMPTON,2022-23,TRAIN,2023-02-18,Southampton,Chelsea,1,0,AWAY_WIN,0,W,8,17,5,5,24,16,2,8,6,3,0,0,1,3
EPL_2223_EVERTON_LEEDSUNITED,2022-23,TRAIN,2023-02-18,Everton,Leeds United,1,0,HOME_WIN,1,W,15,8,6,0,8,6,6,4,2,3,0,0,1,3
EPL_2223_EVERTON_LEEDSUNITED,2022-23,TRAIN,2023-02-18,Leeds United,Everton,0,1,HOME_WIN,0,L,8,15,0,6,6,8,4,6,3,2,0,0,-1,0
EPL_2223_NEWCASTLEUNITED_LIVERPOOL,2022-23,TRAIN,2023-02-18,Newcastle United,Liverpool,0,2,AWAY_WIN,1,L,14,13,4,7,3,8,6,7,1,1,1,0,-2,0
EPL_2223_NEWCASTLEUNITED_LIVERPOOL,2022-23,TRAIN,2023-02-18,Liverpool,Newcastle United,2,0,AWAY_WIN,0,W,13,14,7,4,8,3,7,6,1,1,0,1,2,3
EPL_2223_NOTTINGHAMFOREST_MANCHESTERCITY,2022-23,TRAIN,2023-02-18,Nottingham Forest,Manchester City,1,1,DRAW,1,D,4,26,1,6,8,6,0,10,1,0,0,0,0,1
EPL_2223_NOTTINGHAMFOREST_MANCHESTERCITY,2022-23,TRAIN,2023-02-18,Manchester City,Nottingham Forest,1,1,DRAW,0,D,26,4,6,1,6,8,10,0,0,1,0,0,0,1
EPL_2223_WOLVERHAMPTONWANDERERS_BOURNEMOUTH,2022-23,TRAIN,2023-02-18,Wolverhampton Wanderers,Bournemouth,0,1,AWAY_WIN,1,L,15,5,4,1,12,10,12,2,3,3,0,0,-1,0
EPL_2223_WOLVERHAMPTONWANDERERS_BOURNEMOUTH,2022-23,TRAIN,2023-02-18,Bournemouth,Wolverhampton Wanderers,1,0,AWAY_WIN,0,W,5,15,1,4,10,12,2,12,3,3,0,0,1,3
EPL_2223_MANCHESTERUNITED_LEICESTERCITY,2022-23,TRAIN,2023-02-19,Manchester United,Leicester City,3,0,HOME_WIN,1,W,26,19,8,3,9,9,6,6,0,2,0,0,3,3
EPL_2223_MANCHESTERUNITED_LEICESTERCITY,2022-23,TRAIN,2023-02-19,Leicester City,Manchester United,0,3,HOME_WIN,0,L,19,26,3,8,9,9,6,6,2,0,0,0,-3,0
EPL_2223_TOTTENHAMHOTSPUR_WESTHAMUNITED,2022-23,TRAIN,2023-02-19,Tottenham Hotspur,West Ham United,2,0,HOME_WIN,1,W,16,6,6,1,16,10,4,7,2,1,0,0,2,3
EPL_2223_TOTTENHAMHOTSPUR_WESTHAMUNITED,2022-23,TRAIN,2023-02-19,West Ham United,Tottenham Hotspur,0,2,HOME_WIN,0,L,6,16,1,6,10,16,7,4,1,2,0,0,-2,0
EPL_2223_FULHAM_WOLVERHAMPTONWANDERERS,2022-23,TRAIN,2023-02-24,Fulham,Wolverhampton Wanderers,1,1,DRAW,1,D,10,8,5,2,12,17,4,3,2,0,0,0,0,1
EPL_2223_FULHAM_WOLVERHAMPTONWANDERERS,2022-23,TRAIN,2023-02-24,Wolverhampton Wanderers,Fulham,1,1,DRAW,0,D,8,10,2,5,17,12,3,4,0,2,0,0,0,1
EPL_2223_BOURNEMOUTH_MANCHESTERCITY,2022-23,TRAIN,2023-02-25,Bournemouth,Manchester City,1,4,AWAY_WIN,1,L,13,20,2,5,10,9,4,6,2,2,0,0,-3,0
EPL_2223_BOURNEMOUTH_MANCHESTERCITY,2022-23,TRAIN,2023-02-25,Manchester City,Bournemouth,4,1,AWAY_WIN,0,W,20,13,5,2,9,10,6,4,2,2,0,0,3,3
EPL_2223_CRYSTALPALACE_LIVERPOOL,2022-23,TRAIN,2023-02-25,Crystal Palace,Liverpool,0,0,DRAW,1,D,6,12,0,4,11,14,5,3,2,5,0,0,0,1
EPL_2223_CRYSTALPALACE_LIVERPOOL,2022-23,TRAIN,2023-02-25,Liverpool,Crystal Palace,0,0,DRAW,0,D,12,6,4,0,14,11,3,5,5,2,0,0,0,1
EPL_2223_EVERTON_ASTONVILLA,2022-23,TRAIN,2023-02-25,Everton,Aston Villa,0,2,AWAY_WIN,1,L,15,9,5,5,12,12,5,1,2,1,0,0,-2,0
EPL_2223_EVERTON_ASTONVILLA,2022-23,TRAIN,2023-02-25,Aston Villa,Everton,2,0,AWAY_WIN,0,W,9,15,5,5,12,12,1,5,1,2,0,0,2,3
EPL_2223_LEEDSUNITED_SOUTHAMPTON,2022-23,TRAIN,2023-02-25,Leeds United,Southampton,1,0,HOME_WIN,1,W,14,8,4,2,15,13,9,2,2,4,0,0,1,3
EPL_2223_LEEDSUNITED_SOUTHAMPTON,2022-23,TRAIN,2023-02-25,Southampton,Leeds United,0,1,HOME_WIN,0,L,8,14,2,4,13,15,2,9,4,2,0,0,-1,0
EPL_2223_LEICESTERCITY_ARSENAL,2022-23,TRAIN,2023-02-25,Leicester City,Arsenal,0,1,AWAY_WIN,1,L,1,10,0,2,14,9,0,8,0,1,0,0,-1,0
EPL_2223_LEICESTERCITY_ARSENAL,2022-23,TRAIN,2023-02-25,Arsenal,Leicester City,1,0,AWAY_WIN,0,W,10,1,2,0,9,14,8,0,1,0,0,0,1,3
EPL_2223_WESTHAMUNITED_NOTTINGHAMFOREST,2022-23,TRAIN,2023-02-25,West Ham United,Nottingham Forest,4,0,HOME_WIN,1,W,18,8,5,3,8,5,12,3,0,0,0,0,4,3
EPL_2223_WESTHAMUNITED_NOTTINGHAMFOREST,2022-23,TRAIN,2023-02-25,Nottingham Forest,West Ham United,0,4,HOME_WIN,0,L,8,18,3,5,5,8,3,12,0,0,0,0,-4,0
EPL_2223_TOTTENHAMHOTSPUR_CHELSEA,2022-23,TRAIN,2023-02-26,Tottenham Hotspur,Chelsea,2,0,HOME_WIN,1,W,8,10,3,2,10,10,4,4,2,3,0,0,2,3
EPL_2223_TOTTENHAMHOTSPUR_CHELSEA,2022-23,TRAIN,2023-02-26,Chelsea,Tottenham Hotspur,0,2,HOME_WIN,0,L,10,8,2,3,10,10,4,4,3,2,0,0,-2,0
EPL_2223_ARSENAL_EVERTON,2022-23,TRAIN,2023-03-01,Arsenal,Everton,4,0,HOME_WIN,1,W,15,8,5,5,5,12,5,1,0,2,0,0,4,3
EPL_2223_ARSENAL_EVERTON,2022-23,TRAIN,2023-03-01,Everton,Arsenal,0,4,HOME_WIN,0,L,8,15,5,5,12,5,1,5,2,0,0,0,-4,0
EPL_2223_LIVERPOOL_WOLVERHAMPTONWANDERERS,2022-23,TRAIN,2023-03-01,Liverpool,Wolverhampton Wanderers,2,0,HOME_WIN,1,W,15,4,6,1,13,14,5,2,2,3,0,0,2,3
EPL_2223_LIVERPOOL_WOLVERHAMPTONWANDERERS,2022-23,TRAIN,2023-03-01,Wolverhampton Wanderers,Liverpool,0,2,HOME_WIN,0,L,4,15,1,6,14,13,2,5,3,2,0,0,-2,0
EPL_2223_ARSENAL_BOURNEMOUTH,2022-23,TRAIN,2023-03-04,Arsenal,Bournemouth,3,2,HOME_WIN,1,W,31,4,9,4,6,8,17,1,0,2,0,0,1,3
EPL_2223_ARSENAL_BOURNEMOUTH,2022-23,TRAIN,2023-03-04,Bournemouth,Arsenal,2,3,HOME_WIN,0,L,4,31,4,9,8,6,1,17,2,0,0,0,-1,0
EPL_2223_ASTONVILLA_CRYSTALPALACE,2022-23,TRAIN,2023-03-04,Aston Villa,Crystal Palace,1,0,HOME_WIN,1,W,8,3,1,0,14,17,2,4,2,3,0,1,1,3
EPL_2223_ASTONVILLA_CRYSTALPALACE,2022-23,TRAIN,2023-03-04,Crystal Palace,Aston Villa,0,1,HOME_WIN,0,L,3,8,0,1,17,14,4,2,3,2,1,0,-1,0
EPL_2223_BRIGHTONHOVEALBION_WESTHAMUNITED,2022-23,TRAIN,2023-03-04,Brighton & Hove Albion,West Ham United,4,0,HOME_WIN,1,W,20,3,9,2,6,8,7,3,0,3,0,0,4,3
EPL_2223_BRIGHTONHOVEALBION_WESTHAMUNITED,2022-23,TRAIN,2023-03-04,West Ham United,Brighton & Hove Albion,0,4,HOME_WIN,0,L,3,20,2,9,8,6,3,7,3,0,0,0,-4,0
EPL_2223_CHELSEA_LEEDSUNITED,2022-23,TRAIN,2023-03-04,Chelsea,Leeds United,1,0,HOME_WIN,1,W,13,11,3,2,10,7,5,7,2,0,0,0,1,3
EPL_2223_CHELSEA_LEEDSUNITED,2022-23,TRAIN,2023-03-04,Leeds United,Chelsea,0,1,HOME_WIN,0,L,11,13,2,3,7,10,7,5,0,2,0,0,-1,0
EPL_2223_MANCHESTERCITY_NEWCASTLEUNITED,2022-23,TRAIN,2023-03-04,Manchester City,Newcastle United,2,0,HOME_WIN,1,W,11,5,3,2,8,13,8,4,2,4,0,0,2,3
EPL_2223_MANCHESTERCITY_NEWCASTLEUNITED,2022-23,TRAIN,2023-03-04,Newcastle United,Manchester City,0,2,HOME_WIN,0,L,5,11,2,3,13,8,4,8,4,2,0,0,-2,0
EPL_2223_SOUTHAMPTON_LEICESTERCITY,2022-23,TRAIN,2023-03-04,Southampton,Leicester City,1,0,HOME_WIN,1,W,11,11,5,0,12,11,3,4,4,2,0,0,1,3
EPL_2223_SOUTHAMPTON_LEICESTERCITY,2022-23,TRAIN,2023-03-04,Leicester City,Southampton,0,1,HOME_WIN,0,L,11,11,0,5,11,12,4,3,2,4,0,0,-1,0
EPL_2223_WOLVERHAMPTONWANDERERS_TOTTENHAMHOTSPUR,2022-23,TRAIN,2023-03-04,Wolverhampton Wanderers,Tottenham Hotspur,1,0,HOME_WIN,1,W,8,21,5,6,11,18,4,8,1,1,0,0,1,3
EPL_2223_WOLVERHAMPTONWANDERERS_TOTTENHAMHOTSPUR,2022-23,TRAIN,2023-03-04,Tottenham Hotspur,Wolverhampton Wanderers,0,1,HOME_WIN,0,L,21,8,6,5,18,11,8,4,1,1,0,0,-1,0
EPL_2223_LIVERPOOL_MANCHESTERUNITED,2022-23,TRAIN,2023-03-05,Liverpool,Manchester United,7,0,HOME_WIN,1,W,18,8,8,4,13,14,4,3,2,3,0,0,7,3
EPL_2223_LIVERPOOL_MANCHESTERUNITED,2022-23,TRAIN,2023-03-05,Manchester United,Liverpool,0,7,HOME_WIN,0,L,8,18,4,8,14,13,3,4,3,2,0,0,-7,0
EPL_2223_NOTTINGHAMFOREST_EVERTON,2022-23,TRAIN,2023-03-05,Nottingham Forest,Everton,2,2,DRAW,1,D,10,10,4,3,11,17,3,3,3,5,0,0,0,1
EPL_2223_NOTTINGHAMFOREST_EVERTON,2022-23,TRAIN,2023-03-05,Everton,Nottingham Forest,2,2,DRAW,0,D,10,10,3,4,17,11,3,3,5,3,0,0,0,1
EPL_2223_BRENTFORD_FULHAM,2022-23,TRAIN,2023-03-06,Brentford,Fulham,3,2,HOME_WIN,1,W,14,9,6,5,12,17,2,3,0,3,0,0,1,3
EPL_2223_BRENTFORD_FULHAM,2022-23,TRAIN,2023-03-06,Fulham,Brentford,2,3,HOME_WIN,0,L,9,14,5,6,17,12,3,2,3,0,0,0,-1,0
EPL_2223_BOURNEMOUTH_LIVERPOOL,2022-23,TRAIN,2023-03-11,Bournemouth,Liverpool,1,0,HOME_WIN,1,W,5,15,2,6,7,9,3,8,2,1,0,0,1,3
EPL_2223_BOURNEMOUTH_LIVERPOOL,2022-23,TRAIN,2023-03-11,Liverpool,Bournemouth,0,1,HOME_WIN,0,L,15,5,6,2,9,7,8,3,1,2,0,0,-1,0
EPL_2223_CRYSTALPALACE_MANCHESTERCITY,2022-23,TRAIN,2023-03-11,Crystal Palace,Manchester City,0,1,AWAY_WIN,1,L,4,14,0,4,11,17,2,6,2,2,0,0,-1,0
EPL_2223_CRYSTALPALACE_MANCHESTERCITY,2022-23,TRAIN,2023-03-11,Manchester City,Crystal Palace,1,0,AWAY_WIN,0,W,14,4,4,0,17,11,6,2,2,2,0,0,1,3
EPL_2223_EVERTON_BRENTFORD,2022-23,TRAIN,2023-03-11,Everton,Brentford,1,0,HOME_WIN,1,W,13,12,6,4,11,12,5,8,2,1,0,0,1,3
EPL_2223_EVERTON_BRENTFORD,2022-23,TRAIN,2023-03-11,Brentford,Everton,0,1,HOME_WIN,0,L,12,13,4,6,12,11,8,5,1,2,0,0,-1,0
EPL_2223_LEEDSUNITED_BRIGHTONHOVEALBION,2022-23,TRAIN,2023-03-11,Leeds United,Brighton & Hove Albion,2,2,DRAW,1,D,12,14,4,2,12,9,4,7,1,1,0,0,0,1
EPL_2223_LEEDSUNITED_BRIGHTONHOVEALBION,2022-23,TRAIN,2023-03-11,Brighton & Hove Albion,Leeds United,2,2,DRAW,0,D,14,12,2,4,9,12,7,4,1,1,0,0,0,1
EPL_2223_LEICESTERCITY_CHELSEA,2022-23,TRAIN,2023-03-11,Leicester City,Chelsea,1,3,AWAY_WIN,1,L,17,12,7,6,10,11,2,5,1,2,1,0,-2,0
EPL_2223_LEICESTERCITY_CHELSEA,2022-23,TRAIN,2023-03-11,Chelsea,Leicester City,3,1,AWAY_WIN,0,W,12,17,6,7,11,10,5,2,2,1,0,1,2,3
EPL_2223_TOTTENHAMHOTSPUR_NOTTINGHAMFOREST,2022-23,TRAIN,2023-03-11,Tottenham Hotspur,Nottingham Forest,3,1,HOME_WIN,1,W,15,9,7,5,13,13,2,10,3,1,0,0,2,3
EPL_2223_TOTTENHAMHOTSPUR_NOTTINGHAMFOREST,2022-23,TRAIN,2023-03-11,Nottingham Forest,Tottenham Hotspur,1,3,HOME_WIN,0,L,9,15,5,7,13,13,10,2,1,3,0,0,-2,0
EPL_2223_FULHAM_ARSENAL,2022-23,TRAIN,2023-03-12,Fulham,Arsenal,0,3,AWAY_WIN,1,L,12,15,2,7,10,9,4,8,0,1,0,0,-3,0
EPL_2223_FULHAM_ARSENAL,2022-23,TRAIN,2023-03-12,Arsenal,Fulham,3,0,AWAY_WIN,0,W,15,12,7,2,9,10,8,4,1,0,0,0,3,3
EPL_2223_MANCHESTERUNITED_SOUTHAMPTON,2022-23,TRAIN,2023-03-12,Manchester United,Southampton,0,0,DRAW,1,D,10,17,4,4,12,9,7,8,2,0,0,0,0,1
EPL_2223_MANCHESTERUNITED_SOUTHAMPTON,2022-23,TRAIN,2023-03-12,Southampton,Manchester United,0,0,DRAW,0,D,17,10,4,4,9,12,8,7,0,2,0,0,0,1
EPL_2223_NEWCASTLEUNITED_WOLVERHAMPTONWANDERERS,2022-23,TRAIN,2023-03-12,Newcastle United,Wolverhampton Wanderers,2,1,HOME_WIN,1,W,19,7,8,4,11,10,10,3,1,2,0,0,1,3
EPL_2223_NEWCASTLEUNITED_WOLVERHAMPTONWANDERERS,2022-23,TRAIN,2023-03-12,Wolverhampton Wanderers,Newcastle United,1,2,HOME_WIN,0,L,7,19,4,8,10,11,3,10,2,1,0,0,-1,0
EPL_2223_WESTHAMUNITED_ASTONVILLA,2022-23,TRAIN,2023-03-12,West Ham United,Aston Villa,1,1,DRAW,1,D,17,12,6,4,8,6,13,2,1,0,0,0,0,1
EPL_2223_WESTHAMUNITED_ASTONVILLA,2022-23,TRAIN,2023-03-12,Aston Villa,West Ham United,1,1,DRAW,0,D,12,17,4,6,6,8,2,13,0,1,0,0,0,1
EPL_2223_BRIGHTONHOVEALBION_CRYSTALPALACE,2022-23,TRAIN,2023-03-15,Brighton & Hove Albion,Crystal Palace,1,0,HOME_WIN,1,W,11,11,5,3,13,20,1,4,1,2,0,0,1,3
EPL_2223_BRIGHTONHOVEALBION_CRYSTALPALACE,2022-23,TRAIN,2023-03-15,Crystal Palace,Brighton & Hove Albion,0,1,HOME_WIN,0,L,11,11,3,5,20,13,4,1,2,1,0,0,-1,0
EPL_2223_SOUTHAMPTON_BRENTFORD,2022-23,TRAIN,2023-03-15,Southampton,Brentford,0,2,AWAY_WIN,1,L,7,11,1,5,14,10,3,3,1,2,0,0,-2,0
EPL_2223_SOUTHAMPTON_BRENTFORD,2022-23,TRAIN,2023-03-15,Brentford,Southampton,2,0,AWAY_WIN,0,W,11,7,5,1,10,14,3,3,2,1,0,0,2,3
EPL_2223_NOTTINGHAMFOREST_NEWCASTLEUNITED,2022-23,TRAIN,2023-03-17,Nottingham Forest,Newcastle United,1,2,AWAY_WIN,1,L,5,15,3,4,17,9,3,7,5,1,0,0,-1,0
EPL_2223_NOTTINGHAMFOREST_NEWCASTLEUNITED,2022-23,TRAIN,2023-03-17,Newcastle United,Nottingham Forest,2,1,AWAY_WIN,0,W,15,5,4,3,9,17,7,3,1,5,0,0,1,3
EPL_2223_ASTONVILLA_BOURNEMOUTH,2022-23,TRAIN,2023-03-18,Aston Villa,Bournemouth,3,0,HOME_WIN,1,W,20,10,9,3,8,13,9,6,1,4,0,0,3,3
EPL_2223_ASTONVILLA_BOURNEMOUTH,2022-23,TRAIN,2023-03-18,Bournemouth,Aston Villa,0,3,HOME_WIN,0,L,10,20,3,9,13,8,6,9,4,1,0,0,-3,0
EPL_2223_BRENTFORD_LEICESTERCITY,2022-23,TRAIN,2023-03-18,Brentford,Leicester City,1,1,DRAW,1,D,11,14,2,1,10,11,8,4,1,2,1,0,0,1
EPL_2223_BRENTFORD_LEICESTERCITY,2022-23,TRAIN,2023-03-18,Leicester City,Brentford,1,1,DRAW,0,D,14,11,1,2,11,10,4,8,2,1,0,1,0,1
EPL_2223_CHELSEA_EVERTON,2022-23,TRAIN,2023-03-18,Chelsea,Everton,2,2,DRAW,1,D,20,12,7,3,8,12,8,2,2,2,0,0,0,1
EPL_2223_CHELSEA_EVERTON,2022-23,TRAIN,2023-03-18,Everton,Chelsea,2,2,DRAW,0,D,12,20,3,7,12,8,2,8,2,2,0,0,0,1
EPL_2223_SOUTHAMPTON_TOTTENHAMHOTSPUR,2022-23,TRAIN,2023-03-18,Southampton,Tottenham Hotspur,3,3,DRAW,1,D,19,17,7,3,13,8,10,3,1,1,0,0,0,1
EPL_2223_SOUTHAMPTON_TOTTENHAMHOTSPUR,2022-23,TRAIN,2023-03-18,Tottenham Hotspur,Southampton,3,3,DRAW,0,D,17,19,3,7,8,13,3,10,1,1,0,0,0,1
EPL_2223_WOLVERHAMPTONWANDERERS_LEEDSUNITED,2022-23,TRAIN,2023-03-18,Wolverhampton Wanderers,Leeds United,2,4,AWAY_WIN,1,L,23,11,8,4,15,9,5,4,3,5,1,0,-2,0
EPL_2223_WOLVERHAMPTONWANDERERS_LEEDSUNITED,2022-23,TRAIN,2023-03-18,Leeds United,Wolverhampton Wanderers,4,2,AWAY_WIN,0,W,11,23,4,8,9,15,4,5,5,3,0,1,2,3
EPL_2223_ARSENAL_CRYSTALPALACE,2022-23,TRAIN,2023-03-19,Arsenal,Crystal Palace,4,1,HOME_WIN,1,W,15,8,5,4,8,10,5,4,0,1,0,0,3,3
EPL_2223_ARSENAL_CRYSTALPALACE,2022-23,TRAIN,2023-03-19,Crystal Palace,Arsenal,1,4,HOME_WIN,0,L,8,15,4,5,10,8,4,5,1,0,0,0,-3,0
EPL_2223_ARSENAL_LEEDSUNITED,2022-23,TRAIN,2023-04-01,Arsenal,Leeds United,4,1,HOME_WIN,1,W,13,7,6,5,11,13,4,3,0,2,0,0,3,3
EPL_2223_ARSENAL_LEEDSUNITED,2022-23,TRAIN,2023-04-01,Leeds United,Arsenal,1,4,HOME_WIN,0,L,7,13,5,6,13,11,3,4,2,0,0,0,-3,0
EPL_2223_BOURNEMOUTH_FULHAM,2022-23,TRAIN,2023-04-01,Bournemouth,Fulham,2,1,HOME_WIN,1,W,12,10,7,2,15,13,4,3,1,4,0,0,1,3
EPL_2223_BOURNEMOUTH_FULHAM,2022-23,TRAIN,2023-04-01,Fulham,Bournemouth,1,2,HOME_WIN,0,L,10,12,2,7,13,15,3,4,4,1,0,0,-1,0
EPL_2223_BRIGHTONHOVEALBION_BRENTFORD,2022-23,TRAIN,2023-04-01,Brighton & Hove Albion,Brentford,3,3,DRAW,1,D,33,7,15,5,16,10,14,0,2,1,0,0,0,1
EPL_2223_BRIGHTONHOVEALBION_BRENTFORD,2022-23,TRAIN,2023-04-01,Brentford,Brighton & Hove Albion,3,3,DRAW,0,D,7,33,5,15,10,16,0,14,1,2,0,0,0,1
EPL_2223_CHELSEA_ASTONVILLA,2022-23,TRAIN,2023-04-01,Chelsea,Aston Villa,0,2,AWAY_WIN,1,L,27,5,8,2,14,16,13,2,3,3,0,0,-2,0
EPL_2223_CHELSEA_ASTONVILLA,2022-23,TRAIN,2023-04-01,Aston Villa,Chelsea,2,0,AWAY_WIN,0,W,5,27,2,8,16,14,2,13,3,3,0,0,2,3
EPL_2223_CRYSTALPALACE_LEICESTERCITY,2022-23,TRAIN,2023-04-01,Crystal Palace,Leicester City,2,1,HOME_WIN,1,W,31,3,9,2,12,16,10,1,3,4,0,0,1,3
EPL_2223_CRYSTALPALACE_LEICESTERCITY,2022-23,TRAIN,2023-04-01,Leicester City,Crystal Palace,1,2,HOME_WIN,0,L,3,31,2,9,16,12,1,10,4,3,0,0,-1,0
EPL_2223_MANCHESTERCITY_LIVERPOOL,2022-23,TRAIN,2023-04-01,Manchester City,Liverpool,4,1,HOME_WIN,1,W,17,4,8,1,9,12,7,1,1,1,0,0,3,3
EPL_2223_MANCHESTERCITY_LIVERPOOL,2022-23,TRAIN,2023-04-01,Liverpool,Manchester City,1,4,HOME_WIN,0,L,4,17,1,8,12,9,1,7,1,1,0,0,-3,0
EPL_2223_NOTTINGHAMFOREST_WOLVERHAMPTONWANDERERS,2022-23,TRAIN,2023-04-01,Nottingham Forest,Wolverhampton Wanderers,1,1,DRAW,1,D,17,8,7,1,14,13,4,3,3,5,0,0,0,1
EPL_2223_NOTTINGHAMFOREST_WOLVERHAMPTONWANDERERS,2022-23,TRAIN,2023-04-01,Wolverhampton Wanderers,Nottingham Forest,1,1,DRAW,0,D,8,17,1,7,13,14,3,4,5,3,0,0,0,1
EPL_2223_NEWCASTLEUNITED_MANCHESTERUNITED,2022-23,TRAIN,2023-04-02,Newcastle United,Manchester United,2,0,HOME_WIN,1,W,22,6,6,1,8,12,7,4,0,0,0,0,2,3
EPL_2223_NEWCASTLEUNITED_MANCHESTERUNITED,2022-23,TRAIN,2023-04-02,Manchester United,Newcastle United,0,2,HOME_WIN,0,L,6,22,1,6,12,8,4,7,0,0,0,0,-2,0
EPL_2223_WESTHAMUNITED_SOUTHAMPTON,2022-23,TRAIN,2023-04-02,West Ham United,Southampton,1,0,HOME_WIN,1,W,12,9,2,3,10,11,5,3,0,2,0,0,1,3
EPL_2223_WESTHAMUNITED_SOUTHAMPTON,2022-23,TRAIN,2023-04-02,Southampton,West Ham United,0,1,HOME_WIN,0,L,9,12,3,2,11,10,3,5,2,0,0,0,-1,0
EPL_2223_EVERTON_TOTTENHAMHOTSPUR,2022-23,TRAIN,2023-04-03,Everton,Tottenham Hotspur,1,1,DRAW,1,D,15,8,6,2,10,14,3,3,0,3,1,1,0,1
EPL_2223_EVERTON_TOTTENHAMHOTSPUR,2022-23,TRAIN,2023-04-03,Tottenham Hotspur,Everton,1,1,DRAW,0,D,8,15,2,6,14,10,3,3,3,0,1,1,0,1
EPL_2223_BOURNEMOUTH_BRIGHTONHOVEALBION,2022-23,TRAIN,2023-04-04,Bournemouth,Brighton & Hove Albion,0,2,AWAY_WIN,1,L,14,16,3,6,11,5,5,5,1,1,0,0,-2,0
EPL_2223_BOURNEMOUTH_BRIGHTONHOVEALBION,2022-23,TRAIN,2023-04-04,Brighton & Hove Albion,Bournemouth,2,0,AWAY_WIN,0,W,16,14,6,3,5,11,5,5,1,1,0,0,2,3
EPL_2223_CHELSEA_LIVERPOOL,2022-23,TRAIN,2023-04-04,Chelsea,Liverpool,0,0,DRAW,1,D,12,7,3,4,6,17,3,5,1,4,0,0,0,1
EPL_2223_CHELSEA_LIVERPOOL,2022-23,TRAIN,2023-04-04,Liverpool,Chelsea,0,0,DRAW,0,D,7,12,4,3,17,6,5,3,4,1,0,0,0,1
EPL_2223_LEEDSUNITED_NOTTINGHAMFOREST,2022-23,TRAIN,2023-04-04,Leeds United,Nottingham Forest,2,1,HOME_WIN,1,W,21,13,6,1,11,13,11,4,1,4,0,0,1,3
EPL_2223_LEEDSUNITED_NOTTINGHAMFOREST,2022-23,TRAIN,2023-04-04,Nottingham Forest,Leeds United,1,2,HOME_WIN,0,L,13,21,1,6,13,11,4,11,4,1,0,0,-1,0
EPL_2223_LEICESTERCITY_ASTONVILLA,2022-23,TRAIN,2023-04-04,Leicester City,Aston Villa,1,2,AWAY_WIN,1,L,9,15,4,5,10,14,4,8,2,0,1,0,-1,0
EPL_2223_LEICESTERCITY_ASTONVILLA,2022-23,TRAIN,2023-04-04,Aston Villa,Leicester City,2,1,AWAY_WIN,0,W,15,9,5,4,14,10,8,4,0,2,0,1,1,3
EPL_2223_MANCHESTERUNITED_BRENTFORD,2022-23,TRAIN,2023-04-05,Manchester United,Brentford,1,0,HOME_WIN,1,W,18,6,3,1,8,13,12,3,3,2,0,0,1,3
EPL_2223_MANCHESTERUNITED_BRENTFORD,2022-23,TRAIN,2023-04-05,Brentford,Manchester United,0,1,HOME_WIN,0,L,6,18,1,3,13,8,3,12,2,3,0,0,-1,0
EPL_2223_WESTHAMUNITED_NEWCASTLEUNITED,2022-23,TRAIN,2023-04-05,West Ham United,Newcastle United,1,5,AWAY_WIN,1,L,7,15,2,8,11,12,7,6,2,1,0,0,-4,0
EPL_2223_WESTHAMUNITED_NEWCASTLEUNITED,2022-23,TRAIN,2023-04-05,Newcastle United,West Ham United,5,1,AWAY_WIN,0,W,15,7,8,2,12,11,6,7,1,2,0,0,4,3
EPL_2223_ASTONVILLA_NOTTINGHAMFOREST,2022-23,TRAIN,2023-04-08,Aston Villa,Nottingham Forest,2,0,HOME_WIN,1,W,8,6,3,2,7,17,1,8,3,4,0,0,2,3
EPL_2223_ASTONVILLA_NOTTINGHAMFOREST,2022-23,TRAIN,2023-04-08,Nottingham Forest,Aston Villa,0,2,HOME_WIN,0,L,6,8,2,3,17,7,8,1,4,3,0,0,-2,0
EPL_2223_BRENTFORD_NEWCASTLEUNITED,2022-23,TRAIN,2023-04-08,Brentford,Newcastle United,1,2,AWAY_WIN,1,L,12,10,6,4,10,15,6,5,0,0,0,0,-1,0
EPL_2223_BRENTFORD_NEWCASTLEUNITED,2022-23,TRAIN,2023-04-08,Newcastle United,Brentford,2,1,AWAY_WIN,0,W,10,12,4,6,15,10,5,6,0,0,0,0,1,3
EPL_2223_FULHAM_WESTHAMUNITED,2022-23,TRAIN,2023-04-08,Fulham,West Ham United,0,1,AWAY_WIN,1,L,16,9,3,5,10,12,11,4,1,1,0,0,-1,0
EPL_2223_FULHAM_WESTHAMUNITED,2022-23,TRAIN,2023-04-08,West Ham United,Fulham,1,0,AWAY_WIN,0,W,9,16,5,3,12,10,4,11,1,1,0,0,1,3
EPL_2223_LEICESTERCITY_BOURNEMOUTH,2022-23,TRAIN,2023-04-08,Leicester City,Bournemouth,0,1,AWAY_WIN,1,L,14,19,4,7,10,13,6,6,0,3,0,0,-1,0
EPL_2223_LEICESTERCITY_BOURNEMOUTH,2022-23,TRAIN,2023-04-08,Bournemouth,Leicester City,1,0,AWAY_WIN,0,W,19,14,7,4,13,10,6,6,3,0,0,0,1,3
EPL_2223_MANCHESTERUNITED_EVERTON,2022-23,TRAIN,2023-04-08,Manchester United,Everton,2,0,HOME_WIN,1,W,29,15,11,1,10,9,10,4,0,0,0,0,2,3
EPL_2223_MANCHESTERUNITED_EVERTON,2022-23,TRAIN,2023-04-08,Everton,Manchester United,0,2,HOME_WIN,0,L,15,29,1,11,9,10,4,10,0,0,0,0,-2,0
EPL_2223_SOUTHAMPTON_MANCHESTERCITY,2022-23,TRAIN,2023-04-08,Southampton,Manchester City,1,4,AWAY_WIN,1,L,4,13,1,8,6,10,0,10,0,2,0,0,-3,0
EPL_2223_SOUTHAMPTON_MANCHESTERCITY,2022-23,TRAIN,2023-04-08,Manchester City,Southampton,4,1,AWAY_WIN,0,W,13,4,8,1,10,6,10,0,2,0,0,0,3,3
EPL_2223_TOTTENHAMHOTSPUR_BRIGHTONHOVEALBION,2022-23,TRAIN,2023-04-08,Tottenham Hotspur,Brighton & Hove Albion,2,1,HOME_WIN,1,W,9,17,3,4,15,15,3,7,3,1,0,0,1,3
EPL_2223_TOTTENHAMHOTSPUR_BRIGHTONHOVEALBION,2022-23,TRAIN,2023-04-08,Brighton & Hove Albion,Tottenham Hotspur,1,2,HOME_WIN,0,L,17,9,4,3,15,15,7,3,1,3,0,0,-1,0
EPL_2223_WOLVERHAMPTONWANDERERS_CHELSEA,2022-23,TRAIN,2023-04-08,Wolverhampton Wanderers,Chelsea,1,0,HOME_WIN,1,W,9,13,4,1,14,10,8,8,2,5,0,0,1,3
EPL_2223_WOLVERHAMPTONWANDERERS_CHELSEA,2022-23,TRAIN,2023-04-08,Chelsea,Wolverhampton Wanderers,0,1,HOME_WIN,0,L,13,9,1,4,10,14,8,8,5,2,0,0,-1,0
EPL_2223_LEEDSUNITED_CRYSTALPALACE,2022-23,TRAIN,2023-04-09,Leeds United,Crystal Palace,1,5,AWAY_WIN,1,L,11,16,7,8,11,8,2,4,3,1,0,0,-4,0
EPL_2223_LEEDSUNITED_CRYSTALPALACE,2022-23,TRAIN,2023-04-09,Crystal Palace,Leeds United,5,1,AWAY_WIN,0,W,16,11,8,7,8,11,4,2,1,3,0,0,4,3
EPL_2223_LIVERPOOL_ARSENAL,2022-23,TRAIN,2023-04-09,Liverpool,Arsenal,2,2,DRAW,1,D,21,9,6,5,11,11,5,4,4,4,0,0,0,1
EPL_2223_LIVERPOOL_ARSENAL,2022-23,TRAIN,2023-04-09,Arsenal,Liverpool,2,2,DRAW,0,D,9,21,5,6,11,11,4,5,4,4,0,0,0,1
EPL_2223_ASTONVILLA_NEWCASTLEUNITED,2022-23,TRAIN,2023-04-15,Aston Villa,Newcastle United,3,0,HOME_WIN,1,W,16,8,6,2,13,15,7,2,1,1,0,0,3,3
EPL_2223_ASTONVILLA_NEWCASTLEUNITED,2022-23,TRAIN,2023-04-15,Newcastle United,Aston Villa,0,3,HOME_WIN,0,L,8,16,2,6,15,13,2,7,1,1,0,0,-3,0
EPL_2223_CHELSEA_BRIGHTONHOVEALBION,2022-23,TRAIN,2023-04-15,Chelsea,Brighton & Hove Albion,1,2,AWAY_WIN,1,L,8,26,2,10,11,11,2,8,2,2,0,0,-1,0
EPL_2223_CHELSEA_BRIGHTONHOVEALBION,2022-23,TRAIN,2023-04-15,Brighton & Hove Albion,Chelsea,2,1,AWAY_WIN,0,W,26,8,10,2,11,11,8,2,2,2,0,0,1,3
EPL_2223_EVERTON_FULHAM,2022-23,TRAIN,2023-04-15,Everton,Fulham,1,3,AWAY_WIN,1,L,15,21,7,7,10,6,4,8,3,2,0,0,-2,0
EPL_2223_EVERTON_FULHAM,2022-23,TRAIN,2023-04-15,Fulham,Everton,3,1,AWAY_WIN,0,W,21,15,7,7,6,10,8,4,2,3,0,0,2,3
EPL_2223_MANCHESTERCITY_LEICESTERCITY,2022-23,TRAIN,2023-04-15,Manchester City,Leicester City,3,1,HOME_WIN,1,W,12,10,4,4,8,8,6,2,1,1,0,0,2,3
EPL_2223_MANCHESTERCITY_LEICESTERCITY,2022-23,TRAIN,2023-04-15,Leicester City,Manchester City,1,3,HOME_WIN,0,L,10,12,4,4,8,8,2,6,1,1,0,0,-2,0
EPL_2223_SOUTHAMPTON_CRYSTALPALACE,2022-23,TRAIN,2023-04-15,Southampton,Crystal Palace,0,2,AWAY_WIN,1,L,11,9,4,2,6,13,6,2,3,1,0,0,-2,0
EPL_2223_SOUTHAMPTON_CRYSTALPALACE,2022-23,TRAIN,2023-04-15,Crystal Palace,Southampton,2,0,AWAY_WIN,0,W,9,11,2,4,13,6,2,6,1,3,0,0,2,3
EPL_2223_TOTTENHAMHOTSPUR_BOURNEMOUTH,2022-23,TRAIN,2023-04-15,Tottenham Hotspur,Bournemouth,2,3,AWAY_WIN,1,L,24,6,8,6,8,9,8,1,1,2,0,0,-1,0
EPL_2223_TOTTENHAMHOTSPUR_BOURNEMOUTH,2022-23,TRAIN,2023-04-15,Bournemouth,Tottenham Hotspur,3,2,AWAY_WIN,0,W,6,24,6,8,9,8,1,8,2,1,0,0,1,3
EPL_2223_WOLVERHAMPTONWANDERERS_BRENTFORD,2022-23,TRAIN,2023-04-15,Wolverhampton Wanderers,Brentford,2,0,HOME_WIN,1,W,11,10,9,3,12,8,5,2,1,1,0,0,2,3
EPL_2223_WOLVERHAMPTONWANDERERS_BRENTFORD,2022-23,TRAIN,2023-04-15,Brentford,Wolverhampton Wanderers,0,2,HOME_WIN,0,L,10,11,3,9,8,12,2,5,1,1,0,0,-2,0
EPL_2223_NOTTINGHAMFOREST_MANCHESTERUNITED,2022-23,TRAIN,2023-04-16,Nottingham Forest,Manchester United,0,2,AWAY_WIN,1,L,6,22,0,8,9,9,4,9,2,2,0,0,-2,0
EPL_2223_NOTTINGHAMFOREST_MANCHESTERUNITED,2022-23,TRAIN,2023-04-16,Manchester United,Nottingham Forest,2,0,AWAY_WIN,0,W,22,6,8,0,9,9,9,4,2,2,0,0,2,3
EPL_2223_WESTHAMUNITED_ARSENAL,2022-23,TRAIN,2023-04-16,West Ham United,Arsenal,2,2,DRAW,1,D,16,11,3,5,11,8,7,2,1,2,0,0,0,1
EPL_2223_WESTHAMUNITED_ARSENAL,2022-23,TRAIN,2023-04-16,Arsenal,West Ham United,2,2,DRAW,0,D,11,16,5,3,8,11,2,7,2,1,0,0,0,1
EPL_2223_LEEDSUNITED_LIVERPOOL,2022-23,TRAIN,2023-04-17,Leeds United,Liverpool,1,6,AWAY_WIN,1,L,13,13,3,7,6,12,4,2,0,1,0,0,-5,0
EPL_2223_LEEDSUNITED_LIVERPOOL,2022-23,TRAIN,2023-04-17,Liverpool,Leeds United,6,1,AWAY_WIN,0,W,13,13,7,3,12,6,2,4,1,0,0,0,5,3
EPL_2223_ARSENAL_SOUTHAMPTON,2022-23,TRAIN,2023-04-21,Arsenal,Southampton,3,3,DRAW,1,D,25,8,6,6,10,14,7,2,1,5,0,0,0,1
EPL_2223_ARSENAL_SOUTHAMPTON,2022-23,TRAIN,2023-04-21,Southampton,Arsenal,3,3,DRAW,0,D,8,25,6,6,14,10,2,7,5,1,0,0,0,1
EPL_2223_BRENTFORD_ASTONVILLA,2022-23,TRAIN,2023-04-22,Brentford,Aston Villa,1,1,DRAW,1,D,6,14,5,2,12,8,8,4,3,2,0,0,0,1
EPL_2223_BRENTFORD_ASTONVILLA,2022-23,TRAIN,2023-04-22,Aston Villa,Brentford,1,1,DRAW,0,D,14,6,2,5,8,12,4,8,2,3,0,0,0,1
EPL_2223_CRYSTALPALACE_EVERTON,2022-23,TRAIN,2023-04-22,Crystal Palace,Everton,0,0,DRAW,1,D,12,10,2,5,12,14,8,1,1,1,0,1,0,1
EPL_2223_CRYSTALPALACE_EVERTON,2022-23,TRAIN,2023-04-22,Everton,Crystal Palace,0,0,DRAW,0,D,10,12,5,2,14,12,1,8,1,1,1,0,0,1
EPL_2223_FULHAM_LEEDSUNITED,2022-23,TRAIN,2023-04-22,Fulham,Leeds United,2,1,HOME_WIN,1,W,12,10,5,2,10,15,8,6,1,4,0,0,1,3
EPL_2223_FULHAM_LEEDSUNITED,2022-23,TRAIN,2023-04-22,Leeds United,Fulham,1,2,HOME_WIN,0,L,10,12,2,5,15,10,6,8,4,1,0,0,-1,0
EPL_2223_LEICESTERCITY_WOLVERHAMPTONWANDERERS,2022-23,TRAIN,2023-04-22,Leicester City,Wolverhampton Wanderers,2,1,HOME_WIN,1,W,15,16,8,3,17,16,1,7,1,3,0,0,1,3
EPL_2223_LEICESTERCITY_WOLVERHAMPTONWANDERERS,2022-23,TRAIN,2023-04-22,Wolverhampton Wanderers,Leicester City,1,2,HOME_WIN,0,L,16,15,3,8,16,17,7,1,3,1,0,0,-1,0
EPL_2223_LIVERPOOL_NOTTINGHAMFOREST,2022-23,TRAIN,2023-04-22,Liverpool,Nottingham Forest,3,2,HOME_WIN,1,W,18,11,6,5,9,12,9,3,0,1,0,0,1,3
EPL_2223_LIVERPOOL_NOTTINGHAMFOREST,2022-23,TRAIN,2023-04-22,Nottingham Forest,Liverpool,2,3,HOME_WIN,0,L,11,18,5,6,12,9,3,9,1,0,0,0,-1,0
EPL_2223_BOURNEMOUTH_WESTHAMUNITED,2022-23,TRAIN,2023-04-23,Bournemouth,West Ham United,0,4,AWAY_WIN,1,L,17,18,5,10,7,8,8,5,1,2,0,0,-4,0
EPL_2223_BOURNEMOUTH_WESTHAMUNITED,2022-23,TRAIN,2023-04-23,West Ham United,Bournemouth,4,0,AWAY_WIN,0,W,18,17,10,5,8,7,5,8,2,1,0,0,4,3
EPL_2223_NEWCASTLEUNITED_TOTTENHAMHOTSPUR,2022-23,TRAIN,2023-04-23,Newcastle United,Tottenham Hotspur,6,1,HOME_WIN,1,W,25,11,8,3,7,13,9,3,0,3,0,0,5,3
EPL_2223_NEWCASTLEUNITED_TOTTENHAMHOTSPUR,2022-23,TRAIN,2023-04-23,Tottenham Hotspur,Newcastle United,1,6,HOME_WIN,0,L,11,25,3,8,13,7,3,9,3,0,0,0,-5,0
EPL_2223_ASTONVILLA_FULHAM,2022-23,TRAIN,2023-04-25,Aston Villa,Fulham,1,0,HOME_WIN,1,W,14,1,3,0,6,18,8,2,3,2,0,0,1,3
EPL_2223_ASTONVILLA_FULHAM,2022-23,TRAIN,2023-04-25,Fulham,Aston Villa,0,1,HOME_WIN,0,L,1,14,0,3,18,6,2,8,2,3,0,0,-1,0
EPL_2223_LEEDSUNITED_LEICESTERCITY,2022-23,TRAIN,2023-04-25,Leeds United,Leicester City,1,1,DRAW,1,D,13,15,3,3,14,15,3,6,4,2,0,0,0,1
EPL_2223_LEEDSUNITED_LEICESTERCITY,2022-23,TRAIN,2023-04-25,Leicester City,Leeds United,1,1,DRAW,0,D,15,13,3,3,15,14,6,3,2,4,0,0,0,1
EPL_2223_WOLVERHAMPTONWANDERERS_CRYSTALPALACE,2022-23,TRAIN,2023-04-25,Wolverhampton Wanderers,Crystal Palace,2,0,HOME_WIN,1,W,9,14,3,4,13,14,6,11,5,4,0,0,2,3
EPL_2223_WOLVERHAMPTONWANDERERS_CRYSTALPALACE,2022-23,TRAIN,2023-04-25,Crystal Palace,Wolverhampton Wanderers,0,2,HOME_WIN,0,L,14,9,4,3,14,13,11,6,4,5,0,0,-2,0
EPL_2223_CHELSEA_BRENTFORD,2022-23,TRAIN,2023-04-26,Chelsea,Brentford,0,2,AWAY_WIN,1,L,15,7,4,1,5,13,5,2,1,2,0,0,-2,0
EPL_2223_CHELSEA_BRENTFORD,2022-23,TRAIN,2023-04-26,Brentford,Chelsea,2,0,AWAY_WIN,0,W,7,15,1,4,13,5,2,5,2,1,0,0,2,3
EPL_2223_MANCHESTERCITY_ARSENAL,2022-23,TRAIN,2023-04-26,Manchester City,Arsenal,4,1,HOME_WIN,1,W,14,8,9,2,13,13,1,3,3,1,0,0,3,3
EPL_2223_MANCHESTERCITY_ARSENAL,2022-23,TRAIN,2023-04-26,Arsenal,Manchester City,1,4,HOME_WIN,0,L,8,14,2,9,13,13,3,1,1,3,0,0,-3,0
EPL_2223_NOTTINGHAMFOREST_BRIGHTONHOVEALBION,2022-23,TRAIN,2023-04-26,Nottingham Forest,Brighton & Hove Albion,3,1,HOME_WIN,1,W,12,17,5,7,7,8,2,7,2,0,0,0,2,3
EPL_2223_NOTTINGHAMFOREST_BRIGHTONHOVEALBION,2022-23,TRAIN,2023-04-26,Brighton & Hove Albion,Nottingham Forest,1,3,HOME_WIN,0,L,17,12,7,5,8,7,7,2,0,2,0,0,-2,0
EPL_2223_WESTHAMUNITED_LIVERPOOL,2022-23,TRAIN,2023-04-26,West Ham United,Liverpool,1,2,AWAY_WIN,1,L,7,20,2,4,6,8,3,6,0,0,0,0,-1,0
EPL_2223_WESTHAMUNITED_LIVERPOOL,2022-23,TRAIN,2023-04-26,Liverpool,West Ham United,2,1,AWAY_WIN,0,W,20,7,4,2,8,6,6,3,0,0,0,0,1,3
EPL_2223_EVERTON_NEWCASTLEUNITED,2022-23,TRAIN,2023-04-27,Everton,Newcastle United,1,4,AWAY_WIN,1,L,13,15,5,8,8,6,3,14,2,1,0,0,-3,0
EPL_2223_EVERTON_NEWCASTLEUNITED,2022-23,TRAIN,2023-04-27,Newcastle United,Everton,4,1,AWAY_WIN,0,W,15,13,8,5,6,8,14,3,1,2,0,0,3,3
EPL_2223_SOUTHAMPTON_BOURNEMOUTH,2022-23,TRAIN,2023-04-27,Southampton,Bournemouth,0,1,AWAY_WIN,1,L,11,16,2,2,9,11,6,4,0,3,0,0,-1,0
EPL_2223_SOUTHAMPTON_BOURNEMOUTH,2022-23,TRAIN,2023-04-27,Bournemouth,Southampton,1,0,AWAY_WIN,0,W,16,11,2,2,11,9,4,6,3,0,0,0,1,3
EPL_2223_TOTTENHAMHOTSPUR_MANCHESTERUNITED,2022-23,TRAIN,2023-04-27,Tottenham Hotspur,Manchester United,2,2,DRAW,1,D,18,17,7,8,8,7,6,8,1,2,0,0,0,1
EPL_2223_TOTTENHAMHOTSPUR_MANCHESTERUNITED,2022-23,TRAIN,2023-04-27,Manchester United,Tottenham Hotspur,2,2,DRAW,0,D,17,18,8,7,7,8,8,6,2,1,0,0,0,1
EPL_2223_BRENTFORD_NOTTINGHAMFOREST,2022-23,TRAIN,2023-04-29,Brentford,Nottingham Forest,2,1,HOME_WIN,1,W,14,5,8,3,6,13,6,0,1,2,0,0,1,3
EPL_2223_BRENTFORD_NOTTINGHAMFOREST,2022-23,TRAIN,2023-04-29,Nottingham Forest,Brentford,1,2,HOME_WIN,0,L,5,14,3,8,13,6,0,6,2,1,0,0,-1,0
EPL_2223_BRIGHTONHOVEALBION_WOLVERHAMPTONWANDERERS,2022-23,TRAIN,2023-04-29,Brighton & Hove Albion,Wolverhampton Wanderers,6,0,HOME_WIN,1,W,22,10,8,2,14,11,2,5,1,1,0,0,6,3
EPL_2223_BRIGHTONHOVEALBION_WOLVERHAMPTONWANDERERS,2022-23,TRAIN,2023-04-29,Wolverhampton Wanderers,Brighton & Hove Albion,0,6,HOME_WIN,0,L,10,22,2,8,11,14,5,2,1,1,0,0,-6,0
EPL_2223_CRYSTALPALACE_WESTHAMUNITED,2022-23,TRAIN,2023-04-29,Crystal Palace,West Ham United,4,3,HOME_WIN,1,W,16,8,6,4,9,17,8,5,1,2,0,0,1,3
EPL_2223_CRYSTALPALACE_WESTHAMUNITED,2022-23,TRAIN,2023-04-29,West Ham United,Crystal Palace,3,4,HOME_WIN,0,L,8,16,4,6,17,9,5,8,2,1,0,0,-1,0
EPL_2223_BOURNEMOUTH_LEEDSUNITED,2022-23,TRAIN,2023-04-30,Bournemouth,Leeds United,4,1,HOME_WIN,1,W,12,15,7,6,12,14,2,6,1,0,0,0,3,3
EPL_2223_BOURNEMOUTH_LEEDSUNITED,2022-23,TRAIN,2023-04-30,Leeds United,Bournemouth,1,4,HOME_WIN,0,L,15,12,6,7,14,12,6,2,0,1,0,0,-3,0
EPL_2223_FULHAM_MANCHESTERCITY,2022-23,TRAIN,2023-04-30,Fulham,Manchester City,1,2,AWAY_WIN,1,L,4,12,1,9,9,10,2,5,1,3,0,0,-1,0
EPL_2223_FULHAM_MANCHESTERCITY,2022-23,TRAIN,2023-04-30,Manchester City,Fulham,2,1,AWAY_WIN,0,W,12,4,9,1,10,9,5,2,3,1,0,0,1,3
EPL_2223_LIVERPOOL_TOTTENHAMHOTSPUR,2022-23,TRAIN,2023-04-30,Liverpool,Tottenham Hotspur,4,3,HOME_WIN,1,W,12,10,4,7,12,6,5,2,3,2,0,0,1,3
EPL_2223_LIVERPOOL_TOTTENHAMHOTSPUR,2022-23,TRAIN,2023-04-30,Tottenham Hotspur,Liverpool,3,4,HOME_WIN,0,L,10,12,7,4,6,12,2,5,2,3,0,0,-1,0
EPL_2223_MANCHESTERUNITED_ASTONVILLA,2022-23,TRAIN,2023-04-30,Manchester United,Aston Villa,1,0,HOME_WIN,1,W,14,7,6,1,16,7,1,4,2,0,0,0,1,3
EPL_2223_MANCHESTERUNITED_ASTONVILLA,2022-23,TRAIN,2023-04-30,Aston Villa,Manchester United,0,1,HOME_WIN,0,L,7,14,1,6,7,16,4,1,0,2,0,0,-1,0
EPL_2223_NEWCASTLEUNITED_SOUTHAMPTON,2022-23,TRAIN,2023-04-30,Newcastle United,Southampton,3,1,HOME_WIN,1,W,22,4,5,3,7,10,11,2,1,4,0,0,2,3
EPL_2223_NEWCASTLEUNITED_SOUTHAMPTON,2022-23,TRAIN,2023-04-30,Southampton,Newcastle United,1,3,HOME_WIN,0,L,4,22,3,5,10,7,2,11,4,1,0,0,-2,0
EPL_2223_LEICESTERCITY_EVERTON,2022-23,TRAIN,2023-05-01,Leicester City,Everton,2,2,DRAW,1,D,15,23,6,8,10,12,2,9,4,1,0,0,0,1
EPL_2223_LEICESTERCITY_EVERTON,2022-23,TRAIN,2023-05-01,Everton,Leicester City,2,2,DRAW,0,D,23,15,8,6,12,10,9,2,1,4,0,0,0,1
EPL_2223_ARSENAL_CHELSEA,2022-23,TRAIN,2023-05-02,Arsenal,Chelsea,3,1,HOME_WIN,1,W,16,7,10,4,10,10,7,2,0,2,0,0,2,3
EPL_2223_ARSENAL_CHELSEA,2022-23,TRAIN,2023-05-02,Chelsea,Arsenal,1,3,HOME_WIN,0,L,7,16,4,10,10,10,2,7,2,0,0,0,-2,0
EPL_2223_LIVERPOOL_FULHAM,2022-23,TRAIN,2023-05-03,Liverpool,Fulham,1,0,HOME_WIN,1,W,15,9,3,3,10,8,7,5,0,0,0,0,1,3
EPL_2223_LIVERPOOL_FULHAM,2022-23,TRAIN,2023-05-03,Fulham,Liverpool,0,1,HOME_WIN,0,L,9,15,3,3,8,10,5,7,0,0,0,0,-1,0
EPL_2223_MANCHESTERCITY_WESTHAMUNITED,2022-23,TRAIN,2023-05-03,Manchester City,West Ham United,3,0,HOME_WIN,1,W,16,6,7,2,8,8,6,3,0,1,0,0,3,3
EPL_2223_MANCHESTERCITY_WESTHAMUNITED,2022-23,TRAIN,2023-05-03,West Ham United,Manchester City,0,3,HOME_WIN,0,L,6,16,2,7,8,8,3,6,1,0,0,0,-3,0
EPL_2223_BRIGHTONHOVEALBION_MANCHESTERUNITED,2022-23,TRAIN,2023-05-04,Brighton & Hove Albion,Manchester United,1,0,HOME_WIN,1,W,22,16,6,5,10,14,8,6,4,4,0,0,1,3
EPL_2223_BRIGHTONHOVEALBION_MANCHESTERUNITED,2022-23,TRAIN,2023-05-04,Manchester United,Brighton & Hove Albion,0,1,HOME_WIN,0,L,16,22,5,6,14,10,6,8,4,4,0,0,-1,0
EPL_2223_BOURNEMOUTH_CHELSEA,2022-23,TRAIN,2023-05-06,Bournemouth,Chelsea,1,3,AWAY_WIN,1,L,10,11,4,5,9,11,7,7,1,3,0,0,-2,0
EPL_2223_BOURNEMOUTH_CHELSEA,2022-23,TRAIN,2023-05-06,Chelsea,Bournemouth,3,1,AWAY_WIN,0,W,11,10,5,4,11,9,7,7,3,1,0,0,2,3
EPL_2223_LIVERPOOL_BRENTFORD,2022-23,TRAIN,2023-05-06,Liverpool,Brentford,1,0,HOME_WIN,1,W,15,5,5,1,19,10,7,3,4,2,0,0,1,3
EPL_2223_LIVERPOOL_BRENTFORD,2022-23,TRAIN,2023-05-06,Brentford,Liverpool,0,1,HOME_WIN,0,L,5,15,1,5,10,19,3,7,2,4,0,0,-1,0
EPL_2223_MANCHESTERCITY_LEEDSUNITED,2022-23,TRAIN,2023-05-06,Manchester City,Leeds United,2,1,HOME_WIN,1,W,18,4,6,2,3,16,10,1,0,3,0,0,1,3
EPL_2223_MANCHESTERCITY_LEEDSUNITED,2022-23,TRAIN,2023-05-06,Leeds United,Manchester City,1,2,HOME_WIN,0,L,4,18,2,6,16,3,1,10,3,0,0,0,-1,0
EPL_2223_TOTTENHAMHOTSPUR_CRYSTALPALACE,2022-23,TRAIN,2023-05-06,Tottenham Hotspur,Crystal Palace,1,0,HOME_WIN,1,W,8,7,3,2,15,14,8,4,3,5,0,0,1,3
EPL_2223_TOTTENHAMHOTSPUR_CRYSTALPALACE,2022-23,TRAIN,2023-05-06,Crystal Palace,Tottenham Hotspur,0,1,HOME_WIN,0,L,7,8,2,3,14,15,4,8,5,3,0,0,-1,0
EPL_2223_WOLVERHAMPTONWANDERERS_ASTONVILLA,2022-23,TRAIN,2023-05-06,Wolverhampton Wanderers,Aston Villa,1,0,HOME_WIN,1,W,6,16,2,3,20,9,5,6,3,3,0,0,1,3
EPL_2223_WOLVERHAMPTONWANDERERS_ASTONVILLA,2022-23,TRAIN,2023-05-06,Aston Villa,Wolverhampton Wanderers,0,1,HOME_WIN,0,L,16,6,3,2,9,20,6,5,3,3,0,0,-1,0
EPL_2223_NEWCASTLEUNITED_ARSENAL,2022-23,TRAIN,2023-05-07,Newcastle United,Arsenal,0,2,AWAY_WIN,1,L,12,10,5,6,16,12,9,4,2,1,0,0,-2,0
EPL_2223_NEWCASTLEUNITED_ARSENAL,2022-23,TRAIN,2023-05-07,Arsenal,Newcastle United,2,0,AWAY_WIN,0,W,10,12,6,5,12,16,4,9,1,2,0,0,2,3
EPL_2223_WESTHAMUNITED_MANCHESTERUNITED,2022-23,TRAIN,2023-05-07,West Ham United,Manchester United,1,0,HOME_WIN,1,W,15,19,4,4,4,9,5,6,0,2,0,0,1,3
EPL_2223_WESTHAMUNITED_MANCHESTERUNITED,2022-23,TRAIN,2023-05-07,Manchester United,West Ham United,0,1,HOME_WIN,0,L,19,15,4,4,9,4,6,5,2,0,0,0,-1,0
EPL_2223_BRIGHTONHOVEALBION_EVERTON,2022-23,TRAIN,2023-05-08,Brighton & Hove Albion,Everton,1,5,AWAY_WIN,1,L,23,10,5,5,11,13,15,1,1,5,0,0,-4,0
EPL_2223_BRIGHTONHOVEALBION_EVERTON,2022-23,TRAIN,2023-05-08,Everton,Brighton & Hove Albion,5,1,AWAY_WIN,0,W,10,23,5,5,13,11,1,15,5,1,0,0,4,3
EPL_2223_FULHAM_LEICESTERCITY,2022-23,TRAIN,2023-05-08,Fulham,Leicester City,5,3,HOME_WIN,1,W,17,18,7,9,13,15,2,7,0,3,0,0,2,3
EPL_2223_FULHAM_LEICESTERCITY,2022-23,TRAIN,2023-05-08,Leicester City,Fulham,3,5,HOME_WIN,0,L,18,17,9,7,15,13,7,2,3,0,0,0,-2,0
EPL_2223_NOTTINGHAMFOREST_SOUTHAMPTON,2022-23,TRAIN,2023-05-08,Nottingham Forest,Southampton,4,3,HOME_WIN,1,W,9,19,4,5,16,10,2,11,1,0,0,0,1,3
EPL_2223_NOTTINGHAMFOREST_SOUTHAMPTON,2022-23,TRAIN,2023-05-08,Southampton,Nottingham Forest,3,4,HOME_WIN,0,L,19,9,5,4,10,16,11,2,0,1,0,0,-1,0
EPL_2223_ASTONVILLA_TOTTENHAMHOTSPUR,2022-23,TRAIN,2023-05-13,Aston Villa,Tottenham Hotspur,2,1,HOME_WIN,1,W,8,5,4,2,9,14,8,3,3,3,0,0,1,3
EPL_2223_ASTONVILLA_TOTTENHAMHOTSPUR,2022-23,TRAIN,2023-05-13,Tottenham Hotspur,Aston Villa,1,2,HOME_WIN,0,L,5,8,2,4,14,9,3,8,3,3,0,0,-1,0
EPL_2223_CHELSEA_NOTTINGHAMFOREST,2022-23,TRAIN,2023-05-13,Chelsea,Nottingham Forest,2,2,DRAW,1,D,14,11,6,2,13,15,2,5,3,1,0,0,0,1
EPL_2223_CHELSEA_NOTTINGHAMFOREST,2022-23,TRAIN,2023-05-13,Nottingham Forest,Chelsea,2,2,DRAW,0,D,11,14,2,6,15,13,5,2,1,3,0,0,0,1
EPL_2223_CRYSTALPALACE_BOURNEMOUTH,2022-23,TRAIN,2023-05-13,Crystal Palace,Bournemouth,2,0,HOME_WIN,1,W,17,5,5,0,5,12,11,2,0,2,0,0,2,3
EPL_2223_CRYSTALPALACE_BOURNEMOUTH,2022-23,TRAIN,2023-05-13,Bournemouth,Crystal Palace,0,2,HOME_WIN,0,L,5,17,0,5,12,5,2,11,2,0,0,0,-2,0
EPL_2223_LEEDSUNITED_NEWCASTLEUNITED,2022-23,TRAIN,2023-05-13,Leeds United,Newcastle United,2,2,DRAW,1,D,9,18,4,5,16,14,2,6,3,2,1,0,0,1
EPL_2223_LEEDSUNITED_NEWCASTLEUNITED,2022-23,TRAIN,2023-05-13,Newcastle United,Leeds United,2,2,DRAW,0,D,18,9,5,4,14,16,6,2,2,3,0,1,0,1
EPL_2223_MANCHESTERUNITED_WOLVERHAMPTONWANDERERS,2022-23,TRAIN,2023-05-13,Manchester United,Wolverhampton Wanderers,2,0,HOME_WIN,1,W,27,5,9,0,9,9,11,7,3,2,0,0,2,3
EPL_2223_MANCHESTERUNITED_WOLVERHAMPTONWANDERERS,2022-23,TRAIN,2023-05-13,Wolverhampton Wanderers,Manchester United,0,2,HOME_WIN,0,L,5,27,0,9,9,9,7,11,2,3,0,0,-2,0
EPL_2223_SOUTHAMPTON_FULHAM,2022-23,TRAIN,2023-05-13,Southampton,Fulham,0,2,AWAY_WIN,1,L,5,9,1,4,17,12,1,8,2,0,0,0,-2,0
EPL_2223_SOUTHAMPTON_FULHAM,2022-23,TRAIN,2023-05-13,Fulham,Southampton,2,0,AWAY_WIN,0,W,9,5,4,1,12,17,8,1,0,2,0,0,2,3
EPL_2223_ARSENAL_BRIGHTONHOVEALBION,2022-23,TRAIN,2023-05-14,Arsenal,Brighton & Hove Albion,0,3,AWAY_WIN,1,L,14,12,2,6,13,17,5,2,1,2,0,0,-3,0
EPL_2223_ARSENAL_BRIGHTONHOVEALBION,2022-23,TRAIN,2023-05-14,Brighton & Hove Albion,Arsenal,3,0,AWAY_WIN,0,W,12,14,6,2,17,13,2,5,2,1,0,0,3,3
EPL_2223_BRENTFORD_WESTHAMUNITED,2022-23,TRAIN,2023-05-14,Brentford,West Ham United,2,0,HOME_WIN,1,W,24,4,10,4,5,5,7,5,1,0,0,0,2,3
EPL_2223_BRENTFORD_WESTHAMUNITED,2022-23,TRAIN,2023-05-14,West Ham United,Brentford,0,2,HOME_WIN,0,L,4,24,4,10,5,5,5,7,0,1,0,0,-2,0
EPL_2223_EVERTON_MANCHESTERCITY,2022-23,TRAIN,2023-05-14,Everton,Manchester City,0,3,AWAY_WIN,1,L,7,9,3,4,12,4,8,6,1,0,0,0,-3,0
EPL_2223_EVERTON_MANCHESTERCITY,2022-23,TRAIN,2023-05-14,Manchester City,Everton,3,0,AWAY_WIN,0,W,9,7,4,3,4,12,6,8,0,1,0,0,3,3
EPL_2223_LEICESTERCITY_LIVERPOOL,2022-23,TRAIN,2023-05-15,Leicester City,Liverpool,0,3,AWAY_WIN,1,L,4,16,4,5,11,17,4,4,2,1,0,0,-3,0
EPL_2223_LEICESTERCITY_LIVERPOOL,2022-23,TRAIN,2023-05-15,Liverpool,Leicester City,3,0,AWAY_WIN,0,W,16,4,5,4,17,11,4,4,1,2,0,0,3,3
EPL_2223_NEWCASTLEUNITED_BRIGHTONHOVEALBION,2022-23,TRAIN,2023-05-18,Newcastle United,Brighton & Hove Albion,4,1,HOME_WIN,1,W,22,8,9,2,17,16,6,1,2,4,0,0,3,3
EPL_2223_NEWCASTLEUNITED_BRIGHTONHOVEALBION,2022-23,TRAIN,2023-05-18,Brighton & Hove Albion,Newcastle United,1,4,HOME_WIN,0,L,8,22,2,9,16,17,1,6,4,2,0,0,-3,0
EPL_2223_BOURNEMOUTH_MANCHESTERUNITED,2022-23,TRAIN,2023-05-20,Bournemouth,Manchester United,0,1,AWAY_WIN,1,L,10,20,4,5,6,7,3,6,1,0,0,0,-1,0
EPL_2223_BOURNEMOUTH_MANCHESTERUNITED,2022-23,TRAIN,2023-05-20,Manchester United,Bournemouth,1,0,AWAY_WIN,0,W,20,10,5,4,7,6,6,3,0,1,0,0,1,3
EPL_2223_FULHAM_CRYSTALPALACE,2022-23,TRAIN,2023-05-20,Fulham,Crystal Palace,2,2,DRAW,1,D,11,11,4,5,13,12,7,4,3,0,0,0,0,1
EPL_2223_FULHAM_CRYSTALPALACE,2022-23,TRAIN,2023-05-20,Crystal Palace,Fulham,2,2,DRAW,0,D,11,11,5,4,12,13,4,7,0,3,0,0,0,1
EPL_2223_LIVERPOOL_ASTONVILLA,2022-23,TRAIN,2023-05-20,Liverpool,Aston Villa,1,1,DRAW,1,D,10,6,5,3,16,13,9,4,3,5,0,0,0,1
EPL_2223_LIVERPOOL_ASTONVILLA,2022-23,TRAIN,2023-05-20,Aston Villa,Liverpool,1,1,DRAW,0,D,6,10,3,5,13,16,4,9,5,3,0,0,0,1
EPL_2223_NOTTINGHAMFOREST_ARSENAL,2022-23,TRAIN,2023-05-20,Nottingham Forest,Arsenal,1,0,HOME_WIN,1,W,6,11,2,3,11,12,3,6,3,2,0,0,1,3
EPL_2223_NOTTINGHAMFOREST_ARSENAL,2022-23,TRAIN,2023-05-20,Arsenal,Nottingham Forest,0,1,HOME_WIN,0,L,11,6,3,2,12,11,6,3,2,3,0,0,-1,0
EPL_2223_TOTTENHAMHOTSPUR_BRENTFORD,2022-23,TRAIN,2023-05-20,Tottenham Hotspur,Brentford,1,3,AWAY_WIN,1,L,22,11,8,4,11,9,8,2,1,1,0,0,-2,0
EPL_2223_TOTTENHAMHOTSPUR_BRENTFORD,2022-23,TRAIN,2023-05-20,Brentford,Tottenham Hotspur,3,1,AWAY_WIN,0,W,11,22,4,8,9,11,2,8,1,1,0,0,2,3
EPL_2223_WOLVERHAMPTONWANDERERS_EVERTON,2022-23,TRAIN,2023-05-20,Wolverhampton Wanderers,Everton,1,1,DRAW,1,D,13,19,5,4,18,10,1,7,5,1,0,0,0,1
EPL_2223_WOLVERHAMPTONWANDERERS_EVERTON,2022-23,TRAIN,2023-05-20,Everton,Wolverhampton Wanderers,1,1,DRAW,0,D,19,13,4,5,10,18,7,1,1,5,0,0,0,1
EPL_2223_BRIGHTONHOVEALBION_SOUTHAMPTON,2022-23,TRAIN,2023-05-21,Brighton & Hove Albion,Southampton,3,1,HOME_WIN,1,W,26,5,8,1,8,9,4,3,2,5,0,0,2,3
EPL_2223_BRIGHTONHOVEALBION_SOUTHAMPTON,2022-23,TRAIN,2023-05-21,Southampton,Brighton & Hove Albion,1,3,HOME_WIN,0,L,5,26,1,8,9,8,3,4,5,2,0,0,-2,0
EPL_2223_MANCHESTERCITY_CHELSEA,2022-23,TRAIN,2023-05-21,Manchester City,Chelsea,1,0,HOME_WIN,1,W,15,13,2,6,12,9,5,2,0,2,0,0,1,3
EPL_2223_MANCHESTERCITY_CHELSEA,2022-23,TRAIN,2023-05-21,Chelsea,Manchester City,0,1,HOME_WIN,0,L,13,15,6,2,9,12,2,5,2,0,0,0,-1,0
EPL_2223_WESTHAMUNITED_LEEDSUNITED,2022-23,TRAIN,2023-05-21,West Ham United,Leeds United,3,1,HOME_WIN,1,W,19,12,9,3,6,11,9,5,1,3,0,0,2,3
EPL_2223_WESTHAMUNITED_LEEDSUNITED,2022-23,TRAIN,2023-05-21,Leeds United,West Ham United,1,3,HOME_WIN,0,L,12,19,3,9,11,6,5,9,3,1,0,0,-2,0
EPL_2223_NEWCASTLEUNITED_LEICESTERCITY,2022-23,TRAIN,2023-05-22,Newcastle United,Leicester City,0,0,DRAW,1,D,23,1,4,1,9,5,12,1,2,0,0,0,0,1
EPL_2223_NEWCASTLEUNITED_LEICESTERCITY,2022-23,TRAIN,2023-05-22,Leicester City,Newcastle United,0,0,DRAW,0,D,1,23,1,4,5,9,1,12,0,2,0,0,0,1
EPL_2223_BRIGHTONHOVEALBION_MANCHESTERCITY,2022-23,TRAIN,2023-05-24,Brighton & Hove Albion,Manchester City,1,1,DRAW,1,D,20,13,7,4,16,11,5,1,2,1,0,0,0,1
EPL_2223_BRIGHTONHOVEALBION_MANCHESTERCITY,2022-23,TRAIN,2023-05-24,Manchester City,Brighton & Hove Albion,1,1,DRAW,0,D,13,20,4,7,11,16,1,5,1,2,0,0,0,1
EPL_2223_MANCHESTERUNITED_CHELSEA,2022-23,TRAIN,2023-05-25,Manchester United,Chelsea,4,1,HOME_WIN,1,W,18,14,9,5,12,6,3,4,1,1,0,0,3,3
EPL_2223_MANCHESTERUNITED_CHELSEA,2022-23,TRAIN,2023-05-25,Chelsea,Manchester United,1,4,HOME_WIN,0,L,14,18,5,9,6,12,4,3,1,1,0,0,-3,0
EPL_2223_ARSENAL_WOLVERHAMPTONWANDERERS,2022-23,TRAIN,2023-05-28,Arsenal,Wolverhampton Wanderers,5,0,HOME_WIN,1,W,14,6,8,0,8,11,8,4,0,0,0,0,5,3
EPL_2223_ARSENAL_WOLVERHAMPTONWANDERERS,2022-23,TRAIN,2023-05-28,Wolverhampton Wanderers,Arsenal,0,5,HOME_WIN,0,L,6,14,0,8,11,8,4,8,0,0,0,0,-5,0
EPL_2223_ASTONVILLA_BRIGHTONHOVEALBION,2022-23,TRAIN,2023-05-28,Aston Villa,Brighton & Hove Albion,2,1,HOME_WIN,1,W,12,8,5,4,15,16,4,3,4,4,0,0,1,3
EPL_2223_ASTONVILLA_BRIGHTONHOVEALBION,2022-23,TRAIN,2023-05-28,Brighton & Hove Albion,Aston Villa,1,2,HOME_WIN,0,L,8,12,4,5,16,15,3,4,4,4,0,0,-1,0
EPL_2223_BRENTFORD_MANCHESTERCITY,2022-23,TRAIN,2023-05-28,Brentford,Manchester City,1,0,HOME_WIN,1,W,11,17,4,3,12,8,3,4,4,0,0,0,1,3
EPL_2223_BRENTFORD_MANCHESTERCITY,2022-23,TRAIN,2023-05-28,Manchester City,Brentford,0,1,HOME_WIN,0,L,17,11,3,4,8,12,4,3,0,4,0,0,-1,0
EPL_2223_CHELSEA_NEWCASTLEUNITED,2022-23,TRAIN,2023-05-28,Chelsea,Newcastle United,1,1,DRAW,1,D,22,13,5,4,9,11,10,3,0,0,0,0,0,1
EPL_2223_CHELSEA_NEWCASTLEUNITED,2022-23,TRAIN,2023-05-28,Newcastle United,Chelsea,1,1,DRAW,0,D,13,22,4,5,11,9,3,10,0,0,0,0,0,1
EPL_2223_CRYSTALPALACE_NOTTINGHAMFOREST,2022-23,TRAIN,2023-05-28,Crystal Palace,Nottingham Forest,1,1,DRAW,1,D,16,7,4,4,9,13,5,4,0,2,0,0,0,1
EPL_2223_CRYSTALPALACE_NOTTINGHAMFOREST,2022-23,TRAIN,2023-05-28,Nottingham Forest,Crystal Palace,1,1,DRAW,0,D,7,16,4,4,13,9,4,5,2,0,0,0,0,1
EPL_2223_EVERTON_BOURNEMOUTH,2022-23,TRAIN,2023-05-28,Everton,Bournemouth,1,0,HOME_WIN,1,W,13,7,6,2,11,12,9,3,1,3,0,0,1,3
EPL_2223_EVERTON_BOURNEMOUTH,2022-23,TRAIN,2023-05-28,Bournemouth,Everton,0,1,HOME_WIN,0,L,7,13,2,6,12,11,3,9,3,1,0,0,-1,0
EPL_2223_LEEDSUNITED_TOTTENHAMHOTSPUR,2022-23,TRAIN,2023-05-28,Leeds United,Tottenham Hotspur,1,4,AWAY_WIN,1,L,19,11,2,7,7,5,12,3,3,0,0,0,-3,0
EPL_2223_LEEDSUNITED_TOTTENHAMHOTSPUR,2022-23,TRAIN,2023-05-28,Tottenham Hotspur,Leeds United,4,1,AWAY_WIN,0,W,11,19,7,2,5,7,3,12,0,3,0,0,3,3
EPL_2223_LEICESTERCITY_WESTHAMUNITED,2022-23,TRAIN,2023-05-28,Leicester City,West Ham United,2,1,HOME_WIN,1,W,13,16,4,3,8,10,3,5,1,1,0,0,1,3
EPL_2223_LEICESTERCITY_WESTHAMUNITED,2022-23,TRAIN,2023-05-28,West Ham United,Leicester City,1,2,HOME_WIN,0,L,16,13,3,4,10,8,5,3,1,1,0,0,-1,0
EPL_2223_MANCHESTERUNITED_FULHAM,2022-23,TRAIN,2023-05-28,Manchester United,Fulham,2,1,HOME_WIN,1,W,21,10,8,3,14,10,5,4,1,2,0,0,1,3
EPL_2223_MANCHESTERUNITED_FULHAM,2022-23,TRAIN,2023-05-28,Fulham,Manchester United,1,2,HOME_WIN,0,L,10,21,3,8,10,14,4,5,2,1,0,0,-1,0
EPL_2223_SOUTHAMPTON_LIVERPOOL,2022-23,TRAIN,2023-05-28,Southampton,Liverpool,4,4,DRAW,1,D,15,30,10,8,4,10,2,9,0,2,0,0,0,1
EPL_2223_SOUTHAMPTON_LIVERPOOL,2022-23,TRAIN,2023-05-28,Liverpool,Southampton,4,4,DRAW,0,D,30,15,8,10,10,4,9,2,2,0,0,0,0,1
EPL_2324_BURNLEY_MANCHESTERCITY,2023-24,TRAIN,2023-08-11,Burnley,Manchester City,0,3,AWAY_WIN,1,L,6,17,1,8,11,8,6,5,0,0,1,0,-3,0
EPL_2324_BURNLEY_MANCHESTERCITY,2023-24,TRAIN,2023-08-11,Manchester City,Burnley,3,0,AWAY_WIN,0,W,17,6,8,1,8,11,5,6,0,0,0,1,3,3
EPL_2324_ARSENAL_NOTTINGHAMFOREST,2023-24,TRAIN,2023-08-12,Arsenal,Nottingham Forest,2,1,HOME_WIN,1,W,15,6,7,2,12,12,8,3,2,2,0,0,1,3
EPL_2324_ARSENAL_NOTTINGHAMFOREST,2023-24,TRAIN,2023-08-12,Nottingham Forest,Arsenal,1,2,HOME_WIN,0,L,6,15,2,7,12,12,3,8,2,2,0,0,-1,0
EPL_2324_BOURNEMOUTH_WESTHAMUNITED,2023-24,TRAIN,2023-08-12,Bournemouth,West Ham United,1,1,DRAW,1,D,14,16,5,3,9,14,10,4,1,4,0,0,0,1
EPL_2324_BOURNEMOUTH_WESTHAMUNITED,2023-24,TRAIN,2023-08-12,West Ham United,Bournemouth,1,1,DRAW,0,D,16,14,3,5,14,9,4,10,4,1,0,0,0,1
EPL_2324_BRIGHTONHOVEALBION_LUTON,2023-24,TRAIN,2023-08-12,Brighton & Hove Albion,Luton,4,1,HOME_WIN,1,W,27,9,12,3,11,12,6,7,2,2,0,0,3,3
EPL_2324_BRIGHTONHOVEALBION_LUTON,2023-24,TRAIN,2023-08-12,Luton,Brighton & Hove Albion,1,4,HOME_WIN,0,L,9,27,3,12,12,11,7,6,2,2,0,0,-3,0
EPL_2324_EVERTON_FULHAM,2023-24,TRAIN,2023-08-12,Everton,Fulham,0,1,AWAY_WIN,1,L,19,9,9,2,12,6,10,4,0,2,0,0,-1,0
EPL_2324_EVERTON_FULHAM,2023-24,TRAIN,2023-08-12,Fulham,Everton,1,0,AWAY_WIN,0,W,9,19,2,9,6,12,4,10,2,0,0,0,1,3
EPL_2324_NEWCASTLEUNITED_ASTONVILLA,2023-24,TRAIN,2023-08-12,Newcastle United,Aston Villa,5,1,HOME_WIN,1,W,17,16,13,6,12,17,6,5,4,4,0,0,4,3
EPL_2324_NEWCASTLEUNITED_ASTONVILLA,2023-24,TRAIN,2023-08-12,Aston Villa,Newcastle United,1,5,HOME_WIN,0,L,16,17,6,13,17,12,5,6,4,4,0,0,-4,0
EPL_2324_SHEFFIELDUNITED_CRYSTALPALACE,2023-24,TRAIN,2023-08-12,Sheffield United,Crystal Palace,0,1,AWAY_WIN,1,L,8,24,1,8,18,11,5,5,3,0,0,0,-1,0
EPL_2324_SHEFFIELDUNITED_CRYSTALPALACE,2023-24,TRAIN,2023-08-12,Crystal Palace,Sheffield United,1,0,AWAY_WIN,0,W,24,8,8,1,11,18,5,5,0,3,0,0,1,3
EPL_2324_BRENTFORD_TOTTENHAMHOTSPUR,2023-24,TRAIN,2023-08-13,Brentford,Tottenham Hotspur,2,2,DRAW,1,D,11,18,6,6,12,13,3,6,1,4,0,0,0,1
EPL_2324_BRENTFORD_TOTTENHAMHOTSPUR,2023-24,TRAIN,2023-08-13,Tottenham Hotspur,Brentford,2,2,DRAW,0,D,18,11,6,6,13,12,6,3,4,1,0,0,0,1
EPL_2324_CHELSEA_LIVERPOOL,2023-24,TRAIN,2023-08-13,Chelsea,Liverpool,1,1,DRAW,1,D,10,13,4,1,5,12,4,4,3,3,0,0,0,1
EPL_2324_CHELSEA_LIVERPOOL,2023-24,TRAIN,2023-08-13,Liverpool,Chelsea,1,1,DRAW,0,D,13,10,1,4,12,5,4,4,3,3,0,0,0,1
EPL_2324_MANCHESTERUNITED_WOLVERHAMPTONWANDERERS,2023-24,TRAIN,2023-08-14,Manchester United,Wolverhampton Wanderers,1,0,HOME_WIN,1,W,15,23,3,6,14,10,8,7,2,3,0,0,1,3
EPL_2324_MANCHESTERUNITED_WOLVERHAMPTONWANDERERS,2023-24,TRAIN,2023-08-14,Wolverhampton Wanderers,Manchester United,0,1,HOME_WIN,0,L,23,15,6,3,10,14,7,8,3,2,0,0,-1,0
EPL_2324_NOTTINGHAMFOREST_SHEFFIELDUNITED,2023-24,TRAIN,2023-08-18,Nottingham Forest,Sheffield United,2,1,HOME_WIN,1,W,16,7,4,3,5,9,6,7,2,3,0,0,1,3
EPL_2324_NOTTINGHAMFOREST_SHEFFIELDUNITED,2023-24,TRAIN,2023-08-18,Sheffield United,Nottingham Forest,1,2,HOME_WIN,0,L,7,16,3,4,9,5,7,6,3,2,0,0,-1,0
EPL_2324_FULHAM_BRENTFORD,2023-24,TRAIN,2023-08-19,Fulham,Brentford,0,3,AWAY_WIN,1,L,10,17,2,8,13,12,5,5,2,2,1,0,-3,0
EPL_2324_FULHAM_BRENTFORD,2023-24,TRAIN,2023-08-19,Brentford,Fulham,3,0,AWAY_WIN,0,W,17,10,8,2,12,13,5,5,2,2,0,1,3,3
EPL_2324_LIVERPOOL_BOURNEMOUTH,2023-24,TRAIN,2023-08-19,Liverpool,Bournemouth,3,1,HOME_WIN,1,W,26,13,10,5,11,13,10,2,1,3,1,0,2,3
EPL_2324_LIVERPOOL_BOURNEMOUTH,2023-24,TRAIN,2023-08-19,Bournemouth,Liverpool,1,3,HOME_WIN,0,L,13,26,5,10,13,11,2,10,3,1,0,1,-2,0
EPL_2324_MANCHESTERCITY_NEWCASTLEUNITED,2023-24,TRAIN,2023-08-19,Manchester City,Newcastle United,1,0,HOME_WIN,1,W,14,7,4,1,12,11,3,0,1,5,0,0,1,3
EPL_2324_MANCHESTERCITY_NEWCASTLEUNITED,2023-24,TRAIN,2023-08-19,Newcastle United,Manchester City,0,1,HOME_WIN,0,L,7,14,1,4,11,12,0,3,5,1,0,0,-1,0
EPL_2324_TOTTENHAMHOTSPUR_MANCHESTERUNITED,2023-24,TRAIN,2023-08-19,Tottenham Hotspur,Manchester United,2,0,HOME_WIN,1,W,17,22,6,6,9,8,5,6,1,3,0,0,2,3
EPL_2324_TOTTENHAMHOTSPUR_MANCHESTERUNITED,2023-24,TRAIN,2023-08-19,Manchester United,Tottenham Hotspur,0,2,HOME_WIN,0,L,22,17,6,6,8,9,6,5,3,1,0,0,-2,0
EPL_2324_WOLVERHAMPTONWANDERERS_BRIGHTONHOVEALBION,2023-24,TRAIN,2023-08-19,Wolverhampton Wanderers,Brighton & Hove Albion,1,4,AWAY_WIN,1,L,16,16,5,8,14,11,5,3,3,6,1,0,-3,0
EPL_2324_WOLVERHAMPTONWANDERERS_BRIGHTONHOVEALBION,2023-24,TRAIN,2023-08-19,Brighton & Hove Albion,Wolverhampton Wanderers,4,1,AWAY_WIN,0,W,16,16,8,5,11,14,3,5,6,3,0,1,3,3
EPL_2324_ASTONVILLA_EVERTON,2023-24,TRAIN,2023-08-20,Aston Villa,Everton,4,0,HOME_WIN,1,W,13,9,7,2,8,12,7,6,3,4,0,0,4,3
EPL_2324_ASTONVILLA_EVERTON,2023-24,TRAIN,2023-08-20,Everton,Aston Villa,0,4,HOME_WIN,0,L,9,13,2,7,12,8,6,7,4,3,0,0,-4,0
EPL_2324_WESTHAMUNITED_CHELSEA,2023-24,TRAIN,2023-08-20,West Ham United,Chelsea,3,1,HOME_WIN,1,W,12,17,6,4,12,9,3,9,2,3,1,0,2,3
EPL_2324_WESTHAMUNITED_CHELSEA,2023-24,TRAIN,2023-08-20,Chelsea,West Ham United,1,3,HOME_WIN,0,L,17,12,4,6,9,12,9,3,3,2,0,1,-2,0
EPL_2324_CRYSTALPALACE_ARSENAL,2023-24,TRAIN,2023-08-21,Crystal Palace,Arsenal,0,1,AWAY_WIN,1,L,14,14,2,3,14,10,1,8,2,1,0,1,-1,0
EPL_2324_CRYSTALPALACE_ARSENAL,2023-24,TRAIN,2023-08-21,Arsenal,Crystal Palace,1,0,AWAY_WIN,0,W,14,14,3,2,10,14,8,1,1,2,1,0,1,3
EPL_2324_CHELSEA_LUTON,2023-24,TRAIN,2023-08-25,Chelsea,Luton,3,0,HOME_WIN,1,W,19,11,8,1,15,12,6,4,2,3,0,0,3,3
EPL_2324_CHELSEA_LUTON,2023-24,TRAIN,2023-08-25,Luton,Chelsea,0,3,HOME_WIN,0,L,11,19,1,8,12,15,4,6,3,2,0,0,-3,0
EPL_2324_ARSENAL_FULHAM,2023-24,TRAIN,2023-08-26,Arsenal,Fulham,2,2,DRAW,1,D,19,8,11,3,6,5,8,3,0,3,0,1,0,1
EPL_2324_ARSENAL_FULHAM,2023-24,TRAIN,2023-08-26,Fulham,Arsenal,2,2,DRAW,0,D,8,19,3,11,5,6,3,8,3,0,1,0,0,1
EPL_2324_BOURNEMOUTH_TOTTENHAMHOTSPUR,2023-24,TRAIN,2023-08-26,Bournemouth,Tottenham Hotspur,0,2,AWAY_WIN,1,L,11,17,3,6,18,11,6,2,1,3,0,0,-2,0
EPL_2324_BOURNEMOUTH_TOTTENHAMHOTSPUR,2023-24,TRAIN,2023-08-26,Tottenham Hotspur,Bournemouth,2,0,AWAY_WIN,0,W,17,11,6,3,11,18,2,6,3,1,0,0,2,3
EPL_2324_BRENTFORD_CRYSTALPALACE,2023-24,TRAIN,2023-08-26,Brentford,Crystal Palace,1,1,DRAW,1,D,12,15,1,5,9,15,8,6,0,0,0,0,0,1
EPL_2324_BRENTFORD_CRYSTALPALACE,2023-24,TRAIN,2023-08-26,Crystal Palace,Brentford,1,1,DRAW,0,D,15,12,5,1,15,9,6,8,0,0,0,0,0,1
EPL_2324_BRIGHTONHOVEALBION_WESTHAMUNITED,2023-24,TRAIN,2023-08-26,Brighton & Hove Albion,West Ham United,1,3,AWAY_WIN,1,L,25,12,10,3,10,9,17,4,1,3,0,0,-2,0
EPL_2324_BRIGHTONHOVEALBION_WESTHAMUNITED,2023-24,TRAIN,2023-08-26,West Ham United,Brighton & Hove Albion,3,1,AWAY_WIN,0,W,12,25,3,10,9,10,4,17,3,1,0,0,2,3
EPL_2324_EVERTON_WOLVERHAMPTONWANDERERS,2023-24,TRAIN,2023-08-26,Everton,Wolverhampton Wanderers,0,1,AWAY_WIN,1,L,15,11,7,2,10,14,7,0,3,4,0,0,-1,0
EPL_2324_EVERTON_WOLVERHAMPTONWANDERERS,2023-24,TRAIN,2023-08-26,Wolverhampton Wanderers,Everton,1,0,AWAY_WIN,0,W,11,15,2,7,14,10,0,7,4,3,0,0,1,3
EPL_2324_MANCHESTERUNITED_NOTTINGHAMFOREST,2023-24,TRAIN,2023-08-26,Manchester United,Nottingham Forest,3,2,HOME_WIN,1,W,18,9,9,4,13,11,11,3,4,4,0,1,1,3
EPL_2324_MANCHESTERUNITED_NOTTINGHAMFOREST,2023-24,TRAIN,2023-08-26,Nottingham Forest,Manchester United,2,3,HOME_WIN,0,L,9,18,4,9,11,13,3,11,4,4,1,0,-1,0
EPL_2324_BURNLEY_ASTONVILLA,2023-24,TRAIN,2023-08-27,Burnley,Aston Villa,1,3,AWAY_WIN,1,L,9,16,2,6,12,11,4,6,2,0,0,0,-2,0
EPL_2324_BURNLEY_ASTONVILLA,2023-24,TRAIN,2023-08-27,Aston Villa,Burnley,3,1,AWAY_WIN,0,W,16,9,6,2,11,12,6,4,0,2,0,0,2,3
EPL_2324_NEWCASTLEUNITED_LIVERPOOL,2023-24,TRAIN,2023-08-27,Newcastle United,Liverpool,1,2,AWAY_WIN,1,L,23,9,8,4,16,10,5,9,1,2,0,1,-1,0
EPL_2324_NEWCASTLEUNITED_LIVERPOOL,2023-24,TRAIN,2023-08-27,Liverpool,Newcastle United,2,1,AWAY_WIN,0,W,9,23,4,8,10,16,9,5,2,1,1,0,1,3
EPL_2324_SHEFFIELDUNITED_MANCHESTERCITY,2023-24,TRAIN,2023-08-27,Sheffield United,Manchester City,1,2,AWAY_WIN,1,L,6,30,2,9,11,2,1,12,3,0,0,0,-1,0
EPL_2324_SHEFFIELDUNITED_MANCHESTERCITY,2023-24,TRAIN,2023-08-27,Manchester City,Sheffield United,2,1,AWAY_WIN,0,W,30,6,9,2,2,11,12,1,0,3,0,0,1,3
EPL_2324_LUTON_WESTHAMUNITED,2023-24,TRAIN,2023-09-01,Luton,West Ham United,1,2,AWAY_WIN,1,L,16,9,1,3,8,13,9,6,1,1,0,0,-1,0
EPL_2324_LUTON_WESTHAMUNITED,2023-24,TRAIN,2023-09-01,West Ham United,Luton,2,1,AWAY_WIN,0,W,9,16,3,1,13,8,6,9,1,1,0,0,1,3
EPL_2324_BRENTFORD_BOURNEMOUTH,2023-24,TRAIN,2023-09-02,Brentford,Bournemouth,2,2,DRAW,1,D,21,12,7,5,6,13,5,2,1,2,0,0,0,1
EPL_2324_BRENTFORD_BOURNEMOUTH,2023-24,TRAIN,2023-09-02,Bournemouth,Brentford,2,2,DRAW,0,D,12,21,5,7,13,6,2,5,2,1,0,0,0,1
EPL_2324_BRIGHTONHOVEALBION_NEWCASTLEUNITED,2023-24,TRAIN,2023-09-02,Brighton & Hove Albion,Newcastle United,3,1,HOME_WIN,1,W,15,9,6,2,14,17,5,3,4,4,0,0,2,3
EPL_2324_BRIGHTONHOVEALBION_NEWCASTLEUNITED,2023-24,TRAIN,2023-09-02,Newcastle United,Brighton & Hove Albion,1,3,HOME_WIN,0,L,9,15,2,6,17,14,3,5,4,4,0,0,-2,0
EPL_2324_BURNLEY_TOTTENHAMHOTSPUR,2023-24,TRAIN,2023-09-02,Burnley,Tottenham Hotspur,2,5,AWAY_WIN,1,L,16,20,4,10,15,9,7,4,4,3,0,0,-3,0
EPL_2324_BURNLEY_TOTTENHAMHOTSPUR,2023-24,TRAIN,2023-09-02,Tottenham Hotspur,Burnley,5,2,AWAY_WIN,0,W,20,16,10,4,9,15,4,7,3,4,0,0,3,3
EPL_2324_CHELSEA_NOTTINGHAMFOREST,2023-24,TRAIN,2023-09-02,Chelsea,Nottingham Forest,0,1,AWAY_WIN,1,L,21,7,2,3,10,9,8,0,3,4,0,0,-1,0
EPL_2324_CHELSEA_NOTTINGHAMFOREST,2023-24,TRAIN,2023-09-02,Nottingham Forest,Chelsea,1,0,AWAY_WIN,0,W,7,21,3,2,9,10,0,8,4,3,0,0,1,3
EPL_2324_MANCHESTERCITY_FULHAM,2023-24,TRAIN,2023-09-02,Manchester City,Fulham,5,1,HOME_WIN,1,W,7,6,5,4,12,12,4,5,2,4,0,0,4,3
EPL_2324_MANCHESTERCITY_FULHAM,2023-24,TRAIN,2023-09-02,Fulham,Manchester City,1,5,HOME_WIN,0,L,6,7,4,5,12,12,5,4,4,2,0,0,-4,0
EPL_2324_SHEFFIELDUNITED_EVERTON,2023-24,TRAIN,2023-09-02,Sheffield United,Everton,2,2,DRAW,1,D,13,16,8,6,11,13,4,6,1,2,0,0,0,1
EPL_2324_SHEFFIELDUNITED_EVERTON,2023-24,TRAIN,2023-09-02,Everton,Sheffield United,2,2,DRAW,0,D,16,13,6,8,13,11,6,4,2,1,0,0,0,1
EPL_2324_ARSENAL_MANCHESTERUNITED,2023-24,TRAIN,2023-09-03,Arsenal,Manchester United,3,1,HOME_WIN,1,W,17,10,5,2,8,7,12,3,2,3,0,0,2,3
EPL_2324_ARSENAL_MANCHESTERUNITED,2023-24,TRAIN,2023-09-03,Manchester United,Arsenal,1,3,HOME_WIN,0,L,10,17,2,5,7,8,3,12,3,2,0,0,-2,0
EPL_2324_CRYSTALPALACE_WOLVERHAMPTONWANDERERS,2023-24,TRAIN,2023-09-03,Crystal Palace,Wolverhampton Wanderers,3,2,HOME_WIN,1,W,16,12,11,4,12,12,4,2,1,3,0,0,1,3
EPL_2324_CRYSTALPALACE_WOLVERHAMPTONWANDERERS,2023-24,TRAIN,2023-09-03,Wolverhampton Wanderers,Crystal Palace,2,3,HOME_WIN,0,L,12,16,4,11,12,12,2,4,3,1,0,0,-1,0
EPL_2324_LIVERPOOL_ASTONVILLA,2023-24,TRAIN,2023-09-03,Liverpool,Aston Villa,3,0,HOME_WIN,1,W,17,9,4,3,12,7,7,3,0,1,0,0,3,3
EPL_2324_LIVERPOOL_ASTONVILLA,2023-24,TRAIN,2023-09-03,Aston Villa,Liverpool,0,3,HOME_WIN,0,L,9,17,3,4,7,12,3,7,1,0,0,0,-3,0
EPL_2324_ASTONVILLA_CRYSTALPALACE,2023-24,TRAIN,2023-09-16,Aston Villa,Crystal Palace,3,1,HOME_WIN,1,W,16,6,5,3,13,9,4,2,5,3,0,0,2,3
EPL_2324_ASTONVILLA_CRYSTALPALACE,2023-24,TRAIN,2023-09-16,Crystal Palace,Aston Villa,1,3,HOME_WIN,0,L,6,16,3,5,9,13,2,4,3,5,0,0,-2,0
EPL_2324_FULHAM_LUTON,2023-24,TRAIN,2023-09-16,Fulham,Luton,1,0,HOME_WIN,1,W,13,7,2,2,6,14,6,2,2,2,0,0,1,3
EPL_2324_FULHAM_LUTON,2023-24,TRAIN,2023-09-16,Luton,Fulham,0,1,HOME_WIN,0,L,7,13,2,2,14,6,2,6,2,2,0,0,-1,0
EPL_2324_MANCHESTERUNITED_BRIGHTONHOVEALBION,2023-24,TRAIN,2023-09-16,Manchester United,Brighton & Hove Albion,1,3,AWAY_WIN,1,L,14,10,4,8,8,9,8,1,2,2,0,0,-2,0
EPL_2324_MANCHESTERUNITED_BRIGHTONHOVEALBION,2023-24,TRAIN,2023-09-16,Brighton & Hove Albion,Manchester United,3,1,AWAY_WIN,0,W,10,14,8,4,9,8,1,8,2,2,0,0,2,3
EPL_2324_NEWCASTLEUNITED_BRENTFORD,2023-24,TRAIN,2023-09-16,Newcastle United,Brentford,1,0,HOME_WIN,1,W,9,11,2,2,8,12,8,3,3,5,0,0,1,3
EPL_2324_NEWCASTLEUNITED_BRENTFORD,2023-24,TRAIN,2023-09-16,Brentford,Newcastle United,0,1,HOME_WIN,0,L,11,9,2,2,12,8,3,8,5,3,0,0,-1,0
EPL_2324_TOTTENHAMHOTSPUR_SHEFFIELDUNITED,2023-24,TRAIN,2023-09-16,Tottenham Hotspur,Sheffield United,2,1,HOME_WIN,1,W,28,7,10,5,13,14,15,2,6,5,0,1,1,3
EPL_2324_TOTTENHAMHOTSPUR_SHEFFIELDUNITED,2023-24,TRAIN,2023-09-16,Sheffield United,Tottenham Hotspur,1,2,HOME_WIN,0,L,7,28,5,10,14,13,2,15,5,6,1,0,-1,0
EPL_2324_WESTHAMUNITED_MANCHESTERCITY,2023-24,TRAIN,2023-09-16,West Ham United,Manchester City,1,3,AWAY_WIN,1,L,6,29,3,15,7,11,4,11,3,2,0,0,-2,0
EPL_2324_WESTHAMUNITED_MANCHESTERCITY,2023-24,TRAIN,2023-09-16,Manchester City,West Ham United,3,1,AWAY_WIN,0,W,29,6,15,3,11,7,11,4,2,3,0,0,2,3
EPL_2324_WOLVERHAMPTONWANDERERS_LIVERPOOL,2023-24,TRAIN,2023-09-16,Wolverhampton Wanderers,Liverpool,1,3,AWAY_WIN,1,L,11,16,2,6,10,4,4,4,1,3,0,0,-2,0
EPL_2324_WOLVERHAMPTONWANDERERS_LIVERPOOL,2023-24,TRAIN,2023-09-16,Liverpool,Wolverhampton Wanderers,3,1,AWAY_WIN,0,W,16,11,6,2,4,10,4,4,3,1,0,0,2,3
EPL_2324_BOURNEMOUTH_CHELSEA,2023-24,TRAIN,2023-09-17,Bournemouth,Chelsea,0,0,DRAW,1,D,13,14,4,6,15,20,1,7,1,5,0,0,0,1
EPL_2324_BOURNEMOUTH_CHELSEA,2023-24,TRAIN,2023-09-17,Chelsea,Bournemouth,0,0,DRAW,0,D,14,13,6,4,20,15,7,1,5,1,0,0,0,1
EPL_2324_EVERTON_ARSENAL,2023-24,TRAIN,2023-09-17,Everton,Arsenal,0,1,AWAY_WIN,1,L,8,13,1,4,12,10,1,11,1,1,0,0,-1,0
EPL_2324_EVERTON_ARSENAL,2023-24,TRAIN,2023-09-17,Arsenal,Everton,1,0,AWAY_WIN,0,W,13,8,4,1,10,12,11,1,1,1,0,0,1,3
EPL_2324_NOTTINGHAMFOREST_BURNLEY,2023-24,TRAIN,2023-09-18,Nottingham Forest,Burnley,1,1,DRAW,1,D,14,10,4,3,16,10,5,4,2,3,0,1,0,1
EPL_2324_NOTTINGHAMFOREST_BURNLEY,2023-24,TRAIN,2023-09-18,Burnley,Nottingham Forest,1,1,DRAW,0,D,10,14,3,4,10,16,4,5,3,2,1,0,0,1
EPL_2324_BRENTFORD_EVERTON,2023-24,TRAIN,2023-09-23,Brentford,Everton,1,3,AWAY_WIN,1,L,12,18,2,6,9,12,1,4,2,2,0,0,-2,0
EPL_2324_BRENTFORD_EVERTON,2023-24,TRAIN,2023-09-23,Everton,Brentford,3,1,AWAY_WIN,0,W,18,12,6,2,12,9,4,1,2,2,0,0,2,3
EPL_2324_BURNLEY_MANCHESTERUNITED,2023-24,TRAIN,2023-09-23,Burnley,Manchester United,0,1,AWAY_WIN,1,L,12,11,4,4,6,12,9,5,1,2,0,0,-1,0
EPL_2324_BURNLEY_MANCHESTERUNITED,2023-24,TRAIN,2023-09-23,Manchester United,Burnley,1,0,AWAY_WIN,0,W,11,12,4,4,12,6,5,9,2,1,0,0,1,3
EPL_2324_CRYSTALPALACE_FULHAM,2023-24,TRAIN,2023-09-23,Crystal Palace,Fulham,0,0,DRAW,1,D,7,10,3,5,10,15,3,2,3,2,0,0,0,1
EPL_2324_CRYSTALPALACE_FULHAM,2023-24,TRAIN,2023-09-23,Fulham,Crystal Palace,0,0,DRAW,0,D,10,7,5,3,15,10,2,3,2,3,0,0,0,1
EPL_2324_LUTON_WOLVERHAMPTONWANDERERS,2023-24,TRAIN,2023-09-23,Luton,Wolverhampton Wanderers,1,1,DRAW,1,D,20,3,4,3,12,17,10,1,0,2,0,1,0,1
EPL_2324_LUTON_WOLVERHAMPTONWANDERERS,2023-24,TRAIN,2023-09-23,Wolverhampton Wanderers,Luton,1,1,DRAW,0,D,3,20,3,4,17,12,1,10,2,0,1,0,0,1
EPL_2324_MANCHESTERCITY_NOTTINGHAMFOREST,2023-24,TRAIN,2023-09-23,Manchester City,Nottingham Forest,2,0,HOME_WIN,1,W,7,10,4,3,5,17,6,6,3,7,1,0,2,3
EPL_2324_MANCHESTERCITY_NOTTINGHAMFOREST,2023-24,TRAIN,2023-09-23,Nottingham Forest,Manchester City,0,2,HOME_WIN,0,L,10,7,3,4,17,5,6,6,7,3,0,1,-2,0
EPL_2324_ARSENAL_TOTTENHAMHOTSPUR,2023-24,TRAIN,2023-09-24,Arsenal,Tottenham Hotspur,2,2,DRAW,1,D,13,13,6,5,12,19,11,4,3,4,0,0,0,1
EPL_2324_ARSENAL_TOTTENHAMHOTSPUR,2023-24,TRAIN,2023-09-24,Tottenham Hotspur,Arsenal,2,2,DRAW,0,D,13,13,5,6,19,12,4,11,4,3,0,0,0,1
EPL_2324_BRIGHTONHOVEALBION_BOURNEMOUTH,2023-24,TRAIN,2023-09-24,Brighton & Hove Albion,Bournemouth,3,1,HOME_WIN,1,W,13,12,4,4,12,17,4,4,3,3,0,0,2,3
EPL_2324_BRIGHTONHOVEALBION_BOURNEMOUTH,2023-24,TRAIN,2023-09-24,Bournemouth,Brighton & Hove Albion,1,3,HOME_WIN,0,L,12,13,4,4,17,12,4,4,3,3,0,0,-2,0
EPL_2324_CHELSEA_ASTONVILLA,2023-24,TRAIN,2023-09-24,Chelsea,Aston Villa,0,1,AWAY_WIN,1,L,10,15,4,7,9,11,5,11,2,3,0,0,-1,0
EPL_2324_CHELSEA_ASTONVILLA,2023-24,TRAIN,2023-09-24,Aston Villa,Chelsea,1,0,AWAY_WIN,0,W,15,10,7,4,11,9,11,5,3,2,0,0,1,3
EPL_2324_LIVERPOOL_WESTHAMUNITED,2023-24,TRAIN,2023-09-24,Liverpool,West Ham United,3,1,HOME_WIN,1,W,22,11,7,4,12,13,7,4,0,2,0,0,2,3
EPL_2324_LIVERPOOL_WESTHAMUNITED,2023-24,TRAIN,2023-09-24,West Ham United,Liverpool,1,3,HOME_WIN,0,L,11,22,4,7,13,12,4,7,2,0,0,0,-2,0
EPL_2324_SHEFFIELDUNITED_NEWCASTLEUNITED,2023-24,TRAIN,2023-09-24,Sheffield United,Newcastle United,0,8,AWAY_WIN,1,L,9,22,1,15,12,8,2,6,3,0,0,0,-8,0
EPL_2324_SHEFFIELDUNITED_NEWCASTLEUNITED,2023-24,TRAIN,2023-09-24,Newcastle United,Sheffield United,8,0,AWAY_WIN,0,W,22,9,15,1,8,12,6,2,0,3,0,0,8,3
EPL_2324_ASTONVILLA_BRIGHTONHOVEALBION,2023-24,TRAIN,2023-09-30,Aston Villa,Brighton & Hove Albion,6,1,HOME_WIN,1,W,19,11,9,3,19,21,1,3,4,4,0,0,5,3
EPL_2324_ASTONVILLA_BRIGHTONHOVEALBION,2023-24,TRAIN,2023-09-30,Brighton & Hove Albion,Aston Villa,1,6,HOME_WIN,0,L,11,19,3,9,21,19,3,1,4,4,0,0,-5,0
EPL_2324_BOURNEMOUTH_ARSENAL,2023-24,TRAIN,2023-09-30,Bournemouth,Arsenal,0,4,AWAY_WIN,1,L,8,15,1,8,11,10,6,6,0,1,0,0,-4,0
EPL_2324_BOURNEMOUTH_ARSENAL,2023-24,TRAIN,2023-09-30,Arsenal,Bournemouth,4,0,AWAY_WIN,0,W,15,8,8,1,10,11,6,6,1,0,0,0,4,3
EPL_2324_EVERTON_LUTON,2023-24,TRAIN,2023-09-30,Everton,Luton,1,2,AWAY_WIN,1,L,23,9,5,2,8,10,3,6,0,1,0,0,-1,0
EPL_2324_EVERTON_LUTON,2023-24,TRAIN,2023-09-30,Luton,Everton,2,1,AWAY_WIN,0,W,9,23,2,5,10,8,6,3,1,0,0,0,1,3
EPL_2324_MANCHESTERUNITED_CRYSTALPALACE,2023-24,TRAIN,2023-09-30,Manchester United,Crystal Palace,0,1,AWAY_WIN,1,L,19,8,4,2,10,8,10,4,3,2,0,0,-1,0
EPL_2324_MANCHESTERUNITED_CRYSTALPALACE,2023-24,TRAIN,2023-09-30,Crystal Palace,Manchester United,1,0,AWAY_WIN,0,W,8,19,2,4,8,10,4,10,2,3,0,0,1,3
EPL_2324_NEWCASTLEUNITED_BURNLEY,2023-24,TRAIN,2023-09-30,Newcastle United,Burnley,2,0,HOME_WIN,1,W,20,8,8,2,7,15,5,3,1,3,0,0,2,3
EPL_2324_NEWCASTLEUNITED_BURNLEY,2023-24,TRAIN,2023-09-30,Burnley,Newcastle United,0,2,HOME_WIN,0,L,8,20,2,8,15,7,3,5,3,1,0,0,-2,0
EPL_2324_TOTTENHAMHOTSPUR_LIVERPOOL,2023-24,TRAIN,2023-09-30,Tottenham Hotspur,Liverpool,2,1,HOME_WIN,1,W,24,12,8,4,11,17,12,5,5,4,0,2,1,3
EPL_2324_TOTTENHAMHOTSPUR_LIVERPOOL,2023-24,TRAIN,2023-09-30,Liverpool,Tottenham Hotspur,1,2,HOME_WIN,0,L,12,24,4,8,17,11,5,12,4,5,2,0,-1,0
EPL_2324_WESTHAMUNITED_SHEFFIELDUNITED,2023-24,TRAIN,2023-09-30,West Ham United,Sheffield United,2,0,HOME_WIN,1,W,20,16,9,2,6,9,7,4,1,1,0,0,2,3
EPL_2324_WESTHAMUNITED_SHEFFIELDUNITED,2023-24,TRAIN,2023-09-30,Sheffield United,West Ham United,0,2,HOME_WIN,0,L,16,20,2,9,9,6,4,7,1,1,0,0,-2,0
EPL_2324_WOLVERHAMPTONWANDERERS_MANCHESTERCITY,2023-24,TRAIN,2023-09-30,Wolverhampton Wanderers,Manchester City,2,1,HOME_WIN,1,W,3,23,1,8,18,12,0,6,5,4,0,0,1,3
EPL_2324_WOLVERHAMPTONWANDERERS_MANCHESTERCITY,2023-24,TRAIN,2023-09-30,Manchester City,Wolverhampton Wanderers,1,2,HOME_WIN,0,L,23,3,8,1,12,18,6,0,4,5,0,0,-1,0
EPL_2324_NOTTINGHAMFOREST_BRENTFORD,2023-24,TRAIN,2023-10-01,Nottingham Forest,Brentford,1,1,DRAW,1,D,6,18,1,5,6,10,1,11,1,2,1,0,0,1
EPL_2324_NOTTINGHAMFOREST_BRENTFORD,2023-24,TRAIN,2023-10-01,Brentford,Nottingham Forest,1,1,DRAW,0,D,18,6,5,1,10,6,11,1,2,1,0,1,0,1
EPL_2324_FULHAM_CHELSEA,2023-24,TRAIN,2023-10-02,Fulham,Chelsea,0,2,AWAY_WIN,1,L,10,11,3,4,15,12,8,1,1,4,0,0,-2,0
EPL_2324_FULHAM_CHELSEA,2023-24,TRAIN,2023-10-02,Chelsea,Fulham,2,0,AWAY_WIN,0,W,11,10,4,3,12,15,1,8,4,1,0,0,2,3
EPL_2324_LUTON_BURNLEY,2023-24,TRAIN,2023-10-03,Luton,Burnley,1,2,AWAY_WIN,1,L,18,14,3,4,14,6,7,6,4,2,0,0,-1,0
EPL_2324_LUTON_BURNLEY,2023-24,TRAIN,2023-10-03,Burnley,Luton,2,1,AWAY_WIN,0,W,14,18,4,3,6,14,6,7,2,4,0,0,1,3
EPL_2324_BURNLEY_CHELSEA,2023-24,TRAIN,2023-10-07,Burnley,Chelsea,1,4,AWAY_WIN,1,L,10,9,3,5,11,8,7,3,2,4,0,0,-3,0
EPL_2324_BURNLEY_CHELSEA,2023-24,TRAIN,2023-10-07,Chelsea,Burnley,4,1,AWAY_WIN,0,W,9,10,5,3,8,11,3,7,4,2,0,0,3,3
EPL_2324_CRYSTALPALACE_NOTTINGHAMFOREST,2023-24,TRAIN,2023-10-07,Crystal Palace,Nottingham Forest,0,0,DRAW,1,D,8,16,2,5,7,12,3,7,0,1,0,0,0,1
EPL_2324_CRYSTALPALACE_NOTTINGHAMFOREST,2023-24,TRAIN,2023-10-07,Nottingham Forest,Crystal Palace,0,0,DRAW,0,D,16,8,5,2,12,7,7,3,1,0,0,0,0,1
EPL_2324_EVERTON_BOURNEMOUTH,2023-24,TRAIN,2023-10-07,Everton,Bournemouth,3,0,HOME_WIN,1,W,25,11,8,4,14,15,8,7,1,2,0,0,3,3
EPL_2324_EVERTON_BOURNEMOUTH,2023-24,TRAIN,2023-10-07,Bournemouth,Everton,0,3,HOME_WIN,0,L,11,25,4,8,15,14,7,8,2,1,0,0,-3,0
EPL_2324_FULHAM_SHEFFIELDUNITED,2023-24,TRAIN,2023-10-07,Fulham,Sheffield United,3,1,HOME_WIN,1,W,20,5,6,2,8,10,9,4,1,2,0,0,2,3
EPL_2324_FULHAM_SHEFFIELDUNITED,2023-24,TRAIN,2023-10-07,Sheffield United,Fulham,1,3,HOME_WIN,0,L,5,20,2,6,10,8,4,9,2,1,0,0,-2,0
EPL_2324_LUTON_TOTTENHAMHOTSPUR,2023-24,TRAIN,2023-10-07,Luton,Tottenham Hotspur,0,1,AWAY_WIN,1,L,12,15,2,4,16,7,5,6,2,1,0,1,-1,0
EPL_2324_LUTON_TOTTENHAMHOTSPUR,2023-24,TRAIN,2023-10-07,Tottenham Hotspur,Luton,1,0,AWAY_WIN,0,W,15,12,4,2,7,16,6,5,1,2,1,0,1,3
EPL_2324_MANCHESTERUNITED_BRENTFORD,2023-24,TRAIN,2023-10-07,Manchester United,Brentford,2,1,HOME_WIN,1,W,21,11,8,3,10,17,7,5,0,5,0,0,1,3
EPL_2324_MANCHESTERUNITED_BRENTFORD,2023-24,TRAIN,2023-10-07,Brentford,Manchester United,1,2,HOME_WIN,0,L,11,21,3,8,17,10,5,7,5,0,0,0,-1,0
EPL_2324_ARSENAL_MANCHESTERCITY,2023-24,TRAIN,2023-10-08,Arsenal,Manchester City,1,0,HOME_WIN,1,W,12,4,2,1,8,7,5,4,2,3,0,0,1,3
EPL_2324_ARSENAL_MANCHESTERCITY,2023-24,TRAIN,2023-10-08,Manchester City,Arsenal,0,1,HOME_WIN,0,L,4,12,1,2,7,8,4,5,3,2,0,0,-1,0
EPL_2324_BRIGHTONHOVEALBION_LIVERPOOL,2023-24,TRAIN,2023-10-08,Brighton & Hove Albion,Liverpool,2,2,DRAW,1,D,14,14,3,4,12,20,8,1,1,2,0,0,0,1
EPL_2324_BRIGHTONHOVEALBION_LIVERPOOL,2023-24,TRAIN,2023-10-08,Liverpool,Brighton & Hove Albion,2,2,DRAW,0,D,14,14,4,3,20,12,1,8,2,1,0,0,0,1
EPL_2324_WESTHAMUNITED_NEWCASTLEUNITED,2023-24,TRAIN,2023-10-08,West Ham United,Newcastle United,2,2,DRAW,1,D,5,10,3,3,11,18,4,2,3,3,0,0,0,1
EPL_2324_WESTHAMUNITED_NEWCASTLEUNITED,2023-24,TRAIN,2023-10-08,Newcastle United,West Ham United,2,2,DRAW,0,D,10,5,3,3,18,11,2,4,3,3,0,0,0,1
EPL_2324_WOLVERHAMPTONWANDERERS_ASTONVILLA,2023-24,TRAIN,2023-10-08,Wolverhampton Wanderers,Aston Villa,1,1,DRAW,1,D,8,18,3,4,19,9,2,10,2,2,1,0,0,1
EPL_2324_WOLVERHAMPTONWANDERERS_ASTONVILLA,2023-24,TRAIN,2023-10-08,Aston Villa,Wolverhampton Wanderers,1,1,DRAW,0,D,18,8,4,3,9,19,10,2,2,2,0,1,0,1
EPL_2324_BOURNEMOUTH_WOLVERHAMPTONWANDERERS,2023-24,TRAIN,2023-10-21,Bournemouth,Wolverhampton Wanderers,1,2,AWAY_WIN,1,L,7,20,4,7,15,10,3,12,2,6,1,0,-1,0
EPL_2324_BOURNEMOUTH_WOLVERHAMPTONWANDERERS,2023-24,TRAIN,2023-10-21,Wolverhampton Wanderers,Bournemouth,2,1,AWAY_WIN,0,W,20,7,7,4,10,15,12,3,6,2,0,1,1,3
EPL_2324_BRENTFORD_BURNLEY,2023-24,TRAIN,2023-10-21,Brentford,Burnley,3,0,HOME_WIN,1,W,23,6,10,1,14,12,5,5,5,2,0,1,3,3
EPL_2324_BRENTFORD_BURNLEY,2023-24,TRAIN,2023-10-21,Burnley,Brentford,0,3,HOME_WIN,0,L,6,23,1,10,12,14,5,5,2,5,1,0,-3,0
EPL_2324_CHELSEA_ARSENAL,2023-24,TRAIN,2023-10-21,Chelsea,Arsenal,2,2,DRAW,1,D,11,13,5,3,7,14,2,7,3,3,0,0,0,1
EPL_2324_CHELSEA_ARSENAL,2023-24,TRAIN,2023-10-21,Arsenal,Chelsea,2,2,DRAW,0,D,13,11,3,5,14,7,7,2,3,3,0,0,0,1
EPL_2324_LIVERPOOL_EVERTON,2023-24,TRAIN,2023-10-21,Liverpool,Everton,2,0,HOME_WIN,1,W,26,6,6,1,9,9,12,4,1,1,0,1,2,3
EPL_2324_LIVERPOOL_EVERTON,2023-24,TRAIN,2023-10-21,Everton,Liverpool,0,2,HOME_WIN,0,L,6,26,1,6,9,9,4,12,1,1,1,0,-2,0
EPL_2324_MANCHESTERCITY_BRIGHTONHOVEALBION,2023-24,TRAIN,2023-10-21,Manchester City,Brighton & Hove Albion,2,1,HOME_WIN,1,W,10,5,6,3,9,11,2,2,2,2,1,0,1,3
EPL_2324_MANCHESTERCITY_BRIGHTONHOVEALBION,2023-24,TRAIN,2023-10-21,Brighton & Hove Albion,Manchester City,1,2,HOME_WIN,0,L,5,10,3,6,11,9,2,2,2,2,0,1,-1,0
EPL_2324_NEWCASTLEUNITED_CRYSTALPALACE,2023-24,TRAIN,2023-10-21,Newcastle United,Crystal Palace,4,0,HOME_WIN,1,W,10,17,7,3,7,12,6,8,2,3,0,0,4,3
EPL_2324_NEWCASTLEUNITED_CRYSTALPALACE,2023-24,TRAIN,2023-10-21,Crystal Palace,Newcastle United,0,4,HOME_WIN,0,L,17,10,3,7,12,7,8,6,3,2,0,0,-4,0
EPL_2324_NOTTINGHAMFOREST_LUTON,2023-24,TRAIN,2023-10-21,Nottingham Forest,Luton,2,2,DRAW,1,D,19,13,8,4,12,11,4,2,3,0,0,0,0,1
EPL_2324_NOTTINGHAMFOREST_LUTON,2023-24,TRAIN,2023-10-21,Luton,Nottingham Forest,2,2,DRAW,0,D,13,19,4,8,11,12,2,4,0,3,0,0,0,1
EPL_2324_SHEFFIELDUNITED_MANCHESTERUNITED,2023-24,TRAIN,2023-10-21,Sheffield United,Manchester United,1,2,AWAY_WIN,1,L,12,14,6,5,12,10,5,4,3,1,0,0,-1,0
EPL_2324_SHEFFIELDUNITED_MANCHESTERUNITED,2023-24,TRAIN,2023-10-21,Manchester United,Sheffield United,2,1,AWAY_WIN,0,W,14,12,5,6,10,12,4,5,1,3,0,0,1,3
EPL_2324_ASTONVILLA_WESTHAMUNITED,2023-24,TRAIN,2023-10-22,Aston Villa,West Ham United,4,1,HOME_WIN,1,W,15,14,7,4,9,15,8,7,0,1,0,0,3,3
EPL_2324_ASTONVILLA_WESTHAMUNITED,2023-24,TRAIN,2023-10-22,West Ham United,Aston Villa,1,4,HOME_WIN,0,L,14,15,4,7,15,9,7,8,1,0,0,0,-3,0
EPL_2324_TOTTENHAMHOTSPUR_FULHAM,2023-24,TRAIN,2023-10-23,Tottenham Hotspur,Fulham,2,0,HOME_WIN,1,W,15,10,5,3,10,14,3,5,2,0,0,0,2,3
EPL_2324_TOTTENHAMHOTSPUR_FULHAM,2023-24,TRAIN,2023-10-23,Fulham,Tottenham Hotspur,0,2,HOME_WIN,0,L,10,15,3,5,14,10,5,3,0,2,0,0,-2,0
EPL_2324_CRYSTALPALACE_TOTTENHAMHOTSPUR,2023-24,TRAIN,2023-10-27,Crystal Palace,Tottenham Hotspur,1,2,AWAY_WIN,1,L,13,10,3,1,19,11,11,2,2,1,0,0,-1,0
EPL_2324_CRYSTALPALACE_TOTTENHAMHOTSPUR,2023-24,TRAIN,2023-10-27,Tottenham Hotspur,Crystal Palace,2,1,AWAY_WIN,0,W,10,13,1,3,11,19,2,11,1,2,0,0,1,3
EPL_2324_ARSENAL_SHEFFIELDUNITED,2023-24,TRAIN,2023-10-28,Arsenal,Sheffield United,5,0,HOME_WIN,1,W,13,2,8,0,9,13,6,1,0,3,0,0,5,3
EPL_2324_ARSENAL_SHEFFIELDUNITED,2023-24,TRAIN,2023-10-28,Sheffield United,Arsenal,0,5,HOME_WIN,0,L,2,13,0,8,13,9,1,6,3,0,0,0,-5,0
EPL_2324_BOURNEMOUTH_BURNLEY,2023-24,TRAIN,2023-10-28,Bournemouth,Burnley,2,1,HOME_WIN,1,W,13,6,6,3,9,12,10,5,2,3,0,0,1,3
EPL_2324_BOURNEMOUTH_BURNLEY,2023-24,TRAIN,2023-10-28,Burnley,Bournemouth,1,2,HOME_WIN,0,L,6,13,3,6,12,9,5,10,3,2,0,0,-1,0
EPL_2324_CHELSEA_BRENTFORD,2023-24,TRAIN,2023-10-28,Chelsea,Brentford,0,2,AWAY_WIN,1,L,17,7,2,5,12,7,10,1,1,4,0,0,-2,0
EPL_2324_CHELSEA_BRENTFORD,2023-24,TRAIN,2023-10-28,Brentford,Chelsea,2,0,AWAY_WIN,0,W,7,17,5,2,7,12,1,10,4,1,0,0,2,3
EPL_2324_WOLVERHAMPTONWANDERERS_NEWCASTLEUNITED,2023-24,TRAIN,2023-10-28,Wolverhampton Wanderers,Newcastle United,2,2,DRAW,1,D,11,13,6,5,13,15,8,7,1,4,0,0,0,1
EPL_2324_WOLVERHAMPTONWANDERERS_NEWCASTLEUNITED,2023-24,TRAIN,2023-10-28,Newcastle United,Wolverhampton Wanderers,2,2,DRAW,0,D,13,11,5,6,15,13,7,8,4,1,0,0,0,1
EPL_2324_ASTONVILLA_LUTON,2023-24,TRAIN,2023-10-29,Aston Villa,Luton,3,1,HOME_WIN,1,W,17,7,6,1,11,10,6,4,3,2,0,0,2,3
EPL_2324_ASTONVILLA_LUTON,2023-24,TRAIN,2023-10-29,Luton,Aston Villa,1,3,HOME_WIN,0,L,7,17,1,6,10,11,4,6,2,3,0,0,-2,0
EPL_2324_BRIGHTONHOVEALBION_FULHAM,2023-24,TRAIN,2023-10-29,Brighton & Hove Albion,Fulham,1,1,DRAW,1,D,18,10,7,5,12,8,7,3,0,3,0,0,0,1
EPL_2324_BRIGHTONHOVEALBION_FULHAM,2023-24,TRAIN,2023-10-29,Fulham,Brighton & Hove Albion,1,1,DRAW,0,D,10,18,5,7,8,12,3,7,3,0,0,0,0,1
EPL_2324_LIVERPOOL_NOTTINGHAMFOREST,2023-24,TRAIN,2023-10-29,Liverpool,Nottingham Forest,3,0,HOME_WIN,1,W,21,9,8,1,9,13,8,3,2,3,0,0,3,3
EPL_2324_LIVERPOOL_NOTTINGHAMFOREST,2023-24,TRAIN,2023-10-29,Nottingham Forest,Liverpool,0,3,HOME_WIN,0,L,9,21,1,8,13,9,3,8,3,2,0,0,-3,0
EPL_2324_MANCHESTERUNITED_MANCHESTERCITY,2023-24,TRAIN,2023-10-29,Manchester United,Manchester City,0,3,AWAY_WIN,1,L,7,21,3,10,9,4,7,12,4,1,0,0,-3,0
EPL_2324_MANCHESTERUNITED_MANCHESTERCITY,2023-24,TRAIN,2023-10-29,Manchester City,Manchester United,3,0,AWAY_WIN,0,W,21,7,10,3,4,9,12,7,1,4,0,0,3,3
EPL_2324_WESTHAMUNITED_EVERTON,2023-24,TRAIN,2023-10-29,West Ham United,Everton,0,1,AWAY_WIN,1,L,12,10,2,4,7,11,4,3,4,1,0,0,-1,0
EPL_2324_WESTHAMUNITED_EVERTON,2023-24,TRAIN,2023-10-29,Everton,West Ham United,1,0,AWAY_WIN,0,W,10,12,4,2,11,7,3,4,1,4,0,0,1,3
EPL_2324_BRENTFORD_WESTHAMUNITED,2023-24,TRAIN,2023-11-04,Brentford,West Ham United,3,2,HOME_WIN,1,W,16,12,4,2,12,14,4,3,1,4,0,0,1,3
EPL_2324_BRENTFORD_WESTHAMUNITED,2023-24,TRAIN,2023-11-04,West Ham United,Brentford,2,3,HOME_WIN,0,L,12,16,2,4,14,12,3,4,4,1,0,0,-1,0
EPL_2324_BURNLEY_CRYSTALPALACE,2023-24,TRAIN,2023-11-04,Burnley,Crystal Palace,0,2,AWAY_WIN,1,L,17,4,5,3,9,12,12,1,0,5,0,0,-2,0
EPL_2324_BURNLEY_CRYSTALPALACE,2023-24,TRAIN,2023-11-04,Crystal Palace,Burnley,2,0,AWAY_WIN,0,W,4,17,3,5,12,9,1,12,5,0,0,0,2,3
EPL_2324_EVERTON_BRIGHTONHOVEALBION,2023-24,TRAIN,2023-11-04,Everton,Brighton & Hove Albion,1,1,DRAW,1,D,10,7,4,2,15,5,3,3,4,2,0,0,0,1
EPL_2324_EVERTON_BRIGHTONHOVEALBION,2023-24,TRAIN,2023-11-04,Brighton & Hove Albion,Everton,1,1,DRAW,0,D,7,10,2,4,5,15,3,3,2,4,0,0,0,1
EPL_2324_FULHAM_MANCHESTERUNITED,2023-24,TRAIN,2023-11-04,Fulham,Manchester United,0,1,AWAY_WIN,1,L,18,12,3,5,9,15,9,4,5,2,0,0,-1,0
EPL_2324_FULHAM_MANCHESTERUNITED,2023-24,TRAIN,2023-11-04,Manchester United,Fulham,1,0,AWAY_WIN,0,W,12,18,5,3,15,9,4,9,2,5,0,0,1,3
EPL_2324_MANCHESTERCITY_BOURNEMOUTH,2023-24,TRAIN,2023-11-04,Manchester City,Bournemouth,6,1,HOME_WIN,1,W,21,5,8,1,8,9,12,1,0,1,0,0,5,3
EPL_2324_MANCHESTERCITY_BOURNEMOUTH,2023-24,TRAIN,2023-11-04,Bournemouth,Manchester City,1,6,HOME_WIN,0,L,5,21,1,8,9,8,1,12,1,0,0,0,-5,0
EPL_2324_NEWCASTLEUNITED_ARSENAL,2023-24,TRAIN,2023-11-04,Newcastle United,Arsenal,1,0,HOME_WIN,1,W,9,14,2,1,14,9,0,11,5,1,0,0,1,3
EPL_2324_NEWCASTLEUNITED_ARSENAL,2023-24,TRAIN,2023-11-04,Arsenal,Newcastle United,0,1,HOME_WIN,0,L,14,9,1,2,9,14,11,0,1,5,0,0,-1,0
EPL_2324_SHEFFIELDUNITED_WOLVERHAMPTONWANDERERS,2023-24,TRAIN,2023-11-04,Sheffield United,Wolverhampton Wanderers,2,1,HOME_WIN,1,W,11,10,2,3,13,10,4,4,2,3,0,0,1,3
EPL_2324_SHEFFIELDUNITED_WOLVERHAMPTONWANDERERS,2023-24,TRAIN,2023-11-04,Wolverhampton Wanderers,Sheffield United,1,2,HOME_WIN,0,L,10,11,3,2,10,13,4,4,3,2,0,0,-1,0
EPL_2324_LUTON_LIVERPOOL,2023-24,TRAIN,2023-11-05,Luton,Liverpool,1,1,DRAW,1,D,8,24,5,6,7,13,4,7,1,1,0,0,0,1
EPL_2324_LUTON_LIVERPOOL,2023-24,TRAIN,2023-11-05,Liverpool,Luton,1,1,DRAW,0,D,24,8,6,5,13,7,7,4,1,1,0,0,0,1
EPL_2324_NOTTINGHAMFOREST_ASTONVILLA,2023-24,TRAIN,2023-11-05,Nottingham Forest,Aston Villa,2,0,HOME_WIN,1,W,5,13,3,3,6,9,0,10,1,1,0,0,2,3
EPL_2324_NOTTINGHAMFOREST_ASTONVILLA,2023-24,TRAIN,2023-11-05,Aston Villa,Nottingham Forest,0,2,HOME_WIN,0,L,13,5,3,3,9,6,10,0,1,1,0,0,-2,0
EPL_2324_TOTTENHAMHOTSPUR_CHELSEA,2023-24,TRAIN,2023-11-06,Tottenham Hotspur,Chelsea,1,4,AWAY_WIN,1,L,8,17,5,8,12,21,1,6,1,5,2,0,-3,0
EPL_2324_TOTTENHAMHOTSPUR_CHELSEA,2023-24,TRAIN,2023-11-06,Chelsea,Tottenham Hotspur,4,1,AWAY_WIN,0,W,17,8,8,5,21,12,6,1,5,1,0,2,3,3
EPL_2324_ARSENAL_BURNLEY,2023-24,TRAIN,2023-11-11,Arsenal,Burnley,3,1,HOME_WIN,1,W,16,8,6,5,8,9,3,3,0,1,1,0,2,3
EPL_2324_ARSENAL_BURNLEY,2023-24,TRAIN,2023-11-11,Burnley,Arsenal,1,3,HOME_WIN,0,L,8,16,5,6,9,8,3,3,1,0,0,1,-2,0
EPL_2324_BOURNEMOUTH_NEWCASTLEUNITED,2023-24,TRAIN,2023-11-11,Bournemouth,Newcastle United,2,0,HOME_WIN,1,W,19,8,10,5,10,4,6,5,2,1,0,0,2,3
EPL_2324_BOURNEMOUTH_NEWCASTLEUNITED,2023-24,TRAIN,2023-11-11,Newcastle United,Bournemouth,0,2,HOME_WIN,0,L,8,19,5,10,4,10,5,6,1,2,0,0,-2,0
EPL_2324_CRYSTALPALACE_EVERTON,2023-24,TRAIN,2023-11-11,Crystal Palace,Everton,2,3,AWAY_WIN,1,L,13,8,4,4,9,18,9,2,1,4,0,0,-1,0
EPL_2324_CRYSTALPALACE_EVERTON,2023-24,TRAIN,2023-11-11,Everton,Crystal Palace,3,2,AWAY_WIN,0,W,8,13,4,4,18,9,2,9,4,1,0,0,1,3
EPL_2324_MANCHESTERUNITED_LUTON,2023-24,TRAIN,2023-11-11,Manchester United,Luton,1,0,HOME_WIN,1,W,15,10,4,4,9,11,11,3,0,2,0,0,1,3
EPL_2324_MANCHESTERUNITED_LUTON,2023-24,TRAIN,2023-11-11,Luton,Manchester United,0,1,HOME_WIN,0,L,10,15,4,4,11,9,3,11,2,0,0,0,-1,0
EPL_2324_WOLVERHAMPTONWANDERERS_TOTTENHAMHOTSPUR,2023-24,TRAIN,2023-11-11,Wolverhampton Wanderers,Tottenham Hotspur,2,1,HOME_WIN,1,W,17,6,4,2,19,15,11,3,4,3,0,0,1,3
EPL_2324_WOLVERHAMPTONWANDERERS_TOTTENHAMHOTSPUR,2023-24,TRAIN,2023-11-11,Tottenham Hotspur,Wolverhampton Wanderers,1,2,HOME_WIN,0,L,6,17,2,4,15,19,3,11,3,4,0,0,-1,0
EPL_2324_ASTONVILLA_FULHAM,2023-24,TRAIN,2023-11-12,Aston Villa,Fulham,3,1,HOME_WIN,1,W,12,9,6,5,4,17,2,2,2,5,0,0,2,3
EPL_2324_ASTONVILLA_FULHAM,2023-24,TRAIN,2023-11-12,Fulham,Aston Villa,1,3,HOME_WIN,0,L,9,12,5,6,17,4,2,2,5,2,0,0,-2,0
EPL_2324_BRIGHTONHOVEALBION_SHEFFIELDUNITED,2023-24,TRAIN,2023-11-12,Brighton & Hove Albion,Sheffield United,1,1,DRAW,1,D,11,9,6,1,13,16,6,3,3,2,1,0,0,1
EPL_2324_BRIGHTONHOVEALBION_SHEFFIELDUNITED,2023-24,TRAIN,2023-11-12,Sheffield United,Brighton & Hove Albion,1,1,DRAW,0,D,9,11,1,6,16,13,3,6,2,3,0,1,0,1
EPL_2324_CHELSEA_MANCHESTERCITY,2023-24,TRAIN,2023-11-12,Chelsea,Manchester City,4,4,DRAW,1,D,17,15,9,10,12,15,3,3,5,3,0,0,0,1
EPL_2324_CHELSEA_MANCHESTERCITY,2023-24,TRAIN,2023-11-12,Manchester City,Chelsea,4,4,DRAW,0,D,15,17,10,9,15,12,3,3,3,5,0,0,0,1
EPL_2324_LIVERPOOL_BRENTFORD,2023-24,TRAIN,2023-11-12,Liverpool,Brentford,3,0,HOME_WIN,1,W,17,16,10,3,16,12,6,8,1,2,0,0,3,3
EPL_2324_LIVERPOOL_BRENTFORD,2023-24,TRAIN,2023-11-12,Brentford,Liverpool,0,3,HOME_WIN,0,L,16,17,3,10,12,16,8,6,2,1,0,0,-3,0
EPL_2324_WESTHAMUNITED_NOTTINGHAMFOREST,2023-24,TRAIN,2023-11-12,West Ham United,Nottingham Forest,3,2,HOME_WIN,1,W,16,10,6,5,9,12,9,4,2,2,0,0,1,3
EPL_2324_WESTHAMUNITED_NOTTINGHAMFOREST,2023-24,TRAIN,2023-11-12,Nottingham Forest,West Ham United,2,3,HOME_WIN,0,L,10,16,5,6,12,9,4,9,2,2,0,0,-1,0
EPL_2324_BRENTFORD_ARSENAL,2023-24,TRAIN,2023-11-25,Brentford,Arsenal,0,1,AWAY_WIN,1,L,9,15,3,4,9,7,1,8,1,1,0,0,-1,0
EPL_2324_BRENTFORD_ARSENAL,2023-24,TRAIN,2023-11-25,Arsenal,Brentford,1,0,AWAY_WIN,0,W,15,9,4,3,7,9,8,1,1,1,0,0,1,3
EPL_2324_BURNLEY_WESTHAMUNITED,2023-24,TRAIN,2023-11-25,Burnley,West Ham United,1,2,AWAY_WIN,1,L,11,11,5,3,11,7,4,5,1,3,0,0,-1,0
EPL_2324_BURNLEY_WESTHAMUNITED,2023-24,TRAIN,2023-11-25,West Ham United,Burnley,2,1,AWAY_WIN,0,W,11,11,3,5,7,11,5,4,3,1,0,0,1,3
EPL_2324_LUTON_CRYSTALPALACE,2023-24,TRAIN,2023-11-25,Luton,Crystal Palace,2,1,HOME_WIN,1,W,8,16,3,8,15,12,4,5,6,1,0,0,1,3
EPL_2324_LUTON_CRYSTALPALACE,2023-24,TRAIN,2023-11-25,Crystal Palace,Luton,1,2,HOME_WIN,0,L,16,8,8,3,12,15,5,4,1,6,0,0,-1,0
EPL_2324_MANCHESTERCITY_LIVERPOOL,2023-24,TRAIN,2023-11-25,Manchester City,Liverpool,1,1,DRAW,1,D,16,8,5,3,9,11,9,6,1,3,0,0,0,1
EPL_2324_MANCHESTERCITY_LIVERPOOL,2023-24,TRAIN,2023-11-25,Liverpool,Manchester City,1,1,DRAW,0,D,8,16,3,5,11,9,6,9,3,1,0,0,0,1
EPL_2324_NEWCASTLEUNITED_CHELSEA,2023-24,TRAIN,2023-11-25,Newcastle United,Chelsea,4,1,HOME_WIN,1,W,14,7,5,4,13,19,4,2,4,4,0,1,3,3
EPL_2324_NEWCASTLEUNITED_CHELSEA,2023-24,TRAIN,2023-11-25,Chelsea,Newcastle United,1,4,HOME_WIN,0,L,7,14,4,5,19,13,2,4,4,4,1,0,-3,0
EPL_2324_NOTTINGHAMFOREST_BRIGHTONHOVEALBION,2023-24,TRAIN,2023-11-25,Nottingham Forest,Brighton & Hove Albion,2,3,AWAY_WIN,1,L,18,11,5,5,12,7,6,4,2,4,0,1,-1,0
EPL_2324_NOTTINGHAMFOREST_BRIGHTONHOVEALBION,2023-24,TRAIN,2023-11-25,Brighton & Hove Albion,Nottingham Forest,3,2,AWAY_WIN,0,W,11,18,5,5,7,12,4,6,4,2,1,0,1,3
EPL_2324_SHEFFIELDUNITED_BOURNEMOUTH,2023-24,TRAIN,2023-11-25,Sheffield United,Bournemouth,1,3,AWAY_WIN,1,L,10,23,2,11,6,8,4,7,4,1,0,0,-2,0
EPL_2324_SHEFFIELDUNITED_BOURNEMOUTH,2023-24,TRAIN,2023-11-25,Bournemouth,Sheffield United,3,1,AWAY_WIN,0,W,23,10,11,2,8,6,7,4,1,4,0,0,2,3
EPL_2324_EVERTON_MANCHESTERUNITED,2023-24,TRAIN,2023-11-26,Everton,Manchester United,0,3,AWAY_WIN,1,L,24,9,6,4,10,8,6,5,3,0,0,0,-3,0
EPL_2324_EVERTON_MANCHESTERUNITED,2023-24,TRAIN,2023-11-26,Manchester United,Everton,3,0,AWAY_WIN,0,W,9,24,4,6,8,10,5,6,0,3,0,0,3,3
EPL_2324_TOTTENHAMHOTSPUR_ASTONVILLA,2023-24,TRAIN,2023-11-26,Tottenham Hotspur,Aston Villa,1,2,AWAY_WIN,1,L,18,15,8,5,11,13,9,3,0,4,0,0,-1,0
EPL_2324_TOTTENHAMHOTSPUR_ASTONVILLA,2023-24,TRAIN,2023-11-26,Aston Villa,Tottenham Hotspur,2,1,AWAY_WIN,0,W,15,18,5,8,13,11,3,9,4,0,0,0,1,3
EPL_2324_FULHAM_WOLVERHAMPTONWANDERERS,2023-24,TRAIN,2023-11-27,Fulham,Wolverhampton Wanderers,3,2,HOME_WIN,1,W,12,10,6,6,13,13,6,2,2,2,0,0,1,3
EPL_2324_FULHAM_WOLVERHAMPTONWANDERERS,2023-24,TRAIN,2023-11-27,Wolverhampton Wanderers,Fulham,2,3,HOME_WIN,0,L,10,12,6,6,13,13,2,6,2,2,0,0,-1,0
EPL_2324_ARSENAL_WOLVERHAMPTONWANDERERS,2023-24,TRAIN,2023-12-02,Arsenal,Wolverhampton Wanderers,2,1,HOME_WIN,1,W,19,6,6,3,10,10,4,0,1,2,0,0,1,3
EPL_2324_ARSENAL_WOLVERHAMPTONWANDERERS,2023-24,TRAIN,2023-12-02,Wolverhampton Wanderers,Arsenal,1,2,HOME_WIN,0,L,6,19,3,6,10,10,0,4,2,1,0,0,-1,0
EPL_2324_BRENTFORD_LUTON,2023-24,TRAIN,2023-12-02,Brentford,Luton,3,1,HOME_WIN,1,W,27,7,6,1,10,8,7,5,1,2,0,0,2,3
EPL_2324_BRENTFORD_LUTON,2023-24,TRAIN,2023-12-02,Luton,Brentford,1,3,HOME_WIN,0,L,7,27,1,6,8,10,5,7,2,1,0,0,-2,0
EPL_2324_BURNLEY_SHEFFIELDUNITED,2023-24,TRAIN,2023-12-02,Burnley,Sheffield United,5,0,HOME_WIN,1,W,19,6,7,3,9,12,6,1,2,5,0,1,5,3
EPL_2324_BURNLEY_SHEFFIELDUNITED,2023-24,TRAIN,2023-12-02,Sheffield United,Burnley,0,5,HOME_WIN,0,L,6,19,3,7,12,9,1,6,5,2,1,0,-5,0
EPL_2324_NEWCASTLEUNITED_MANCHESTERUNITED,2023-24,TRAIN,2023-12-02,Newcastle United,Manchester United,1,0,HOME_WIN,1,W,22,8,4,1,6,13,7,3,1,2,0,0,1,3
EPL_2324_NEWCASTLEUNITED_MANCHESTERUNITED,2023-24,TRAIN,2023-12-02,Manchester United,Newcastle United,0,1,HOME_WIN,0,L,8,22,1,4,13,6,3,7,2,1,0,0,-1,0
EPL_2324_NOTTINGHAMFOREST_EVERTON,2023-24,TRAIN,2023-12-02,Nottingham Forest,Everton,0,1,AWAY_WIN,1,L,13,12,2,3,15,14,4,3,1,0,0,0,-1,0
EPL_2324_NOTTINGHAMFOREST_EVERTON,2023-24,TRAIN,2023-12-02,Everton,Nottingham Forest,1,0,AWAY_WIN,0,W,12,13,3,2,14,15,3,4,0,1,0,0,1,3
EPL_2324_BOURNEMOUTH_ASTONVILLA,2023-24,TRAIN,2023-12-03,Bournemouth,Aston Villa,2,2,DRAW,1,D,15,11,7,3,16,12,7,7,5,3,0,0,0,1
EPL_2324_BOURNEMOUTH_ASTONVILLA,2023-24,TRAIN,2023-12-03,Aston Villa,Bournemouth,2,2,DRAW,0,D,11,15,3,7,12,16,7,7,3,5,0,0,0,1
EPL_2324_CHELSEA_BRIGHTONHOVEALBION,2023-24,TRAIN,2023-12-03,Chelsea,Brighton & Hove Albion,3,2,HOME_WIN,1,W,8,18,5,9,16,12,5,8,3,5,1,0,1,3
EPL_2324_CHELSEA_BRIGHTONHOVEALBION,2023-24,TRAIN,2023-12-03,Brighton & Hove Albion,Chelsea,2,3,HOME_WIN,0,L,18,8,9,5,12,16,8,5,5,3,0,1,-1,0
EPL_2324_LIVERPOOL_FULHAM,2023-24,TRAIN,2023-12-03,Liverpool,Fulham,4,3,HOME_WIN,1,W,26,9,12,5,6,7,3,4,0,0,0,0,1,3
EPL_2324_LIVERPOOL_FULHAM,2023-24,TRAIN,2023-12-03,Fulham,Liverpool,3,4,HOME_WIN,0,L,9,26,5,12,7,6,4,3,0,0,0,0,-1,0
EPL_2324_MANCHESTERCITY_TOTTENHAMHOTSPUR,2023-24,TRAIN,2023-12-03,Manchester City,Tottenham Hotspur,3,3,DRAW,1,D,18,8,4,4,14,14,10,8,4,4,0,0,0,1
EPL_2324_MANCHESTERCITY_TOTTENHAMHOTSPUR,2023-24,TRAIN,2023-12-03,Tottenham Hotspur,Manchester City,3,3,DRAW,0,D,8,18,4,4,14,14,8,10,4,4,0,0,0,1
EPL_2324_WESTHAMUNITED_CRYSTALPALACE,2023-24,TRAIN,2023-12-03,West Ham United,Crystal Palace,1,1,DRAW,1,D,9,9,3,2,17,7,2,3,2,0,0,0,0,1
EPL_2324_WESTHAMUNITED_CRYSTALPALACE,2023-24,TRAIN,2023-12-03,Crystal Palace,West Ham United,1,1,DRAW,0,D,9,9,2,3,7,17,3,2,0,2,0,0,0,1
EPL_2324_LUTON_ARSENAL,2023-24,TRAIN,2023-12-05,Luton,Arsenal,3,4,AWAY_WIN,1,L,6,23,4,9,14,7,3,8,2,1,0,0,-1,0
EPL_2324_LUTON_ARSENAL,2023-24,TRAIN,2023-12-05,Arsenal,Luton,4,3,AWAY_WIN,0,W,23,6,9,4,7,14,8,3,1,2,0,0,1,3
EPL_2324_WOLVERHAMPTONWANDERERS_BURNLEY,2023-24,TRAIN,2023-12-05,Wolverhampton Wanderers,Burnley,1,0,HOME_WIN,1,W,7,12,4,3,11,15,6,8,2,4,0,0,1,3
EPL_2324_WOLVERHAMPTONWANDERERS_BURNLEY,2023-24,TRAIN,2023-12-05,Burnley,Wolverhampton Wanderers,0,1,HOME_WIN,0,L,12,7,3,4,15,11,8,6,4,2,0,0,-1,0
EPL_2324_ASTONVILLA_MANCHESTERCITY,2023-24,TRAIN,2023-12-06,Aston Villa,Manchester City,1,0,HOME_WIN,1,W,22,2,7,2,13,13,6,0,2,2,0,0,1,3
EPL_2324_ASTONVILLA_MANCHESTERCITY,2023-24,TRAIN,2023-12-06,Manchester City,Aston Villa,0,1,HOME_WIN,0,L,2,22,2,7,13,13,0,6,2,2,0,0,-1,0
EPL_2324_BRIGHTONHOVEALBION_BRENTFORD,2023-24,TRAIN,2023-12-06,Brighton & Hove Albion,Brentford,2,1,HOME_WIN,1,W,18,8,7,2,10,8,7,3,3,1,0,0,1,3
EPL_2324_BRIGHTONHOVEALBION_BRENTFORD,2023-24,TRAIN,2023-12-06,Brentford,Brighton & Hove Albion,1,2,HOME_WIN,0,L,8,18,2,7,8,10,3,7,1,3,0,0,-1,0
EPL_2324_CRYSTALPALACE_BOURNEMOUTH,2023-24,TRAIN,2023-12-06,Crystal Palace,Bournemouth,0,2,AWAY_WIN,1,L,16,11,3,4,10,17,3,9,1,3,0,0,-2,0
EPL_2324_CRYSTALPALACE_BOURNEMOUTH,2023-24,TRAIN,2023-12-06,Bournemouth,Crystal Palace,2,0,AWAY_WIN,0,W,11,16,4,3,17,10,9,3,3,1,0,0,2,3
EPL_2324_FULHAM_NOTTINGHAMFOREST,2023-24,TRAIN,2023-12-06,Fulham,Nottingham Forest,5,0,HOME_WIN,1,W,14,4,6,1,7,10,6,1,0,1,0,0,5,3
EPL_2324_FULHAM_NOTTINGHAMFOREST,2023-24,TRAIN,2023-12-06,Nottingham Forest,Fulham,0,5,HOME_WIN,0,L,4,14,1,6,10,7,1,6,1,0,0,0,-5,0
EPL_2324_MANCHESTERUNITED_CHELSEA,2023-24,TRAIN,2023-12-06,Manchester United,Chelsea,2,1,HOME_WIN,1,W,28,13,9,3,12,12,12,4,4,0,0,0,1,3
EPL_2324_MANCHESTERUNITED_CHELSEA,2023-24,TRAIN,2023-12-06,Chelsea,Manchester United,1,2,HOME_WIN,0,L,13,28,3,9,12,12,4,12,0,4,0,0,-1,0
EPL_2324_SHEFFIELDUNITED_LIVERPOOL,2023-24,TRAIN,2023-12-06,Sheffield United,Liverpool,0,2,AWAY_WIN,1,L,6,15,1,8,12,8,2,12,2,3,0,0,-2,0
EPL_2324_SHEFFIELDUNITED_LIVERPOOL,2023-24,TRAIN,2023-12-06,Liverpool,Sheffield United,2,0,AWAY_WIN,0,W,15,6,8,1,8,12,12,2,3,2,0,0,2,3
EPL_2324_EVERTON_NEWCASTLEUNITED,2023-24,TRAIN,2023-12-07,Everton,Newcastle United,3,0,HOME_WIN,1,W,21,13,6,3,18,8,5,2,3,0,0,0,3,3
EPL_2324_EVERTON_NEWCASTLEUNITED,2023-24,TRAIN,2023-12-07,Newcastle United,Everton,0,3,HOME_WIN,0,L,13,21,3,6,8,18,2,5,0,3,0,0,-3,0
EPL_2324_TOTTENHAMHOTSPUR_WESTHAMUNITED,2023-24,TRAIN,2023-12-07,Tottenham Hotspur,West Ham United,1,2,AWAY_WIN,1,L,23,11,7,5,11,12,8,4,3,3,0,0,-1,0
EPL_2324_TOTTENHAMHOTSPUR_WESTHAMUNITED,2023-24,TRAIN,2023-12-07,West Ham United,Tottenham Hotspur,2,1,AWAY_WIN,0,W,11,23,5,7,12,11,4,8,3,3,0,0,1,3
EPL_2324_ASTONVILLA_ARSENAL,2023-24,TRAIN,2023-12-09,Aston Villa,Arsenal,1,0,HOME_WIN,1,W,10,12,3,5,16,11,3,3,4,2,0,0,1,3
EPL_2324_ASTONVILLA_ARSENAL,2023-24,TRAIN,2023-12-09,Arsenal,Aston Villa,0,1,HOME_WIN,0,L,12,10,5,3,11,16,3,3,2,4,0,0,-1,0
EPL_2324_BRIGHTONHOVEALBION_BURNLEY,2023-24,TRAIN,2023-12-09,Brighton & Hove Albion,Burnley,1,1,DRAW,1,D,29,6,11,3,5,8,9,1,0,4,0,0,0,1
EPL_2324_BRIGHTONHOVEALBION_BURNLEY,2023-24,TRAIN,2023-12-09,Burnley,Brighton & Hove Albion,1,1,DRAW,0,D,6,29,3,11,8,5,1,9,4,0,0,0,0,1
EPL_2324_CRYSTALPALACE_LIVERPOOL,2023-24,TRAIN,2023-12-09,Crystal Palace,Liverpool,1,2,AWAY_WIN,1,L,8,14,4,2,17,17,6,5,5,2,1,0,-1,0
EPL_2324_CRYSTALPALACE_LIVERPOOL,2023-24,TRAIN,2023-12-09,Liverpool,Crystal Palace,2,1,AWAY_WIN,0,W,14,8,2,4,17,17,5,6,2,5,0,1,1,3
EPL_2324_MANCHESTERUNITED_BOURNEMOUTH,2023-24,TRAIN,2023-12-09,Manchester United,Bournemouth,0,3,AWAY_WIN,1,L,20,10,3,4,7,10,10,4,3,1,0,0,-3,0
EPL_2324_MANCHESTERUNITED_BOURNEMOUTH,2023-24,TRAIN,2023-12-09,Bournemouth,Manchester United,3,0,AWAY_WIN,0,W,10,20,4,3,10,7,4,10,1,3,0,0,3,3
EPL_2324_SHEFFIELDUNITED_BRENTFORD,2023-24,TRAIN,2023-12-09,Sheffield United,Brentford,1,0,HOME_WIN,1,W,9,10,4,4,14,13,3,4,5,1,0,0,1,3
EPL_2324_SHEFFIELDUNITED_BRENTFORD,2023-24,TRAIN,2023-12-09,Brentford,Sheffield United,0,1,HOME_WIN,0,L,10,9,4,4,13,14,4,3,1,5,0,0,-1,0
EPL_2324_WOLVERHAMPTONWANDERERS_NOTTINGHAMFOREST,2023-24,TRAIN,2023-12-09,Wolverhampton Wanderers,Nottingham Forest,1,1,DRAW,1,D,10,8,4,2,9,11,4,3,0,1,0,0,0,1
EPL_2324_WOLVERHAMPTONWANDERERS_NOTTINGHAMFOREST,2023-24,TRAIN,2023-12-09,Nottingham Forest,Wolverhampton Wanderers,1,1,DRAW,0,D,8,10,2,4,11,9,3,4,1,0,0,0,0,1
EPL_2324_EVERTON_CHELSEA,2023-24,TRAIN,2023-12-10,Everton,Chelsea,2,0,HOME_WIN,1,W,9,16,5,4,12,12,4,8,2,2,0,0,2,3
EPL_2324_EVERTON_CHELSEA,2023-24,TRAIN,2023-12-10,Chelsea,Everton,0,2,HOME_WIN,0,L,16,9,4,5,12,12,8,4,2,2,0,0,-2,0
EPL_2324_FULHAM_WESTHAMUNITED,2023-24,TRAIN,2023-12-10,Fulham,West Ham United,5,0,HOME_WIN,1,W,14,9,8,5,5,10,3,6,2,1,0,0,5,3
EPL_2324_FULHAM_WESTHAMUNITED,2023-24,TRAIN,2023-12-10,West Ham United,Fulham,0,5,HOME_WIN,0,L,9,14,5,8,10,5,6,3,1,2,0,0,-5,0
EPL_2324_LUTON_MANCHESTERCITY,2023-24,TRAIN,2023-12-10,Luton,Manchester City,1,2,AWAY_WIN,1,L,4,18,2,6,16,6,6,3,2,1,0,0,-1,0
EPL_2324_LUTON_MANCHESTERCITY,2023-24,TRAIN,2023-12-10,Manchester City,Luton,2,1,AWAY_WIN,0,W,18,4,6,2,6,16,3,6,1,2,0,0,1,3
EPL_2324_TOTTENHAMHOTSPUR_NEWCASTLEUNITED,2023-24,TRAIN,2023-12-10,Tottenham Hotspur,Newcastle United,4,1,HOME_WIN,1,W,23,9,12,3,10,12,3,6,1,3,0,0,3,3
EPL_2324_TOTTENHAMHOTSPUR_NEWCASTLEUNITED,2023-24,TRAIN,2023-12-10,Newcastle United,Tottenham Hotspur,1,4,HOME_WIN,0,L,9,23,3,12,12,10,6,3,3,1,0,0,-3,0
EPL_2324_NOTTINGHAMFOREST_TOTTENHAMHOTSPUR,2023-24,TRAIN,2023-12-15,Nottingham Forest,Tottenham Hotspur,0,2,AWAY_WIN,1,L,15,12,1,6,16,11,6,4,2,4,0,1,-2,0
EPL_2324_NOTTINGHAMFOREST_TOTTENHAMHOTSPUR,2023-24,TRAIN,2023-12-15,Tottenham Hotspur,Nottingham Forest,2,0,AWAY_WIN,0,W,12,15,6,1,11,16,4,6,4,2,1,0,2,3
EPL_2324_BURNLEY_EVERTON,2023-24,TRAIN,2023-12-16,Burnley,Everton,0,2,AWAY_WIN,1,L,14,9,2,6,9,8,8,6,0,1,0,0,-2,0
EPL_2324_BURNLEY_EVERTON,2023-24,TRAIN,2023-12-16,Everton,Burnley,2,0,AWAY_WIN,0,W,9,14,6,2,8,9,6,8,1,0,0,0,2,3
EPL_2324_CHELSEA_SHEFFIELDUNITED,2023-24,TRAIN,2023-12-16,Chelsea,Sheffield United,2,0,HOME_WIN,1,W,15,6,6,1,9,14,7,6,1,3,0,0,2,3
EPL_2324_CHELSEA_SHEFFIELDUNITED,2023-24,TRAIN,2023-12-16,Sheffield United,Chelsea,0,2,HOME_WIN,0,L,6,15,1,6,14,9,6,7,3,1,0,0,-2,0
EPL_2324_MANCHESTERCITY_CRYSTALPALACE,2023-24,TRAIN,2023-12-16,Manchester City,Crystal Palace,2,2,DRAW,1,D,19,5,9,2,12,9,6,1,1,1,0,0,0,1
EPL_2324_MANCHESTERCITY_CRYSTALPALACE,2023-24,TRAIN,2023-12-16,Crystal Palace,Manchester City,2,2,DRAW,0,D,5,19,2,9,9,12,1,6,1,1,0,0,0,1
EPL_2324_NEWCASTLEUNITED_FULHAM,2023-24,TRAIN,2023-12-16,Newcastle United,Fulham,3,0,HOME_WIN,1,W,27,6,10,4,7,12,5,1,0,2,0,1,3,3
EPL_2324_NEWCASTLEUNITED_FULHAM,2023-24,TRAIN,2023-12-16,Fulham,Newcastle United,0,3,HOME_WIN,0,L,6,27,4,10,12,7,1,5,2,0,1,0,-3,0
EPL_2324_ARSENAL_BRIGHTONHOVEALBION,2023-24,TRAIN,2023-12-17,Arsenal,Brighton & Hove Albion,2,0,HOME_WIN,1,W,26,6,9,1,11,9,10,1,1,3,0,0,2,3
EPL_2324_ARSENAL_BRIGHTONHOVEALBION,2023-24,TRAIN,2023-12-17,Brighton & Hove Albion,Arsenal,0,2,HOME_WIN,0,L,6,26,1,9,9,11,1,10,3,1,0,0,-2,0
EPL_2324_BRENTFORD_ASTONVILLA,2023-24,TRAIN,2023-12-17,Brentford,Aston Villa,1,2,AWAY_WIN,1,L,4,15,3,5,19,6,7,12,6,4,1,1,-1,0
EPL_2324_BRENTFORD_ASTONVILLA,2023-24,TRAIN,2023-12-17,Aston Villa,Brentford,2,1,AWAY_WIN,0,W,15,4,5,3,6,19,12,7,4,6,1,1,1,3
EPL_2324_LIVERPOOL_MANCHESTERUNITED,2023-24,TRAIN,2023-12-17,Liverpool,Manchester United,0,0,DRAW,1,D,34,6,8,1,13,8,12,0,2,4,0,1,0,1
EPL_2324_LIVERPOOL_MANCHESTERUNITED,2023-24,TRAIN,2023-12-17,Manchester United,Liverpool,0,0,DRAW,0,D,6,34,1,8,8,13,0,12,4,2,1,0,0,1
EPL_2324_WESTHAMUNITED_WOLVERHAMPTONWANDERERS,2023-24,TRAIN,2023-12-17,West Ham United,Wolverhampton Wanderers,3,0,HOME_WIN,1,W,13,14,4,3,12,15,6,6,3,1,0,0,3,3
EPL_2324_WESTHAMUNITED_WOLVERHAMPTONWANDERERS,2023-24,TRAIN,2023-12-17,Wolverhampton Wanderers,West Ham United,0,3,HOME_WIN,0,L,14,13,3,4,15,12,6,6,1,3,0,0,-3,0
EPL_2324_CRYSTALPALACE_BRIGHTONHOVEALBION,2023-24,TRAIN,2023-12-21,Crystal Palace,Brighton & Hove Albion,1,1,DRAW,1,D,11,18,3,6,12,11,3,1,5,2,0,0,0,1
EPL_2324_CRYSTALPALACE_BRIGHTONHOVEALBION,2023-24,TRAIN,2023-12-21,Brighton & Hove Albion,Crystal Palace,1,1,DRAW,0,D,18,11,6,3,11,12,1,3,2,5,0,0,0,1
EPL_2324_ASTONVILLA_SHEFFIELDUNITED,2023-24,TRAIN,2023-12-22,Aston Villa,Sheffield United,1,1,DRAW,1,D,12,5,4,2,11,16,9,1,3,3,0,0,0,1
EPL_2324_ASTONVILLA_SHEFFIELDUNITED,2023-24,TRAIN,2023-12-22,Sheffield United,Aston Villa,1,1,DRAW,0,D,5,12,2,4,16,11,1,9,3,3,0,0,0,1
EPL_2324_FULHAM_BURNLEY,2023-24,TRAIN,2023-12-23,Fulham,Burnley,0,2,AWAY_WIN,1,L,19,7,5,2,5,17,8,6,2,1,0,0,-2,0
EPL_2324_FULHAM_BURNLEY,2023-24,TRAIN,2023-12-23,Burnley,Fulham,2,0,AWAY_WIN,0,W,7,19,2,5,17,5,6,8,1,2,0,0,2,3
EPL_2324_LIVERPOOL_ARSENAL,2023-24,TRAIN,2023-12-23,Liverpool,Arsenal,1,1,DRAW,1,D,13,13,3,2,13,14,4,5,2,5,0,0,0,1
EPL_2324_LIVERPOOL_ARSENAL,2023-24,TRAIN,2023-12-23,Arsenal,Liverpool,1,1,DRAW,0,D,13,13,2,3,14,13,5,4,5,2,0,0,0,1
EPL_2324_LUTON_NEWCASTLEUNITED,2023-24,TRAIN,2023-12-23,Luton,Newcastle United,1,0,HOME_WIN,1,W,16,15,5,2,11,5,6,7,2,1,0,0,1,3
EPL_2324_LUTON_NEWCASTLEUNITED,2023-24,TRAIN,2023-12-23,Newcastle United,Luton,0,1,HOME_WIN,0,L,15,16,2,5,5,11,7,6,1,2,0,0,-1,0
EPL_2324_NOTTINGHAMFOREST_BOURNEMOUTH,2023-24,TRAIN,2023-12-23,Nottingham Forest,Bournemouth,2,3,AWAY_WIN,1,L,11,18,5,7,10,10,6,6,0,3,1,0,-1,0
EPL_2324_NOTTINGHAMFOREST_BOURNEMOUTH,2023-24,TRAIN,2023-12-23,Bournemouth,Nottingham Forest,3,2,AWAY_WIN,0,W,18,11,7,5,10,10,6,6,3,0,0,1,1,3
EPL_2324_TOTTENHAMHOTSPUR_EVERTON,2023-24,TRAIN,2023-12-23,Tottenham Hotspur,Everton,2,1,HOME_WIN,1,W,13,18,6,8,6,18,3,8,1,4,0,0,1,3
EPL_2324_TOTTENHAMHOTSPUR_EVERTON,2023-24,TRAIN,2023-12-23,Everton,Tottenham Hotspur,1,2,HOME_WIN,0,L,18,13,8,6,18,6,8,3,4,1,0,0,-1,0
EPL_2324_WESTHAMUNITED_MANCHESTERUNITED,2023-24,TRAIN,2023-12-23,West Ham United,Manchester United,2,0,HOME_WIN,1,W,12,11,5,3,13,15,4,4,2,3,0,0,2,3
EPL_2324_WESTHAMUNITED_MANCHESTERUNITED,2023-24,TRAIN,2023-12-23,Manchester United,West Ham United,0,2,HOME_WIN,0,L,11,12,3,5,15,13,4,4,3,2,0,0,-2,0
EPL_2324_WOLVERHAMPTONWANDERERS_CHELSEA,2023-24,TRAIN,2023-12-24,Wolverhampton Wanderers,Chelsea,2,1,HOME_WIN,1,W,14,16,6,5,11,9,10,6,3,5,0,0,1,3
EPL_2324_WOLVERHAMPTONWANDERERS_CHELSEA,2023-24,TRAIN,2023-12-24,Chelsea,Wolverhampton Wanderers,1,2,HOME_WIN,0,L,16,14,5,6,9,11,6,10,5,3,0,0,-1,0
EPL_2324_BOURNEMOUTH_FULHAM,2023-24,TRAIN,2023-12-26,Bournemouth,Fulham,3,0,HOME_WIN,1,W,16,8,4,3,10,10,6,5,0,2,0,0,3,3
EPL_2324_BOURNEMOUTH_FULHAM,2023-24,TRAIN,2023-12-26,Fulham,Bournemouth,0,3,HOME_WIN,0,L,8,16,3,4,10,10,5,6,2,0,0,0,-3,0
EPL_2324_BURNLEY_LIVERPOOL,2023-24,TRAIN,2023-12-26,Burnley,Liverpool,0,2,AWAY_WIN,1,L,9,19,0,10,7,10,4,4,2,1,0,0,-2,0
EPL_2324_BURNLEY_LIVERPOOL,2023-24,TRAIN,2023-12-26,Liverpool,Burnley,2,0,AWAY_WIN,0,W,19,9,10,0,10,7,4,4,1,2,0,0,2,3
EPL_2324_MANCHESTERUNITED_ASTONVILLA,2023-24,TRAIN,2023-12-26,Manchester United,Aston Villa,3,2,HOME_WIN,1,W,13,10,7,4,10,10,3,6,1,3,0,0,1,3
EPL_2324_MANCHESTERUNITED_ASTONVILLA,2023-24,TRAIN,2023-12-26,Aston Villa,Manchester United,2,3,HOME_WIN,0,L,10,13,4,7,10,10,6,3,3,1,0,0,-1,0
EPL_2324_NEWCASTLEUNITED_NOTTINGHAMFOREST,2023-24,TRAIN,2023-12-26,Newcastle United,Nottingham Forest,1,3,AWAY_WIN,1,L,19,15,7,6,10,11,10,2,3,3,0,0,-2,0
EPL_2324_NEWCASTLEUNITED_NOTTINGHAMFOREST,2023-24,TRAIN,2023-12-26,Nottingham Forest,Newcastle United,3,1,AWAY_WIN,0,W,15,19,6,7,11,10,2,10,3,3,0,0,2,3
EPL_2324_SHEFFIELDUNITED_LUTON,2023-24,TRAIN,2023-12-26,Sheffield United,Luton,2,3,AWAY_WIN,1,L,21,12,6,4,13,13,9,4,5,0,0,0,-1,0
EPL_2324_SHEFFIELDUNITED_LUTON,2023-24,TRAIN,2023-12-26,Luton,Sheffield United,3,2,AWAY_WIN,0,W,12,21,4,6,13,13,4,9,0,5,0,0,1,3
EPL_2324_BRENTFORD_WOLVERHAMPTONWANDERERS,2023-24,TRAIN,2023-12-27,Brentford,Wolverhampton Wanderers,1,4,AWAY_WIN,1,L,14,11,4,5,5,14,8,2,1,1,0,0,-3,0
EPL_2324_BRENTFORD_WOLVERHAMPTONWANDERERS,2023-24,TRAIN,2023-12-27,Wolverhampton Wanderers,Brentford,4,1,AWAY_WIN,0,W,11,14,5,4,14,5,2,8,1,1,0,0,3,3
EPL_2324_CHELSEA_CRYSTALPALACE,2023-24,TRAIN,2023-12-27,Chelsea,Crystal Palace,2,1,HOME_WIN,1,W,9,13,4,5,13,16,4,3,3,2,0,0,1,3
EPL_2324_CHELSEA_CRYSTALPALACE,2023-24,TRAIN,2023-12-27,Crystal Palace,Chelsea,1,2,HOME_WIN,0,L,13,9,5,4,16,13,3,4,2,3,0,0,-1,0
EPL_2324_EVERTON_MANCHESTERCITY,2023-24,TRAIN,2023-12-27,Everton,Manchester City,1,3,AWAY_WIN,1,L,7,23,2,9,13,5,8,4,4,2,0,0,-2,0
EPL_2324_EVERTON_MANCHESTERCITY,2023-24,TRAIN,2023-12-27,Manchester City,Everton,3,1,AWAY_WIN,0,W,23,7,9,2,5,13,4,8,2,4,0,0,2,3
EPL_2324_ARSENAL_WESTHAMUNITED,2023-24,TRAIN,2023-12-28,Arsenal,West Ham United,0,2,AWAY_WIN,1,L,30,6,8,3,8,8,10,3,2,0,0,0,-2,0
EPL_2324_ARSENAL_WESTHAMUNITED,2023-24,TRAIN,2023-12-28,West Ham United,Arsenal,2,0,AWAY_WIN,0,W,6,30,3,8,8,8,3,10,0,2,0,0,2,3
EPL_2324_BRIGHTONHOVEALBION_TOTTENHAMHOTSPUR,2023-24,TRAIN,2023-12-28,Brighton & Hove Albion,Tottenham Hotspur,4,2,HOME_WIN,1,W,15,19,9,3,18,6,7,6,3,2,0,0,2,3
EPL_2324_BRIGHTONHOVEALBION_TOTTENHAMHOTSPUR,2023-24,TRAIN,2023-12-28,Tottenham Hotspur,Brighton & Hove Albion,2,4,HOME_WIN,0,L,19,15,3,9,6,18,6,7,2,3,0,0,-2,0
EPL_2324_ASTONVILLA_BURNLEY,2023-24,TRAIN,2023-12-30,Aston Villa,Burnley,3,2,HOME_WIN,1,W,19,9,7,5,9,14,6,2,4,1,0,1,1,3
EPL_2324_ASTONVILLA_BURNLEY,2023-24,TRAIN,2023-12-30,Burnley,Aston Villa,2,3,HOME_WIN,0,L,9,19,5,7,14,9,2,6,1,4,1,0,-1,0
EPL_2324_CRYSTALPALACE_BRENTFORD,2023-24,TRAIN,2023-12-30,Crystal Palace,Brentford,3,1,HOME_WIN,1,W,13,9,6,4,14,10,7,4,0,1,0,0,2,3
EPL_2324_CRYSTALPALACE_BRENTFORD,2023-24,TRAIN,2023-12-30,Brentford,Crystal Palace,1,3,HOME_WIN,0,L,9,13,4,6,10,14,4,7,1,0,0,0,-2,0
EPL_2324_LUTON_CHELSEA,2023-24,TRAIN,2023-12-30,Luton,Chelsea,2,3,AWAY_WIN,1,L,15,12,6,8,14,21,7,2,2,2,0,0,-1,0
EPL_2324_LUTON_CHELSEA,2023-24,TRAIN,2023-12-30,Chelsea,Luton,3,2,AWAY_WIN,0,W,12,15,8,6,21,14,2,7,2,2,0,0,1,3
EPL_2324_MANCHESTERCITY_SHEFFIELDUNITED,2023-24,TRAIN,2023-12-30,Manchester City,Sheffield United,2,0,HOME_WIN,1,W,18,4,4,2,5,6,12,2,1,1,0,0,2,3
EPL_2324_MANCHESTERCITY_SHEFFIELDUNITED,2023-24,TRAIN,2023-12-30,Sheffield United,Manchester City,0,2,HOME_WIN,0,L,4,18,2,4,6,5,2,12,1,1,0,0,-2,0
EPL_2324_NOTTINGHAMFOREST_MANCHESTERUNITED,2023-24,TRAIN,2023-12-30,Nottingham Forest,Manchester United,2,1,HOME_WIN,1,W,8,10,2,5,9,11,4,5,2,4,0,0,1,3
EPL_2324_NOTTINGHAMFOREST_MANCHESTERUNITED,2023-24,TRAIN,2023-12-30,Manchester United,Nottingham Forest,1,2,HOME_WIN,0,L,10,8,5,2,11,9,5,4,4,2,0,0,-1,0
EPL_2324_WOLVERHAMPTONWANDERERS_EVERTON,2023-24,TRAIN,2023-12-30,Wolverhampton Wanderers,Everton,3,0,HOME_WIN,1,W,12,10,6,0,9,14,5,2,2,3,0,0,3,3
EPL_2324_WOLVERHAMPTONWANDERERS_EVERTON,2023-24,TRAIN,2023-12-30,Everton,Wolverhampton Wanderers,0,3,HOME_WIN,0,L,10,12,0,6,14,9,2,5,3,2,0,0,-3,0
EPL_2324_FULHAM_ARSENAL,2023-24,TRAIN,2023-12-31,Fulham,Arsenal,2,1,HOME_WIN,1,W,15,13,4,3,11,10,5,4,4,1,0,0,1,3
EPL_2324_FULHAM_ARSENAL,2023-24,TRAIN,2023-12-31,Arsenal,Fulham,1,2,HOME_WIN,0,L,13,15,3,4,10,11,4,5,1,4,0,0,-1,0
EPL_2324_TOTTENHAMHOTSPUR_BOURNEMOUTH,2023-24,TRAIN,2023-12-31,Tottenham Hotspur,Bournemouth,3,1,HOME_WIN,1,W,12,24,6,4,9,18,4,13,3,3,0,0,2,3
EPL_2324_TOTTENHAMHOTSPUR_BOURNEMOUTH,2023-24,TRAIN,2023-12-31,Bournemouth,Tottenham Hotspur,1,3,HOME_WIN,0,L,24,12,4,6,18,9,13,4,3,3,0,0,-2,0
EPL_2324_LIVERPOOL_NEWCASTLEUNITED,2023-24,TRAIN,2024-01-01,Liverpool,Newcastle United,4,2,HOME_WIN,1,W,34,5,15,3,16,15,7,3,3,5,0,0,2,3
EPL_2324_LIVERPOOL_NEWCASTLEUNITED,2023-24,TRAIN,2024-01-01,Newcastle United,Liverpool,2,4,HOME_WIN,0,L,5,34,3,15,15,16,3,7,5,3,0,0,-2,0
EPL_2324_WESTHAMUNITED_BRIGHTONHOVEALBION,2023-24,TRAIN,2024-01-02,West Ham United,Brighton & Hove Albion,0,0,DRAW,1,D,6,22,2,8,4,6,2,0,1,0,0,0,0,1
EPL_2324_WESTHAMUNITED_BRIGHTONHOVEALBION,2023-24,TRAIN,2024-01-02,Brighton & Hove Albion,West Ham United,0,0,DRAW,0,D,22,6,8,2,6,4,0,2,0,1,0,0,0,1
EPL_2324_BURNLEY_LUTON,2023-24,TRAIN,2024-01-12,Burnley,Luton,1,1,DRAW,1,D,13,14,7,5,7,12,2,8,1,0,0,0,0,1
EPL_2324_BURNLEY_LUTON,2023-24,TRAIN,2024-01-12,Luton,Burnley,1,1,DRAW,0,D,14,13,5,7,12,7,8,2,0,1,0,0,0,1
EPL_2324_CHELSEA_FULHAM,2023-24,TRAIN,2024-01-13,Chelsea,Fulham,1,0,HOME_WIN,1,W,17,14,3,4,13,9,6,4,5,1,0,0,1,3
EPL_2324_CHELSEA_FULHAM,2023-24,TRAIN,2024-01-13,Fulham,Chelsea,0,1,HOME_WIN,0,L,14,17,4,3,9,13,4,6,1,5,0,0,-1,0
EPL_2324_NEWCASTLEUNITED_MANCHESTERCITY,2023-24,TRAIN,2024-01-13,Newcastle United,Manchester City,2,3,AWAY_WIN,1,L,12,27,5,11,7,7,3,13,1,2,0,0,-1,0
EPL_2324_NEWCASTLEUNITED_MANCHESTERCITY,2023-24,TRAIN,2024-01-13,Manchester City,Newcastle United,3,2,AWAY_WIN,0,W,27,12,11,5,7,7,13,3,2,1,0,0,1,3
EPL_2324_EVERTON_ASTONVILLA,2023-24,TRAIN,2024-01-14,Everton,Aston Villa,0,0,DRAW,1,D,10,16,2,5,13,14,4,5,1,4,0,0,0,1
EPL_2324_EVERTON_ASTONVILLA,2023-24,TRAIN,2024-01-14,Aston Villa,Everton,0,0,DRAW,0,D,16,10,5,2,14,13,5,4,4,1,0,0,0,1
EPL_2324_MANCHESTERUNITED_TOTTENHAMHOTSPUR,2023-24,TRAIN,2024-01-14,Manchester United,Tottenham Hotspur,2,2,DRAW,1,D,9,16,2,6,8,5,8,13,2,1,0,0,0,1
EPL_2324_MANCHESTERUNITED_TOTTENHAMHOTSPUR,2023-24,TRAIN,2024-01-14,Tottenham Hotspur,Manchester United,2,2,DRAW,0,D,16,9,6,2,5,8,13,8,1,2,0,0,0,1
EPL_2324_ARSENAL_CRYSTALPALACE,2023-24,TRAIN,2024-01-20,Arsenal,Crystal Palace,5,0,HOME_WIN,1,W,21,12,6,5,8,12,6,7,0,0,0,0,5,3
EPL_2324_ARSENAL_CRYSTALPALACE,2023-24,TRAIN,2024-01-20,Crystal Palace,Arsenal,0,5,HOME_WIN,0,L,12,21,5,6,12,8,7,6,0,0,0,0,-5,0
EPL_2324_BRENTFORD_NOTTINGHAMFOREST,2023-24,TRAIN,2024-01-20,Brentford,Nottingham Forest,3,2,HOME_WIN,1,W,11,12,5,3,10,14,6,4,1,3,0,0,1,3
EPL_2324_BRENTFORD_NOTTINGHAMFOREST,2023-24,TRAIN,2024-01-20,Nottingham Forest,Brentford,2,3,HOME_WIN,0,L,12,11,3,5,14,10,4,6,3,1,0,0,-1,0
EPL_2324_BOURNEMOUTH_LIVERPOOL,2023-24,TRAIN,2024-01-21,Bournemouth,Liverpool,0,4,AWAY_WIN,1,L,11,14,1,7,9,12,8,5,1,2,0,0,-4,0
EPL_2324_BOURNEMOUTH_LIVERPOOL,2023-24,TRAIN,2024-01-21,Liverpool,Bournemouth,4,0,AWAY_WIN,0,W,14,11,7,1,12,9,5,8,2,1,0,0,4,3
EPL_2324_SHEFFIELDUNITED_WESTHAMUNITED,2023-24,TRAIN,2024-01-21,Sheffield United,West Ham United,2,2,DRAW,1,D,21,16,6,5,11,10,4,1,3,1,1,1,0,1
EPL_2324_SHEFFIELDUNITED_WESTHAMUNITED,2023-24,TRAIN,2024-01-21,West Ham United,Sheffield United,2,2,DRAW,0,D,16,21,5,6,10,11,1,4,1,3,1,1,0,1
EPL_2324_BRIGHTONHOVEALBION_WOLVERHAMPTONWANDERERS,2023-24,TRAIN,2024-01-22,Brighton & Hove Albion,Wolverhampton Wanderers,0,0,DRAW,1,D,11,8,4,3,10,13,8,2,1,4,0,0,0,1
EPL_2324_BRIGHTONHOVEALBION_WOLVERHAMPTONWANDERERS,2023-24,TRAIN,2024-01-22,Wolverhampton Wanderers,Brighton & Hove Albion,0,0,DRAW,0,D,8,11,3,4,13,10,2,8,4,1,0,0,0,1
EPL_2324_ASTONVILLA_NEWCASTLEUNITED,2023-24,TRAIN,2024-01-30,Aston Villa,Newcastle United,1,3,AWAY_WIN,1,L,12,14,6,5,14,12,8,7,4,1,0,0,-2,0
EPL_2324_ASTONVILLA_NEWCASTLEUNITED,2023-24,TRAIN,2024-01-30,Newcastle United,Aston Villa,3,1,AWAY_WIN,0,W,14,12,5,6,12,14,7,8,1,4,0,0,2,3
EPL_2324_CRYSTALPALACE_SHEFFIELDUNITED,2023-24,TRAIN,2024-01-30,Crystal Palace,Sheffield United,3,2,HOME_WIN,1,W,12,9,4,5,8,18,11,1,1,4,0,0,1,3
EPL_2324_CRYSTALPALACE_SHEFFIELDUNITED,2023-24,TRAIN,2024-01-30,Sheffield United,Crystal Palace,2,3,HOME_WIN,0,L,9,12,5,4,18,8,1,11,4,1,0,0,-1,0
EPL_2324_FULHAM_EVERTON,2023-24,TRAIN,2024-01-30,Fulham,Everton,0,0,DRAW,1,D,25,21,6,4,6,13,15,6,1,2,0,0,0,1
EPL_2324_FULHAM_EVERTON,2023-24,TRAIN,2024-01-30,Everton,Fulham,0,0,DRAW,0,D,21,25,4,6,13,6,6,15,2,1,0,0,0,1
EPL_2324_LUTON_BRIGHTONHOVEALBION,2023-24,TRAIN,2024-01-30,Luton,Brighton & Hove Albion,4,0,HOME_WIN,1,W,18,9,8,2,13,14,7,4,2,2,0,0,4,3
EPL_2324_LUTON_BRIGHTONHOVEALBION,2023-24,TRAIN,2024-01-30,Brighton & Hove Albion,Luton,0,4,HOME_WIN,0,L,9,18,2,8,14,13,4,7,2,2,0,0,-4,0
EPL_2324_NOTTINGHAMFOREST_ARSENAL,2023-24,TRAIN,2024-01-30,Nottingham Forest,Arsenal,1,2,AWAY_WIN,1,L,9,19,3,3,6,7,2,11,0,1,0,0,-1,0
EPL_2324_NOTTINGHAMFOREST_ARSENAL,2023-24,TRAIN,2024-01-30,Arsenal,Nottingham Forest,2,1,AWAY_WIN,0,W,19,9,3,3,7,6,11,2,1,0,0,0,1,3
EPL_2324_LIVERPOOL_CHELSEA,2023-24,TRAIN,2024-01-31,Liverpool,Chelsea,4,1,HOME_WIN,1,W,28,4,13,3,15,16,8,1,2,4,0,0,3,3
EPL_2324_LIVERPOOL_CHELSEA,2023-24,TRAIN,2024-01-31,Chelsea,Liverpool,1,4,HOME_WIN,0,L,4,28,3,13,16,15,1,8,4,2,0,0,-3,0
EPL_2324_MANCHESTERCITY_BURNLEY,2023-24,TRAIN,2024-01-31,Manchester City,Burnley,3,1,HOME_WIN,1,W,14,8,4,3,3,13,7,3,2,2,0,0,2,3
EPL_2324_MANCHESTERCITY_BURNLEY,2023-24,TRAIN,2024-01-31,Burnley,Manchester City,1,3,HOME_WIN,0,L,8,14,3,4,13,3,3,7,2,2,0,0,-2,0
EPL_2324_TOTTENHAMHOTSPUR_BRENTFORD,2023-24,TRAIN,2024-01-31,Tottenham Hotspur,Brentford,3,2,HOME_WIN,1,W,19,9,5,5,13,15,5,3,2,3,0,0,1,3
EPL_2324_TOTTENHAMHOTSPUR_BRENTFORD,2023-24,TRAIN,2024-01-31,Brentford,Tottenham Hotspur,2,3,HOME_WIN,0,L,9,19,5,5,15,13,3,5,3,2,0,0,-1,0
EPL_2324_WESTHAMUNITED_BOURNEMOUTH,2023-24,TRAIN,2024-02-01,West Ham United,Bournemouth,1,1,DRAW,1,D,9,9,3,4,13,11,1,5,1,3,0,0,0,1
EPL_2324_WESTHAMUNITED_BOURNEMOUTH,2023-24,TRAIN,2024-02-01,Bournemouth,West Ham United,1,1,DRAW,0,D,9,9,4,3,11,13,5,1,3,1,0,0,0,1
EPL_2324_WOLVERHAMPTONWANDERERS_MANCHESTERUNITED,2023-24,TRAIN,2024-02-01,Wolverhampton Wanderers,Manchester United,3,4,AWAY_WIN,1,L,16,21,7,8,10,10,4,5,2,5,0,0,-1,0
EPL_2324_WOLVERHAMPTONWANDERERS_MANCHESTERUNITED,2023-24,TRAIN,2024-02-01,Manchester United,Wolverhampton Wanderers,4,3,AWAY_WIN,0,W,21,16,8,7,10,10,5,4,5,2,0,0,1,3
EPL_2324_BRIGHTONHOVEALBION_CRYSTALPALACE,2023-24,TRAIN,2024-02-03,Brighton & Hove Albion,Crystal Palace,4,1,HOME_WIN,1,W,13,7,6,5,8,14,3,2,1,3,0,0,3,3
EPL_2324_BRIGHTONHOVEALBION_CRYSTALPALACE,2023-24,TRAIN,2024-02-03,Crystal Palace,Brighton & Hove Albion,1,4,HOME_WIN,0,L,7,13,5,6,14,8,2,3,3,1,0,0,-3,0
EPL_2324_BURNLEY_FULHAM,2023-24,TRAIN,2024-02-03,Burnley,Fulham,2,2,DRAW,1,D,12,15,4,7,11,7,2,13,2,2,0,0,0,1
EPL_2324_BURNLEY_FULHAM,2023-24,TRAIN,2024-02-03,Fulham,Burnley,2,2,DRAW,0,D,15,12,7,4,7,11,13,2,2,2,0,0,0,1
EPL_2324_EVERTON_TOTTENHAMHOTSPUR,2023-24,TRAIN,2024-02-03,Everton,Tottenham Hotspur,2,2,DRAW,1,D,14,9,5,6,8,14,9,5,3,0,0,0,0,1
EPL_2324_EVERTON_TOTTENHAMHOTSPUR,2023-24,TRAIN,2024-02-03,Tottenham Hotspur,Everton,2,2,DRAW,0,D,9,14,6,5,14,8,5,9,0,3,0,0,0,1
EPL_2324_NEWCASTLEUNITED_LUTON,2023-24,TRAIN,2024-02-03,Newcastle United,Luton,4,4,DRAW,1,D,19,11,6,8,13,16,8,2,2,2,0,0,0,1
EPL_2324_NEWCASTLEUNITED_LUTON,2023-24,TRAIN,2024-02-03,Luton,Newcastle United,4,4,DRAW,0,D,11,19,8,6,16,13,2,8,2,2,0,0,0,1
EPL_2324_SHEFFIELDUNITED_ASTONVILLA,2023-24,TRAIN,2024-02-03,Sheffield United,Aston Villa,0,5,AWAY_WIN,1,L,10,14,5,10,10,7,3,4,1,0,0,0,-5,0
EPL_2324_SHEFFIELDUNITED_ASTONVILLA,2023-24,TRAIN,2024-02-03,Aston Villa,Sheffield United,5,0,AWAY_WIN,0,W,14,10,10,5,7,10,4,3,0,1,0,0,5,3
EPL_2324_ARSENAL_LIVERPOOL,2023-24,TRAIN,2024-02-04,Arsenal,Liverpool,3,1,HOME_WIN,1,W,15,10,7,1,11,11,2,4,6,2,0,1,2,3
EPL_2324_ARSENAL_LIVERPOOL,2023-24,TRAIN,2024-02-04,Liverpool,Arsenal,1,3,HOME_WIN,0,L,10,15,1,7,11,11,4,2,2,6,1,0,-2,0
EPL_2324_BOURNEMOUTH_NOTTINGHAMFOREST,2023-24,TRAIN,2024-02-04,Bournemouth,Nottingham Forest,1,1,DRAW,1,D,9,8,2,6,19,12,11,6,3,2,1,0,0,1
EPL_2324_BOURNEMOUTH_NOTTINGHAMFOREST,2023-24,TRAIN,2024-02-04,Nottingham Forest,Bournemouth,1,1,DRAW,0,D,8,9,6,2,12,19,6,11,2,3,0,1,0,1
EPL_2324_CHELSEA_WOLVERHAMPTONWANDERERS,2023-24,TRAIN,2024-02-04,Chelsea,Wolverhampton Wanderers,2,4,AWAY_WIN,1,L,15,14,6,7,15,11,10,1,3,2,0,0,-2,0
EPL_2324_CHELSEA_WOLVERHAMPTONWANDERERS,2023-24,TRAIN,2024-02-04,Wolverhampton Wanderers,Chelsea,4,2,AWAY_WIN,0,W,14,15,7,6,11,15,1,10,2,3,0,0,2,3
EPL_2324_MANCHESTERUNITED_WESTHAMUNITED,2023-24,TRAIN,2024-02-04,Manchester United,West Ham United,3,0,HOME_WIN,1,W,12,22,5,3,10,5,5,8,0,1,0,0,3,3
EPL_2324_MANCHESTERUNITED_WESTHAMUNITED,2023-24,TRAIN,2024-02-04,West Ham United,Manchester United,0,3,HOME_WIN,0,L,22,12,3,5,5,10,8,5,1,0,0,0,-3,0
EPL_2324_BRENTFORD_MANCHESTERCITY,2023-24,TRAIN,2024-02-05,Brentford,Manchester City,1,3,AWAY_WIN,1,L,9,25,3,15,2,4,8,13,1,0,0,0,-2,0
EPL_2324_BRENTFORD_MANCHESTERCITY,2023-24,TRAIN,2024-02-05,Manchester City,Brentford,3,1,AWAY_WIN,0,W,25,9,15,3,4,2,13,8,0,1,0,0,2,3
EPL_2324_FULHAM_BOURNEMOUTH,2023-24,TRAIN,2024-02-10,Fulham,Bournemouth,3,1,HOME_WIN,1,W,7,25,6,4,11,11,1,14,1,2,0,0,2,3
EPL_2324_FULHAM_BOURNEMOUTH,2023-24,TRAIN,2024-02-10,Bournemouth,Fulham,1,3,HOME_WIN,0,L,25,7,4,6,11,11,14,1,2,1,0,0,-2,0
EPL_2324_LIVERPOOL_BURNLEY,2023-24,TRAIN,2024-02-10,Liverpool,Burnley,3,1,HOME_WIN,1,W,25,9,10,4,11,13,9,3,3,2,0,0,2,3
EPL_2324_LIVERPOOL_BURNLEY,2023-24,TRAIN,2024-02-10,Burnley,Liverpool,1,3,HOME_WIN,0,L,9,25,4,10,13,11,3,9,2,3,0,0,-2,0
EPL_2324_LUTON_SHEFFIELDUNITED,2023-24,TRAIN,2024-02-10,Luton,Sheffield United,1,3,AWAY_WIN,1,L,20,7,5,3,7,12,13,1,1,2,0,0,-2,0
EPL_2324_LUTON_SHEFFIELDUNITED,2023-24,TRAIN,2024-02-10,Sheffield United,Luton,3,1,AWAY_WIN,0,W,7,20,3,5,12,7,1,13,2,1,0,0,2,3
EPL_2324_MANCHESTERCITY_EVERTON,2023-24,TRAIN,2024-02-10,Manchester City,Everton,2,0,HOME_WIN,1,W,19,5,3,1,6,11,9,0,0,2,0,0,2,3
EPL_2324_MANCHESTERCITY_EVERTON,2023-24,TRAIN,2024-02-10,Everton,Manchester City,0,2,HOME_WIN,0,L,5,19,1,3,11,6,0,9,2,0,0,0,-2,0
EPL_2324_NOTTINGHAMFOREST_NEWCASTLEUNITED,2023-24,TRAIN,2024-02-10,Nottingham Forest,Newcastle United,2,3,AWAY_WIN,1,L,13,7,3,5,9,6,4,4,1,2,0,0,-1,0
EPL_2324_NOTTINGHAMFOREST_NEWCASTLEUNITED,2023-24,TRAIN,2024-02-10,Newcastle United,Nottingham Forest,3,2,AWAY_WIN,0,W,7,13,5,3,6,9,4,4,2,1,0,0,1,3
EPL_2324_TOTTENHAMHOTSPUR_BRIGHTONHOVEALBION,2023-24,TRAIN,2024-02-10,Tottenham Hotspur,Brighton & Hove Albion,2,1,HOME_WIN,1,W,16,6,6,3,14,13,9,6,2,3,0,0,1,3
EPL_2324_TOTTENHAMHOTSPUR_BRIGHTONHOVEALBION,2023-24,TRAIN,2024-02-10,Brighton & Hove Albion,Tottenham Hotspur,1,2,HOME_WIN,0,L,6,16,3,6,13,14,6,9,3,2,0,0,-1,0
EPL_2324_WOLVERHAMPTONWANDERERS_BRENTFORD,2023-24,TRAIN,2024-02-10,Wolverhampton Wanderers,Brentford,0,2,AWAY_WIN,1,L,17,9,5,6,11,9,7,4,2,3,0,0,-2,0
EPL_2324_WOLVERHAMPTONWANDERERS_BRENTFORD,2023-24,TRAIN,2024-02-10,Brentford,Wolverhampton Wanderers,2,0,AWAY_WIN,0,W,9,17,6,5,9,11,4,7,3,2,0,0,2,3
EPL_2324_ASTONVILLA_MANCHESTERUNITED,2023-24,TRAIN,2024-02-11,Aston Villa,Manchester United,1,2,AWAY_WIN,1,L,23,17,10,5,9,7,10,8,3,2,0,0,-1,0
EPL_2324_ASTONVILLA_MANCHESTERUNITED,2023-24,TRAIN,2024-02-11,Manchester United,Aston Villa,2,1,AWAY_WIN,0,W,17,23,5,10,7,9,8,10,2,3,0,0,1,3
EPL_2324_WESTHAMUNITED_ARSENAL,2023-24,TRAIN,2024-02-11,West Ham United,Arsenal,0,6,AWAY_WIN,1,L,5,25,1,12,17,11,2,6,4,0,0,0,-6,0
EPL_2324_WESTHAMUNITED_ARSENAL,2023-24,TRAIN,2024-02-11,Arsenal,West Ham United,6,0,AWAY_WIN,0,W,25,5,12,1,11,17,6,2,0,4,0,0,6,3
EPL_2324_CRYSTALPALACE_CHELSEA,2023-24,TRAIN,2024-02-12,Crystal Palace,Chelsea,1,3,AWAY_WIN,1,L,13,14,4,5,14,7,1,7,2,2,0,0,-2,0
EPL_2324_CRYSTALPALACE_CHELSEA,2023-24,TRAIN,2024-02-12,Chelsea,Crystal Palace,3,1,AWAY_WIN,0,W,14,13,5,4,7,14,7,1,2,2,0,0,2,3
EPL_2324_BRENTFORD_LIVERPOOL,2023-24,TRAIN,2024-02-17,Brentford,Liverpool,1,4,AWAY_WIN,1,L,15,15,6,8,4,18,1,6,2,1,0,0,-3,0
EPL_2324_BRENTFORD_LIVERPOOL,2023-24,TRAIN,2024-02-17,Liverpool,Brentford,4,1,AWAY_WIN,0,W,15,15,8,6,18,4,6,1,1,2,0,0,3,3
EPL_2324_BURNLEY_ARSENAL,2023-24,TRAIN,2024-02-17,Burnley,Arsenal,0,5,AWAY_WIN,1,L,8,16,0,7,11,8,4,6,2,1,0,0,-5,0
EPL_2324_BURNLEY_ARSENAL,2023-24,TRAIN,2024-02-17,Arsenal,Burnley,5,0,AWAY_WIN,0,W,16,8,7,0,8,11,6,4,1,2,0,0,5,3
EPL_2324_FULHAM_ASTONVILLA,2023-24,TRAIN,2024-02-17,Fulham,Aston Villa,1,2,AWAY_WIN,1,L,15,12,4,3,11,6,4,4,5,2,0,0,-1,0
EPL_2324_FULHAM_ASTONVILLA,2023-24,TRAIN,2024-02-17,Aston Villa,Fulham,2,1,AWAY_WIN,0,W,12,15,3,4,6,11,4,4,2,5,0,0,1,3
EPL_2324_MANCHESTERCITY_CHELSEA,2023-24,TRAIN,2024-02-17,Manchester City,Chelsea,1,1,DRAW,1,D,31,9,5,6,7,12,12,1,1,3,0,0,0,1
EPL_2324_MANCHESTERCITY_CHELSEA,2023-24,TRAIN,2024-02-17,Chelsea,Manchester City,1,1,DRAW,0,D,9,31,6,5,12,7,1,12,3,1,0,0,0,1
EPL_2324_NEWCASTLEUNITED_BOURNEMOUTH,2023-24,TRAIN,2024-02-17,Newcastle United,Bournemouth,2,2,DRAW,1,D,17,12,5,7,9,22,4,2,1,3,0,0,0,1
EPL_2324_NEWCASTLEUNITED_BOURNEMOUTH,2023-24,TRAIN,2024-02-17,Bournemouth,Newcastle United,2,2,DRAW,0,D,12,17,7,5,22,9,2,4,3,1,0,0,0,1
EPL_2324_NOTTINGHAMFOREST_WESTHAMUNITED,2023-24,TRAIN,2024-02-17,Nottingham Forest,West Ham United,2,0,HOME_WIN,1,W,19,10,8,3,13,15,5,3,4,4,0,1,2,3
EPL_2324_NOTTINGHAMFOREST_WESTHAMUNITED,2023-24,TRAIN,2024-02-17,West Ham United,Nottingham Forest,0,2,HOME_WIN,0,L,10,19,3,8,15,13,3,5,4,4,1,0,-2,0
EPL_2324_TOTTENHAMHOTSPUR_WOLVERHAMPTONWANDERERS,2023-24,TRAIN,2024-02-17,Tottenham Hotspur,Wolverhampton Wanderers,1,2,AWAY_WIN,1,L,15,12,4,7,8,13,10,4,0,1,0,0,-1,0
EPL_2324_TOTTENHAMHOTSPUR_WOLVERHAMPTONWANDERERS,2023-24,TRAIN,2024-02-17,Wolverhampton Wanderers,Tottenham Hotspur,2,1,AWAY_WIN,0,W,12,15,7,4,13,8,4,10,1,0,0,0,1,3
EPL_2324_LUTON_MANCHESTERUNITED,2023-24,TRAIN,2024-02-18,Luton,Manchester United,1,2,AWAY_WIN,1,L,22,21,4,9,7,21,8,6,3,5,0,0,-1,0
EPL_2324_LUTON_MANCHESTERUNITED,2023-24,TRAIN,2024-02-18,Manchester United,Luton,2,1,AWAY_WIN,0,W,21,22,9,4,21,7,6,8,5,3,0,0,1,3
EPL_2324_SHEFFIELDUNITED_BRIGHTONHOVEALBION,2023-24,TRAIN,2024-02-18,Sheffield United,Brighton & Hove Albion,0,5,AWAY_WIN,1,L,6,24,1,10,3,5,5,10,1,4,1,0,-5,0
EPL_2324_SHEFFIELDUNITED_BRIGHTONHOVEALBION,2023-24,TRAIN,2024-02-18,Brighton & Hove Albion,Sheffield United,5,0,AWAY_WIN,0,W,24,6,10,1,5,3,10,5,4,1,0,1,5,3
EPL_2324_EVERTON_CRYSTALPALACE,2023-24,TRAIN,2024-02-19,Everton,Crystal Palace,1,1,DRAW,1,D,19,10,4,4,8,12,3,6,0,2,0,0,0,1
EPL_2324_EVERTON_CRYSTALPALACE,2023-24,TRAIN,2024-02-19,Crystal Palace,Everton,1,1,DRAW,0,D,10,19,4,4,12,8,6,3,2,0,0,0,0,1
EPL_2324_MANCHESTERCITY_BRENTFORD,2023-24,TRAIN,2024-02-20,Manchester City,Brentford,1,0,HOME_WIN,1,W,25,6,11,2,12,6,10,1,2,4,0,0,1,3
EPL_2324_MANCHESTERCITY_BRENTFORD,2023-24,TRAIN,2024-02-20,Brentford,Manchester City,0,1,HOME_WIN,0,L,6,25,2,11,6,12,1,10,4,2,0,0,-1,0
EPL_2324_LIVERPOOL_LUTON,2023-24,TRAIN,2024-02-21,Liverpool,Luton,4,1,HOME_WIN,1,W,29,12,13,3,15,14,13,4,1,4,0,0,3,3
EPL_2324_LIVERPOOL_LUTON,2023-24,TRAIN,2024-02-21,Luton,Liverpool,1,4,HOME_WIN,0,L,12,29,3,13,14,15,4,13,4,1,0,0,-3,0
EPL_2324_ARSENAL_NEWCASTLEUNITED,2023-24,TRAIN,2024-02-24,Arsenal,Newcastle United,4,1,HOME_WIN,1,W,18,3,8,2,15,6,9,0,1,0,0,0,3,3
EPL_2324_ARSENAL_NEWCASTLEUNITED,2023-24,TRAIN,2024-02-24,Newcastle United,Arsenal,1,4,HOME_WIN,0,L,3,18,2,8,6,15,0,9,0,1,0,0,-3,0
EPL_2324_ASTONVILLA_NOTTINGHAMFOREST,2023-24,TRAIN,2024-02-24,Aston Villa,Nottingham Forest,4,2,HOME_WIN,1,W,16,10,6,3,7,16,7,2,1,2,0,0,2,3
EPL_2324_ASTONVILLA_NOTTINGHAMFOREST,2023-24,TRAIN,2024-02-24,Nottingham Forest,Aston Villa,2,4,HOME_WIN,0,L,10,16,3,6,16,7,2,7,2,1,0,0,-2,0
EPL_2324_BOURNEMOUTH_MANCHESTERCITY,2023-24,TRAIN,2024-02-24,Bournemouth,Manchester City,0,1,AWAY_WIN,1,L,13,15,4,6,14,6,3,8,2,2,0,0,-1,0
EPL_2324_BOURNEMOUTH_MANCHESTERCITY,2023-24,TRAIN,2024-02-24,Manchester City,Bournemouth,1,0,AWAY_WIN,0,W,15,13,6,4,6,14,8,3,2,2,0,0,1,3
EPL_2324_BRIGHTONHOVEALBION_EVERTON,2023-24,TRAIN,2024-02-24,Brighton & Hove Albion,Everton,1,1,DRAW,1,D,23,6,7,3,9,14,11,3,2,3,1,0,0,1
EPL_2324_BRIGHTONHOVEALBION_EVERTON,2023-24,TRAIN,2024-02-24,Everton,Brighton & Hove Albion,1,1,DRAW,0,D,6,23,3,7,14,9,3,11,3,2,0,1,0,1
EPL_2324_CRYSTALPALACE_BURNLEY,2023-24,TRAIN,2024-02-24,Crystal Palace,Burnley,3,0,HOME_WIN,1,W,15,2,6,0,8,13,12,3,3,1,0,1,3,3
EPL_2324_CRYSTALPALACE_BURNLEY,2023-24,TRAIN,2024-02-24,Burnley,Crystal Palace,0,3,HOME_WIN,0,L,2,15,0,6,13,8,3,12,1,3,1,0,-3,0
EPL_2324_MANCHESTERUNITED_FULHAM,2023-24,TRAIN,2024-02-24,Manchester United,Fulham,1,2,AWAY_WIN,1,L,21,17,9,5,6,11,10,9,2,5,0,0,-1,0
EPL_2324_MANCHESTERUNITED_FULHAM,2023-24,TRAIN,2024-02-24,Fulham,Manchester United,2,1,AWAY_WIN,0,W,17,21,5,9,11,6,9,10,5,2,0,0,1,3
EPL_2324_WOLVERHAMPTONWANDERERS_SHEFFIELDUNITED,2023-24,TRAIN,2024-02-25,Wolverhampton Wanderers,Sheffield United,1,0,HOME_WIN,1,W,13,12,2,4,8,4,5,6,2,1,0,0,1,3
EPL_2324_WOLVERHAMPTONWANDERERS_SHEFFIELDUNITED,2023-24,TRAIN,2024-02-25,Sheffield United,Wolverhampton Wanderers,0,1,HOME_WIN,0,L,12,13,4,2,4,8,6,5,1,2,0,0,-1,0
EPL_2324_WESTHAMUNITED_BRENTFORD,2023-24,TRAIN,2024-02-26,West Ham United,Brentford,4,2,HOME_WIN,1,W,17,14,6,8,5,9,1,7,1,2,0,0,2,3
EPL_2324_WESTHAMUNITED_BRENTFORD,2023-24,TRAIN,2024-02-26,Brentford,West Ham United,2,4,HOME_WIN,0,L,14,17,8,6,9,5,7,1,2,1,0,0,-2,0
EPL_2324_BRENTFORD_CHELSEA,2023-24,TRAIN,2024-03-02,Brentford,Chelsea,2,2,DRAW,1,D,14,17,5,6,10,9,0,6,3,1,0,0,0,1
EPL_2324_BRENTFORD_CHELSEA,2023-24,TRAIN,2024-03-02,Chelsea,Brentford,2,2,DRAW,0,D,17,14,6,5,9,10,6,0,1,3,0,0,0,1
EPL_2324_EVERTON_WESTHAMUNITED,2023-24,TRAIN,2024-03-02,Everton,West Ham United,1,3,AWAY_WIN,1,L,22,12,11,5,9,6,4,5,1,2,0,0,-2,0
EPL_2324_EVERTON_WESTHAMUNITED,2023-24,TRAIN,2024-03-02,West Ham United,Everton,3,1,AWAY_WIN,0,W,12,22,5,11,6,9,5,4,2,1,0,0,2,3
EPL_2324_FULHAM_BRIGHTONHOVEALBION,2023-24,TRAIN,2024-03-02,Fulham,Brighton & Hove Albion,3,0,HOME_WIN,1,W,12,15,5,5,16,10,2,6,1,2,0,0,3,3
EPL_2324_FULHAM_BRIGHTONHOVEALBION,2023-24,TRAIN,2024-03-02,Brighton & Hove Albion,Fulham,0,3,HOME_WIN,0,L,15,12,5,5,10,16,6,2,2,1,0,0,-3,0
EPL_2324_LUTON_ASTONVILLA,2023-24,TRAIN,2024-03-02,Luton,Aston Villa,2,3,AWAY_WIN,1,L,13,12,5,8,8,19,8,6,1,4,0,0,-1,0
EPL_2324_LUTON_ASTONVILLA,2023-24,TRAIN,2024-03-02,Aston Villa,Luton,3,2,AWAY_WIN,0,W,12,13,8,5,19,8,6,8,4,1,0,0,1,3
EPL_2324_NEWCASTLEUNITED_WOLVERHAMPTONWANDERERS,2023-24,TRAIN,2024-03-02,Newcastle United,Wolverhampton Wanderers,3,0,HOME_WIN,1,W,14,12,7,3,8,11,3,5,0,1,0,0,3,3
EPL_2324_NEWCASTLEUNITED_WOLVERHAMPTONWANDERERS,2023-24,TRAIN,2024-03-02,Wolverhampton Wanderers,Newcastle United,0,3,HOME_WIN,0,L,12,14,3,7,11,8,5,3,1,0,0,0,-3,0
EPL_2324_NOTTINGHAMFOREST_LIVERPOOL,2023-24,TRAIN,2024-03-02,Nottingham Forest,Liverpool,0,1,AWAY_WIN,1,L,8,22,2,2,11,12,3,12,2,2,0,0,-1,0
EPL_2324_NOTTINGHAMFOREST_LIVERPOOL,2023-24,TRAIN,2024-03-02,Liverpool,Nottingham Forest,1,0,AWAY_WIN,0,W,22,8,2,2,12,11,12,3,2,2,0,0,1,3
EPL_2324_TOTTENHAMHOTSPUR_CRYSTALPALACE,2023-24,TRAIN,2024-03-02,Tottenham Hotspur,Crystal Palace,3,1,HOME_WIN,1,W,14,4,6,1,7,16,11,1,1,2,0,0,2,3
EPL_2324_TOTTENHAMHOTSPUR_CRYSTALPALACE,2023-24,TRAIN,2024-03-02,Crystal Palace,Tottenham Hotspur,1,3,HOME_WIN,0,L,4,14,1,6,16,7,1,11,2,1,0,0,-2,0
EPL_2324_BURNLEY_BOURNEMOUTH,2023-24,TRAIN,2024-03-03,Burnley,Bournemouth,0,2,AWAY_WIN,1,L,20,10,6,3,8,13,7,2,2,4,0,0,-2,0
EPL_2324_BURNLEY_BOURNEMOUTH,2023-24,TRAIN,2024-03-03,Bournemouth,Burnley,2,0,AWAY_WIN,0,W,10,20,3,6,13,8,2,7,4,2,0,0,2,3
EPL_2324_MANCHESTERCITY_MANCHESTERUNITED,2023-24,TRAIN,2024-03-03,Manchester City,Manchester United,3,1,HOME_WIN,1,W,27,3,8,1,5,10,15,2,0,1,0,0,2,3
EPL_2324_MANCHESTERCITY_MANCHESTERUNITED,2023-24,TRAIN,2024-03-03,Manchester United,Manchester City,1,3,HOME_WIN,0,L,3,27,1,8,10,5,2,15,1,0,0,0,-2,0
EPL_2324_SHEFFIELDUNITED_ARSENAL,2023-24,TRAIN,2024-03-04,Sheffield United,Arsenal,0,6,AWAY_WIN,1,L,4,22,0,10,11,4,0,7,1,0,0,0,-6,0
EPL_2324_SHEFFIELDUNITED_ARSENAL,2023-24,TRAIN,2024-03-04,Arsenal,Sheffield United,6,0,AWAY_WIN,0,W,22,4,10,0,4,11,7,0,0,1,0,0,6,3
EPL_2324_ARSENAL_BRENTFORD,2023-24,TRAIN,2024-03-09,Arsenal,Brentford,2,1,HOME_WIN,1,W,17,9,6,4,9,10,10,4,2,4,0,0,1,3
EPL_2324_ARSENAL_BRENTFORD,2023-24,TRAIN,2024-03-09,Brentford,Arsenal,1,2,HOME_WIN,0,L,9,17,4,6,10,9,4,10,4,2,0,0,-1,0
EPL_2324_BOURNEMOUTH_SHEFFIELDUNITED,2023-24,TRAIN,2024-03-09,Bournemouth,Sheffield United,2,2,DRAW,1,D,32,13,12,9,12,11,10,3,3,5,0,0,0,1
EPL_2324_BOURNEMOUTH_SHEFFIELDUNITED,2023-24,TRAIN,2024-03-09,Sheffield United,Bournemouth,2,2,DRAW,0,D,13,32,9,12,11,12,3,10,5,3,0,0,0,1
EPL_2324_CRYSTALPALACE_LUTON,2023-24,TRAIN,2024-03-09,Crystal Palace,Luton,1,1,DRAW,1,D,21,8,4,2,20,11,8,6,2,3,0,0,0,1
EPL_2324_CRYSTALPALACE_LUTON,2023-24,TRAIN,2024-03-09,Luton,Crystal Palace,1,1,DRAW,0,D,8,21,2,4,11,20,6,8,3,2,0,0,0,1
EPL_2324_MANCHESTERUNITED_EVERTON,2023-24,TRAIN,2024-03-09,Manchester United,Everton,2,0,HOME_WIN,1,W,15,23,8,6,13,11,5,8,1,2,0,0,2,3
EPL_2324_MANCHESTERUNITED_EVERTON,2023-24,TRAIN,2024-03-09,Everton,Manchester United,0,2,HOME_WIN,0,L,23,15,6,8,11,13,8,5,2,1,0,0,-2,0
EPL_2324_WOLVERHAMPTONWANDERERS_FULHAM,2023-24,TRAIN,2024-03-09,Wolverhampton Wanderers,Fulham,2,1,HOME_WIN,1,W,8,23,3,6,7,11,3,4,2,2,0,0,1,3
EPL_2324_WOLVERHAMPTONWANDERERS_FULHAM,2023-24,TRAIN,2024-03-09,Fulham,Wolverhampton Wanderers,1,2,HOME_WIN,0,L,23,8,6,3,11,7,4,3,2,2,0,0,-1,0
EPL_2324_ASTONVILLA_TOTTENHAMHOTSPUR,2023-24,TRAIN,2024-03-10,Aston Villa,Tottenham Hotspur,0,4,AWAY_WIN,1,L,10,9,1,5,11,15,6,4,0,2,1,0,-4,0
EPL_2324_ASTONVILLA_TOTTENHAMHOTSPUR,2023-24,TRAIN,2024-03-10,Tottenham Hotspur,Aston Villa,4,0,AWAY_WIN,0,W,9,10,5,1,15,11,4,6,2,0,0,1,4,3
EPL_2324_BRIGHTONHOVEALBION_NOTTINGHAMFOREST,2023-24,TRAIN,2024-03-10,Brighton & Hove Albion,Nottingham Forest,1,0,HOME_WIN,1,W,10,9,3,4,14,14,6,3,4,4,0,0,1,3
EPL_2324_BRIGHTONHOVEALBION_NOTTINGHAMFOREST,2023-24,TRAIN,2024-03-10,Nottingham Forest,Brighton & Hove Albion,0,1,HOME_WIN,0,L,9,10,4,3,14,14,3,6,4,4,0,0,-1,0
EPL_2324_LIVERPOOL_MANCHESTERCITY,2023-24,TRAIN,2024-03-10,Liverpool,Manchester City,1,1,DRAW,1,D,19,10,6,6,6,10,7,4,0,3,0,0,0,1
EPL_2324_LIVERPOOL_MANCHESTERCITY,2023-24,TRAIN,2024-03-10,Manchester City,Liverpool,1,1,DRAW,0,D,10,19,6,6,10,6,4,7,3,0,0,0,0,1
EPL_2324_WESTHAMUNITED_BURNLEY,2023-24,TRAIN,2024-03-10,West Ham United,Burnley,2,2,DRAW,1,D,22,11,4,4,11,18,4,4,2,4,0,0,0,1
EPL_2324_WESTHAMUNITED_BURNLEY,2023-24,TRAIN,2024-03-10,Burnley,West Ham United,2,2,DRAW,0,D,11,22,4,4,18,11,4,4,4,2,0,0,0,1
EPL_2324_CHELSEA_NEWCASTLEUNITED,2023-24,TRAIN,2024-03-11,Chelsea,Newcastle United,3,2,HOME_WIN,1,W,12,11,8,3,12,7,0,4,3,1,0,0,1,3
EPL_2324_CHELSEA_NEWCASTLEUNITED,2023-24,TRAIN,2024-03-11,Newcastle United,Chelsea,2,3,HOME_WIN,0,L,11,12,3,8,7,12,4,0,1,3,0,0,-1,0
EPL_2324_BOURNEMOUTH_LUTON,2023-24,TRAIN,2024-03-13,Bournemouth,Luton,4,3,HOME_WIN,1,W,24,8,10,4,16,11,11,3,1,2,0,0,1,3
EPL_2324_BOURNEMOUTH_LUTON,2023-24,TRAIN,2024-03-13,Luton,Bournemouth,3,4,HOME_WIN,0,L,8,24,4,10,11,16,3,11,2,1,0,0,-1,0
EPL_2324_BURNLEY_BRENTFORD,2023-24,TRAIN,2024-03-16,Burnley,Brentford,2,1,HOME_WIN,1,W,17,9,6,5,14,17,5,4,2,4,0,1,1,3
EPL_2324_BURNLEY_BRENTFORD,2023-24,TRAIN,2024-03-16,Brentford,Burnley,1,2,HOME_WIN,0,L,9,17,5,6,17,14,4,5,4,2,1,0,-1,0
EPL_2324_FULHAM_TOTTENHAMHOTSPUR,2023-24,TRAIN,2024-03-16,Fulham,Tottenham Hotspur,3,0,HOME_WIN,1,W,16,14,7,5,9,10,4,5,2,3,0,0,3,3
EPL_2324_FULHAM_TOTTENHAMHOTSPUR,2023-24,TRAIN,2024-03-16,Tottenham Hotspur,Fulham,0,3,HOME_WIN,0,L,14,16,5,7,10,9,5,4,3,2,0,0,-3,0
EPL_2324_LUTON_NOTTINGHAMFOREST,2023-24,TRAIN,2024-03-16,Luton,Nottingham Forest,1,1,DRAW,1,D,10,16,4,6,10,17,6,7,1,2,0,0,0,1
EPL_2324_LUTON_NOTTINGHAMFOREST,2023-24,TRAIN,2024-03-16,Nottingham Forest,Luton,1,1,DRAW,0,D,16,10,6,4,17,10,7,6,2,1,0,0,0,1
EPL_2324_WESTHAMUNITED_ASTONVILLA,2023-24,TRAIN,2024-03-17,West Ham United,Aston Villa,1,1,DRAW,1,D,13,13,5,5,13,12,7,11,3,3,0,0,0,1
EPL_2324_WESTHAMUNITED_ASTONVILLA,2023-24,TRAIN,2024-03-17,Aston Villa,West Ham United,1,1,DRAW,0,D,13,13,5,5,12,13,11,7,3,3,0,0,0,1
EPL_2324_ASTONVILLA_WOLVERHAMPTONWANDERERS,2023-24,TRAIN,2024-03-30,Aston Villa,Wolverhampton Wanderers,2,0,HOME_WIN,1,W,11,13,5,3,11,19,5,4,3,4,0,0,2,3
EPL_2324_ASTONVILLA_WOLVERHAMPTONWANDERERS,2023-24,TRAIN,2024-03-30,Wolverhampton Wanderers,Aston Villa,0,2,HOME_WIN,0,L,13,11,3,5,19,11,4,5,4,3,0,0,-2,0
EPL_2324_BOURNEMOUTH_EVERTON,2023-24,TRAIN,2024-03-30,Bournemouth,Everton,2,1,HOME_WIN,1,W,11,7,4,3,14,11,9,8,1,2,0,0,1,3
EPL_2324_BOURNEMOUTH_EVERTON,2023-24,TRAIN,2024-03-30,Everton,Bournemouth,1,2,HOME_WIN,0,L,7,11,3,4,11,14,8,9,2,1,0,0,-1,0
EPL_2324_BRENTFORD_MANCHESTERUNITED,2023-24,TRAIN,2024-03-30,Brentford,Manchester United,1,1,DRAW,1,D,31,11,5,5,7,14,14,4,2,2,0,0,0,1
EPL_2324_BRENTFORD_MANCHESTERUNITED,2023-24,TRAIN,2024-03-30,Manchester United,Brentford,1,1,DRAW,0,D,11,31,5,5,14,7,4,14,2,2,0,0,0,1
EPL_2324_CHELSEA_BURNLEY,2023-24,TRAIN,2024-03-30,Chelsea,Burnley,2,2,DRAW,1,D,33,18,13,7,12,7,12,4,2,2,0,1,0,1
EPL_2324_CHELSEA_BURNLEY,2023-24,TRAIN,2024-03-30,Burnley,Chelsea,2,2,DRAW,0,D,18,33,7,13,7,12,4,12,2,2,1,0,0,1
EPL_2324_NEWCASTLEUNITED_WESTHAMUNITED,2023-24,TRAIN,2024-03-30,Newcastle United,West Ham United,4,3,HOME_WIN,1,W,24,10,9,4,9,8,3,4,1,1,1,0,1,3
EPL_2324_NEWCASTLEUNITED_WESTHAMUNITED,2023-24,TRAIN,2024-03-30,West Ham United,Newcastle United,3,4,HOME_WIN,0,L,10,24,4,9,8,9,4,3,1,1,0,1,-1,0
EPL_2324_NOTTINGHAMFOREST_CRYSTALPALACE,2023-24,TRAIN,2024-03-30,Nottingham Forest,Crystal Palace,1,1,DRAW,1,D,12,10,5,3,14,12,4,6,1,1,0,0,0,1
EPL_2324_NOTTINGHAMFOREST_CRYSTALPALACE,2023-24,TRAIN,2024-03-30,Crystal Palace,Nottingham Forest,1,1,DRAW,0,D,10,12,3,5,12,14,6,4,1,1,0,0,0,1
EPL_2324_SHEFFIELDUNITED_FULHAM,2023-24,TRAIN,2024-03-30,Sheffield United,Fulham,3,3,DRAW,1,D,8,24,4,9,10,13,2,15,4,1,0,0,0,1
EPL_2324_SHEFFIELDUNITED_FULHAM,2023-24,TRAIN,2024-03-30,Fulham,Sheffield United,3,3,DRAW,0,D,24,8,9,4,13,10,15,2,1,4,0,0,0,1
EPL_2324_TOTTENHAMHOTSPUR_LUTON,2023-24,TRAIN,2024-03-30,Tottenham Hotspur,Luton,2,1,HOME_WIN,1,W,17,7,4,3,16,14,3,6,2,4,0,0,1,3
EPL_2324_TOTTENHAMHOTSPUR_LUTON,2023-24,TRAIN,2024-03-30,Luton,Tottenham Hotspur,1,2,HOME_WIN,0,L,7,17,3,4,14,16,6,3,4,2,0,0,-1,0
EPL_2324_LIVERPOOL_BRIGHTONHOVEALBION,2023-24,TRAIN,2024-03-31,Liverpool,Brighton & Hove Albion,2,1,HOME_WIN,1,W,30,9,8,3,20,6,8,4,5,3,0,0,1,3
EPL_2324_LIVERPOOL_BRIGHTONHOVEALBION,2023-24,TRAIN,2024-03-31,Brighton & Hove Albion,Liverpool,1,2,HOME_WIN,0,L,9,30,3,8,6,20,4,8,3,5,0,0,-1,0
EPL_2324_MANCHESTERCITY_ARSENAL,2023-24,TRAIN,2024-03-31,Manchester City,Arsenal,0,0,DRAW,1,D,12,6,1,2,9,20,7,4,0,2,0,0,0,1
EPL_2324_MANCHESTERCITY_ARSENAL,2023-24,TRAIN,2024-03-31,Arsenal,Manchester City,0,0,DRAW,0,D,6,12,2,1,20,9,4,7,2,0,0,0,0,1
EPL_2324_BOURNEMOUTH_CRYSTALPALACE,2023-24,TRAIN,2024-04-02,Bournemouth,Crystal Palace,1,0,HOME_WIN,1,W,11,3,6,2,13,14,9,2,3,2,0,0,1,3
EPL_2324_BOURNEMOUTH_CRYSTALPALACE,2023-24,TRAIN,2024-04-02,Crystal Palace,Bournemouth,0,1,HOME_WIN,0,L,3,11,2,6,14,13,2,9,2,3,0,0,-1,0
EPL_2324_BURNLEY_WOLVERHAMPTONWANDERERS,2023-24,TRAIN,2024-04-02,Burnley,Wolverhampton Wanderers,1,1,DRAW,1,D,13,8,6,2,10,12,7,4,0,2,0,0,0,1
EPL_2324_BURNLEY_WOLVERHAMPTONWANDERERS,2023-24,TRAIN,2024-04-02,Wolverhampton Wanderers,Burnley,1,1,DRAW,0,D,8,13,2,6,12,10,4,7,2,0,0,0,0,1
EPL_2324_NEWCASTLEUNITED_EVERTON,2023-24,TRAIN,2024-04-02,Newcastle United,Everton,1,1,DRAW,1,D,18,10,6,3,9,14,7,3,0,3,0,0,0,1
EPL_2324_NEWCASTLEUNITED_EVERTON,2023-24,TRAIN,2024-04-02,Everton,Newcastle United,1,1,DRAW,0,D,10,18,3,6,14,9,3,7,3,0,0,0,0,1
EPL_2324_NOTTINGHAMFOREST_FULHAM,2023-24,TRAIN,2024-04-02,Nottingham Forest,Fulham,3,1,HOME_WIN,1,W,16,18,4,3,7,8,3,8,0,0,0,0,2,3
EPL_2324_NOTTINGHAMFOREST_FULHAM,2023-24,TRAIN,2024-04-02,Fulham,Nottingham Forest,1,3,HOME_WIN,0,L,18,16,3,4,8,7,8,3,0,0,0,0,-2,0
EPL_2324_WESTHAMUNITED_TOTTENHAMHOTSPUR,2023-24,TRAIN,2024-04-02,West Ham United,Tottenham Hotspur,1,1,DRAW,1,D,11,13,4,4,13,9,9,5,1,4,0,0,0,1
EPL_2324_WESTHAMUNITED_TOTTENHAMHOTSPUR,2023-24,TRAIN,2024-04-02,Tottenham Hotspur,West Ham United,1,1,DRAW,0,D,13,11,4,4,9,13,5,9,4,1,0,0,0,1
EPL_2324_ARSENAL_LUTON,2023-24,TRAIN,2024-04-03,Arsenal,Luton,2,0,HOME_WIN,1,W,13,5,4,1,12,8,3,1,1,1,0,0,2,3
EPL_2324_ARSENAL_LUTON,2023-24,TRAIN,2024-04-03,Luton,Arsenal,0,2,HOME_WIN,0,L,5,13,1,4,8,12,1,3,1,1,0,0,-2,0
EPL_2324_BRENTFORD_BRIGHTONHOVEALBION,2023-24,TRAIN,2024-04-03,Brentford,Brighton & Hove Albion,0,0,DRAW,1,D,5,24,2,6,9,12,1,5,1,1,0,0,0,1
EPL_2324_BRENTFORD_BRIGHTONHOVEALBION,2023-24,TRAIN,2024-04-03,Brighton & Hove Albion,Brentford,0,0,DRAW,0,D,24,5,6,2,12,9,5,1,1,1,0,0,0,1
EPL_2324_MANCHESTERCITY_ASTONVILLA,2023-24,TRAIN,2024-04-03,Manchester City,Aston Villa,4,1,HOME_WIN,1,W,25,8,11,3,6,13,2,3,1,2,0,0,3,3
EPL_2324_MANCHESTERCITY_ASTONVILLA,2023-24,TRAIN,2024-04-03,Aston Villa,Manchester City,1,4,HOME_WIN,0,L,8,25,3,11,13,6,3,2,2,1,0,0,-3,0
EPL_2324_CHELSEA_MANCHESTERUNITED,2023-24,TRAIN,2024-04-04,Chelsea,Manchester United,4,3,HOME_WIN,1,W,28,19,10,5,7,15,12,3,3,0,0,0,1,3
EPL_2324_CHELSEA_MANCHESTERUNITED,2023-24,TRAIN,2024-04-04,Manchester United,Chelsea,3,4,HOME_WIN,0,L,19,28,5,10,15,7,3,12,0,3,0,0,-1,0
EPL_2324_LIVERPOOL_SHEFFIELDUNITED,2023-24,TRAIN,2024-04-04,Liverpool,Sheffield United,3,1,HOME_WIN,1,W,29,8,9,3,6,9,13,1,0,1,0,0,2,3
EPL_2324_LIVERPOOL_SHEFFIELDUNITED,2023-24,TRAIN,2024-04-04,Sheffield United,Liverpool,1,3,HOME_WIN,0,L,8,29,3,9,9,6,1,13,1,0,0,0,-2,0
EPL_2324_ASTONVILLA_BRENTFORD,2023-24,TRAIN,2024-04-06,Aston Villa,Brentford,3,3,DRAW,1,D,11,8,3,3,15,11,11,3,2,2,0,0,0,1
EPL_2324_ASTONVILLA_BRENTFORD,2023-24,TRAIN,2024-04-06,Brentford,Aston Villa,3,3,DRAW,0,D,8,11,3,3,11,15,3,11,2,2,0,0,0,1
EPL_2324_BRIGHTONHOVEALBION_ARSENAL,2023-24,TRAIN,2024-04-06,Brighton & Hove Albion,Arsenal,0,3,AWAY_WIN,1,L,10,20,2,7,14,13,8,7,1,2,0,0,-3,0
EPL_2324_BRIGHTONHOVEALBION_ARSENAL,2023-24,TRAIN,2024-04-06,Arsenal,Brighton & Hove Albion,3,0,AWAY_WIN,0,W,20,10,7,2,13,14,7,8,2,1,0,0,3,3
EPL_2324_CRYSTALPALACE_MANCHESTERCITY,2023-24,TRAIN,2024-04-06,Crystal Palace,Manchester City,2,4,AWAY_WIN,1,L,7,18,4,8,13,3,2,9,1,1,0,0,-2,0
EPL_2324_CRYSTALPALACE_MANCHESTERCITY,2023-24,TRAIN,2024-04-06,Manchester City,Crystal Palace,4,2,AWAY_WIN,0,W,18,7,8,4,3,13,9,2,1,1,0,0,2,3
EPL_2324_EVERTON_BURNLEY,2023-24,TRAIN,2024-04-06,Everton,Burnley,1,0,HOME_WIN,1,W,12,6,3,1,11,13,3,5,2,1,0,1,1,3
EPL_2324_EVERTON_BURNLEY,2023-24,TRAIN,2024-04-06,Burnley,Everton,0,1,HOME_WIN,0,L,6,12,1,3,13,11,5,3,1,2,1,0,-1,0
EPL_2324_FULHAM_NEWCASTLEUNITED,2023-24,TRAIN,2024-04-06,Fulham,Newcastle United,0,1,AWAY_WIN,1,L,14,12,4,5,10,13,14,3,1,2,0,0,-1,0
EPL_2324_FULHAM_NEWCASTLEUNITED,2023-24,TRAIN,2024-04-06,Newcastle United,Fulham,1,0,AWAY_WIN,0,W,12,14,5,4,13,10,3,14,2,1,0,0,1,3
EPL_2324_LUTON_BOURNEMOUTH,2023-24,TRAIN,2024-04-06,Luton,Bournemouth,2,1,HOME_WIN,1,W,19,8,9,1,7,14,7,2,0,0,0,0,1,3
EPL_2324_LUTON_BOURNEMOUTH,2023-24,TRAIN,2024-04-06,Bournemouth,Luton,1,2,HOME_WIN,0,L,8,19,1,9,14,7,2,7,0,0,0,0,-1,0
EPL_2324_WOLVERHAMPTONWANDERERS_WESTHAMUNITED,2023-24,TRAIN,2024-04-06,Wolverhampton Wanderers,West Ham United,1,2,AWAY_WIN,1,L,14,11,7,4,15,7,4,4,5,2,0,0,-1,0
EPL_2324_WOLVERHAMPTONWANDERERS_WESTHAMUNITED,2023-24,TRAIN,2024-04-06,West Ham United,Wolverhampton Wanderers,2,1,AWAY_WIN,0,W,11,14,4,7,7,15,4,4,2,5,0,0,1,3
EPL_2324_MANCHESTERUNITED_LIVERPOOL,2023-24,TRAIN,2024-04-07,Manchester United,Liverpool,2,2,DRAW,1,D,9,28,5,7,9,10,6,11,5,2,0,0,0,1
EPL_2324_MANCHESTERUNITED_LIVERPOOL,2023-24,TRAIN,2024-04-07,Liverpool,Manchester United,2,2,DRAW,0,D,28,9,7,5,10,9,11,6,2,5,0,0,0,1
EPL_2324_SHEFFIELDUNITED_CHELSEA,2023-24,TRAIN,2024-04-07,Sheffield United,Chelsea,2,2,DRAW,1,D,11,6,6,3,12,10,7,6,4,2,0,0,0,1
EPL_2324_SHEFFIELDUNITED_CHELSEA,2023-24,TRAIN,2024-04-07,Chelsea,Sheffield United,2,2,DRAW,0,D,6,11,3,6,10,12,6,7,2,4,0,0,0,1
EPL_2324_TOTTENHAMHOTSPUR_NOTTINGHAMFOREST,2023-24,TRAIN,2024-04-07,Tottenham Hotspur,Nottingham Forest,3,1,HOME_WIN,1,W,17,13,7,6,11,12,12,2,2,3,0,0,2,3
EPL_2324_TOTTENHAMHOTSPUR_NOTTINGHAMFOREST,2023-24,TRAIN,2024-04-07,Nottingham Forest,Tottenham Hotspur,1,3,HOME_WIN,0,L,13,17,6,7,12,11,2,12,3,2,0,0,-2,0
EPL_2324_BOURNEMOUTH_MANCHESTERUNITED,2023-24,TRAIN,2024-04-13,Bournemouth,Manchester United,2,2,DRAW,1,D,20,8,5,2,13,14,7,2,4,0,0,0,0,1
EPL_2324_BOURNEMOUTH_MANCHESTERUNITED,2023-24,TRAIN,2024-04-13,Manchester United,Bournemouth,2,2,DRAW,0,D,8,20,2,5,14,13,2,7,0,4,0,0,0,1
EPL_2324_BRENTFORD_SHEFFIELDUNITED,2023-24,TRAIN,2024-04-13,Brentford,Sheffield United,2,0,HOME_WIN,1,W,9,8,5,2,8,11,3,6,3,1,0,0,2,3
EPL_2324_BRENTFORD_SHEFFIELDUNITED,2023-24,TRAIN,2024-04-13,Sheffield United,Brentford,0,2,HOME_WIN,0,L,8,9,2,5,11,8,6,3,1,3,0,0,-2,0
EPL_2324_BURNLEY_BRIGHTONHOVEALBION,2023-24,TRAIN,2024-04-13,Burnley,Brighton & Hove Albion,1,1,DRAW,1,D,11,20,3,8,18,8,4,5,1,2,0,0,0,1
EPL_2324_BURNLEY_BRIGHTONHOVEALBION,2023-24,TRAIN,2024-04-13,Brighton & Hove Albion,Burnley,1,1,DRAW,0,D,20,11,8,3,8,18,5,4,2,1,0,0,0,1
EPL_2324_MANCHESTERCITY_LUTON,2023-24,TRAIN,2024-04-13,Manchester City,Luton,5,1,HOME_WIN,1,W,33,4,13,2,7,6,12,1,1,0,0,0,4,3
EPL_2324_MANCHESTERCITY_LUTON,2023-24,TRAIN,2024-04-13,Luton,Manchester City,1,5,HOME_WIN,0,L,4,33,2,13,6,7,1,12,0,1,0,0,-4,0
EPL_2324_NEWCASTLEUNITED_TOTTENHAMHOTSPUR,2023-24,TRAIN,2024-04-13,Newcastle United,Tottenham Hotspur,4,0,HOME_WIN,1,W,18,11,5,2,14,12,16,3,0,4,0,0,4,3
EPL_2324_NEWCASTLEUNITED_TOTTENHAMHOTSPUR,2023-24,TRAIN,2024-04-13,Tottenham Hotspur,Newcastle United,0,4,HOME_WIN,0,L,11,18,2,5,12,14,3,16,4,0,0,0,-4,0
EPL_2324_NOTTINGHAMFOREST_WOLVERHAMPTONWANDERERS,2023-24,TRAIN,2024-04-13,Nottingham Forest,Wolverhampton Wanderers,2,2,DRAW,1,D,18,11,9,4,15,10,10,1,2,3,0,0,0,1
EPL_2324_NOTTINGHAMFOREST_WOLVERHAMPTONWANDERERS,2023-24,TRAIN,2024-04-13,Wolverhampton Wanderers,Nottingham Forest,2,2,DRAW,0,D,11,18,4,9,10,15,1,10,3,2,0,0,0,1
EPL_2324_ARSENAL_ASTONVILLA,2023-24,TRAIN,2024-04-14,Arsenal,Aston Villa,0,2,AWAY_WIN,1,L,18,11,4,2,12,7,4,6,3,1,0,0,-2,0
EPL_2324_ARSENAL_ASTONVILLA,2023-24,TRAIN,2024-04-14,Aston Villa,Arsenal,2,0,AWAY_WIN,0,W,11,18,2,4,7,12,6,4,1,3,0,0,2,3
EPL_2324_LIVERPOOL_CRYSTALPALACE,2023-24,TRAIN,2024-04-14,Liverpool,Crystal Palace,0,1,AWAY_WIN,1,L,21,8,6,5,10,10,11,1,1,1,0,0,-1,0
EPL_2324_LIVERPOOL_CRYSTALPALACE,2023-24,TRAIN,2024-04-14,Crystal Palace,Liverpool,1,0,AWAY_WIN,0,W,8,21,5,6,10,10,1,11,1,1,0,0,1,3
EPL_2324_WESTHAMUNITED_FULHAM,2023-24,TRAIN,2024-04-14,West Ham United,Fulham,0,2,AWAY_WIN,1,L,15,18,4,10,6,13,8,3,1,2,0,0,-2,0
EPL_2324_WESTHAMUNITED_FULHAM,2023-24,TRAIN,2024-04-14,Fulham,West Ham United,2,0,AWAY_WIN,0,W,18,15,10,4,13,6,3,8,2,1,0,0,2,3
EPL_2324_CHELSEA_EVERTON,2023-24,TRAIN,2024-04-15,Chelsea,Everton,6,0,HOME_WIN,1,W,14,10,10,2,5,21,4,8,1,4,0,0,6,3
EPL_2324_CHELSEA_EVERTON,2023-24,TRAIN,2024-04-15,Everton,Chelsea,0,6,HOME_WIN,0,L,10,14,2,10,21,5,8,4,4,1,0,0,-6,0
EPL_2324_LUTON_BRENTFORD,2023-24,TRAIN,2024-04-20,Luton,Brentford,1,5,AWAY_WIN,1,L,6,21,3,9,13,9,4,9,1,2,0,0,-4,0
EPL_2324_LUTON_BRENTFORD,2023-24,TRAIN,2024-04-20,Brentford,Luton,5,1,AWAY_WIN,0,W,21,6,9,3,9,13,9,4,2,1,0,0,4,3
EPL_2324_SHEFFIELDUNITED_BURNLEY,2023-24,TRAIN,2024-04-20,Sheffield United,Burnley,1,4,AWAY_WIN,1,L,18,16,11,9,10,9,11,2,1,0,0,0,-3,0
EPL_2324_SHEFFIELDUNITED_BURNLEY,2023-24,TRAIN,2024-04-20,Burnley,Sheffield United,4,1,AWAY_WIN,0,W,16,18,9,11,9,10,2,11,0,1,0,0,3,3
EPL_2324_WOLVERHAMPTONWANDERERS_ARSENAL,2023-24,TRAIN,2024-04-20,Wolverhampton Wanderers,Arsenal,0,2,AWAY_WIN,1,L,5,24,3,9,14,9,1,2,3,2,0,0,-2,0
EPL_2324_WOLVERHAMPTONWANDERERS_ARSENAL,2023-24,TRAIN,2024-04-20,Arsenal,Wolverhampton Wanderers,2,0,AWAY_WIN,0,W,24,5,9,3,9,14,2,1,2,3,0,0,2,3
EPL_2324_ASTONVILLA_BOURNEMOUTH,2023-24,TRAIN,2024-04-21,Aston Villa,Bournemouth,3,1,HOME_WIN,1,W,14,14,4,6,8,14,8,4,1,3,0,0,2,3
EPL_2324_ASTONVILLA_BOURNEMOUTH,2023-24,TRAIN,2024-04-21,Bournemouth,Aston Villa,1,3,HOME_WIN,0,L,14,14,6,4,14,8,4,8,3,1,0,0,-2,0
EPL_2324_CRYSTALPALACE_WESTHAMUNITED,2023-24,TRAIN,2024-04-21,Crystal Palace,West Ham United,5,2,HOME_WIN,1,W,18,4,7,1,9,9,4,0,3,2,0,0,3,3
EPL_2324_CRYSTALPALACE_WESTHAMUNITED,2023-24,TRAIN,2024-04-21,West Ham United,Crystal Palace,2,5,HOME_WIN,0,L,4,18,1,7,9,9,0,4,2,3,0,0,-3,0
EPL_2324_EVERTON_NOTTINGHAMFOREST,2023-24,TRAIN,2024-04-21,Everton,Nottingham Forest,2,0,HOME_WIN,1,W,7,8,4,3,15,9,6,4,3,2,0,0,2,3
EPL_2324_EVERTON_NOTTINGHAMFOREST,2023-24,TRAIN,2024-04-21,Nottingham Forest,Everton,0,2,HOME_WIN,0,L,8,7,3,4,9,15,4,6,2,3,0,0,-2,0
EPL_2324_FULHAM_LIVERPOOL,2023-24,TRAIN,2024-04-21,Fulham,Liverpool,1,3,AWAY_WIN,1,L,12,14,5,7,5,11,1,4,3,0,0,0,-2,0
EPL_2324_FULHAM_LIVERPOOL,2023-24,TRAIN,2024-04-21,Liverpool,Fulham,3,1,AWAY_WIN,0,W,14,12,7,5,11,5,4,1,0,3,0,0,2,3
EPL_2324_ARSENAL_CHELSEA,2023-24,TRAIN,2024-04-23,Arsenal,Chelsea,5,0,HOME_WIN,1,W,27,7,10,1,12,11,4,2,2,2,0,0,5,3
EPL_2324_ARSENAL_CHELSEA,2023-24,TRAIN,2024-04-23,Chelsea,Arsenal,0,5,HOME_WIN,0,L,7,27,1,10,11,12,2,4,2,2,0,0,-5,0
EPL_2324_CRYSTALPALACE_NEWCASTLEUNITED,2023-24,TRAIN,2024-04-24,Crystal Palace,Newcastle United,2,0,HOME_WIN,1,W,20,7,7,2,10,15,7,2,3,3,0,0,2,3
EPL_2324_CRYSTALPALACE_NEWCASTLEUNITED,2023-24,TRAIN,2024-04-24,Newcastle United,Crystal Palace,0,2,HOME_WIN,0,L,7,20,2,7,15,10,2,7,3,3,0,0,-2,0
EPL_2324_EVERTON_LIVERPOOL,2023-24,TRAIN,2024-04-24,Everton,Liverpool,2,0,HOME_WIN,1,W,16,23,6,7,6,13,4,13,0,3,0,0,2,3
EPL_2324_EVERTON_LIVERPOOL,2023-24,TRAIN,2024-04-24,Liverpool,Everton,0,2,HOME_WIN,0,L,23,16,7,6,13,6,13,4,3,0,0,0,-2,0
EPL_2324_MANCHESTERUNITED_SHEFFIELDUNITED,2023-24,TRAIN,2024-04-24,Manchester United,Sheffield United,4,2,HOME_WIN,1,W,25,10,13,4,7,9,9,4,0,1,0,0,2,3
EPL_2324_MANCHESTERUNITED_SHEFFIELDUNITED,2023-24,TRAIN,2024-04-24,Sheffield United,Manchester United,2,4,HOME_WIN,0,L,10,25,4,13,9,7,4,9,1,0,0,0,-2,0
EPL_2324_WOLVERHAMPTONWANDERERS_BOURNEMOUTH,2023-24,TRAIN,2024-04-24,Wolverhampton Wanderers,Bournemouth,0,1,AWAY_WIN,1,L,15,21,4,6,10,17,8,12,4,1,0,1,-1,0
EPL_2324_WOLVERHAMPTONWANDERERS_BOURNEMOUTH,2023-24,TRAIN,2024-04-24,Bournemouth,Wolverhampton Wanderers,1,0,AWAY_WIN,0,W,21,15,6,4,17,10,12,8,1,4,1,0,1,3
EPL_2324_BRIGHTONHOVEALBION_MANCHESTERCITY,2023-24,TRAIN,2024-04-25,Brighton & Hove Albion,Manchester City,0,4,AWAY_WIN,1,L,7,14,3,6,10,3,4,4,2,0,0,0,-4,0
EPL_2324_BRIGHTONHOVEALBION_MANCHESTERCITY,2023-24,TRAIN,2024-04-25,Manchester City,Brighton & Hove Albion,4,0,AWAY_WIN,0,W,14,7,6,3,3,10,4,4,0,2,0,0,4,3
EPL_2324_ASTONVILLA_CHELSEA,2023-24,TRAIN,2024-04-27,Aston Villa,Chelsea,2,2,DRAW,1,D,9,21,4,5,13,14,2,4,3,5,0,0,0,1
EPL_2324_ASTONVILLA_CHELSEA,2023-24,TRAIN,2024-04-27,Chelsea,Aston Villa,2,2,DRAW,0,D,21,9,5,4,14,13,4,2,5,3,0,0,0,1
EPL_2324_EVERTON_BRENTFORD,2023-24,TRAIN,2024-04-27,Everton,Brentford,1,0,HOME_WIN,1,W,18,10,1,4,10,12,6,6,1,2,0,0,1,3
EPL_2324_EVERTON_BRENTFORD,2023-24,TRAIN,2024-04-27,Brentford,Everton,0,1,HOME_WIN,0,L,10,18,4,1,12,10,6,6,2,1,0,0,-1,0
EPL_2324_FULHAM_CRYSTALPALACE,2023-24,TRAIN,2024-04-27,Fulham,Crystal Palace,1,1,DRAW,1,D,9,14,2,4,11,15,5,9,0,2,0,0,0,1
EPL_2324_FULHAM_CRYSTALPALACE,2023-24,TRAIN,2024-04-27,Crystal Palace,Fulham,1,1,DRAW,0,D,14,9,4,2,15,11,9,5,2,0,0,0,0,1
EPL_2324_MANCHESTERUNITED_BURNLEY,2023-24,TRAIN,2024-04-27,Manchester United,Burnley,1,1,DRAW,1,D,27,16,10,7,7,11,6,5,1,3,0,0,0,1
EPL_2324_MANCHESTERUNITED_BURNLEY,2023-24,TRAIN,2024-04-27,Burnley,Manchester United,1,1,DRAW,0,D,16,27,7,10,11,7,5,6,3,1,0,0,0,1
EPL_2324_NEWCASTLEUNITED_SHEFFIELDUNITED,2023-24,TRAIN,2024-04-27,Newcastle United,Sheffield United,5,1,HOME_WIN,1,W,20,15,7,5,9,10,4,5,0,0,0,0,4,3
EPL_2324_NEWCASTLEUNITED_SHEFFIELDUNITED,2023-24,TRAIN,2024-04-27,Sheffield United,Newcastle United,1,5,HOME_WIN,0,L,15,20,5,7,10,9,5,4,0,0,0,0,-4,0
EPL_2324_WESTHAMUNITED_LIVERPOOL,2023-24,TRAIN,2024-04-27,West Ham United,Liverpool,2,2,DRAW,1,D,11,28,8,8,8,10,5,8,0,2,0,0,0,1
EPL_2324_WESTHAMUNITED_LIVERPOOL,2023-24,TRAIN,2024-04-27,Liverpool,West Ham United,2,2,DRAW,0,D,28,11,8,8,10,8,8,5,2,0,0,0,0,1
EPL_2324_WOLVERHAMPTONWANDERERS_LUTON,2023-24,TRAIN,2024-04-27,Wolverhampton Wanderers,Luton,2,1,HOME_WIN,1,W,13,9,5,6,14,14,4,4,3,1,0,0,1,3
EPL_2324_WOLVERHAMPTONWANDERERS_LUTON,2023-24,TRAIN,2024-04-27,Luton,Wolverhampton Wanderers,1,2,HOME_WIN,0,L,9,13,6,5,14,14,4,4,1,3,0,0,-1,0
EPL_2324_BOURNEMOUTH_BRIGHTONHOVEALBION,2023-24,TRAIN,2024-04-28,Bournemouth,Brighton & Hove Albion,3,0,HOME_WIN,1,W,15,13,6,1,14,10,8,2,2,2,0,0,3,3
EPL_2324_BOURNEMOUTH_BRIGHTONHOVEALBION,2023-24,TRAIN,2024-04-28,Brighton & Hove Albion,Bournemouth,0,3,HOME_WIN,0,L,13,15,1,6,10,14,2,8,2,2,0,0,-3,0
EPL_2324_NOTTINGHAMFOREST_MANCHESTERCITY,2023-24,TRAIN,2024-04-28,Nottingham Forest,Manchester City,0,2,AWAY_WIN,1,L,14,11,2,5,8,6,4,5,0,0,0,0,-2,0
EPL_2324_NOTTINGHAMFOREST_MANCHESTERCITY,2023-24,TRAIN,2024-04-28,Manchester City,Nottingham Forest,2,0,AWAY_WIN,0,W,11,14,5,2,6,8,5,4,0,0,0,0,2,3
EPL_2324_TOTTENHAMHOTSPUR_ARSENAL,2023-24,TRAIN,2024-04-28,Tottenham Hotspur,Arsenal,2,3,AWAY_WIN,1,L,14,9,2,3,12,16,8,6,2,1,0,0,-1,0
EPL_2324_TOTTENHAMHOTSPUR_ARSENAL,2023-24,TRAIN,2024-04-28,Arsenal,Tottenham Hotspur,3,2,AWAY_WIN,0,W,9,14,3,2,16,12,6,8,1,2,0,0,1,3
EPL_2324_CHELSEA_TOTTENHAMHOTSPUR,2023-24,TRAIN,2024-05-02,Chelsea,Tottenham Hotspur,2,0,HOME_WIN,1,W,16,19,5,3,12,16,4,9,0,1,0,0,2,3
EPL_2324_CHELSEA_TOTTENHAMHOTSPUR,2023-24,TRAIN,2024-05-02,Tottenham Hotspur,Chelsea,0,2,HOME_WIN,0,L,19,16,3,5,16,12,9,4,1,0,0,0,-2,0
EPL_2324_LUTON_EVERTON,2023-24,TRAIN,2024-05-03,Luton,Everton,1,1,DRAW,1,D,18,10,5,3,14,12,8,7,1,3,0,0,0,1
EPL_2324_LUTON_EVERTON,2023-24,TRAIN,2024-05-03,Everton,Luton,1,1,DRAW,0,D,10,18,3,5,12,14,7,8,3,1,0,0,0,1
EPL_2324_ARSENAL_BOURNEMOUTH,2023-24,TRAIN,2024-05-04,Arsenal,Bournemouth,3,0,HOME_WIN,1,W,25,7,9,2,16,12,6,1,2,3,0,0,3,3
EPL_2324_ARSENAL_BOURNEMOUTH,2023-24,TRAIN,2024-05-04,Bournemouth,Arsenal,0,3,HOME_WIN,0,L,7,25,2,9,12,16,1,6,3,2,0,0,-3,0
EPL_2324_BRENTFORD_FULHAM,2023-24,TRAIN,2024-05-04,Brentford,Fulham,0,0,DRAW,1,D,7,15,3,3,3,6,7,6,1,1,0,0,0,1
EPL_2324_BRENTFORD_FULHAM,2023-24,TRAIN,2024-05-04,Fulham,Brentford,0,0,DRAW,0,D,15,7,3,3,6,3,6,7,1,1,0,0,0,1
EPL_2324_BURNLEY_NEWCASTLEUNITED,2023-24,TRAIN,2024-05-04,Burnley,Newcastle United,1,4,AWAY_WIN,1,L,17,23,5,11,8,8,4,11,2,2,0,0,-3,0
EPL_2324_BURNLEY_NEWCASTLEUNITED,2023-24,TRAIN,2024-05-04,Newcastle United,Burnley,4,1,AWAY_WIN,0,W,23,17,11,5,8,8,11,4,2,2,0,0,3,3
EPL_2324_MANCHESTERCITY_WOLVERHAMPTONWANDERERS,2023-24,TRAIN,2024-05-04,Manchester City,Wolverhampton Wanderers,5,1,HOME_WIN,1,W,20,2,12,1,4,17,6,0,0,4,0,0,4,3
EPL_2324_MANCHESTERCITY_WOLVERHAMPTONWANDERERS,2023-24,TRAIN,2024-05-04,Wolverhampton Wanderers,Manchester City,1,5,HOME_WIN,0,L,2,20,1,12,17,4,0,6,4,0,0,0,-4,0
EPL_2324_SHEFFIELDUNITED_NOTTINGHAMFOREST,2023-24,TRAIN,2024-05-04,Sheffield United,Nottingham Forest,1,3,AWAY_WIN,1,L,17,15,5,4,9,7,5,3,0,1,1,0,-2,0
EPL_2324_SHEFFIELDUNITED_NOTTINGHAMFOREST,2023-24,TRAIN,2024-05-04,Nottingham Forest,Sheffield United,3,1,AWAY_WIN,0,W,15,17,4,5,7,9,3,5,1,0,0,1,2,3
EPL_2324_BRIGHTONHOVEALBION_ASTONVILLA,2023-24,TRAIN,2024-05-05,Brighton & Hove Albion,Aston Villa,1,0,HOME_WIN,1,W,15,2,8,1,13,10,7,3,2,1,0,0,1,3
EPL_2324_BRIGHTONHOVEALBION_ASTONVILLA,2023-24,TRAIN,2024-05-05,Aston Villa,Brighton & Hove Albion,0,1,HOME_WIN,0,L,2,15,1,8,10,13,3,7,1,2,0,0,-1,0
EPL_2324_CHELSEA_WESTHAMUNITED,2023-24,TRAIN,2024-05-05,Chelsea,West Ham United,5,0,HOME_WIN,1,W,25,13,14,2,12,10,8,6,1,3,0,0,5,3
EPL_2324_CHELSEA_WESTHAMUNITED,2023-24,TRAIN,2024-05-05,West Ham United,Chelsea,0,5,HOME_WIN,0,L,13,25,2,14,10,12,6,8,3,1,0,0,-5,0
EPL_2324_LIVERPOOL_TOTTENHAMHOTSPUR,2023-24,TRAIN,2024-05-05,Liverpool,Tottenham Hotspur,4,2,HOME_WIN,1,W,25,11,13,6,14,12,8,3,1,4,0,0,2,3
EPL_2324_LIVERPOOL_TOTTENHAMHOTSPUR,2023-24,TRAIN,2024-05-05,Tottenham Hotspur,Liverpool,2,4,HOME_WIN,0,L,11,25,6,13,12,14,3,8,4,1,0,0,-2,0
EPL_2324_CRYSTALPALACE_MANCHESTERUNITED,2023-24,TRAIN,2024-05-06,Crystal Palace,Manchester United,4,0,HOME_WIN,1,W,18,7,10,2,12,8,6,3,1,1,0,0,4,3
EPL_2324_CRYSTALPALACE_MANCHESTERUNITED,2023-24,TRAIN,2024-05-06,Manchester United,Crystal Palace,0,4,HOME_WIN,0,L,7,18,2,10,8,12,3,6,1,1,0,0,-4,0
EPL_2324_BOURNEMOUTH_BRENTFORD,2023-24,TRAIN,2024-05-11,Bournemouth,Brentford,1,2,AWAY_WIN,1,L,13,11,4,5,16,12,3,8,2,2,0,0,-1,0
EPL_2324_BOURNEMOUTH_BRENTFORD,2023-24,TRAIN,2024-05-11,Brentford,Bournemouth,2,1,AWAY_WIN,0,W,11,13,5,4,12,16,8,3,2,2,0,0,1,3
EPL_2324_EVERTON_SHEFFIELDUNITED,2023-24,TRAIN,2024-05-11,Everton,Sheffield United,1,0,HOME_WIN,1,W,15,13,6,1,6,11,3,6,1,2,0,0,1,3
EPL_2324_EVERTON_SHEFFIELDUNITED,2023-24,TRAIN,2024-05-11,Sheffield United,Everton,0,1,HOME_WIN,0,L,13,15,1,6,11,6,6,3,2,1,0,0,-1,0
EPL_2324_FULHAM_MANCHESTERCITY,2023-24,TRAIN,2024-05-11,Fulham,Manchester City,0,4,AWAY_WIN,1,L,1,16,1,9,9,6,1,7,1,0,1,0,-4,0
EPL_2324_FULHAM_MANCHESTERCITY,2023-24,TRAIN,2024-05-11,Manchester City,Fulham,4,0,AWAY_WIN,0,W,16,1,9,1,6,9,7,1,0,1,0,1,4,3
EPL_2324_NEWCASTLEUNITED_BRIGHTONHOVEALBION,2023-24,TRAIN,2024-05-11,Newcastle United,Brighton & Hove Albion,1,1,DRAW,1,D,18,15,7,4,9,16,8,4,3,4,0,0,0,1
EPL_2324_NEWCASTLEUNITED_BRIGHTONHOVEALBION,2023-24,TRAIN,2024-05-11,Brighton & Hove Albion,Newcastle United,1,1,DRAW,0,D,15,18,4,7,16,9,4,8,4,3,0,0,0,1
EPL_2324_NOTTINGHAMFOREST_CHELSEA,2023-24,TRAIN,2024-05-11,Nottingham Forest,Chelsea,2,3,AWAY_WIN,1,L,20,12,4,5,14,8,5,6,2,3,0,0,-1,0
EPL_2324_NOTTINGHAMFOREST_CHELSEA,2023-24,TRAIN,2024-05-11,Chelsea,Nottingham Forest,3,2,AWAY_WIN,0,W,12,20,5,4,8,14,6,5,3,2,0,0,1,3
EPL_2324_TOTTENHAMHOTSPUR_BURNLEY,2023-24,TRAIN,2024-05-11,Tottenham Hotspur,Burnley,2,1,HOME_WIN,1,W,21,7,9,3,10,14,9,3,3,5,0,0,1,3
EPL_2324_TOTTENHAMHOTSPUR_BURNLEY,2023-24,TRAIN,2024-05-11,Burnley,Tottenham Hotspur,1,2,HOME_WIN,0,L,7,21,3,9,14,10,3,9,5,3,0,0,-1,0
EPL_2324_WESTHAMUNITED_LUTON,2023-24,TRAIN,2024-05-11,West Ham United,Luton,3,1,HOME_WIN,1,W,24,4,8,1,9,15,7,6,1,3,0,0,2,3
EPL_2324_WESTHAMUNITED_LUTON,2023-24,TRAIN,2024-05-11,Luton,West Ham United,1,3,HOME_WIN,0,L,4,24,1,8,15,9,6,7,3,1,0,0,-2,0
EPL_2324_WOLVERHAMPTONWANDERERS_CRYSTALPALACE,2023-24,TRAIN,2024-05-11,Wolverhampton Wanderers,Crystal Palace,1,3,AWAY_WIN,1,L,13,13,7,3,13,12,8,3,3,2,0,1,-2,0
EPL_2324_WOLVERHAMPTONWANDERERS_CRYSTALPALACE,2023-24,TRAIN,2024-05-11,Crystal Palace,Wolverhampton Wanderers,3,1,AWAY_WIN,0,W,13,13,3,7,12,13,3,8,2,3,1,0,2,3
EPL_2324_MANCHESTERUNITED_ARSENAL,2023-24,TRAIN,2024-05-12,Manchester United,Arsenal,0,1,AWAY_WIN,1,L,14,11,2,5,5,6,4,7,0,2,0,0,-1,0
EPL_2324_MANCHESTERUNITED_ARSENAL,2023-24,TRAIN,2024-05-12,Arsenal,Manchester United,1,0,AWAY_WIN,0,W,11,14,5,2,6,5,7,4,2,0,0,0,1,3
EPL_2324_ASTONVILLA_LIVERPOOL,2023-24,TRAIN,2024-05-13,Aston Villa,Liverpool,3,3,DRAW,1,D,19,14,5,7,11,15,5,4,1,1,0,0,0,1
EPL_2324_ASTONVILLA_LIVERPOOL,2023-24,TRAIN,2024-05-13,Liverpool,Aston Villa,3,3,DRAW,0,D,14,19,7,5,15,11,4,5,1,1,0,0,0,1
EPL_2324_TOTTENHAMHOTSPUR_MANCHESTERCITY,2023-24,TRAIN,2024-05-14,Tottenham Hotspur,Manchester City,0,2,AWAY_WIN,1,L,10,8,5,5,14,11,7,4,3,3,0,0,-2,0
EPL_2324_TOTTENHAMHOTSPUR_MANCHESTERCITY,2023-24,TRAIN,2024-05-14,Manchester City,Tottenham Hotspur,2,0,AWAY_WIN,0,W,8,10,5,5,11,14,4,7,3,3,0,0,2,3
EPL_2324_BRIGHTONHOVEALBION_CHELSEA,2023-24,TRAIN,2024-05-15,Brighton & Hove Albion,Chelsea,1,2,AWAY_WIN,1,L,12,13,2,6,13,14,4,6,2,2,0,1,-1,0
EPL_2324_BRIGHTONHOVEALBION_CHELSEA,2023-24,TRAIN,2024-05-15,Chelsea,Brighton & Hove Albion,2,1,AWAY_WIN,0,W,13,12,6,2,14,13,6,4,2,2,1,0,1,3
EPL_2324_MANCHESTERUNITED_NEWCASTLEUNITED,2023-24,TRAIN,2024-05-15,Manchester United,Newcastle United,3,2,HOME_WIN,1,W,17,21,8,8,16,7,9,9,3,3,0,0,1,3
EPL_2324_MANCHESTERUNITED_NEWCASTLEUNITED,2023-24,TRAIN,2024-05-15,Newcastle United,Manchester United,2,3,HOME_WIN,0,L,21,17,8,8,7,16,9,9,3,3,0,0,-1,0
EPL_2324_ARSENAL_EVERTON,2023-24,TRAIN,2024-05-19,Arsenal,Everton,2,1,HOME_WIN,1,W,26,5,5,2,8,11,8,1,4,3,0,0,1,3
EPL_2324_ARSENAL_EVERTON,2023-24,TRAIN,2024-05-19,Everton,Arsenal,1,2,HOME_WIN,0,L,5,26,2,5,11,8,1,8,3,4,0,0,-1,0
EPL_2324_BRENTFORD_NEWCASTLEUNITED,2023-24,TRAIN,2024-05-19,Brentford,Newcastle United,2,4,AWAY_WIN,1,L,10,12,5,7,15,11,3,0,4,4,0,0,-2,0
EPL_2324_BRENTFORD_NEWCASTLEUNITED,2023-24,TRAIN,2024-05-19,Newcastle United,Brentford,4,2,AWAY_WIN,0,W,12,10,7,5,11,15,0,3,4,4,0,0,2,3
EPL_2324_BRIGHTONHOVEALBION_MANCHESTERUNITED,2023-24,TRAIN,2024-05-19,Brighton & Hove Albion,Manchester United,0,2,AWAY_WIN,1,L,17,11,3,4,10,9,7,5,1,3,0,0,-2,0
EPL_2324_BRIGHTONHOVEALBION_MANCHESTERUNITED,2023-24,TRAIN,2024-05-19,Manchester United,Brighton & Hove Albion,2,0,AWAY_WIN,0,W,11,17,4,3,9,10,5,7,3,1,0,0,2,3
EPL_2324_BURNLEY_NOTTINGHAMFOREST,2023-24,TRAIN,2024-05-19,Burnley,Nottingham Forest,1,2,AWAY_WIN,1,L,20,12,3,6,11,5,4,3,1,0,0,0,-1,0
EPL_2324_BURNLEY_NOTTINGHAMFOREST,2023-24,TRAIN,2024-05-19,Nottingham Forest,Burnley,2,1,AWAY_WIN,0,W,12,20,6,3,5,11,3,4,0,1,0,0,1,3
EPL_2324_CHELSEA_BOURNEMOUTH,2023-24,TRAIN,2024-05-19,Chelsea,Bournemouth,2,1,HOME_WIN,1,W,16,22,6,5,5,9,6,5,2,3,0,0,1,3
EPL_2324_CHELSEA_BOURNEMOUTH,2023-24,TRAIN,2024-05-19,Bournemouth,Chelsea,1,2,HOME_WIN,0,L,22,16,5,6,9,5,5,6,3,2,0,0,-1,0
EPL_2324_CRYSTALPALACE_ASTONVILLA,2023-24,TRAIN,2024-05-19,Crystal Palace,Aston Villa,5,0,HOME_WIN,1,W,15,8,9,2,10,8,2,4,1,4,0,0,5,3
EPL_2324_CRYSTALPALACE_ASTONVILLA,2023-24,TRAIN,2024-05-19,Aston Villa,Crystal Palace,0,5,HOME_WIN,0,L,8,15,2,9,8,10,4,2,4,1,0,0,-5,0
EPL_2324_LIVERPOOL_WOLVERHAMPTONWANDERERS,2023-24,TRAIN,2024-05-19,Liverpool,Wolverhampton Wanderers,2,0,HOME_WIN,1,W,36,4,14,3,14,11,10,2,1,1,0,1,2,3
EPL_2324_LIVERPOOL_WOLVERHAMPTONWANDERERS,2023-24,TRAIN,2024-05-19,Wolverhampton Wanderers,Liverpool,0,2,HOME_WIN,0,L,4,36,3,14,11,14,2,10,1,1,1,0,-2,0
EPL_2324_LUTON_FULHAM,2023-24,TRAIN,2024-05-19,Luton,Fulham,2,4,AWAY_WIN,1,L,15,15,6,7,15,20,4,4,5,4,0,0,-2,0
EPL_2324_LUTON_FULHAM,2023-24,TRAIN,2024-05-19,Fulham,Luton,4,2,AWAY_WIN,0,W,15,15,7,6,20,15,4,4,4,5,0,0,2,3
EPL_2324_MANCHESTERCITY_WESTHAMUNITED,2023-24,TRAIN,2024-05-19,Manchester City,West Ham United,3,1,HOME_WIN,1,W,28,3,12,2,3,12,11,2,0,1,0,0,2,3
EPL_2324_MANCHESTERCITY_WESTHAMUNITED,2023-24,TRAIN,2024-05-19,West Ham United,Manchester City,1,3,HOME_WIN,0,L,3,28,2,12,12,3,2,11,1,0,0,0,-2,0
EPL_2324_SHEFFIELDUNITED_TOTTENHAMHOTSPUR,2023-24,TRAIN,2024-05-19,Sheffield United,Tottenham Hotspur,0,3,AWAY_WIN,1,L,6,18,1,9,11,9,2,6,2,0,0,0,-3,0
EPL_2324_SHEFFIELDUNITED_TOTTENHAMHOTSPUR,2023-24,TRAIN,2024-05-19,Tottenham Hotspur,Sheffield United,3,0,AWAY_WIN,0,W,18,6,9,1,9,11,6,2,0,2,0,0,3,3
EPL_2425_MANCHESTERUNITED_FULHAM,2024-25,VALIDATION,2024-08-16,Manchester United,Fulham,1,0,HOME_WIN,1,W,14,10,5,2,12,10,7,8,2,3,0,0,1,3
EPL_2425_MANCHESTERUNITED_FULHAM,2024-25,VALIDATION,2024-08-16,Fulham,Manchester United,0,1,HOME_WIN,0,L,10,14,2,5,10,12,8,7,3,2,0,0,-1,0
EPL_2425_ARSENAL_WOLVERHAMPTONWANDERERS,2024-25,VALIDATION,2024-08-17,Arsenal,Wolverhampton Wanderers,2,0,HOME_WIN,1,W,18,9,6,3,17,14,8,2,2,2,0,0,2,3
EPL_2425_ARSENAL_WOLVERHAMPTONWANDERERS,2024-25,VALIDATION,2024-08-17,Wolverhampton Wanderers,Arsenal,0,2,HOME_WIN,0,L,9,18,3,6,14,17,2,8,2,2,0,0,-2,0
EPL_2425_EVERTON_BRIGHTONHOVEALBION,2024-25,VALIDATION,2024-08-17,Everton,Brighton & Hove Albion,0,3,AWAY_WIN,1,L,9,10,1,5,8,8,1,5,1,1,1,0,-3,0
EPL_2425_EVERTON_BRIGHTONHOVEALBION,2024-25,VALIDATION,2024-08-17,Brighton & Hove Albion,Everton,3,0,AWAY_WIN,0,W,10,9,5,1,8,8,5,1,1,1,0,1,3,3
EPL_2425_IPSWICH_LIVERPOOL,2024-25,VALIDATION,2024-08-17,Ipswich,Liverpool,0,2,AWAY_WIN,1,L,7,18,2,5,9,18,2,10,3,1,0,0,-2,0
EPL_2425_IPSWICH_LIVERPOOL,2024-25,VALIDATION,2024-08-17,Liverpool,Ipswich,2,0,AWAY_WIN,0,W,18,7,5,2,18,9,10,2,1,3,0,0,2,3
EPL_2425_NEWCASTLEUNITED_SOUTHAMPTON,2024-25,VALIDATION,2024-08-17,Newcastle United,Southampton,1,0,HOME_WIN,1,W,3,19,1,4,15,16,3,12,2,4,1,0,1,3
EPL_2425_NEWCASTLEUNITED_SOUTHAMPTON,2024-25,VALIDATION,2024-08-17,Southampton,Newcastle United,0,1,HOME_WIN,0,L,19,3,4,1,16,15,12,3,4,2,0,1,-1,0
EPL_2425_NOTTINGHAMFOREST_BOURNEMOUTH,2024-25,VALIDATION,2024-08-17,Nottingham Forest,Bournemouth,1,1,DRAW,1,D,14,13,8,4,17,8,2,6,1,3,0,0,0,1
EPL_2425_NOTTINGHAMFOREST_BOURNEMOUTH,2024-25,VALIDATION,2024-08-17,Bournemouth,Nottingham Forest,1,1,DRAW,0,D,13,14,4,8,8,17,6,2,3,1,0,0,0,1
EPL_2425_WESTHAMUNITED_ASTONVILLA,2024-25,VALIDATION,2024-08-17,West Ham United,Aston Villa,1,2,AWAY_WIN,1,L,14,15,3,3,18,11,5,3,1,2,0,0,-1,0
EPL_2425_WESTHAMUNITED_ASTONVILLA,2024-25,VALIDATION,2024-08-17,Aston Villa,West Ham United,2,1,AWAY_WIN,0,W,15,14,3,3,11,18,3,5,2,1,0,0,1,3
EPL_2425_BRENTFORD_CRYSTALPALACE,2024-25,VALIDATION,2024-08-18,Brentford,Crystal Palace,2,1,HOME_WIN,1,W,9,14,5,6,6,15,4,7,1,5,0,0,1,3
EPL_2425_BRENTFORD_CRYSTALPALACE,2024-25,VALIDATION,2024-08-18,Crystal Palace,Brentford,1,2,HOME_WIN,0,L,14,9,6,5,15,6,7,4,5,1,0,0,-1,0
EPL_2425_CHELSEA_MANCHESTERCITY,2024-25,VALIDATION,2024-08-18,Chelsea,Manchester City,0,2,AWAY_WIN,1,L,10,11,3,5,12,9,4,3,1,1,0,0,-2,0
EPL_2425_CHELSEA_MANCHESTERCITY,2024-25,VALIDATION,2024-08-18,Manchester City,Chelsea,2,0,AWAY_WIN,0,W,11,10,5,3,9,12,3,4,1,1,0,0,2,3
EPL_2425_LEICESTERCITY_TOTTENHAMHOTSPUR,2024-25,VALIDATION,2024-08-19,Leicester City,Tottenham Hotspur,1,1,DRAW,1,D,7,15,3,7,11,12,2,13,1,1,0,0,0,1
EPL_2425_LEICESTERCITY_TOTTENHAMHOTSPUR,2024-25,VALIDATION,2024-08-19,Tottenham Hotspur,Leicester City,1,1,DRAW,0,D,15,7,7,3,12,11,13,2,1,1,0,0,0,1
EPL_2425_ASTONVILLA_ARSENAL,2024-25,VALIDATION,2024-08-24,Aston Villa,Arsenal,0,2,AWAY_WIN,1,L,11,9,3,4,8,15,4,1,1,3,0,0,-2,0
EPL_2425_ASTONVILLA_ARSENAL,2024-25,VALIDATION,2024-08-24,Arsenal,Aston Villa,2,0,AWAY_WIN,0,W,9,11,4,3,15,8,1,4,3,1,0,0,2,3
EPL_2425_BRIGHTONHOVEALBION_MANCHESTERUNITED,2024-25,VALIDATION,2024-08-24,Brighton & Hove Albion,Manchester United,2,1,HOME_WIN,1,W,14,11,5,4,9,13,4,4,1,2,0,0,1,3
EPL_2425_BRIGHTONHOVEALBION_MANCHESTERUNITED,2024-25,VALIDATION,2024-08-24,Manchester United,Brighton & Hove Albion,1,2,HOME_WIN,0,L,11,14,4,5,13,9,4,4,2,1,0,0,-1,0
EPL_2425_CRYSTALPALACE_WESTHAMUNITED,2024-25,VALIDATION,2024-08-24,Crystal Palace,West Ham United,0,2,AWAY_WIN,1,L,14,18,2,3,9,17,3,3,1,1,0,0,-2,0
EPL_2425_CRYSTALPALACE_WESTHAMUNITED,2024-25,VALIDATION,2024-08-24,West Ham United,Crystal Palace,2,0,AWAY_WIN,0,W,18,14,3,2,17,9,3,3,1,1,0,0,2,3
EPL_2425_FULHAM_LEICESTERCITY,2024-25,VALIDATION,2024-08-24,Fulham,Leicester City,2,1,HOME_WIN,1,W,18,10,6,4,14,13,7,5,2,2,0,0,1,3
EPL_2425_FULHAM_LEICESTERCITY,2024-25,VALIDATION,2024-08-24,Leicester City,Fulham,1,2,HOME_WIN,0,L,10,18,4,6,13,14,5,7,2,2,0,0,-1,0
EPL_2425_MANCHESTERCITY_IPSWICH,2024-25,VALIDATION,2024-08-24,Manchester City,Ipswich,4,1,HOME_WIN,1,W,14,1,5,1,4,15,10,1,2,3,0,0,3,3
EPL_2425_MANCHESTERCITY_IPSWICH,2024-25,VALIDATION,2024-08-24,Ipswich,Manchester City,1,4,HOME_WIN,0,L,1,14,1,5,15,4,1,10,3,2,0,0,-3,0
EPL_2425_SOUTHAMPTON_NOTTINGHAMFOREST,2024-25,VALIDATION,2024-08-24,Southampton,Nottingham Forest,0,1,AWAY_WIN,1,L,5,23,1,8,14,14,4,10,3,3,0,0,-1,0
EPL_2425_SOUTHAMPTON_NOTTINGHAMFOREST,2024-25,VALIDATION,2024-08-24,Nottingham Forest,Southampton,1,0,AWAY_WIN,0,W,23,5,8,1,14,14,10,4,3,3,0,0,1,3
EPL_2425_TOTTENHAMHOTSPUR_EVERTON,2024-25,VALIDATION,2024-08-24,Tottenham Hotspur,Everton,4,0,HOME_WIN,1,W,13,10,7,1,11,15,12,5,0,0,0,0,4,3
EPL_2425_TOTTENHAMHOTSPUR_EVERTON,2024-25,VALIDATION,2024-08-24,Everton,Tottenham Hotspur,0,4,HOME_WIN,0,L,10,13,1,7,15,11,5,12,0,0,0,0,-4,0
EPL_2425_BOURNEMOUTH_NEWCASTLEUNITED,2024-25,VALIDATION,2024-08-25,Bournemouth,Newcastle United,1,1,DRAW,1,D,16,14,4,5,19,8,8,9,2,2,0,0,0,1
EPL_2425_BOURNEMOUTH_NEWCASTLEUNITED,2024-25,VALIDATION,2024-08-25,Newcastle United,Bournemouth,1,1,DRAW,0,D,14,16,5,4,8,19,9,8,2,2,0,0,0,1
EPL_2425_LIVERPOOL_BRENTFORD,2024-25,VALIDATION,2024-08-25,Liverpool,Brentford,2,0,HOME_WIN,1,W,19,8,8,2,10,7,9,4,2,3,0,0,2,3
EPL_2425_LIVERPOOL_BRENTFORD,2024-25,VALIDATION,2024-08-25,Brentford,Liverpool,0,2,HOME_WIN,0,L,8,19,2,8,7,10,4,9,3,2,0,0,-2,0
EPL_2425_WOLVERHAMPTONWANDERERS_CHELSEA,2024-25,VALIDATION,2024-08-25,Wolverhampton Wanderers,Chelsea,2,6,AWAY_WIN,1,L,12,14,4,8,13,13,5,5,2,3,0,0,-4,0
EPL_2425_WOLVERHAMPTONWANDERERS_CHELSEA,2024-25,VALIDATION,2024-08-25,Chelsea,Wolverhampton Wanderers,6,2,AWAY_WIN,0,W,14,12,8,4,13,13,5,5,3,2,0,0,4,3
EPL_2425_ARSENAL_BRIGHTONHOVEALBION,2024-25,VALIDATION,2024-08-31,Arsenal,Brighton & Hove Albion,1,1,DRAW,1,D,11,22,7,4,12,7,3,7,3,2,1,0,0,1
EPL_2425_ARSENAL_BRIGHTONHOVEALBION,2024-25,VALIDATION,2024-08-31,Brighton & Hove Albion,Arsenal,1,1,DRAW,0,D,22,11,4,7,7,12,7,3,2,3,0,1,0,1
EPL_2425_BRENTFORD_SOUTHAMPTON,2024-25,VALIDATION,2024-08-31,Brentford,Southampton,3,1,HOME_WIN,1,W,20,18,7,6,10,7,2,8,2,1,0,0,2,3
EPL_2425_BRENTFORD_SOUTHAMPTON,2024-25,VALIDATION,2024-08-31,Southampton,Brentford,1,3,HOME_WIN,0,L,18,20,6,7,7,10,8,2,1,2,0,0,-2,0
EPL_2425_EVERTON_BOURNEMOUTH,2024-25,VALIDATION,2024-08-31,Everton,Bournemouth,2,3,AWAY_WIN,1,L,18,17,8,7,6,1,8,4,2,1,0,0,-1,0
EPL_2425_EVERTON_BOURNEMOUTH,2024-25,VALIDATION,2024-08-31,Bournemouth,Everton,3,2,AWAY_WIN,0,W,17,18,7,8,1,6,4,8,1,2,0,0,1,3
EPL_2425_IPSWICH_FULHAM,2024-25,VALIDATION,2024-08-31,Ipswich,Fulham,1,1,DRAW,1,D,11,9,4,4,15,15,8,6,2,3,0,0,0,1
EPL_2425_IPSWICH_FULHAM,2024-25,VALIDATION,2024-08-31,Fulham,Ipswich,1,1,DRAW,0,D,9,11,4,4,15,15,6,8,3,2,0,0,0,1
EPL_2425_LEICESTERCITY_ASTONVILLA,2024-25,VALIDATION,2024-08-31,Leicester City,Aston Villa,1,2,AWAY_WIN,1,L,9,10,3,5,13,21,1,4,4,5,0,0,-1,0
EPL_2425_LEICESTERCITY_ASTONVILLA,2024-25,VALIDATION,2024-08-31,Aston Villa,Leicester City,2,1,AWAY_WIN,0,W,10,9,5,3,21,13,4,1,5,4,0,0,1,3
EPL_2425_NOTTINGHAMFOREST_WOLVERHAMPTONWANDERERS,2024-25,VALIDATION,2024-08-31,Nottingham Forest,Wolverhampton Wanderers,1,1,DRAW,1,D,16,11,5,3,15,18,7,3,3,4,0,0,0,1
EPL_2425_NOTTINGHAMFOREST_WOLVERHAMPTONWANDERERS,2024-25,VALIDATION,2024-08-31,Wolverhampton Wanderers,Nottingham Forest,1,1,DRAW,0,D,11,16,3,5,18,15,3,7,4,3,0,0,0,1
EPL_2425_WESTHAMUNITED_MANCHESTERCITY,2024-25,VALIDATION,2024-08-31,West Ham United,Manchester City,1,3,AWAY_WIN,1,L,10,23,2,8,10,3,3,11,3,2,0,0,-2,0
EPL_2425_WESTHAMUNITED_MANCHESTERCITY,2024-25,VALIDATION,2024-08-31,Manchester City,West Ham United,3,1,AWAY_WIN,0,W,23,10,8,2,3,10,11,3,2,3,0,0,2,3
EPL_2425_CHELSEA_CRYSTALPALACE,2024-25,VALIDATION,2024-09-01,Chelsea,Crystal Palace,1,1,DRAW,1,D,13,9,7,3,9,13,4,5,4,2,0,0,0,1
EPL_2425_CHELSEA_CRYSTALPALACE,2024-25,VALIDATION,2024-09-01,Crystal Palace,Chelsea,1,1,DRAW,0,D,9,13,3,7,13,9,5,4,2,4,0,0,0,1
EPL_2425_MANCHESTERUNITED_LIVERPOOL,2024-25,VALIDATION,2024-09-01,Manchester United,Liverpool,0,3,AWAY_WIN,1,L,8,11,3,3,7,7,5,2,4,1,0,0,-3,0
EPL_2425_MANCHESTERUNITED_LIVERPOOL,2024-25,VALIDATION,2024-09-01,Liverpool,Manchester United,3,0,AWAY_WIN,0,W,11,8,3,3,7,7,2,5,1,4,0,0,3,3
EPL_2425_NEWCASTLEUNITED_TOTTENHAMHOTSPUR,2024-25,VALIDATION,2024-09-01,Newcastle United,Tottenham Hotspur,2,1,HOME_WIN,1,W,9,20,3,6,16,13,7,12,4,4,0,0,1,3
EPL_2425_NEWCASTLEUNITED_TOTTENHAMHOTSPUR,2024-25,VALIDATION,2024-09-01,Tottenham Hotspur,Newcastle United,1,2,HOME_WIN,0,L,20,9,6,3,13,16,12,7,4,4,0,0,-1,0
EPL_2425_ASTONVILLA_EVERTON,2024-25,VALIDATION,2024-09-14,Aston Villa,Everton,3,2,HOME_WIN,1,W,17,6,8,2,10,12,6,2,1,4,0,0,1,3
EPL_2425_ASTONVILLA_EVERTON,2024-25,VALIDATION,2024-09-14,Everton,Aston Villa,2,3,HOME_WIN,0,L,6,17,2,8,12,10,2,6,4,1,0,0,-1,0
EPL_2425_BOURNEMOUTH_CHELSEA,2024-25,VALIDATION,2024-09-14,Bournemouth,Chelsea,0,1,AWAY_WIN,1,L,19,10,7,3,16,9,6,3,6,8,0,0,-1,0
EPL_2425_BOURNEMOUTH_CHELSEA,2024-25,VALIDATION,2024-09-14,Chelsea,Bournemouth,1,0,AWAY_WIN,0,W,10,19,3,7,9,16,3,6,8,6,0,0,1,3
EPL_2425_BRIGHTONHOVEALBION_IPSWICH,2024-25,VALIDATION,2024-09-14,Brighton & Hove Albion,Ipswich,0,0,DRAW,1,D,21,6,6,1,14,16,9,2,4,3,0,0,0,1
EPL_2425_BRIGHTONHOVEALBION_IPSWICH,2024-25,VALIDATION,2024-09-14,Ipswich,Brighton & Hove Albion,0,0,DRAW,0,D,6,21,1,6,16,14,2,9,3,4,0,0,0,1
EPL_2425_CRYSTALPALACE_LEICESTERCITY,2024-25,VALIDATION,2024-09-14,Crystal Palace,Leicester City,2,2,DRAW,1,D,20,9,4,4,11,15,5,2,0,3,0,0,0,1
EPL_2425_CRYSTALPALACE_LEICESTERCITY,2024-25,VALIDATION,2024-09-14,Leicester City,Crystal Palace,2,2,DRAW,0,D,9,20,4,4,15,11,2,5,3,0,0,0,0,1
EPL_2425_FULHAM_WESTHAMUNITED,2024-25,VALIDATION,2024-09-14,Fulham,West Ham United,1,1,DRAW,1,D,21,11,5,3,15,18,3,2,2,3,0,0,0,1
EPL_2425_FULHAM_WESTHAMUNITED,2024-25,VALIDATION,2024-09-14,West Ham United,Fulham,1,1,DRAW,0,D,11,21,3,5,18,15,2,3,3,2,0,0,0,1
EPL_2425_LIVERPOOL_NOTTINGHAMFOREST,2024-25,VALIDATION,2024-09-14,Liverpool,Nottingham Forest,0,1,AWAY_WIN,1,L,14,5,5,3,15,6,7,2,4,4,0,0,-1,0
EPL_2425_LIVERPOOL_NOTTINGHAMFOREST,2024-25,VALIDATION,2024-09-14,Nottingham Forest,Liverpool,1,0,AWAY_WIN,0,W,5,14,3,5,6,15,2,7,4,4,0,0,1,3
EPL_2425_MANCHESTERCITY_BRENTFORD,2024-25,VALIDATION,2024-09-14,Manchester City,Brentford,2,1,HOME_WIN,1,W,18,8,7,5,9,3,12,3,3,1,0,0,1,3
EPL_2425_MANCHESTERCITY_BRENTFORD,2024-25,VALIDATION,2024-09-14,Brentford,Manchester City,1,2,HOME_WIN,0,L,8,18,5,7,3,9,3,12,1,3,0,0,-1,0
EPL_2425_SOUTHAMPTON_MANCHESTERUNITED,2024-25,VALIDATION,2024-09-14,Southampton,Manchester United,0,3,AWAY_WIN,1,L,6,20,4,10,11,14,0,7,1,4,1,0,-3,0
EPL_2425_SOUTHAMPTON_MANCHESTERUNITED,2024-25,VALIDATION,2024-09-14,Manchester United,Southampton,3,0,AWAY_WIN,0,W,20,6,10,4,14,11,7,0,4,1,0,1,3,3
EPL_2425_TOTTENHAMHOTSPUR_ARSENAL,2024-25,VALIDATION,2024-09-15,Tottenham Hotspur,Arsenal,0,1,AWAY_WIN,1,L,15,7,5,4,13,10,7,6,5,3,0,0,-1,0
EPL_2425_TOTTENHAMHOTSPUR_ARSENAL,2024-25,VALIDATION,2024-09-15,Arsenal,Tottenham Hotspur,1,0,AWAY_WIN,0,W,7,15,4,5,10,13,6,7,3,5,0,0,1,3
EPL_2425_WOLVERHAMPTONWANDERERS_NEWCASTLEUNITED,2024-25,VALIDATION,2024-09-15,Wolverhampton Wanderers,Newcastle United,1,2,AWAY_WIN,1,L,12,14,5,6,17,6,4,7,3,3,0,0,-1,0
EPL_2425_WOLVERHAMPTONWANDERERS_NEWCASTLEUNITED,2024-25,VALIDATION,2024-09-15,Newcastle United,Wolverhampton Wanderers,2,1,AWAY_WIN,0,W,14,12,6,5,6,17,7,4,3,3,0,0,1,3
EPL_2425_ASTONVILLA_WOLVERHAMPTONWANDERERS,2024-25,VALIDATION,2024-09-21,Aston Villa,Wolverhampton Wanderers,3,1,HOME_WIN,1,W,9,10,4,4,11,16,6,5,3,6,0,0,2,3
EPL_2425_ASTONVILLA_WOLVERHAMPTONWANDERERS,2024-25,VALIDATION,2024-09-21,Wolverhampton Wanderers,Aston Villa,1,3,HOME_WIN,0,L,10,9,4,4,16,11,5,6,6,3,0,0,-2,0
EPL_2425_CRYSTALPALACE_MANCHESTERUNITED,2024-25,VALIDATION,2024-09-21,Crystal Palace,Manchester United,0,0,DRAW,1,D,9,15,4,6,7,12,4,11,3,1,0,0,0,1
EPL_2425_CRYSTALPALACE_MANCHESTERUNITED,2024-25,VALIDATION,2024-09-21,Manchester United,Crystal Palace,0,0,DRAW,0,D,15,9,6,4,12,7,11,4,1,3,0,0,0,1
EPL_2425_FULHAM_NEWCASTLEUNITED,2024-25,VALIDATION,2024-09-21,Fulham,Newcastle United,3,1,HOME_WIN,1,W,22,15,11,4,16,8,6,0,6,0,0,0,2,3
EPL_2425_FULHAM_NEWCASTLEUNITED,2024-25,VALIDATION,2024-09-21,Newcastle United,Fulham,1,3,HOME_WIN,0,L,15,22,4,11,8,16,0,6,0,6,0,0,-2,0
EPL_2425_LEICESTERCITY_EVERTON,2024-25,VALIDATION,2024-09-21,Leicester City,Everton,1,1,DRAW,1,D,12,16,2,5,11,12,6,1,1,2,0,0,0,1
EPL_2425_LEICESTERCITY_EVERTON,2024-25,VALIDATION,2024-09-21,Everton,Leicester City,1,1,DRAW,0,D,16,12,5,2,12,11,1,6,2,1,0,0,0,1
EPL_2425_LIVERPOOL_BOURNEMOUTH,2024-25,VALIDATION,2024-09-21,Liverpool,Bournemouth,3,0,HOME_WIN,1,W,19,19,13,6,10,12,3,9,1,4,0,0,3,3
EPL_2425_LIVERPOOL_BOURNEMOUTH,2024-25,VALIDATION,2024-09-21,Bournemouth,Liverpool,0,3,HOME_WIN,0,L,19,19,6,13,12,10,9,3,4,1,0,0,-3,0
EPL_2425_SOUTHAMPTON_IPSWICH,2024-25,VALIDATION,2024-09-21,Southampton,Ipswich,1,1,DRAW,1,D,11,13,3,6,16,16,2,10,4,4,0,0,0,1
EPL_2425_SOUTHAMPTON_IPSWICH,2024-25,VALIDATION,2024-09-21,Ipswich,Southampton,1,1,DRAW,0,D,13,11,6,3,16,16,10,2,4,4,0,0,0,1
EPL_2425_TOTTENHAMHOTSPUR_BRENTFORD,2024-25,VALIDATION,2024-09-21,Tottenham Hotspur,Brentford,3,1,HOME_WIN,1,W,23,6,10,6,11,9,9,4,3,1,0,0,2,3
EPL_2425_TOTTENHAMHOTSPUR_BRENTFORD,2024-25,VALIDATION,2024-09-21,Brentford,Tottenham Hotspur,1,3,HOME_WIN,0,L,6,23,6,10,9,11,4,9,1,3,0,0,-2,0
EPL_2425_WESTHAMUNITED_CHELSEA,2024-25,VALIDATION,2024-09-21,West Ham United,Chelsea,0,3,AWAY_WIN,1,L,15,12,7,5,17,9,6,5,5,2,0,0,-3,0
EPL_2425_WESTHAMUNITED_CHELSEA,2024-25,VALIDATION,2024-09-21,Chelsea,West Ham United,3,0,AWAY_WIN,0,W,12,15,5,7,9,17,5,6,2,5,0,0,3,3
EPL_2425_BRIGHTONHOVEALBION_NOTTINGHAMFOREST,2024-25,VALIDATION,2024-09-22,Brighton & Hove Albion,Nottingham Forest,2,2,DRAW,1,D,14,4,3,3,12,11,9,1,3,4,0,1,0,1
EPL_2425_BRIGHTONHOVEALBION_NOTTINGHAMFOREST,2024-25,VALIDATION,2024-09-22,Nottingham Forest,Brighton & Hove Albion,2,2,DRAW,0,D,4,14,3,3,11,12,1,9,4,3,1,0,0,1
EPL_2425_MANCHESTERCITY_ARSENAL,2024-25,VALIDATION,2024-09-22,Manchester City,Arsenal,2,2,DRAW,1,D,33,5,11,3,7,10,8,2,3,4,0,1,0,1
EPL_2425_MANCHESTERCITY_ARSENAL,2024-25,VALIDATION,2024-09-22,Arsenal,Manchester City,2,2,DRAW,0,D,5,33,3,11,10,7,2,8,4,3,1,0,0,1
EPL_2425_ARSENAL_LEICESTERCITY,2024-25,VALIDATION,2024-09-28,Arsenal,Leicester City,4,2,HOME_WIN,1,W,36,5,16,3,11,6,17,0,2,4,0,0,2,3
EPL_2425_ARSENAL_LEICESTERCITY,2024-25,VALIDATION,2024-09-28,Leicester City,Arsenal,2,4,HOME_WIN,0,L,5,36,3,16,6,11,0,17,4,2,0,0,-2,0
EPL_2425_BRENTFORD_WESTHAMUNITED,2024-25,VALIDATION,2024-09-28,Brentford,West Ham United,1,1,DRAW,1,D,8,19,3,3,2,11,7,7,2,3,0,0,0,1
EPL_2425_BRENTFORD_WESTHAMUNITED,2024-25,VALIDATION,2024-09-28,West Ham United,Brentford,1,1,DRAW,0,D,19,8,3,3,11,2,7,7,3,2,0,0,0,1
EPL_2425_CHELSEA_BRIGHTONHOVEALBION,2024-25,VALIDATION,2024-09-28,Chelsea,Brighton & Hove Albion,4,2,HOME_WIN,1,W,15,15,7,5,11,8,8,2,3,2,0,0,2,3
EPL_2425_CHELSEA_BRIGHTONHOVEALBION,2024-25,VALIDATION,2024-09-28,Brighton & Hove Albion,Chelsea,2,4,HOME_WIN,0,L,15,15,5,7,8,11,2,8,2,3,0,0,-2,0
EPL_2425_EVERTON_CRYSTALPALACE,2024-25,VALIDATION,2024-09-28,Everton,Crystal Palace,2,1,HOME_WIN,1,W,8,17,2,5,13,11,5,8,2,1,0,0,1,3
EPL_2425_EVERTON_CRYSTALPALACE,2024-25,VALIDATION,2024-09-28,Crystal Palace,Everton,1,2,HOME_WIN,0,L,17,8,5,2,11,13,8,5,1,2,0,0,-1,0
EPL_2425_NEWCASTLEUNITED_MANCHESTERCITY,2024-25,VALIDATION,2024-09-28,Newcastle United,Manchester City,1,1,DRAW,1,D,11,16,4,6,14,10,5,6,4,4,0,0,0,1
EPL_2425_NEWCASTLEUNITED_MANCHESTERCITY,2024-25,VALIDATION,2024-09-28,Manchester City,Newcastle United,1,1,DRAW,0,D,16,11,6,4,10,14,6,5,4,4,0,0,0,1
EPL_2425_NOTTINGHAMFOREST_FULHAM,2024-25,VALIDATION,2024-09-28,Nottingham Forest,Fulham,0,1,AWAY_WIN,1,L,11,14,1,2,11,15,6,5,2,4,0,0,-1,0
EPL_2425_NOTTINGHAMFOREST_FULHAM,2024-25,VALIDATION,2024-09-28,Fulham,Nottingham Forest,1,0,AWAY_WIN,0,W,14,11,2,1,15,11,5,6,4,2,0,0,1,3
EPL_2425_WOLVERHAMPTONWANDERERS_LIVERPOOL,2024-25,VALIDATION,2024-09-28,Wolverhampton Wanderers,Liverpool,1,2,AWAY_WIN,1,L,8,10,3,6,16,8,2,10,2,3,0,0,-1,0
EPL_2425_WOLVERHAMPTONWANDERERS_LIVERPOOL,2024-25,VALIDATION,2024-09-28,Liverpool,Wolverhampton Wanderers,2,1,AWAY_WIN,0,W,10,8,6,3,8,16,10,2,3,2,0,0,1,3
EPL_2425_IPSWICH_ASTONVILLA,2024-25,VALIDATION,2024-09-29,Ipswich,Aston Villa,2,2,DRAW,1,D,15,7,5,3,10,14,10,0,4,1,0,0,0,1
EPL_2425_IPSWICH_ASTONVILLA,2024-25,VALIDATION,2024-09-29,Aston Villa,Ipswich,2,2,DRAW,0,D,7,15,3,5,14,10,0,10,1,4,0,0,0,1
EPL_2425_MANCHESTERUNITED_TOTTENHAMHOTSPUR,2024-25,VALIDATION,2024-09-29,Manchester United,Tottenham Hotspur,0,3,AWAY_WIN,1,L,11,24,2,10,16,14,5,3,5,3,1,0,-3,0
EPL_2425_MANCHESTERUNITED_TOTTENHAMHOTSPUR,2024-25,VALIDATION,2024-09-29,Tottenham Hotspur,Manchester United,3,0,AWAY_WIN,0,W,24,11,10,2,14,16,3,5,3,5,0,1,3,3
EPL_2425_BOURNEMOUTH_SOUTHAMPTON,2024-25,VALIDATION,2024-09-30,Bournemouth,Southampton,3,1,HOME_WIN,1,W,14,9,6,3,19,12,7,4,2,5,0,0,2,3
EPL_2425_BOURNEMOUTH_SOUTHAMPTON,2024-25,VALIDATION,2024-09-30,Southampton,Bournemouth,1,3,HOME_WIN,0,L,9,14,3,6,12,19,4,7,5,2,0,0,-2,0
EPL_2425_ARSENAL_SOUTHAMPTON,2024-25,VALIDATION,2024-10-05,Arsenal,Southampton,3,1,HOME_WIN,1,W,29,8,6,2,10,9,13,1,0,3,0,0,2,3
EPL_2425_ARSENAL_SOUTHAMPTON,2024-25,VALIDATION,2024-10-05,Southampton,Arsenal,1,3,HOME_WIN,0,L,8,29,2,6,9,10,1,13,3,0,0,0,-2,0
EPL_2425_BRENTFORD_WOLVERHAMPTONWANDERERS,2024-25,VALIDATION,2024-10-05,Brentford,Wolverhampton Wanderers,5,3,HOME_WIN,1,W,19,17,12,6,9,10,10,3,2,3,0,0,2,3
EPL_2425_BRENTFORD_WOLVERHAMPTONWANDERERS,2024-25,VALIDATION,2024-10-05,Wolverhampton Wanderers,Brentford,3,5,HOME_WIN,0,L,17,19,6,12,10,9,3,10,3,2,0,0,-2,0
EPL_2425_CRYSTALPALACE_LIVERPOOL,2024-25,VALIDATION,2024-10-05,Crystal Palace,Liverpool,0,1,AWAY_WIN,1,L,9,16,5,4,7,15,3,8,4,2,0,0,-1,0
EPL_2425_CRYSTALPALACE_LIVERPOOL,2024-25,VALIDATION,2024-10-05,Liverpool,Crystal Palace,1,0,AWAY_WIN,0,W,16,9,4,5,15,7,8,3,2,4,0,0,1,3
EPL_2425_EVERTON_NEWCASTLEUNITED,2024-25,VALIDATION,2024-10-05,Everton,Newcastle United,0,0,DRAW,1,D,8,14,2,3,12,8,0,10,1,2,0,0,0,1
EPL_2425_EVERTON_NEWCASTLEUNITED,2024-25,VALIDATION,2024-10-05,Newcastle United,Everton,0,0,DRAW,0,D,14,8,3,2,8,12,10,0,2,1,0,0,0,1
EPL_2425_LEICESTERCITY_BOURNEMOUTH,2024-25,VALIDATION,2024-10-05,Leicester City,Bournemouth,1,0,HOME_WIN,1,W,6,17,2,2,12,14,0,9,4,1,0,0,1,3
EPL_2425_LEICESTERCITY_BOURNEMOUTH,2024-25,VALIDATION,2024-10-05,Bournemouth,Leicester City,0,1,HOME_WIN,0,L,17,6,2,2,14,12,9,0,1,4,0,0,-1,0
EPL_2425_MANCHESTERCITY_FULHAM,2024-25,VALIDATION,2024-10-05,Manchester City,Fulham,3,2,HOME_WIN,1,W,20,11,7,4,4,10,8,3,2,1,0,0,1,3
EPL_2425_MANCHESTERCITY_FULHAM,2024-25,VALIDATION,2024-10-05,Fulham,Manchester City,2,3,HOME_WIN,0,L,11,20,4,7,10,4,3,8,1,2,0,0,-1,0
EPL_2425_WESTHAMUNITED_IPSWICH,2024-25,VALIDATION,2024-10-05,West Ham United,Ipswich,4,1,HOME_WIN,1,W,23,9,13,2,12,6,5,5,0,1,0,0,3,3
EPL_2425_WESTHAMUNITED_IPSWICH,2024-25,VALIDATION,2024-10-05,Ipswich,West Ham United,1,4,HOME_WIN,0,L,9,23,2,13,6,12,5,5,1,0,0,0,-3,0
EPL_2425_ASTONVILLA_MANCHESTERUNITED,2024-25,VALIDATION,2024-10-06,Aston Villa,Manchester United,0,0,DRAW,1,D,11,10,1,4,12,11,6,3,1,5,0,0,0,1
EPL_2425_ASTONVILLA_MANCHESTERUNITED,2024-25,VALIDATION,2024-10-06,Manchester United,Aston Villa,0,0,DRAW,0,D,10,11,4,1,11,12,3,6,5,1,0,0,0,1
EPL_2425_BRIGHTONHOVEALBION_TOTTENHAMHOTSPUR,2024-25,VALIDATION,2024-10-06,Brighton & Hove Albion,Tottenham Hotspur,3,2,HOME_WIN,1,W,11,13,4,3,14,10,4,7,2,2,0,0,1,3
EPL_2425_BRIGHTONHOVEALBION_TOTTENHAMHOTSPUR,2024-25,VALIDATION,2024-10-06,Tottenham Hotspur,Brighton & Hove Albion,2,3,HOME_WIN,0,L,13,11,3,4,10,14,7,4,2,2,0,0,-1,0
EPL_2425_CHELSEA_NOTTINGHAMFOREST,2024-25,VALIDATION,2024-10-06,Chelsea,Nottingham Forest,1,1,DRAW,1,D,22,16,8,9,12,11,11,3,6,2,0,1,0,1
EPL_2425_CHELSEA_NOTTINGHAMFOREST,2024-25,VALIDATION,2024-10-06,Nottingham Forest,Chelsea,1,1,DRAW,0,D,16,22,9,8,11,12,3,11,2,6,1,0,0,1
EPL_2425_BOURNEMOUTH_ARSENAL,2024-25,VALIDATION,2024-10-19,Bournemouth,Arsenal,2,0,HOME_WIN,1,W,13,6,4,1,12,11,7,4,1,1,0,1,2,3
EPL_2425_BOURNEMOUTH_ARSENAL,2024-25,VALIDATION,2024-10-19,Arsenal,Bournemouth,0,2,HOME_WIN,0,L,6,13,1,4,11,12,4,7,1,1,1,0,-2,0
EPL_2425_FULHAM_ASTONVILLA,2024-25,VALIDATION,2024-10-19,Fulham,Aston Villa,1,3,AWAY_WIN,1,L,10,14,4,5,8,11,6,11,3,3,1,1,-2,0
EPL_2425_FULHAM_ASTONVILLA,2024-25,VALIDATION,2024-10-19,Aston Villa,Fulham,3,1,AWAY_WIN,0,W,14,10,5,4,11,8,11,6,3,3,1,1,2,3
EPL_2425_IPSWICH_EVERTON,2024-25,VALIDATION,2024-10-19,Ipswich,Everton,0,2,AWAY_WIN,1,L,13,11,2,8,12,10,5,8,1,1,0,0,-2,0
EPL_2425_IPSWICH_EVERTON,2024-25,VALIDATION,2024-10-19,Everton,Ipswich,2,0,AWAY_WIN,0,W,11,13,8,2,10,12,8,5,1,1,0,0,2,3
EPL_2425_MANCHESTERUNITED_BRENTFORD,2024-25,VALIDATION,2024-10-19,Manchester United,Brentford,2,1,HOME_WIN,1,W,23,8,11,2,14,5,9,2,2,2,0,0,1,3
EPL_2425_MANCHESTERUNITED_BRENTFORD,2024-25,VALIDATION,2024-10-19,Brentford,Manchester United,1,2,HOME_WIN,0,L,8,23,2,11,5,14,2,9,2,2,0,0,-1,0
EPL_2425_NEWCASTLEUNITED_BRIGHTONHOVEALBION,2024-25,VALIDATION,2024-10-19,Newcastle United,Brighton & Hove Albion,0,1,AWAY_WIN,1,L,21,10,6,5,11,9,9,4,2,2,0,0,-1,0
EPL_2425_NEWCASTLEUNITED_BRIGHTONHOVEALBION,2024-25,VALIDATION,2024-10-19,Brighton & Hove Albion,Newcastle United,1,0,AWAY_WIN,0,W,10,21,5,6,9,11,4,9,2,2,0,0,1,3
EPL_2425_SOUTHAMPTON_LEICESTERCITY,2024-25,VALIDATION,2024-10-19,Southampton,Leicester City,2,3,AWAY_WIN,1,L,14,18,7,4,10,10,10,6,5,3,1,0,-1,0
EPL_2425_SOUTHAMPTON_LEICESTERCITY,2024-25,VALIDATION,2024-10-19,Leicester City,Southampton,3,2,AWAY_WIN,0,W,18,14,4,7,10,10,6,10,3,5,0,1,1,3
EPL_2425_TOTTENHAMHOTSPUR_WESTHAMUNITED,2024-25,VALIDATION,2024-10-19,Tottenham Hotspur,West Ham United,4,1,HOME_WIN,1,W,22,11,7,4,10,15,13,5,1,3,0,1,3,3
EPL_2425_TOTTENHAMHOTSPUR_WESTHAMUNITED,2024-25,VALIDATION,2024-10-19,West Ham United,Tottenham Hotspur,1,4,HOME_WIN,0,L,11,22,4,7,15,10,5,13,3,1,1,0,-3,0
EPL_2425_LIVERPOOL_CHELSEA,2024-25,VALIDATION,2024-10-20,Liverpool,Chelsea,2,1,HOME_WIN,1,W,9,12,5,2,12,13,1,6,4,3,0,0,1,3
EPL_2425_LIVERPOOL_CHELSEA,2024-25,VALIDATION,2024-10-20,Chelsea,Liverpool,1,2,HOME_WIN,0,L,12,9,2,5,13,12,6,1,3,4,0,0,-1,0
EPL_2425_WOLVERHAMPTONWANDERERS_MANCHESTERCITY,2024-25,VALIDATION,2024-10-20,Wolverhampton Wanderers,Manchester City,1,2,AWAY_WIN,1,L,3,22,2,7,8,5,1,18,4,1,0,0,-1,0
EPL_2425_WOLVERHAMPTONWANDERERS_MANCHESTERCITY,2024-25,VALIDATION,2024-10-20,Manchester City,Wolverhampton Wanderers,2,1,AWAY_WIN,0,W,22,3,7,2,5,8,18,1,1,4,0,0,1,3
EPL_2425_NOTTINGHAMFOREST_CRYSTALPALACE,2024-25,VALIDATION,2024-10-21,Nottingham Forest,Crystal Palace,1,0,HOME_WIN,1,W,20,20,6,7,9,12,6,6,2,3,0,0,1,3
EPL_2425_NOTTINGHAMFOREST_CRYSTALPALACE,2024-25,VALIDATION,2024-10-21,Crystal Palace,Nottingham Forest,0,1,HOME_WIN,0,L,20,20,7,6,12,9,6,6,3,2,0,0,-1,0
EPL_2425_LEICESTERCITY_NOTTINGHAMFOREST,2024-25,VALIDATION,2024-10-25,Leicester City,Nottingham Forest,1,3,AWAY_WIN,1,L,11,20,1,5,16,9,6,7,5,2,0,0,-2,0
EPL_2425_LEICESTERCITY_NOTTINGHAMFOREST,2024-25,VALIDATION,2024-10-25,Nottingham Forest,Leicester City,3,1,AWAY_WIN,0,W,20,11,5,1,9,16,7,6,2,5,0,0,2,3
EPL_2425_ASTONVILLA_BOURNEMOUTH,2024-25,VALIDATION,2024-10-26,Aston Villa,Bournemouth,1,1,DRAW,1,D,18,11,8,3,12,14,9,7,7,6,0,0,0,1
EPL_2425_ASTONVILLA_BOURNEMOUTH,2024-25,VALIDATION,2024-10-26,Bournemouth,Aston Villa,1,1,DRAW,0,D,11,18,3,8,14,12,7,9,6,7,0,0,0,1
EPL_2425_BRENTFORD_IPSWICH,2024-25,VALIDATION,2024-10-26,Brentford,Ipswich,4,3,HOME_WIN,1,W,20,11,9,5,7,10,5,5,0,1,0,1,1,3
EPL_2425_BRENTFORD_IPSWICH,2024-25,VALIDATION,2024-10-26,Ipswich,Brentford,3,4,HOME_WIN,0,L,11,20,5,9,10,7,5,5,1,0,1,0,-1,0
EPL_2425_BRIGHTONHOVEALBION_WOLVERHAMPTONWANDERERS,2024-25,VALIDATION,2024-10-26,Brighton & Hove Albion,Wolverhampton Wanderers,2,2,DRAW,1,D,19,14,6,7,12,10,9,6,3,3,0,0,0,1
EPL_2425_BRIGHTONHOVEALBION_WOLVERHAMPTONWANDERERS,2024-25,VALIDATION,2024-10-26,Wolverhampton Wanderers,Brighton & Hove Albion,2,2,DRAW,0,D,14,19,7,6,10,12,6,9,3,3,0,0,0,1
EPL_2425_EVERTON_FULHAM,2024-25,VALIDATION,2024-10-26,Everton,Fulham,1,1,DRAW,1,D,10,14,5,3,8,8,4,2,1,0,0,0,0,1
EPL_2425_EVERTON_FULHAM,2024-25,VALIDATION,2024-10-26,Fulham,Everton,1,1,DRAW,0,D,14,10,3,5,8,8,2,4,0,1,0,0,0,1
EPL_2425_MANCHESTERCITY_SOUTHAMPTON,2024-25,VALIDATION,2024-10-26,Manchester City,Southampton,1,0,HOME_WIN,1,W,22,5,8,2,9,9,12,1,1,3,0,0,1,3
EPL_2425_MANCHESTERCITY_SOUTHAMPTON,2024-25,VALIDATION,2024-10-26,Southampton,Manchester City,0,1,HOME_WIN,0,L,5,22,2,8,9,9,1,12,3,1,0,0,-1,0
EPL_2425_ARSENAL_LIVERPOOL,2024-25,VALIDATION,2024-10-27,Arsenal,Liverpool,2,2,DRAW,1,D,9,9,3,4,14,14,1,3,2,2,0,0,0,1
EPL_2425_ARSENAL_LIVERPOOL,2024-25,VALIDATION,2024-10-27,Liverpool,Arsenal,2,2,DRAW,0,D,9,9,4,3,14,14,3,1,2,2,0,0,0,1
EPL_2425_CHELSEA_NEWCASTLEUNITED,2024-25,VALIDATION,2024-10-27,Chelsea,Newcastle United,2,1,HOME_WIN,1,W,17,11,7,3,13,16,7,4,6,3,0,0,1,3
EPL_2425_CHELSEA_NEWCASTLEUNITED,2024-25,VALIDATION,2024-10-27,Newcastle United,Chelsea,1,2,HOME_WIN,0,L,11,17,3,7,16,13,4,7,3,6,0,0,-1,0
EPL_2425_CRYSTALPALACE_TOTTENHAMHOTSPUR,2024-25,VALIDATION,2024-10-27,Crystal Palace,Tottenham Hotspur,1,0,HOME_WIN,1,W,14,11,6,3,16,12,8,8,4,4,0,0,1,3
EPL_2425_CRYSTALPALACE_TOTTENHAMHOTSPUR,2024-25,VALIDATION,2024-10-27,Tottenham Hotspur,Crystal Palace,0,1,HOME_WIN,0,L,11,14,3,6,12,16,8,8,4,4,0,0,-1,0
EPL_2425_WESTHAMUNITED_MANCHESTERUNITED,2024-25,VALIDATION,2024-10-27,West Ham United,Manchester United,2,1,HOME_WIN,1,W,12,18,3,5,6,7,6,5,5,1,0,0,1,3
EPL_2425_WESTHAMUNITED_MANCHESTERUNITED,2024-25,VALIDATION,2024-10-27,Manchester United,West Ham United,1,2,HOME_WIN,0,L,18,12,5,3,7,6,5,6,1,5,0,0,-1,0
EPL_2425_BOURNEMOUTH_MANCHESTERCITY,2024-25,VALIDATION,2024-11-02,Bournemouth,Manchester City,2,1,HOME_WIN,1,W,12,18,6,4,11,6,3,10,2,1,0,0,1,3
EPL_2425_BOURNEMOUTH_MANCHESTERCITY,2024-25,VALIDATION,2024-11-02,Manchester City,Bournemouth,1,2,HOME_WIN,0,L,18,12,4,6,6,11,10,3,1,2,0,0,-1,0
EPL_2425_IPSWICH_LEICESTERCITY,2024-25,VALIDATION,2024-11-02,Ipswich,Leicester City,1,1,DRAW,1,D,14,20,2,6,11,10,4,6,4,2,1,0,0,1
EPL_2425_IPSWICH_LEICESTERCITY,2024-25,VALIDATION,2024-11-02,Leicester City,Ipswich,1,1,DRAW,0,D,20,14,6,2,10,11,6,4,2,4,0,1,0,1
EPL_2425_LIVERPOOL_BRIGHTONHOVEALBION,2024-25,VALIDATION,2024-11-02,Liverpool,Brighton & Hove Albion,2,1,HOME_WIN,1,W,16,13,8,5,10,18,10,7,1,1,0,0,1,3
EPL_2425_LIVERPOOL_BRIGHTONHOVEALBION,2024-25,VALIDATION,2024-11-02,Brighton & Hove Albion,Liverpool,1,2,HOME_WIN,0,L,13,16,5,8,18,10,7,10,1,1,0,0,-1,0
EPL_2425_NEWCASTLEUNITED_ARSENAL,2024-25,VALIDATION,2024-11-02,Newcastle United,Arsenal,1,0,HOME_WIN,1,W,9,10,4,1,16,18,4,6,4,4,0,0,1,3
EPL_2425_NEWCASTLEUNITED_ARSENAL,2024-25,VALIDATION,2024-11-02,Arsenal,Newcastle United,0,1,HOME_WIN,0,L,10,9,1,4,18,16,6,4,4,4,0,0,-1,0
EPL_2425_NOTTINGHAMFOREST_WESTHAMUNITED,2024-25,VALIDATION,2024-11-02,Nottingham Forest,West Ham United,3,0,HOME_WIN,1,W,19,4,6,2,7,9,11,6,1,2,0,1,3,3
EPL_2425_NOTTINGHAMFOREST_WESTHAMUNITED,2024-25,VALIDATION,2024-11-02,West Ham United,Nottingham Forest,0,3,HOME_WIN,0,L,4,19,2,6,9,7,6,11,2,1,1,0,-3,0
EPL_2425_SOUTHAMPTON_EVERTON,2024-25,VALIDATION,2024-11-02,Southampton,Everton,1,0,HOME_WIN,1,W,9,16,2,5,14,18,3,6,4,2,0,0,1,3
EPL_2425_SOUTHAMPTON_EVERTON,2024-25,VALIDATION,2024-11-02,Everton,Southampton,0,1,HOME_WIN,0,L,16,9,5,2,18,14,6,3,2,4,0,0,-1,0
EPL_2425_WOLVERHAMPTONWANDERERS_CRYSTALPALACE,2024-25,VALIDATION,2024-11-02,Wolverhampton Wanderers,Crystal Palace,2,2,DRAW,1,D,11,19,6,7,7,9,3,6,1,2,0,0,0,1
EPL_2425_WOLVERHAMPTONWANDERERS_CRYSTALPALACE,2024-25,VALIDATION,2024-11-02,Crystal Palace,Wolverhampton Wanderers,2,2,DRAW,0,D,19,11,7,6,9,7,6,3,2,1,0,0,0,1
EPL_2425_MANCHESTERUNITED_CHELSEA,2024-25,VALIDATION,2024-11-03,Manchester United,Chelsea,1,1,DRAW,1,D,11,12,4,3,19,14,4,8,6,2,0,0,0,1
EPL_2425_MANCHESTERUNITED_CHELSEA,2024-25,VALIDATION,2024-11-03,Chelsea,Manchester United,1,1,DRAW,0,D,12,11,3,4,14,19,8,4,2,6,0,0,0,1
EPL_2425_TOTTENHAMHOTSPUR_ASTONVILLA,2024-25,VALIDATION,2024-11-03,Tottenham Hotspur,Aston Villa,4,1,HOME_WIN,1,W,16,12,6,1,14,14,6,4,2,0,0,0,3,3
EPL_2425_TOTTENHAMHOTSPUR_ASTONVILLA,2024-25,VALIDATION,2024-11-03,Aston Villa,Tottenham Hotspur,1,4,HOME_WIN,0,L,12,16,1,6,14,14,4,6,0,2,0,0,-3,0
EPL_2425_FULHAM_BRENTFORD,2024-25,VALIDATION,2024-11-04,Fulham,Brentford,2,1,HOME_WIN,1,W,26,5,12,2,3,10,11,3,2,1,0,0,1,3
EPL_2425_FULHAM_BRENTFORD,2024-25,VALIDATION,2024-11-04,Brentford,Fulham,1,2,HOME_WIN,0,L,5,26,2,12,10,3,3,11,1,2,0,0,-1,0
EPL_2425_BRENTFORD_BOURNEMOUTH,2024-25,VALIDATION,2024-11-09,Brentford,Bournemouth,3,2,HOME_WIN,1,W,12,15,6,3,8,16,6,4,2,4,0,0,1,3
EPL_2425_BRENTFORD_BOURNEMOUTH,2024-25,VALIDATION,2024-11-09,Bournemouth,Brentford,2,3,HOME_WIN,0,L,15,12,3,6,16,8,4,6,4,2,0,0,-1,0
EPL_2425_BRIGHTONHOVEALBION_MANCHESTERCITY,2024-25,VALIDATION,2024-11-09,Brighton & Hove Albion,Manchester City,2,1,HOME_WIN,1,W,10,15,4,6,12,10,0,4,3,3,0,0,1,3
EPL_2425_BRIGHTONHOVEALBION_MANCHESTERCITY,2024-25,VALIDATION,2024-11-09,Manchester City,Brighton & Hove Albion,1,2,HOME_WIN,0,L,15,10,6,4,10,12,4,0,3,3,0,0,-1,0
EPL_2425_CRYSTALPALACE_FULHAM,2024-25,VALIDATION,2024-11-09,Crystal Palace,Fulham,0,2,AWAY_WIN,1,L,13,17,5,7,10,11,1,8,1,1,1,0,-2,0
EPL_2425_CRYSTALPALACE_FULHAM,2024-25,VALIDATION,2024-11-09,Fulham,Crystal Palace,2,0,AWAY_WIN,0,W,17,13,7,5,11,10,8,1,1,1,0,1,2,3
EPL_2425_LIVERPOOL_ASTONVILLA,2024-25,VALIDATION,2024-11-09,Liverpool,Aston Villa,2,0,HOME_WIN,1,W,14,12,5,2,11,15,2,9,0,3,0,0,2,3
EPL_2425_LIVERPOOL_ASTONVILLA,2024-25,VALIDATION,2024-11-09,Aston Villa,Liverpool,0,2,HOME_WIN,0,L,12,14,2,5,15,11,9,2,3,0,0,0,-2,0
EPL_2425_WESTHAMUNITED_EVERTON,2024-25,VALIDATION,2024-11-09,West Ham United,Everton,0,0,DRAW,1,D,11,18,6,4,10,9,7,6,1,2,0,0,0,1
EPL_2425_WESTHAMUNITED_EVERTON,2024-25,VALIDATION,2024-11-09,Everton,West Ham United,0,0,DRAW,0,D,18,11,4,6,9,10,6,7,2,1,0,0,0,1
EPL_2425_WOLVERHAMPTONWANDERERS_SOUTHAMPTON,2024-25,VALIDATION,2024-11-09,Wolverhampton Wanderers,Southampton,2,0,HOME_WIN,1,W,8,9,4,0,14,12,1,9,1,4,0,0,2,3
EPL_2425_WOLVERHAMPTONWANDERERS_SOUTHAMPTON,2024-25,VALIDATION,2024-11-09,Southampton,Wolverhampton Wanderers,0,2,HOME_WIN,0,L,9,8,0,4,12,14,9,1,4,1,0,0,-2,0
EPL_2425_CHELSEA_ARSENAL,2024-25,VALIDATION,2024-11-10,Chelsea,Arsenal,1,1,DRAW,1,D,17,13,3,3,12,12,4,3,4,2,0,0,0,1
EPL_2425_CHELSEA_ARSENAL,2024-25,VALIDATION,2024-11-10,Arsenal,Chelsea,1,1,DRAW,0,D,13,17,3,3,12,12,3,4,2,4,0,0,0,1
EPL_2425_MANCHESTERUNITED_LEICESTERCITY,2024-25,VALIDATION,2024-11-10,Manchester United,Leicester City,3,0,HOME_WIN,1,W,13,6,3,5,9,5,1,5,0,1,0,0,3,3
EPL_2425_MANCHESTERUNITED_LEICESTERCITY,2024-25,VALIDATION,2024-11-10,Leicester City,Manchester United,0,3,HOME_WIN,0,L,6,13,5,3,5,9,5,1,1,0,0,0,-3,0
EPL_2425_NOTTINGHAMFOREST_NEWCASTLEUNITED,2024-25,VALIDATION,2024-11-10,Nottingham Forest,Newcastle United,1,3,AWAY_WIN,1,L,9,17,3,6,13,6,4,5,1,1,0,0,-2,0
EPL_2425_NOTTINGHAMFOREST_NEWCASTLEUNITED,2024-25,VALIDATION,2024-11-10,Newcastle United,Nottingham Forest,3,1,AWAY_WIN,0,W,17,9,6,3,6,13,5,4,1,1,0,0,2,3
EPL_2425_TOTTENHAMHOTSPUR_IPSWICH,2024-25,VALIDATION,2024-11-10,Tottenham Hotspur,Ipswich,1,2,AWAY_WIN,1,L,17,8,5,3,10,19,12,2,1,5,0,0,-1,0
EPL_2425_TOTTENHAMHOTSPUR_IPSWICH,2024-25,VALIDATION,2024-11-10,Ipswich,Tottenham Hotspur,2,1,AWAY_WIN,0,W,8,17,3,5,19,10,2,12,5,1,0,0,1,3
EPL_2425_ARSENAL_NOTTINGHAMFOREST,2024-25,VALIDATION,2024-11-23,Arsenal,Nottingham Forest,3,0,HOME_WIN,1,W,19,7,7,0,10,1,8,1,3,2,0,0,3,3
EPL_2425_ARSENAL_NOTTINGHAMFOREST,2024-25,VALIDATION,2024-11-23,Nottingham Forest,Arsenal,0,3,HOME_WIN,0,L,7,19,0,7,1,10,1,8,2,3,0,0,-3,0
EPL_2425_ASTONVILLA_CRYSTALPALACE,2024-25,VALIDATION,2024-11-23,Aston Villa,Crystal Palace,2,2,DRAW,1,D,17,13,5,6,10,11,10,1,3,2,0,0,0,1
EPL_2425_ASTONVILLA_CRYSTALPALACE,2024-25,VALIDATION,2024-11-23,Crystal Palace,Aston Villa,2,2,DRAW,0,D,13,17,6,5,11,10,1,10,2,3,0,0,0,1
EPL_2425_BOURNEMOUTH_BRIGHTONHOVEALBION,2024-25,VALIDATION,2024-11-23,Bournemouth,Brighton & Hove Albion,1,2,AWAY_WIN,1,L,19,6,5,4,13,10,7,0,2,2,0,1,-1,0
EPL_2425_BOURNEMOUTH_BRIGHTONHOVEALBION,2024-25,VALIDATION,2024-11-23,Brighton & Hove Albion,Bournemouth,2,1,AWAY_WIN,0,W,6,19,4,5,10,13,0,7,2,2,1,0,1,3
EPL_2425_EVERTON_BRENTFORD,2024-25,VALIDATION,2024-11-23,Everton,Brentford,0,0,DRAW,1,D,27,9,5,2,8,10,10,4,0,0,0,1,0,1
EPL_2425_EVERTON_BRENTFORD,2024-25,VALIDATION,2024-11-23,Brentford,Everton,0,0,DRAW,0,D,9,27,2,5,10,8,4,10,0,0,1,0,0,1
EPL_2425_FULHAM_WOLVERHAMPTONWANDERERS,2024-25,VALIDATION,2024-11-23,Fulham,Wolverhampton Wanderers,1,4,AWAY_WIN,1,L,10,10,3,5,14,14,7,2,3,0,0,0,-3,0
EPL_2425_FULHAM_WOLVERHAMPTONWANDERERS,2024-25,VALIDATION,2024-11-23,Wolverhampton Wanderers,Fulham,4,1,AWAY_WIN,0,W,10,10,5,3,14,14,2,7,0,3,0,0,3,3
EPL_2425_LEICESTERCITY_CHELSEA,2024-25,VALIDATION,2024-11-23,Leicester City,Chelsea,1,2,AWAY_WIN,1,L,4,16,1,7,15,12,2,9,4,3,0,0,-1,0
EPL_2425_LEICESTERCITY_CHELSEA,2024-25,VALIDATION,2024-11-23,Chelsea,Leicester City,2,1,AWAY_WIN,0,W,16,4,7,1,12,15,9,2,3,4,0,0,1,3
EPL_2425_MANCHESTERCITY_TOTTENHAMHOTSPUR,2024-25,VALIDATION,2024-11-23,Manchester City,Tottenham Hotspur,0,4,AWAY_WIN,1,L,23,9,5,7,19,9,9,3,4,2,0,0,-4,0
EPL_2425_MANCHESTERCITY_TOTTENHAMHOTSPUR,2024-25,VALIDATION,2024-11-23,Tottenham Hotspur,Manchester City,4,0,AWAY_WIN,0,W,9,23,7,5,9,19,3,9,2,4,0,0,4,3
EPL_2425_IPSWICH_MANCHESTERUNITED,2024-25,VALIDATION,2024-11-24,Ipswich,Manchester United,1,1,DRAW,1,D,11,11,6,4,11,10,4,3,0,0,0,0,0,1
EPL_2425_IPSWICH_MANCHESTERUNITED,2024-25,VALIDATION,2024-11-24,Manchester United,Ipswich,1,1,DRAW,0,D,11,11,4,6,10,11,3,4,0,0,0,0,0,1
EPL_2425_SOUTHAMPTON_LIVERPOOL,2024-25,VALIDATION,2024-11-24,Southampton,Liverpool,2,3,AWAY_WIN,1,L,7,27,5,11,11,9,3,10,3,4,0,0,-1,0
EPL_2425_SOUTHAMPTON_LIVERPOOL,2024-25,VALIDATION,2024-11-24,Liverpool,Southampton,3,2,AWAY_WIN,0,W,27,7,11,5,9,11,10,3,4,3,0,0,1,3
EPL_2425_NEWCASTLEUNITED_WESTHAMUNITED,2024-25,VALIDATION,2024-11-25,Newcastle United,West Ham United,0,2,AWAY_WIN,1,L,18,15,2,6,11,8,8,3,1,0,0,0,-2,0
EPL_2425_NEWCASTLEUNITED_WESTHAMUNITED,2024-25,VALIDATION,2024-11-25,West Ham United,Newcastle United,2,0,AWAY_WIN,0,W,15,18,6,2,8,11,3,8,0,1,0,0,2,3
EPL_2425_BRIGHTONHOVEALBION_SOUTHAMPTON,2024-25,VALIDATION,2024-11-29,Brighton & Hove Albion,Southampton,1,1,DRAW,1,D,22,10,5,2,20,16,7,6,2,4,0,0,0,1
EPL_2425_BRIGHTONHOVEALBION_SOUTHAMPTON,2024-25,VALIDATION,2024-11-29,Southampton,Brighton & Hove Albion,1,1,DRAW,0,D,10,22,2,5,16,20,6,7,4,2,0,0,0,1
EPL_2425_BRENTFORD_LEICESTERCITY,2024-25,VALIDATION,2024-11-30,Brentford,Leicester City,4,1,HOME_WIN,1,W,13,7,6,3,9,10,5,4,1,1,0,0,3,3
EPL_2425_BRENTFORD_LEICESTERCITY,2024-25,VALIDATION,2024-11-30,Leicester City,Brentford,1,4,HOME_WIN,0,L,7,13,3,6,10,9,4,5,1,1,0,0,-3,0
EPL_2425_CRYSTALPALACE_NEWCASTLEUNITED,2024-25,VALIDATION,2024-11-30,Crystal Palace,Newcastle United,1,1,DRAW,1,D,16,1,4,0,12,11,8,9,3,3,0,0,0,1
EPL_2425_CRYSTALPALACE_NEWCASTLEUNITED,2024-25,VALIDATION,2024-11-30,Newcastle United,Crystal Palace,1,1,DRAW,0,D,1,16,0,4,11,12,9,8,3,3,0,0,0,1
EPL_2425_NOTTINGHAMFOREST_IPSWICH,2024-25,VALIDATION,2024-11-30,Nottingham Forest,Ipswich,1,0,HOME_WIN,1,W,12,7,5,3,5,16,8,7,1,3,0,0,1,3
EPL_2425_NOTTINGHAMFOREST_IPSWICH,2024-25,VALIDATION,2024-11-30,Ipswich,Nottingham Forest,0,1,HOME_WIN,0,L,7,12,3,5,16,5,7,8,3,1,0,0,-1,0
EPL_2425_WESTHAMUNITED_ARSENAL,2024-25,VALIDATION,2024-11-30,West Ham United,Arsenal,2,5,AWAY_WIN,1,L,12,16,5,7,10,13,2,10,4,1,0,0,-3,0
EPL_2425_WESTHAMUNITED_ARSENAL,2024-25,VALIDATION,2024-11-30,Arsenal,West Ham United,5,2,AWAY_WIN,0,W,16,12,7,5,13,10,10,2,1,4,0,0,3,3
EPL_2425_WOLVERHAMPTONWANDERERS_BOURNEMOUTH,2024-25,VALIDATION,2024-11-30,Wolverhampton Wanderers,Bournemouth,2,4,AWAY_WIN,1,L,10,12,3,8,13,11,3,4,4,1,0,0,-2,0
EPL_2425_WOLVERHAMPTONWANDERERS_BOURNEMOUTH,2024-25,VALIDATION,2024-11-30,Bournemouth,Wolverhampton Wanderers,4,2,AWAY_WIN,0,W,12,10,8,3,11,13,4,3,1,4,0,0,2,3
EPL_2425_CHELSEA_ASTONVILLA,2024-25,VALIDATION,2024-12-01,Chelsea,Aston Villa,3,0,HOME_WIN,1,W,17,10,8,4,21,6,3,4,2,2,0,0,3,3
EPL_2425_CHELSEA_ASTONVILLA,2024-25,VALIDATION,2024-12-01,Aston Villa,Chelsea,0,3,HOME_WIN,0,L,10,17,4,8,6,21,4,3,2,2,0,0,-3,0
EPL_2425_LIVERPOOL_MANCHESTERCITY,2024-25,VALIDATION,2024-12-01,Liverpool,Manchester City,2,0,HOME_WIN,1,W,18,8,7,2,9,8,7,4,1,3,0,0,2,3
EPL_2425_LIVERPOOL_MANCHESTERCITY,2024-25,VALIDATION,2024-12-01,Manchester City,Liverpool,0,2,HOME_WIN,0,L,8,18,2,7,8,9,4,7,3,1,0,0,-2,0
EPL_2425_MANCHESTERUNITED_EVERTON,2024-25,VALIDATION,2024-12-01,Manchester United,Everton,4,0,HOME_WIN,1,W,11,8,5,2,12,12,2,2,2,3,0,0,4,3
EPL_2425_MANCHESTERUNITED_EVERTON,2024-25,VALIDATION,2024-12-01,Everton,Manchester United,0,4,HOME_WIN,0,L,8,11,2,5,12,12,2,2,3,2,0,0,-4,0
EPL_2425_TOTTENHAMHOTSPUR_FULHAM,2024-25,VALIDATION,2024-12-01,Tottenham Hotspur,Fulham,1,1,DRAW,1,D,8,14,3,6,4,14,7,11,0,1,0,1,0,1
EPL_2425_TOTTENHAMHOTSPUR_FULHAM,2024-25,VALIDATION,2024-12-01,Fulham,Tottenham Hotspur,1,1,DRAW,0,D,14,8,6,3,14,4,11,7,1,0,1,0,0,1
EPL_2425_IPSWICH_CRYSTALPALACE,2024-25,VALIDATION,2024-12-03,Ipswich,Crystal Palace,0,1,AWAY_WIN,1,L,9,13,2,3,14,13,4,7,2,4,0,0,-1,0
EPL_2425_IPSWICH_CRYSTALPALACE,2024-25,VALIDATION,2024-12-03,Crystal Palace,Ipswich,1,0,AWAY_WIN,0,W,13,9,3,2,13,14,7,4,4,2,0,0,1,3
EPL_2425_LEICESTERCITY_WESTHAMUNITED,2024-25,VALIDATION,2024-12-03,Leicester City,West Ham United,3,1,HOME_WIN,1,W,8,31,6,10,9,7,3,9,2,2,0,0,2,3
EPL_2425_LEICESTERCITY_WESTHAMUNITED,2024-25,VALIDATION,2024-12-03,West Ham United,Leicester City,1,3,HOME_WIN,0,L,31,8,10,6,7,9,9,3,2,2,0,0,-2,0
EPL_2425_ARSENAL_MANCHESTERUNITED,2024-25,VALIDATION,2024-12-04,Arsenal,Manchester United,2,0,HOME_WIN,1,W,14,5,6,2,12,8,13,0,1,3,0,0,2,3
EPL_2425_ARSENAL_MANCHESTERUNITED,2024-25,VALIDATION,2024-12-04,Manchester United,Arsenal,0,2,HOME_WIN,0,L,5,14,2,6,8,12,0,13,3,1,0,0,-2,0
EPL_2425_ASTONVILLA_BRENTFORD,2024-25,VALIDATION,2024-12-04,Aston Villa,Brentford,3,1,HOME_WIN,1,W,20,9,10,1,11,15,10,5,2,2,0,0,2,3
EPL_2425_ASTONVILLA_BRENTFORD,2024-25,VALIDATION,2024-12-04,Brentford,Aston Villa,1,3,HOME_WIN,0,L,9,20,1,10,15,11,5,10,2,2,0,0,-2,0
EPL_2425_EVERTON_WOLVERHAMPTONWANDERERS,2024-25,VALIDATION,2024-12-04,Everton,Wolverhampton Wanderers,4,0,HOME_WIN,1,W,13,6,4,2,10,8,3,4,2,0,0,0,4,3
EPL_2425_EVERTON_WOLVERHAMPTONWANDERERS,2024-25,VALIDATION,2024-12-04,Wolverhampton Wanderers,Everton,0,4,HOME_WIN,0,L,6,13,2,4,8,10,4,3,0,2,0,0,-4,0
EPL_2425_MANCHESTERCITY_NOTTINGHAMFOREST,2024-25,VALIDATION,2024-12-04,Manchester City,Nottingham Forest,3,0,HOME_WIN,1,W,17,12,7,3,7,15,8,2,2,4,0,0,3,3
EPL_2425_MANCHESTERCITY_NOTTINGHAMFOREST,2024-25,VALIDATION,2024-12-04,Nottingham Forest,Manchester City,0,3,HOME_WIN,0,L,12,17,3,7,15,7,2,8,4,2,0,0,-3,0
EPL_2425_NEWCASTLEUNITED_LIVERPOOL,2024-25,VALIDATION,2024-12-04,Newcastle United,Liverpool,3,3,DRAW,1,D,17,16,6,5,9,17,5,6,2,5,0,0,0,1
EPL_2425_NEWCASTLEUNITED_LIVERPOOL,2024-25,VALIDATION,2024-12-04,Liverpool,Newcastle United,3,3,DRAW,0,D,16,17,5,6,17,9,6,5,5,2,0,0,0,1
EPL_2425_SOUTHAMPTON_CHELSEA,2024-25,VALIDATION,2024-12-04,Southampton,Chelsea,1,5,AWAY_WIN,1,L,6,26,4,13,7,14,5,7,1,0,1,0,-4,0
EPL_2425_SOUTHAMPTON_CHELSEA,2024-25,VALIDATION,2024-12-04,Chelsea,Southampton,5,1,AWAY_WIN,0,W,26,6,13,4,14,7,7,5,0,1,0,1,4,3
EPL_2425_BOURNEMOUTH_TOTTENHAMHOTSPUR,2024-25,VALIDATION,2024-12-05,Bournemouth,Tottenham Hotspur,1,0,HOME_WIN,1,W,21,12,8,4,15,8,5,9,2,2,0,0,1,3
EPL_2425_BOURNEMOUTH_TOTTENHAMHOTSPUR,2024-25,VALIDATION,2024-12-05,Tottenham Hotspur,Bournemouth,0,1,HOME_WIN,0,L,12,21,4,8,8,15,9,5,2,2,0,0,-1,0
EPL_2425_FULHAM_BRIGHTONHOVEALBION,2024-25,VALIDATION,2024-12-05,Fulham,Brighton & Hove Albion,3,1,HOME_WIN,1,W,6,13,2,3,7,8,5,6,2,2,0,0,2,3
EPL_2425_FULHAM_BRIGHTONHOVEALBION,2024-25,VALIDATION,2024-12-05,Brighton & Hove Albion,Fulham,1,3,HOME_WIN,0,L,13,6,3,2,8,7,6,5,2,2,0,0,-2,0
EPL_2425_ASTONVILLA_SOUTHAMPTON,2024-25,VALIDATION,2024-12-07,Aston Villa,Southampton,1,0,HOME_WIN,1,W,18,4,5,0,18,15,14,1,1,3,0,0,1,3
EPL_2425_ASTONVILLA_SOUTHAMPTON,2024-25,VALIDATION,2024-12-07,Southampton,Aston Villa,0,1,HOME_WIN,0,L,4,18,0,5,15,18,1,14,3,1,0,0,-1,0
EPL_2425_BRENTFORD_NEWCASTLEUNITED,2024-25,VALIDATION,2024-12-07,Brentford,Newcastle United,4,2,HOME_WIN,1,W,11,16,8,3,10,7,3,4,3,0,0,0,2,3
EPL_2425_BRENTFORD_NEWCASTLEUNITED,2024-25,VALIDATION,2024-12-07,Newcastle United,Brentford,2,4,HOME_WIN,0,L,16,11,3,8,7,10,4,3,0,3,0,0,-2,0
EPL_2425_CRYSTALPALACE_MANCHESTERCITY,2024-25,VALIDATION,2024-12-07,Crystal Palace,Manchester City,2,2,DRAW,1,D,12,12,3,4,4,10,6,8,1,0,0,1,0,1
EPL_2425_CRYSTALPALACE_MANCHESTERCITY,2024-25,VALIDATION,2024-12-07,Manchester City,Crystal Palace,2,2,DRAW,0,D,12,12,4,3,10,4,8,6,0,1,1,0,0,1
EPL_2425_MANCHESTERUNITED_NOTTINGHAMFOREST,2024-25,VALIDATION,2024-12-07,Manchester United,Nottingham Forest,2,3,AWAY_WIN,1,L,17,11,7,3,10,13,5,3,0,2,0,0,-1,0
EPL_2425_MANCHESTERUNITED_NOTTINGHAMFOREST,2024-25,VALIDATION,2024-12-07,Nottingham Forest,Manchester United,3,2,AWAY_WIN,0,W,11,17,3,7,13,10,3,5,2,0,0,0,1,3
EPL_2425_FULHAM_ARSENAL,2024-25,VALIDATION,2024-12-08,Fulham,Arsenal,1,1,DRAW,1,D,2,12,2,4,10,9,0,6,4,2,0,0,0,1
EPL_2425_FULHAM_ARSENAL,2024-25,VALIDATION,2024-12-08,Arsenal,Fulham,1,1,DRAW,0,D,12,2,4,2,9,10,6,0,2,4,0,0,0,1
EPL_2425_IPSWICH_BOURNEMOUTH,2024-25,VALIDATION,2024-12-08,Ipswich,Bournemouth,1,2,AWAY_WIN,1,L,18,22,5,6,9,13,6,13,2,1,0,0,-1,0
EPL_2425_IPSWICH_BOURNEMOUTH,2024-25,VALIDATION,2024-12-08,Bournemouth,Ipswich,2,1,AWAY_WIN,0,W,22,18,6,5,13,9,13,6,1,2,0,0,1,3
EPL_2425_LEICESTERCITY_BRIGHTONHOVEALBION,2024-25,VALIDATION,2024-12-08,Leicester City,Brighton & Hove Albion,2,2,DRAW,1,D,10,16,3,7,9,10,5,5,1,2,0,0,0,1
EPL_2425_LEICESTERCITY_BRIGHTONHOVEALBION,2024-25,VALIDATION,2024-12-08,Brighton & Hove Albion,Leicester City,2,2,DRAW,0,D,16,10,7,3,10,9,5,5,2,1,0,0,0,1
EPL_2425_TOTTENHAMHOTSPUR_CHELSEA,2024-25,VALIDATION,2024-12-08,Tottenham Hotspur,Chelsea,3,4,AWAY_WIN,1,L,13,17,5,8,17,11,5,10,2,2,0,0,-1,0
EPL_2425_TOTTENHAMHOTSPUR_CHELSEA,2024-25,VALIDATION,2024-12-08,Chelsea,Tottenham Hotspur,4,3,AWAY_WIN,0,W,17,13,8,5,11,17,10,5,2,2,0,0,1,3
EPL_2425_WESTHAMUNITED_WOLVERHAMPTONWANDERERS,2024-25,VALIDATION,2024-12-09,West Ham United,Wolverhampton Wanderers,2,1,HOME_WIN,1,W,19,19,4,5,12,17,11,0,5,4,0,0,1,3
EPL_2425_WESTHAMUNITED_WOLVERHAMPTONWANDERERS,2024-25,VALIDATION,2024-12-09,Wolverhampton Wanderers,West Ham United,1,2,HOME_WIN,0,L,19,19,5,4,17,12,0,11,4,5,0,0,-1,0
EPL_2425_ARSENAL_EVERTON,2024-25,VALIDATION,2024-12-14,Arsenal,Everton,0,0,DRAW,1,D,13,2,5,0,6,9,8,2,0,3,0,0,0,1
EPL_2425_ARSENAL_EVERTON,2024-25,VALIDATION,2024-12-14,Everton,Arsenal,0,0,DRAW,0,D,2,13,0,5,9,6,2,8,3,0,0,0,0,1
EPL_2425_LIVERPOOL_FULHAM,2024-25,VALIDATION,2024-12-14,Liverpool,Fulham,2,2,DRAW,1,D,16,12,4,3,10,7,5,4,3,4,1,0,0,1
EPL_2425_LIVERPOOL_FULHAM,2024-25,VALIDATION,2024-12-14,Fulham,Liverpool,2,2,DRAW,0,D,12,16,3,4,7,10,4,5,4,3,0,1,0,1
EPL_2425_NEWCASTLEUNITED_LEICESTERCITY,2024-25,VALIDATION,2024-12-14,Newcastle United,Leicester City,4,0,HOME_WIN,1,W,27,4,11,1,7,16,5,2,3,3,0,0,4,3
EPL_2425_NEWCASTLEUNITED_LEICESTERCITY,2024-25,VALIDATION,2024-12-14,Leicester City,Newcastle United,0,4,HOME_WIN,0,L,4,27,1,11,16,7,2,5,3,3,0,0,-4,0
EPL_2425_NOTTINGHAMFOREST_ASTONVILLA,2024-25,VALIDATION,2024-12-14,Nottingham Forest,Aston Villa,2,1,HOME_WIN,1,W,17,8,6,2,12,6,4,3,0,1,0,0,1,3
EPL_2425_NOTTINGHAMFOREST_ASTONVILLA,2024-25,VALIDATION,2024-12-14,Aston Villa,Nottingham Forest,1,2,HOME_WIN,0,L,8,17,2,6,6,12,3,4,1,0,0,0,-1,0
EPL_2425_WOLVERHAMPTONWANDERERS_IPSWICH,2024-25,VALIDATION,2024-12-14,Wolverhampton Wanderers,Ipswich,1,2,AWAY_WIN,1,L,16,10,6,5,13,9,7,3,0,2,1,0,-1,0
EPL_2425_WOLVERHAMPTONWANDERERS_IPSWICH,2024-25,VALIDATION,2024-12-14,Ipswich,Wolverhampton Wanderers,2,1,AWAY_WIN,0,W,10,16,5,6,9,13,3,7,2,0,0,1,1,3
EPL_2425_BRIGHTONHOVEALBION_CRYSTALPALACE,2024-25,VALIDATION,2024-12-15,Brighton & Hove Albion,Crystal Palace,1,3,AWAY_WIN,1,L,17,13,5,5,11,15,8,5,1,4,0,0,-2,0
EPL_2425_BRIGHTONHOVEALBION_CRYSTALPALACE,2024-25,VALIDATION,2024-12-15,Crystal Palace,Brighton & Hove Albion,3,1,AWAY_WIN,0,W,13,17,5,5,15,11,5,8,4,1,0,0,2,3
EPL_2425_CHELSEA_BRENTFORD,2024-25,VALIDATION,2024-12-15,Chelsea,Brentford,2,1,HOME_WIN,1,W,26,9,8,4,11,7,8,5,0,2,1,0,1,3
EPL_2425_CHELSEA_BRENTFORD,2024-25,VALIDATION,2024-12-15,Brentford,Chelsea,1,2,HOME_WIN,0,L,9,26,4,8,7,11,5,8,2,0,0,1,-1,0
EPL_2425_MANCHESTERCITY_MANCHESTERUNITED,2024-25,VALIDATION,2024-12-15,Manchester City,Manchester United,1,2,AWAY_WIN,1,L,10,10,3,3,5,14,8,2,1,1,0,0,-1,0
EPL_2425_MANCHESTERCITY_MANCHESTERUNITED,2024-25,VALIDATION,2024-12-15,Manchester United,Manchester City,2,1,AWAY_WIN,0,W,10,10,3,3,14,5,2,8,1,1,0,0,1,3
EPL_2425_SOUTHAMPTON_TOTTENHAMHOTSPUR,2024-25,VALIDATION,2024-12-15,Southampton,Tottenham Hotspur,0,5,AWAY_WIN,1,L,9,18,3,9,8,15,2,5,1,3,0,0,-5,0
EPL_2425_SOUTHAMPTON_TOTTENHAMHOTSPUR,2024-25,VALIDATION,2024-12-15,Tottenham Hotspur,Southampton,5,0,AWAY_WIN,0,W,18,9,9,3,15,8,5,2,3,1,0,0,5,3
EPL_2425_BOURNEMOUTH_WESTHAMUNITED,2024-25,VALIDATION,2024-12-16,Bournemouth,West Ham United,1,1,DRAW,1,D,29,16,9,3,6,11,12,6,0,2,0,0,0,1
EPL_2425_BOURNEMOUTH_WESTHAMUNITED,2024-25,VALIDATION,2024-12-16,West Ham United,Bournemouth,1,1,DRAW,0,D,16,29,3,9,11,6,6,12,2,0,0,0,0,1
EPL_2425_ASTONVILLA_MANCHESTERCITY,2024-25,VALIDATION,2024-12-21,Aston Villa,Manchester City,2,1,HOME_WIN,1,W,11,12,6,6,14,7,5,4,3,3,0,0,1,3
EPL_2425_ASTONVILLA_MANCHESTERCITY,2024-25,VALIDATION,2024-12-21,Manchester City,Aston Villa,1,2,HOME_WIN,0,L,12,11,6,6,7,14,4,5,3,3,0,0,-1,0
EPL_2425_BRENTFORD_NOTTINGHAMFOREST,2024-25,VALIDATION,2024-12-21,Brentford,Nottingham Forest,0,2,AWAY_WIN,1,L,7,10,3,6,9,14,9,5,3,4,0,0,-2,0
EPL_2425_BRENTFORD_NOTTINGHAMFOREST,2024-25,VALIDATION,2024-12-21,Nottingham Forest,Brentford,2,0,AWAY_WIN,0,W,10,7,6,3,14,9,5,9,4,3,0,0,2,3
EPL_2425_CRYSTALPALACE_ARSENAL,2024-25,VALIDATION,2024-12-21,Crystal Palace,Arsenal,1,5,AWAY_WIN,1,L,15,14,6,6,9,8,3,3,2,2,0,0,-4,0
EPL_2425_CRYSTALPALACE_ARSENAL,2024-25,VALIDATION,2024-12-21,Arsenal,Crystal Palace,5,1,AWAY_WIN,0,W,14,15,6,6,8,9,3,3,2,2,0,0,4,3
EPL_2425_IPSWICH_NEWCASTLEUNITED,2024-25,VALIDATION,2024-12-21,Ipswich,Newcastle United,0,4,AWAY_WIN,1,L,10,15,2,7,9,7,2,1,2,0,0,0,-4,0
EPL_2425_IPSWICH_NEWCASTLEUNITED,2024-25,VALIDATION,2024-12-21,Newcastle United,Ipswich,4,0,AWAY_WIN,0,W,15,10,7,2,7,9,1,2,0,2,0,0,4,3
EPL_2425_WESTHAMUNITED_BRIGHTONHOVEALBION,2024-25,VALIDATION,2024-12-21,West Ham United,Brighton & Hove Albion,1,1,DRAW,1,D,11,12,4,6,14,20,8,4,2,2,0,0,0,1
EPL_2425_WESTHAMUNITED_BRIGHTONHOVEALBION,2024-25,VALIDATION,2024-12-21,Brighton & Hove Albion,West Ham United,1,1,DRAW,0,D,12,11,6,4,20,14,4,8,2,2,0,0,0,1
EPL_2425_EVERTON_CHELSEA,2024-25,VALIDATION,2024-12-22,Everton,Chelsea,0,0,DRAW,1,D,5,12,4,5,20,12,2,5,4,1,0,0,0,1
EPL_2425_EVERTON_CHELSEA,2024-25,VALIDATION,2024-12-22,Chelsea,Everton,0,0,DRAW,0,D,12,5,5,4,12,20,5,2,1,4,0,0,0,1
EPL_2425_FULHAM_SOUTHAMPTON,2024-25,VALIDATION,2024-12-22,Fulham,Southampton,0,0,DRAW,1,D,16,5,5,1,8,15,6,5,1,3,0,0,0,1
EPL_2425_FULHAM_SOUTHAMPTON,2024-25,VALIDATION,2024-12-22,Southampton,Fulham,0,0,DRAW,0,D,5,16,1,5,15,8,5,6,3,1,0,0,0,1
EPL_2425_LEICESTERCITY_WOLVERHAMPTONWANDERERS,2024-25,VALIDATION,2024-12-22,Leicester City,Wolverhampton Wanderers,0,3,AWAY_WIN,1,L,9,8,5,4,15,16,6,1,2,0,0,0,-3,0
EPL_2425_LEICESTERCITY_WOLVERHAMPTONWANDERERS,2024-25,VALIDATION,2024-12-22,Wolverhampton Wanderers,Leicester City,3,0,AWAY_WIN,0,W,8,9,4,5,16,15,1,6,0,2,0,0,3,3
EPL_2425_MANCHESTERUNITED_BOURNEMOUTH,2024-25,VALIDATION,2024-12-22,Manchester United,Bournemouth,0,3,AWAY_WIN,1,L,23,10,7,5,11,11,13,1,1,3,0,0,-3,0
EPL_2425_MANCHESTERUNITED_BOURNEMOUTH,2024-25,VALIDATION,2024-12-22,Bournemouth,Manchester United,3,0,AWAY_WIN,0,W,10,23,5,7,11,11,1,13,3,1,0,0,3,3
EPL_2425_TOTTENHAMHOTSPUR_LIVERPOOL,2024-25,VALIDATION,2024-12-22,Tottenham Hotspur,Liverpool,3,6,AWAY_WIN,1,L,9,24,5,12,7,9,7,5,1,2,0,0,-3,0
EPL_2425_TOTTENHAMHOTSPUR_LIVERPOOL,2024-25,VALIDATION,2024-12-22,Liverpool,Tottenham Hotspur,6,3,AWAY_WIN,0,W,24,9,12,5,9,7,5,7,2,1,0,0,3,3
EPL_2425_BOURNEMOUTH_CRYSTALPALACE,2024-25,VALIDATION,2024-12-26,Bournemouth,Crystal Palace,0,0,DRAW,1,D,18,10,4,4,13,12,5,2,2,2,0,0,0,1
EPL_2425_BOURNEMOUTH_CRYSTALPALACE,2024-25,VALIDATION,2024-12-26,Crystal Palace,Bournemouth,0,0,DRAW,0,D,10,18,4,4,12,13,2,5,2,2,0,0,0,1
EPL_2425_CHELSEA_FULHAM,2024-25,VALIDATION,2024-12-26,Chelsea,Fulham,1,2,AWAY_WIN,1,L,12,14,8,7,13,13,3,1,1,3,0,0,-1,0
EPL_2425_CHELSEA_FULHAM,2024-25,VALIDATION,2024-12-26,Fulham,Chelsea,2,1,AWAY_WIN,0,W,14,12,7,8,13,13,1,3,3,1,0,0,1,3
EPL_2425_LIVERPOOL_LEICESTERCITY,2024-25,VALIDATION,2024-12-26,Liverpool,Leicester City,3,1,HOME_WIN,1,W,19,4,7,1,17,5,14,1,3,2,0,0,2,3
EPL_2425_LIVERPOOL_LEICESTERCITY,2024-25,VALIDATION,2024-12-26,Leicester City,Liverpool,1,3,HOME_WIN,0,L,4,19,1,7,5,17,1,14,2,3,0,0,-2,0
EPL_2425_MANCHESTERCITY_EVERTON,2024-25,VALIDATION,2024-12-26,Manchester City,Everton,1,1,DRAW,1,D,24,8,5,3,5,10,8,5,1,4,0,0,0,1
EPL_2425_MANCHESTERCITY_EVERTON,2024-25,VALIDATION,2024-12-26,Everton,Manchester City,1,1,DRAW,0,D,8,24,3,5,10,5,5,8,4,1,0,0,0,1
EPL_2425_NEWCASTLEUNITED_ASTONVILLA,2024-25,VALIDATION,2024-12-26,Newcastle United,Aston Villa,3,0,HOME_WIN,1,W,22,4,8,1,15,10,9,6,2,1,0,1,3,3
EPL_2425_NEWCASTLEUNITED_ASTONVILLA,2024-25,VALIDATION,2024-12-26,Aston Villa,Newcastle United,0,3,HOME_WIN,0,L,4,22,1,8,10,15,6,9,1,2,1,0,-3,0
EPL_2425_NOTTINGHAMFOREST_TOTTENHAMHOTSPUR,2024-25,VALIDATION,2024-12-26,Nottingham Forest,Tottenham Hotspur,1,0,HOME_WIN,1,W,10,13,3,4,12,13,2,7,3,2,0,1,1,3
EPL_2425_NOTTINGHAMFOREST_TOTTENHAMHOTSPUR,2024-25,VALIDATION,2024-12-26,Tottenham Hotspur,Nottingham Forest,0,1,HOME_WIN,0,L,13,10,4,3,13,12,7,2,2,3,1,0,-1,0
EPL_2425_SOUTHAMPTON_WESTHAMUNITED,2024-25,VALIDATION,2024-12-26,Southampton,West Ham United,0,1,AWAY_WIN,1,L,18,16,5,2,15,8,2,2,1,2,0,0,-1,0
EPL_2425_SOUTHAMPTON_WESTHAMUNITED,2024-25,VALIDATION,2024-12-26,West Ham United,Southampton,1,0,AWAY_WIN,0,W,16,18,2,5,8,15,2,2,2,1,0,0,1,3
EPL_2425_WOLVERHAMPTONWANDERERS_MANCHESTERUNITED,2024-25,VALIDATION,2024-12-26,Wolverhampton Wanderers,Manchester United,2,0,HOME_WIN,1,W,7,11,4,4,12,12,4,4,2,2,0,1,2,3
EPL_2425_WOLVERHAMPTONWANDERERS_MANCHESTERUNITED,2024-25,VALIDATION,2024-12-26,Manchester United,Wolverhampton Wanderers,0,2,HOME_WIN,0,L,11,7,4,4,12,12,4,4,2,2,1,0,-2,0
EPL_2425_ARSENAL_IPSWICH,2024-25,VALIDATION,2024-12-27,Arsenal,Ipswich,1,0,HOME_WIN,1,W,13,3,5,0,7,12,5,1,1,1,0,0,1,3
EPL_2425_ARSENAL_IPSWICH,2024-25,VALIDATION,2024-12-27,Ipswich,Arsenal,0,1,HOME_WIN,0,L,3,13,0,5,12,7,1,5,1,1,0,0,-1,0
EPL_2425_BRIGHTONHOVEALBION_BRENTFORD,2024-25,VALIDATION,2024-12-27,Brighton & Hove Albion,Brentford,0,0,DRAW,1,D,24,8,7,3,6,12,5,3,0,2,0,0,0,1
EPL_2425_BRIGHTONHOVEALBION_BRENTFORD,2024-25,VALIDATION,2024-12-27,Brentford,Brighton & Hove Albion,0,0,DRAW,0,D,8,24,3,7,12,6,3,5,2,0,0,0,0,1
EPL_2425_CRYSTALPALACE_SOUTHAMPTON,2024-25,VALIDATION,2024-12-29,Crystal Palace,Southampton,2,1,HOME_WIN,1,W,19,7,10,3,18,19,8,7,2,3,0,0,1,3
EPL_2425_CRYSTALPALACE_SOUTHAMPTON,2024-25,VALIDATION,2024-12-29,Southampton,Crystal Palace,1,2,HOME_WIN,0,L,7,19,3,10,19,18,7,8,3,2,0,0,-1,0
EPL_2425_EVERTON_NOTTINGHAMFOREST,2024-25,VALIDATION,2024-12-29,Everton,Nottingham Forest,0,2,AWAY_WIN,1,L,13,11,2,7,13,10,5,4,4,1,0,0,-2,0
EPL_2425_EVERTON_NOTTINGHAMFOREST,2024-25,VALIDATION,2024-12-29,Nottingham Forest,Everton,2,0,AWAY_WIN,0,W,11,13,7,2,10,13,4,5,1,4,0,0,2,3
EPL_2425_FULHAM_BOURNEMOUTH,2024-25,VALIDATION,2024-12-29,Fulham,Bournemouth,2,2,DRAW,1,D,11,16,6,9,7,16,1,7,1,3,0,0,0,1
EPL_2425_FULHAM_BOURNEMOUTH,2024-25,VALIDATION,2024-12-29,Bournemouth,Fulham,2,2,DRAW,0,D,16,11,9,6,16,7,7,1,3,1,0,0,0,1
EPL_2425_LEICESTERCITY_MANCHESTERCITY,2024-25,VALIDATION,2024-12-29,Leicester City,Manchester City,0,2,AWAY_WIN,1,L,11,14,4,5,11,6,4,4,2,1,0,0,-2,0
EPL_2425_LEICESTERCITY_MANCHESTERCITY,2024-25,VALIDATION,2024-12-29,Manchester City,Leicester City,2,0,AWAY_WIN,0,W,14,11,5,4,6,11,4,4,1,2,0,0,2,3
EPL_2425_TOTTENHAMHOTSPUR_WOLVERHAMPTONWANDERERS,2024-25,VALIDATION,2024-12-29,Tottenham Hotspur,Wolverhampton Wanderers,2,2,DRAW,1,D,13,11,3,3,9,10,5,5,1,2,0,0,0,1
EPL_2425_TOTTENHAMHOTSPUR_WOLVERHAMPTONWANDERERS,2024-25,VALIDATION,2024-12-29,Wolverhampton Wanderers,Tottenham Hotspur,2,2,DRAW,0,D,11,13,3,3,10,9,5,5,2,1,0,0,0,1
EPL_2425_WESTHAMUNITED_LIVERPOOL,2024-25,VALIDATION,2024-12-29,West Ham United,Liverpool,0,5,AWAY_WIN,1,L,7,22,0,13,7,10,3,6,0,0,0,0,-5,0
EPL_2425_WESTHAMUNITED_LIVERPOOL,2024-25,VALIDATION,2024-12-29,Liverpool,West Ham United,5,0,AWAY_WIN,0,W,22,7,13,0,10,7,6,3,0,0,0,0,5,3
EPL_2425_ASTONVILLA_BRIGHTONHOVEALBION,2024-25,VALIDATION,2024-12-30,Aston Villa,Brighton & Hove Albion,2,2,DRAW,1,D,20,13,4,4,9,14,12,3,2,3,0,0,0,1
EPL_2425_ASTONVILLA_BRIGHTONHOVEALBION,2024-25,VALIDATION,2024-12-30,Brighton & Hove Albion,Aston Villa,2,2,DRAW,0,D,13,20,4,4,14,9,3,12,3,2,0,0,0,1
EPL_2425_IPSWICH_CHELSEA,2024-25,VALIDATION,2024-12-30,Ipswich,Chelsea,2,0,HOME_WIN,1,W,9,20,6,5,9,5,4,7,4,4,0,0,2,3
EPL_2425_IPSWICH_CHELSEA,2024-25,VALIDATION,2024-12-30,Chelsea,Ipswich,0,2,HOME_WIN,0,L,20,9,5,6,5,9,7,4,4,4,0,0,-2,0
EPL_2425_MANCHESTERUNITED_NEWCASTLEUNITED,2024-25,VALIDATION,2024-12-30,Manchester United,Newcastle United,0,2,AWAY_WIN,1,L,10,12,0,4,13,8,2,3,1,1,0,0,-2,0
EPL_2425_MANCHESTERUNITED_NEWCASTLEUNITED,2024-25,VALIDATION,2024-12-30,Newcastle United,Manchester United,2,0,AWAY_WIN,0,W,12,10,4,0,8,13,3,2,1,1,0,0,2,3
EPL_2425_BRENTFORD_ARSENAL,2024-25,VALIDATION,2025-01-01,Brentford,Arsenal,1,3,AWAY_WIN,1,L,5,14,2,5,6,8,4,3,1,2,0,0,-2,0
EPL_2425_BRENTFORD_ARSENAL,2024-25,VALIDATION,2025-01-01,Arsenal,Brentford,3,1,AWAY_WIN,0,W,14,5,5,2,8,6,3,4,2,1,0,0,2,3
EPL_2425_ASTONVILLA_LEICESTERCITY,2024-25,VALIDATION,2025-01-04,Aston Villa,Leicester City,2,1,HOME_WIN,1,W,13,4,5,2,10,11,7,2,0,1,0,0,1,3
EPL_2425_ASTONVILLA_LEICESTERCITY,2024-25,VALIDATION,2025-01-04,Leicester City,Aston Villa,1,2,HOME_WIN,0,L,4,13,2,5,11,10,2,7,1,0,0,0,-1,0
EPL_2425_BOURNEMOUTH_EVERTON,2024-25,VALIDATION,2025-01-04,Bournemouth,Everton,1,0,HOME_WIN,1,W,19,9,8,0,15,14,9,3,2,2,0,0,1,3
EPL_2425_BOURNEMOUTH_EVERTON,2024-25,VALIDATION,2025-01-04,Everton,Bournemouth,0,1,HOME_WIN,0,L,9,19,0,8,14,15,3,9,2,2,0,0,-1,0
EPL_2425_BRIGHTONHOVEALBION_ARSENAL,2024-25,VALIDATION,2025-01-04,Brighton & Hove Albion,Arsenal,1,1,DRAW,1,D,11,9,4,3,17,14,2,5,2,3,0,0,0,1
EPL_2425_BRIGHTONHOVEALBION_ARSENAL,2024-25,VALIDATION,2025-01-04,Arsenal,Brighton & Hove Albion,1,1,DRAW,0,D,9,11,3,4,14,17,5,2,3,2,0,0,0,1
EPL_2425_CRYSTALPALACE_CHELSEA,2024-25,VALIDATION,2025-01-04,Crystal Palace,Chelsea,1,1,DRAW,1,D,13,15,6,1,9,12,6,6,0,2,0,0,0,1
EPL_2425_CRYSTALPALACE_CHELSEA,2024-25,VALIDATION,2025-01-04,Chelsea,Crystal Palace,1,1,DRAW,0,D,15,13,1,6,12,9,6,6,2,0,0,0,0,1
EPL_2425_MANCHESTERCITY_WESTHAMUNITED,2024-25,VALIDATION,2025-01-04,Manchester City,West Ham United,4,1,HOME_WIN,1,W,10,17,7,4,8,13,7,1,2,1,0,0,3,3
EPL_2425_MANCHESTERCITY_WESTHAMUNITED,2024-25,VALIDATION,2025-01-04,West Ham United,Manchester City,1,4,HOME_WIN,0,L,17,10,4,7,13,8,1,7,1,2,0,0,-3,0
EPL_2425_SOUTHAMPTON_BRENTFORD,2024-25,VALIDATION,2025-01-04,Southampton,Brentford,0,5,AWAY_WIN,1,L,8,20,1,11,10,4,2,2,2,0,0,0,-5,0
EPL_2425_SOUTHAMPTON_BRENTFORD,2024-25,VALIDATION,2025-01-04,Brentford,Southampton,5,0,AWAY_WIN,0,W,20,8,11,1,4,10,2,2,0,2,0,0,5,3
EPL_2425_TOTTENHAMHOTSPUR_NEWCASTLEUNITED,2024-25,VALIDATION,2025-01-04,Tottenham Hotspur,Newcastle United,1,2,AWAY_WIN,1,L,13,14,4,4,11,15,9,10,1,4,0,0,-1,0
EPL_2425_TOTTENHAMHOTSPUR_NEWCASTLEUNITED,2024-25,VALIDATION,2025-01-04,Newcastle United,Tottenham Hotspur,2,1,AWAY_WIN,0,W,14,13,4,4,15,11,10,9,4,1,0,0,1,3
EPL_2425_FULHAM_IPSWICH,2024-25,VALIDATION,2025-01-05,Fulham,Ipswich,2,2,DRAW,1,D,15,7,4,3,10,14,9,2,1,5,0,0,0,1
EPL_2425_FULHAM_IPSWICH,2024-25,VALIDATION,2025-01-05,Ipswich,Fulham,2,2,DRAW,0,D,7,15,3,4,14,10,2,9,5,1,0,0,0,1
EPL_2425_LIVERPOOL_MANCHESTERUNITED,2024-25,VALIDATION,2025-01-05,Liverpool,Manchester United,2,2,DRAW,1,D,19,13,6,4,10,13,6,9,2,4,0,0,0,1
EPL_2425_LIVERPOOL_MANCHESTERUNITED,2024-25,VALIDATION,2025-01-05,Manchester United,Liverpool,2,2,DRAW,0,D,13,19,4,6,13,10,9,6,4,2,0,0,0,1
EPL_2425_WOLVERHAMPTONWANDERERS_NOTTINGHAMFOREST,2024-25,VALIDATION,2025-01-06,Wolverhampton Wanderers,Nottingham Forest,0,3,AWAY_WIN,1,L,13,11,6,3,10,8,5,3,1,2,0,0,-3,0
EPL_2425_WOLVERHAMPTONWANDERERS_NOTTINGHAMFOREST,2024-25,VALIDATION,2025-01-06,Nottingham Forest,Wolverhampton Wanderers,3,0,AWAY_WIN,0,W,11,13,3,6,8,10,3,5,2,1,0,0,3,3
EPL_2425_BRENTFORD_MANCHESTERCITY,2024-25,VALIDATION,2025-01-14,Brentford,Manchester City,2,2,DRAW,1,D,18,21,6,8,4,4,4,5,0,0,0,0,0,1
EPL_2425_BRENTFORD_MANCHESTERCITY,2024-25,VALIDATION,2025-01-14,Manchester City,Brentford,2,2,DRAW,0,D,21,18,8,6,4,4,5,4,0,0,0,0,0,1
EPL_2425_CHELSEA_BOURNEMOUTH,2024-25,VALIDATION,2025-01-14,Chelsea,Bournemouth,2,2,DRAW,1,D,26,7,10,3,15,16,9,3,2,3,0,0,0,1
EPL_2425_CHELSEA_BOURNEMOUTH,2024-25,VALIDATION,2025-01-14,Bournemouth,Chelsea,2,2,DRAW,0,D,7,26,3,10,16,15,3,9,3,2,0,0,0,1
EPL_2425_NOTTINGHAMFOREST_LIVERPOOL,2024-25,VALIDATION,2025-01-14,Nottingham Forest,Liverpool,1,1,DRAW,1,D,6,23,3,7,7,10,0,9,2,1,0,0,0,1
EPL_2425_NOTTINGHAMFOREST_LIVERPOOL,2024-25,VALIDATION,2025-01-14,Liverpool,Nottingham Forest,1,1,DRAW,0,D,23,6,7,3,10,7,9,0,1,2,0,0,0,1
EPL_2425_WESTHAMUNITED_FULHAM,2024-25,VALIDATION,2025-01-14,West Ham United,Fulham,3,2,HOME_WIN,1,W,4,21,3,5,9,18,0,3,3,3,0,0,1,3
EPL_2425_WESTHAMUNITED_FULHAM,2024-25,VALIDATION,2025-01-14,Fulham,West Ham United,2,3,HOME_WIN,0,L,21,4,5,3,18,9,3,0,3,3,0,0,-1,0
EPL_2425_ARSENAL_TOTTENHAMHOTSPUR,2024-25,VALIDATION,2025-01-15,Arsenal,Tottenham Hotspur,2,1,HOME_WIN,1,W,14,10,4,2,16,9,10,4,3,1,0,0,1,3
EPL_2425_ARSENAL_TOTTENHAMHOTSPUR,2024-25,VALIDATION,2025-01-15,Tottenham Hotspur,Arsenal,1,2,HOME_WIN,0,L,10,14,2,4,9,16,4,10,1,3,0,0,-1,0
EPL_2425_EVERTON_ASTONVILLA,2024-25,VALIDATION,2025-01-15,Everton,Aston Villa,0,1,AWAY_WIN,1,L,10,11,3,3,17,10,8,5,2,1,0,0,-1,0
EPL_2425_EVERTON_ASTONVILLA,2024-25,VALIDATION,2025-01-15,Aston Villa,Everton,1,0,AWAY_WIN,0,W,11,10,3,3,10,17,5,8,1,2,0,0,1,3
EPL_2425_LEICESTERCITY_CRYSTALPALACE,2024-25,VALIDATION,2025-01-15,Leicester City,Crystal Palace,0,2,AWAY_WIN,1,L,21,9,4,4,7,6,4,3,0,0,0,0,-2,0
EPL_2425_LEICESTERCITY_CRYSTALPALACE,2024-25,VALIDATION,2025-01-15,Crystal Palace,Leicester City,2,0,AWAY_WIN,0,W,9,21,4,4,6,7,3,4,0,0,0,0,2,3
EPL_2425_NEWCASTLEUNITED_WOLVERHAMPTONWANDERERS,2024-25,VALIDATION,2025-01-15,Newcastle United,Wolverhampton Wanderers,3,0,HOME_WIN,1,W,17,13,5,7,10,13,4,2,0,2,0,0,3,3
EPL_2425_NEWCASTLEUNITED_WOLVERHAMPTONWANDERERS,2024-25,VALIDATION,2025-01-15,Wolverhampton Wanderers,Newcastle United,0,3,HOME_WIN,0,L,13,17,7,5,13,10,2,4,2,0,0,0,-3,0
EPL_2425_IPSWICH_BRIGHTONHOVEALBION,2024-25,VALIDATION,2025-01-16,Ipswich,Brighton & Hove Albion,0,2,AWAY_WIN,1,L,5,11,3,5,13,14,1,9,2,2,0,0,-2,0
EPL_2425_IPSWICH_BRIGHTONHOVEALBION,2024-25,VALIDATION,2025-01-16,Brighton & Hove Albion,Ipswich,2,0,AWAY_WIN,0,W,11,5,5,3,14,13,9,1,2,2,0,0,2,3
EPL_2425_MANCHESTERUNITED_SOUTHAMPTON,2024-25,VALIDATION,2025-01-16,Manchester United,Southampton,3,1,HOME_WIN,1,W,23,13,9,5,7,10,5,4,1,3,0,0,2,3
EPL_2425_MANCHESTERUNITED_SOUTHAMPTON,2024-25,VALIDATION,2025-01-16,Southampton,Manchester United,1,3,HOME_WIN,0,L,13,23,5,9,10,7,4,5,3,1,0,0,-2,0
EPL_2425_ARSENAL_ASTONVILLA,2024-25,VALIDATION,2025-01-18,Arsenal,Aston Villa,2,2,DRAW,1,D,18,8,6,4,10,18,10,1,2,3,0,0,0,1
EPL_2425_ARSENAL_ASTONVILLA,2024-25,VALIDATION,2025-01-18,Aston Villa,Arsenal,2,2,DRAW,0,D,8,18,4,6,18,10,1,10,3,2,0,0,0,1
EPL_2425_BRENTFORD_LIVERPOOL,2024-25,VALIDATION,2025-01-18,Brentford,Liverpool,0,2,AWAY_WIN,1,L,11,37,6,8,6,14,2,15,2,3,0,0,-2,0
EPL_2425_BRENTFORD_LIVERPOOL,2024-25,VALIDATION,2025-01-18,Liverpool,Brentford,2,0,AWAY_WIN,0,W,37,11,8,6,14,6,15,2,3,2,0,0,2,3
EPL_2425_LEICESTERCITY_FULHAM,2024-25,VALIDATION,2025-01-18,Leicester City,Fulham,0,2,AWAY_WIN,1,L,8,17,4,2,8,8,5,2,3,1,0,0,-2,0
EPL_2425_LEICESTERCITY_FULHAM,2024-25,VALIDATION,2025-01-18,Fulham,Leicester City,2,0,AWAY_WIN,0,W,17,8,2,4,8,8,2,5,1,3,0,0,2,3
EPL_2425_NEWCASTLEUNITED_BOURNEMOUTH,2024-25,VALIDATION,2025-01-18,Newcastle United,Bournemouth,1,4,AWAY_WIN,1,L,13,19,5,10,7,18,7,6,1,6,0,0,-3,0
EPL_2425_NEWCASTLEUNITED_BOURNEMOUTH,2024-25,VALIDATION,2025-01-18,Bournemouth,Newcastle United,4,1,AWAY_WIN,0,W,19,13,10,5,18,7,6,7,6,1,0,0,3,3
EPL_2425_WESTHAMUNITED_CRYSTALPALACE,2024-25,VALIDATION,2025-01-18,West Ham United,Crystal Palace,0,2,AWAY_WIN,1,L,7,12,0,7,13,10,2,4,1,0,1,0,-2,0
EPL_2425_WESTHAMUNITED_CRYSTALPALACE,2024-25,VALIDATION,2025-01-18,Crystal Palace,West Ham United,2,0,AWAY_WIN,0,W,12,7,7,0,10,13,4,2,0,1,0,1,2,3
EPL_2425_EVERTON_TOTTENHAMHOTSPUR,2024-25,VALIDATION,2025-01-19,Everton,Tottenham Hotspur,3,2,HOME_WIN,1,W,12,11,6,6,14,14,3,8,2,1,0,0,1,3
EPL_2425_EVERTON_TOTTENHAMHOTSPUR,2024-25,VALIDATION,2025-01-19,Tottenham Hotspur,Everton,2,3,HOME_WIN,0,L,11,12,6,6,14,14,8,3,1,2,0,0,-1,0
EPL_2425_IPSWICH_MANCHESTERCITY,2024-25,VALIDATION,2025-01-19,Ipswich,Manchester City,0,6,AWAY_WIN,1,L,8,17,4,9,4,7,4,7,0,1,0,0,-6,0
EPL_2425_IPSWICH_MANCHESTERCITY,2024-25,VALIDATION,2025-01-19,Manchester City,Ipswich,6,0,AWAY_WIN,0,W,17,8,9,4,7,4,7,4,1,0,0,0,6,3
EPL_2425_MANCHESTERUNITED_BRIGHTONHOVEALBION,2024-25,VALIDATION,2025-01-19,Manchester United,Brighton & Hove Albion,1,3,AWAY_WIN,1,L,10,6,1,3,13,12,4,2,3,3,0,0,-2,0
EPL_2425_MANCHESTERUNITED_BRIGHTONHOVEALBION,2024-25,VALIDATION,2025-01-19,Brighton & Hove Albion,Manchester United,3,1,AWAY_WIN,0,W,6,10,3,1,12,13,2,4,3,3,0,0,2,3
EPL_2425_NOTTINGHAMFOREST_SOUTHAMPTON,2024-25,VALIDATION,2025-01-19,Nottingham Forest,Southampton,3,2,HOME_WIN,1,W,14,10,5,4,4,18,2,8,0,4,0,0,1,3
EPL_2425_NOTTINGHAMFOREST_SOUTHAMPTON,2024-25,VALIDATION,2025-01-19,Southampton,Nottingham Forest,2,3,HOME_WIN,0,L,10,14,4,5,18,4,8,2,4,0,0,0,-1,0
EPL_2425_CHELSEA_WOLVERHAMPTONWANDERERS,2024-25,VALIDATION,2025-01-20,Chelsea,Wolverhampton Wanderers,3,1,HOME_WIN,1,W,19,9,7,4,8,14,3,6,4,2,0,0,2,3
EPL_2425_CHELSEA_WOLVERHAMPTONWANDERERS,2024-25,VALIDATION,2025-01-20,Wolverhampton Wanderers,Chelsea,1,3,HOME_WIN,0,L,9,19,4,7,14,8,6,3,2,4,0,0,-2,0
EPL_2425_BOURNEMOUTH_NOTTINGHAMFOREST,2024-25,VALIDATION,2025-01-25,Bournemouth,Nottingham Forest,5,0,HOME_WIN,1,W,16,18,10,4,9,12,3,9,2,3,0,0,5,3
EPL_2425_BOURNEMOUTH_NOTTINGHAMFOREST,2024-25,VALIDATION,2025-01-25,Nottingham Forest,Bournemouth,0,5,HOME_WIN,0,L,18,16,4,10,12,9,9,3,3,2,0,0,-5,0
EPL_2425_BRIGHTONHOVEALBION_EVERTON,2024-25,VALIDATION,2025-01-25,Brighton & Hove Albion,Everton,0,1,AWAY_WIN,1,L,16,3,1,1,8,11,9,1,3,4,0,0,-1,0
EPL_2425_BRIGHTONHOVEALBION_EVERTON,2024-25,VALIDATION,2025-01-25,Everton,Brighton & Hove Albion,1,0,AWAY_WIN,0,W,3,16,1,1,11,8,1,9,4,3,0,0,1,3
EPL_2425_LIVERPOOL_IPSWICH,2024-25,VALIDATION,2025-01-25,Liverpool,Ipswich,4,1,HOME_WIN,1,W,16,3,6,3,10,11,3,4,0,2,0,0,3,3
EPL_2425_LIVERPOOL_IPSWICH,2024-25,VALIDATION,2025-01-25,Ipswich,Liverpool,1,4,HOME_WIN,0,L,3,16,3,6,11,10,4,3,2,0,0,0,-3,0
EPL_2425_MANCHESTERCITY_CHELSEA,2024-25,VALIDATION,2025-01-25,Manchester City,Chelsea,3,1,HOME_WIN,1,W,15,10,6,4,6,8,2,4,3,2,0,0,2,3
EPL_2425_MANCHESTERCITY_CHELSEA,2024-25,VALIDATION,2025-01-25,Chelsea,Manchester City,1,3,HOME_WIN,0,L,10,15,4,6,8,6,4,2,2,3,0,0,-2,0
EPL_2425_SOUTHAMPTON_NEWCASTLEUNITED,2024-25,VALIDATION,2025-01-25,Southampton,Newcastle United,1,3,AWAY_WIN,1,L,12,17,5,9,10,5,3,8,1,0,0,0,-2,0
EPL_2425_SOUTHAMPTON_NEWCASTLEUNITED,2024-25,VALIDATION,2025-01-25,Newcastle United,Southampton,3,1,AWAY_WIN,0,W,17,12,9,5,5,10,8,3,0,1,0,0,2,3
EPL_2425_WOLVERHAMPTONWANDERERS_ARSENAL,2024-25,VALIDATION,2025-01-25,Wolverhampton Wanderers,Arsenal,0,1,AWAY_WIN,1,L,9,9,4,3,20,10,1,5,0,1,1,1,-1,0
EPL_2425_WOLVERHAMPTONWANDERERS_ARSENAL,2024-25,VALIDATION,2025-01-25,Arsenal,Wolverhampton Wanderers,1,0,AWAY_WIN,0,W,9,9,3,4,10,20,5,1,1,0,1,1,1,3
EPL_2425_ASTONVILLA_WESTHAMUNITED,2024-25,VALIDATION,2025-01-26,Aston Villa,West Ham United,1,1,DRAW,1,D,14,14,4,4,13,16,4,3,2,3,0,0,0,1
EPL_2425_ASTONVILLA_WESTHAMUNITED,2024-25,VALIDATION,2025-01-26,West Ham United,Aston Villa,1,1,DRAW,0,D,14,14,4,4,16,13,3,4,3,2,0,0,0,1
EPL_2425_CRYSTALPALACE_BRENTFORD,2024-25,VALIDATION,2025-01-26,Crystal Palace,Brentford,1,2,AWAY_WIN,1,L,16,13,5,6,8,11,4,7,2,2,0,0,-1,0
EPL_2425_CRYSTALPALACE_BRENTFORD,2024-25,VALIDATION,2025-01-26,Brentford,Crystal Palace,2,1,AWAY_WIN,0,W,13,16,6,5,11,8,7,4,2,2,0,0,1,3
EPL_2425_FULHAM_MANCHESTERUNITED,2024-25,VALIDATION,2025-01-26,Fulham,Manchester United,0,1,AWAY_WIN,1,L,9,4,3,1,7,9,3,0,0,1,0,0,-1,0
EPL_2425_FULHAM_MANCHESTERUNITED,2024-25,VALIDATION,2025-01-26,Manchester United,Fulham,1,0,AWAY_WIN,0,W,4,9,1,3,9,7,0,3,1,0,0,0,1,3
EPL_2425_TOTTENHAMHOTSPUR_LEICESTERCITY,2024-25,VALIDATION,2025-01-26,Tottenham Hotspur,Leicester City,1,2,AWAY_WIN,1,L,15,12,6,3,6,16,6,4,1,5,0,0,-1,0
EPL_2425_TOTTENHAMHOTSPUR_LEICESTERCITY,2024-25,VALIDATION,2025-01-26,Leicester City,Tottenham Hotspur,2,1,AWAY_WIN,0,W,12,15,3,6,16,6,4,6,5,1,0,0,1,3
EPL_2425_BOURNEMOUTH_LIVERPOOL,2024-25,VALIDATION,2025-02-01,Bournemouth,Liverpool,0,2,AWAY_WIN,1,L,14,19,3,7,15,9,3,3,2,3,0,0,-2,0
EPL_2425_BOURNEMOUTH_LIVERPOOL,2024-25,VALIDATION,2025-02-01,Liverpool,Bournemouth,2,0,AWAY_WIN,0,W,19,14,7,3,9,15,3,3,3,2,0,0,2,3
EPL_2425_EVERTON_LEICESTERCITY,2024-25,VALIDATION,2025-02-01,Everton,Leicester City,4,0,HOME_WIN,1,W,13,9,7,1,7,13,5,6,0,0,0,0,4,3
EPL_2425_EVERTON_LEICESTERCITY,2024-25,VALIDATION,2025-02-01,Leicester City,Everton,0,4,HOME_WIN,0,L,9,13,1,7,13,7,6,5,0,0,0,0,-4,0
EPL_2425_IPSWICH_SOUTHAMPTON,2024-25,VALIDATION,2025-02-01,Ipswich,Southampton,1,2,AWAY_WIN,1,L,15,9,6,4,11,14,1,2,0,3,0,0,-1,0
EPL_2425_IPSWICH_SOUTHAMPTON,2024-25,VALIDATION,2025-02-01,Southampton,Ipswich,2,1,AWAY_WIN,0,W,9,15,4,6,14,11,2,1,3,0,0,0,1,3
EPL_2425_NEWCASTLEUNITED_FULHAM,2024-25,VALIDATION,2025-02-01,Newcastle United,Fulham,1,2,AWAY_WIN,1,L,11,15,4,4,10,15,4,7,4,4,0,0,-1,0
EPL_2425_NEWCASTLEUNITED_FULHAM,2024-25,VALIDATION,2025-02-01,Fulham,Newcastle United,2,1,AWAY_WIN,0,W,15,11,4,4,15,10,7,4,4,4,0,0,1,3
EPL_2425_NOTTINGHAMFOREST_BRIGHTONHOVEALBION,2024-25,VALIDATION,2025-02-01,Nottingham Forest,Brighton & Hove Albion,7,0,HOME_WIN,1,W,14,10,9,5,8,13,4,6,1,3,0,0,7,3
EPL_2425_NOTTINGHAMFOREST_BRIGHTONHOVEALBION,2024-25,VALIDATION,2025-02-01,Brighton & Hove Albion,Nottingham Forest,0,7,HOME_WIN,0,L,10,14,5,9,13,8,6,4,3,1,0,0,-7,0
EPL_2425_WOLVERHAMPTONWANDERERS_ASTONVILLA,2024-25,VALIDATION,2025-02-01,Wolverhampton Wanderers,Aston Villa,2,0,HOME_WIN,1,W,8,10,5,3,20,13,5,8,2,3,0,0,2,3
EPL_2425_WOLVERHAMPTONWANDERERS_ASTONVILLA,2024-25,VALIDATION,2025-02-01,Aston Villa,Wolverhampton Wanderers,0,2,HOME_WIN,0,L,10,8,3,5,13,20,8,5,3,2,0,0,-2,0
EPL_2425_ARSENAL_MANCHESTERCITY,2024-25,VALIDATION,2025-02-02,Arsenal,Manchester City,5,1,HOME_WIN,1,W,12,7,7,4,6,7,5,2,2,0,0,0,4,3
EPL_2425_ARSENAL_MANCHESTERCITY,2024-25,VALIDATION,2025-02-02,Manchester City,Arsenal,1,5,HOME_WIN,0,L,7,12,4,7,7,6,2,5,0,2,0,0,-4,0
EPL_2425_BRENTFORD_TOTTENHAMHOTSPUR,2024-25,VALIDATION,2025-02-02,Brentford,Tottenham Hotspur,0,2,AWAY_WIN,1,L,20,13,4,2,4,11,10,3,0,1,0,0,-2,0
EPL_2425_BRENTFORD_TOTTENHAMHOTSPUR,2024-25,VALIDATION,2025-02-02,Tottenham Hotspur,Brentford,2,0,AWAY_WIN,0,W,13,20,2,4,11,4,3,10,1,0,0,0,2,3
EPL_2425_MANCHESTERUNITED_CRYSTALPALACE,2024-25,VALIDATION,2025-02-02,Manchester United,Crystal Palace,0,2,AWAY_WIN,1,L,17,11,2,3,12,13,11,0,3,1,0,0,-2,0
EPL_2425_MANCHESTERUNITED_CRYSTALPALACE,2024-25,VALIDATION,2025-02-02,Crystal Palace,Manchester United,2,0,AWAY_WIN,0,W,11,17,3,2,13,12,0,11,1,3,0,0,2,3
EPL_2425_CHELSEA_WESTHAMUNITED,2024-25,VALIDATION,2025-02-03,Chelsea,West Ham United,2,1,HOME_WIN,1,W,22,14,3,5,11,10,4,3,3,1,0,0,1,3
EPL_2425_CHELSEA_WESTHAMUNITED,2024-25,VALIDATION,2025-02-03,West Ham United,Chelsea,1,2,HOME_WIN,0,L,14,22,5,3,10,11,3,4,1,3,0,0,-1,0
EPL_2425_EVERTON_LIVERPOOL,2024-25,VALIDATION,2025-02-12,Everton,Liverpool,2,2,DRAW,1,D,10,6,3,4,9,20,2,3,2,2,1,1,0,1
EPL_2425_EVERTON_LIVERPOOL,2024-25,VALIDATION,2025-02-12,Liverpool,Everton,2,2,DRAW,0,D,6,10,4,3,20,9,3,2,2,2,1,1,0,1
EPL_2425_BRIGHTONHOVEALBION_CHELSEA,2024-25,VALIDATION,2025-02-14,Brighton & Hove Albion,Chelsea,3,0,HOME_WIN,1,W,13,8,5,0,12,15,2,9,1,2,0,0,3,3
EPL_2425_BRIGHTONHOVEALBION_CHELSEA,2024-25,VALIDATION,2025-02-14,Chelsea,Brighton & Hove Albion,0,3,HOME_WIN,0,L,8,13,0,5,15,12,9,2,2,1,0,0,-3,0
EPL_2425_ASTONVILLA_IPSWICH,2024-25,VALIDATION,2025-02-15,Aston Villa,Ipswich,1,1,DRAW,1,D,25,4,6,3,7,11,16,1,0,3,0,1,0,1
EPL_2425_ASTONVILLA_IPSWICH,2024-25,VALIDATION,2025-02-15,Ipswich,Aston Villa,1,1,DRAW,0,D,4,25,3,6,11,7,1,16,3,0,1,0,0,1
EPL_2425_CRYSTALPALACE_EVERTON,2024-25,VALIDATION,2025-02-15,Crystal Palace,Everton,1,2,AWAY_WIN,1,L,17,11,6,6,9,12,6,2,0,1,0,0,-1,0
EPL_2425_CRYSTALPALACE_EVERTON,2024-25,VALIDATION,2025-02-15,Everton,Crystal Palace,2,1,AWAY_WIN,0,W,11,17,6,6,12,9,2,6,1,0,0,0,1,3
EPL_2425_FULHAM_NOTTINGHAMFOREST,2024-25,VALIDATION,2025-02-15,Fulham,Nottingham Forest,2,1,HOME_WIN,1,W,24,8,10,2,13,8,8,4,0,0,0,0,1,3
EPL_2425_FULHAM_NOTTINGHAMFOREST,2024-25,VALIDATION,2025-02-15,Nottingham Forest,Fulham,1,2,HOME_WIN,0,L,8,24,2,10,8,13,4,8,0,0,0,0,-1,0
EPL_2425_LEICESTERCITY_ARSENAL,2024-25,VALIDATION,2025-02-15,Leicester City,Arsenal,0,2,AWAY_WIN,1,L,6,11,2,5,9,10,3,7,2,1,0,0,-2,0
EPL_2425_LEICESTERCITY_ARSENAL,2024-25,VALIDATION,2025-02-15,Arsenal,Leicester City,2,0,AWAY_WIN,0,W,11,6,5,2,10,9,7,3,1,2,0,0,2,3
EPL_2425_MANCHESTERCITY_NEWCASTLEUNITED,2024-25,VALIDATION,2025-02-15,Manchester City,Newcastle United,4,0,HOME_WIN,1,W,11,3,7,1,5,13,7,4,0,1,0,0,4,3
EPL_2425_MANCHESTERCITY_NEWCASTLEUNITED,2024-25,VALIDATION,2025-02-15,Newcastle United,Manchester City,0,4,HOME_WIN,0,L,3,11,1,7,13,5,4,7,1,0,0,0,-4,0
EPL_2425_SOUTHAMPTON_BOURNEMOUTH,2024-25,VALIDATION,2025-02-15,Southampton,Bournemouth,1,3,AWAY_WIN,1,L,11,14,4,7,13,15,4,6,1,3,0,0,-2,0
EPL_2425_SOUTHAMPTON_BOURNEMOUTH,2024-25,VALIDATION,2025-02-15,Bournemouth,Southampton,3,1,AWAY_WIN,0,W,14,11,7,4,15,13,6,4,3,1,0,0,2,3
EPL_2425_WESTHAMUNITED_BRENTFORD,2024-25,VALIDATION,2025-02-15,West Ham United,Brentford,0,1,AWAY_WIN,1,L,13,14,3,5,10,13,9,2,1,1,0,0,-1,0
EPL_2425_WESTHAMUNITED_BRENTFORD,2024-25,VALIDATION,2025-02-15,Brentford,West Ham United,1,0,AWAY_WIN,0,W,14,13,5,3,13,10,2,9,1,1,0,0,1,3
EPL_2425_LIVERPOOL_WOLVERHAMPTONWANDERERS,2024-25,VALIDATION,2025-02-16,Liverpool,Wolverhampton Wanderers,2,1,HOME_WIN,1,W,10,16,3,4,15,13,4,3,2,2,0,0,1,3
EPL_2425_LIVERPOOL_WOLVERHAMPTONWANDERERS,2024-25,VALIDATION,2025-02-16,Wolverhampton Wanderers,Liverpool,1,2,HOME_WIN,0,L,16,10,4,3,13,15,3,4,2,2,0,0,-1,0
EPL_2425_TOTTENHAMHOTSPUR_MANCHESTERUNITED,2024-25,VALIDATION,2025-02-16,Tottenham Hotspur,Manchester United,1,0,HOME_WIN,1,W,22,16,7,6,13,9,10,5,1,2,0,0,1,3
EPL_2425_TOTTENHAMHOTSPUR_MANCHESTERUNITED,2024-25,VALIDATION,2025-02-16,Manchester United,Tottenham Hotspur,0,1,HOME_WIN,0,L,16,22,6,7,9,13,5,10,2,1,0,0,-1,0
EPL_2425_ASTONVILLA_LIVERPOOL,2024-25,VALIDATION,2025-02-19,Aston Villa,Liverpool,2,2,DRAW,1,D,9,17,4,3,8,6,6,8,1,0,0,0,0,1
EPL_2425_ASTONVILLA_LIVERPOOL,2024-25,VALIDATION,2025-02-19,Liverpool,Aston Villa,2,2,DRAW,0,D,17,9,3,4,6,8,8,6,0,1,0,0,0,1
EPL_2425_LEICESTERCITY_BRENTFORD,2024-25,VALIDATION,2025-02-21,Leicester City,Brentford,0,4,AWAY_WIN,1,L,8,14,3,6,10,10,5,6,4,0,0,0,-4,0
EPL_2425_LEICESTERCITY_BRENTFORD,2024-25,VALIDATION,2025-02-21,Brentford,Leicester City,4,0,AWAY_WIN,0,W,14,8,6,3,10,10,6,5,0,4,0,0,4,3
EPL_2425_ARSENAL_WESTHAMUNITED,2024-25,VALIDATION,2025-02-22,Arsenal,West Ham United,0,1,AWAY_WIN,1,L,20,5,2,2,16,15,2,0,1,3,1,0,-1,0
EPL_2425_ARSENAL_WESTHAMUNITED,2024-25,VALIDATION,2025-02-22,West Ham United,Arsenal,1,0,AWAY_WIN,0,W,5,20,2,2,15,16,0,2,3,1,0,1,1,3
EPL_2425_ASTONVILLA_CHELSEA,2024-25,VALIDATION,2025-02-22,Aston Villa,Chelsea,2,1,HOME_WIN,1,W,12,15,6,7,15,16,2,3,1,3,0,0,1,3
EPL_2425_ASTONVILLA_CHELSEA,2024-25,VALIDATION,2025-02-22,Chelsea,Aston Villa,1,2,HOME_WIN,0,L,15,12,7,6,16,15,3,2,3,1,0,0,-1,0
EPL_2425_BOURNEMOUTH_WOLVERHAMPTONWANDERERS,2024-25,VALIDATION,2025-02-22,Bournemouth,Wolverhampton Wanderers,0,1,AWAY_WIN,1,L,8,13,3,5,17,9,6,7,3,3,1,0,-1,0
EPL_2425_BOURNEMOUTH_WOLVERHAMPTONWANDERERS,2024-25,VALIDATION,2025-02-22,Wolverhampton Wanderers,Bournemouth,1,0,AWAY_WIN,0,W,13,8,5,3,9,17,7,6,3,3,0,1,1,3
EPL_2425_EVERTON_MANCHESTERUNITED,2024-25,VALIDATION,2025-02-22,Everton,Manchester United,2,2,DRAW,1,D,9,9,8,3,12,9,7,9,4,1,0,0,0,1
EPL_2425_EVERTON_MANCHESTERUNITED,2024-25,VALIDATION,2025-02-22,Manchester United,Everton,2,2,DRAW,0,D,9,9,3,8,9,12,9,7,1,4,0,0,0,1
EPL_2425_FULHAM_CRYSTALPALACE,2024-25,VALIDATION,2025-02-22,Fulham,Crystal Palace,0,2,AWAY_WIN,1,L,10,10,0,5,10,7,7,7,1,3,0,0,-2,0
EPL_2425_FULHAM_CRYSTALPALACE,2024-25,VALIDATION,2025-02-22,Crystal Palace,Fulham,2,0,AWAY_WIN,0,W,10,10,5,0,7,10,7,7,3,1,0,0,2,3
EPL_2425_IPSWICH_TOTTENHAMHOTSPUR,2024-25,VALIDATION,2025-02-22,Ipswich,Tottenham Hotspur,1,4,AWAY_WIN,1,L,17,10,5,6,15,14,4,4,2,1,0,0,-3,0
EPL_2425_IPSWICH_TOTTENHAMHOTSPUR,2024-25,VALIDATION,2025-02-22,Tottenham Hotspur,Ipswich,4,1,AWAY_WIN,0,W,10,17,6,5,14,15,4,4,1,2,0,0,3,3
EPL_2425_SOUTHAMPTON_BRIGHTONHOVEALBION,2024-25,VALIDATION,2025-02-22,Southampton,Brighton & Hove Albion,0,4,AWAY_WIN,1,L,6,18,1,12,11,12,5,6,2,0,0,0,-4,0
EPL_2425_SOUTHAMPTON_BRIGHTONHOVEALBION,2024-25,VALIDATION,2025-02-22,Brighton & Hove Albion,Southampton,4,0,AWAY_WIN,0,W,18,6,12,1,12,11,6,5,0,2,0,0,4,3
EPL_2425_MANCHESTERCITY_LIVERPOOL,2024-25,VALIDATION,2025-02-23,Manchester City,Liverpool,0,2,AWAY_WIN,1,L,16,8,5,4,3,10,7,5,0,0,0,0,-2,0
EPL_2425_MANCHESTERCITY_LIVERPOOL,2024-25,VALIDATION,2025-02-23,Liverpool,Manchester City,2,0,AWAY_WIN,0,W,8,16,4,5,10,3,5,7,0,0,0,0,2,3
EPL_2425_NEWCASTLEUNITED_NOTTINGHAMFOREST,2024-25,VALIDATION,2025-02-23,Newcastle United,Nottingham Forest,4,3,HOME_WIN,1,W,13,17,5,5,11,13,7,6,1,4,0,0,1,3
EPL_2425_NEWCASTLEUNITED_NOTTINGHAMFOREST,2024-25,VALIDATION,2025-02-23,Nottingham Forest,Newcastle United,3,4,HOME_WIN,0,L,17,13,5,5,13,11,6,7,4,1,0,0,-1,0
EPL_2425_BRIGHTONHOVEALBION_BOURNEMOUTH,2024-25,VALIDATION,2025-02-25,Brighton & Hove Albion,Bournemouth,2,1,HOME_WIN,1,W,11,19,4,5,12,14,1,9,2,1,0,0,1,3
EPL_2425_BRIGHTONHOVEALBION_BOURNEMOUTH,2024-25,VALIDATION,2025-02-25,Bournemouth,Brighton & Hove Albion,1,2,HOME_WIN,0,L,19,11,5,4,14,12,9,1,1,2,0,0,-1,0
EPL_2425_CHELSEA_SOUTHAMPTON,2024-25,VALIDATION,2025-02-25,Chelsea,Southampton,4,0,HOME_WIN,1,W,19,7,10,2,6,9,4,2,1,2,0,0,4,3
EPL_2425_CHELSEA_SOUTHAMPTON,2024-25,VALIDATION,2025-02-25,Southampton,Chelsea,0,4,HOME_WIN,0,L,7,19,2,10,9,6,2,4,2,1,0,0,-4,0
EPL_2425_CRYSTALPALACE_ASTONVILLA,2024-25,VALIDATION,2025-02-25,Crystal Palace,Aston Villa,4,1,HOME_WIN,1,W,19,6,6,2,19,10,3,8,3,1,0,0,3,3
EPL_2425_CRYSTALPALACE_ASTONVILLA,2024-25,VALIDATION,2025-02-25,Aston Villa,Crystal Palace,1,4,HOME_WIN,0,L,6,19,2,6,10,19,8,3,1,3,0,0,-3,0
EPL_2425_WOLVERHAMPTONWANDERERS_FULHAM,2024-25,VALIDATION,2025-02-25,Wolverhampton Wanderers,Fulham,1,2,AWAY_WIN,1,L,18,11,5,5,8,15,7,5,1,3,0,0,-1,0
EPL_2425_WOLVERHAMPTONWANDERERS_FULHAM,2024-25,VALIDATION,2025-02-25,Fulham,Wolverhampton Wanderers,2,1,AWAY_WIN,0,W,11,18,5,5,15,8,5,7,3,1,0,0,1,3
EPL_2425_BRENTFORD_EVERTON,2024-25,VALIDATION,2025-02-26,Brentford,Everton,1,1,DRAW,1,D,12,14,3,4,3,6,2,5,2,1,0,0,0,1
EPL_2425_BRENTFORD_EVERTON,2024-25,VALIDATION,2025-02-26,Everton,Brentford,1,1,DRAW,0,D,14,12,4,3,6,3,5,2,1,2,0,0,0,1
EPL_2425_LIVERPOOL_NEWCASTLEUNITED,2024-25,VALIDATION,2025-02-26,Liverpool,Newcastle United,2,0,HOME_WIN,1,W,12,3,3,0,12,11,4,2,0,1,0,0,2,3
EPL_2425_LIVERPOOL_NEWCASTLEUNITED,2024-25,VALIDATION,2025-02-26,Newcastle United,Liverpool,0,2,HOME_WIN,0,L,3,12,0,3,11,12,2,4,1,0,0,0,-2,0
EPL_2425_MANCHESTERUNITED_IPSWICH,2024-25,VALIDATION,2025-02-26,Manchester United,Ipswich,3,2,HOME_WIN,1,W,10,12,6,3,9,16,5,6,4,4,1,0,1,3
EPL_2425_MANCHESTERUNITED_IPSWICH,2024-25,VALIDATION,2025-02-26,Ipswich,Manchester United,2,3,HOME_WIN,0,L,12,10,3,6,16,9,6,5,4,4,0,1,-1,0
EPL_2425_NOTTINGHAMFOREST_ARSENAL,2024-25,VALIDATION,2025-02-26,Nottingham Forest,Arsenal,0,0,DRAW,1,D,6,13,2,1,10,17,3,11,1,1,0,0,0,1
EPL_2425_NOTTINGHAMFOREST_ARSENAL,2024-25,VALIDATION,2025-02-26,Arsenal,Nottingham Forest,0,0,DRAW,0,D,13,6,1,2,17,10,11,3,1,1,0,0,0,1
EPL_2425_TOTTENHAMHOTSPUR_MANCHESTERCITY,2024-25,VALIDATION,2025-02-26,Tottenham Hotspur,Manchester City,0,1,AWAY_WIN,1,L,11,12,6,5,12,15,8,3,3,0,0,0,-1,0
EPL_2425_TOTTENHAMHOTSPUR_MANCHESTERCITY,2024-25,VALIDATION,2025-02-26,Manchester City,Tottenham Hotspur,1,0,AWAY_WIN,0,W,12,11,5,6,15,12,3,8,0,3,0,0,1,3
EPL_2425_WESTHAMUNITED_LEICESTERCITY,2024-25,VALIDATION,2025-02-27,West Ham United,Leicester City,2,0,HOME_WIN,1,W,8,10,2,2,12,6,3,3,0,0,0,0,2,3
EPL_2425_WESTHAMUNITED_LEICESTERCITY,2024-25,VALIDATION,2025-02-27,Leicester City,West Ham United,0,2,HOME_WIN,0,L,10,8,2,2,6,12,3,3,0,0,0,0,-2,0
EPL_2425_BRENTFORD_ASTONVILLA,2024-25,VALIDATION,2025-03-08,Brentford,Aston Villa,0,1,AWAY_WIN,1,L,13,12,3,4,10,5,6,5,2,2,0,0,-1,0
EPL_2425_BRENTFORD_ASTONVILLA,2024-25,VALIDATION,2025-03-08,Aston Villa,Brentford,1,0,AWAY_WIN,0,W,12,13,4,3,5,10,5,6,2,2,0,0,1,3
EPL_2425_BRIGHTONHOVEALBION_FULHAM,2024-25,VALIDATION,2025-03-08,Brighton & Hove Albion,Fulham,2,1,HOME_WIN,1,W,9,6,4,1,6,12,3,7,0,2,0,0,1,3
EPL_2425_BRIGHTONHOVEALBION_FULHAM,2024-25,VALIDATION,2025-03-08,Fulham,Brighton & Hove Albion,1,2,HOME_WIN,0,L,6,9,1,4,12,6,7,3,2,0,0,0,-1,0
EPL_2425_CRYSTALPALACE_IPSWICH,2024-25,VALIDATION,2025-03-08,Crystal Palace,Ipswich,1,0,HOME_WIN,1,W,19,15,4,8,8,7,5,4,4,3,0,0,1,3
EPL_2425_CRYSTALPALACE_IPSWICH,2024-25,VALIDATION,2025-03-08,Ipswich,Crystal Palace,0,1,HOME_WIN,0,L,15,19,8,4,7,8,4,5,3,4,0,0,-1,0
EPL_2425_LIVERPOOL_SOUTHAMPTON,2024-25,VALIDATION,2025-03-08,Liverpool,Southampton,3,1,HOME_WIN,1,W,28,6,7,4,10,9,6,4,2,1,0,0,2,3
EPL_2425_LIVERPOOL_SOUTHAMPTON,2024-25,VALIDATION,2025-03-08,Southampton,Liverpool,1,3,HOME_WIN,0,L,6,28,4,7,9,10,4,6,1,2,0,0,-2,0
EPL_2425_NOTTINGHAMFOREST_MANCHESTERCITY,2024-25,VALIDATION,2025-03-08,Nottingham Forest,Manchester City,1,0,HOME_WIN,1,W,9,14,4,3,9,7,3,2,3,2,0,0,1,3
EPL_2425_NOTTINGHAMFOREST_MANCHESTERCITY,2024-25,VALIDATION,2025-03-08,Manchester City,Nottingham Forest,0,1,HOME_WIN,0,L,14,9,3,4,7,9,2,3,2,3,0,0,-1,0
EPL_2425_WOLVERHAMPTONWANDERERS_EVERTON,2024-25,VALIDATION,2025-03-08,Wolverhampton Wanderers,Everton,1,1,DRAW,1,D,11,12,3,4,11,16,5,5,2,2,0,0,0,1
EPL_2425_WOLVERHAMPTONWANDERERS_EVERTON,2024-25,VALIDATION,2025-03-08,Everton,Wolverhampton Wanderers,1,1,DRAW,0,D,12,11,4,3,16,11,5,5,2,2,0,0,0,1
EPL_2425_CHELSEA_LEICESTERCITY,2024-25,VALIDATION,2025-03-09,Chelsea,Leicester City,1,0,HOME_WIN,1,W,20,3,7,3,12,13,12,2,1,0,0,0,1,3
EPL_2425_CHELSEA_LEICESTERCITY,2024-25,VALIDATION,2025-03-09,Leicester City,Chelsea,0,1,HOME_WIN,0,L,3,20,3,7,13,12,2,12,0,1,0,0,-1,0
EPL_2425_MANCHESTERUNITED_ARSENAL,2024-25,VALIDATION,2025-03-09,Manchester United,Arsenal,1,1,DRAW,1,D,10,17,6,6,8,11,2,9,0,1,0,0,0,1
EPL_2425_MANCHESTERUNITED_ARSENAL,2024-25,VALIDATION,2025-03-09,Arsenal,Manchester United,1,1,DRAW,0,D,17,10,6,6,11,8,9,2,1,0,0,0,0,1
EPL_2425_TOTTENHAMHOTSPUR_BOURNEMOUTH,2024-25,VALIDATION,2025-03-09,Tottenham Hotspur,Bournemouth,2,2,DRAW,1,D,12,17,4,8,15,16,3,6,3,3,0,0,0,1
EPL_2425_TOTTENHAMHOTSPUR_BOURNEMOUTH,2024-25,VALIDATION,2025-03-09,Bournemouth,Tottenham Hotspur,2,2,DRAW,0,D,17,12,8,4,16,15,6,3,3,3,0,0,0,1
EPL_2425_WESTHAMUNITED_NEWCASTLEUNITED,2024-25,VALIDATION,2025-03-10,West Ham United,Newcastle United,0,1,AWAY_WIN,1,L,9,9,2,3,7,15,3,4,0,1,0,0,-1,0
EPL_2425_WESTHAMUNITED_NEWCASTLEUNITED,2024-25,VALIDATION,2025-03-10,Newcastle United,West Ham United,1,0,AWAY_WIN,0,W,9,9,3,2,15,7,4,3,1,0,0,0,1,3
EPL_2425_BOURNEMOUTH_BRENTFORD,2024-25,VALIDATION,2025-03-15,Bournemouth,Brentford,1,2,AWAY_WIN,1,L,17,10,5,4,13,7,4,3,3,0,0,0,-1,0
EPL_2425_BOURNEMOUTH_BRENTFORD,2024-25,VALIDATION,2025-03-15,Brentford,Bournemouth,2,1,AWAY_WIN,0,W,10,17,4,5,7,13,3,4,0,3,0,0,1,3
EPL_2425_EVERTON_WESTHAMUNITED,2024-25,VALIDATION,2025-03-15,Everton,West Ham United,1,1,DRAW,1,D,13,10,5,5,12,8,6,5,1,2,0,0,0,1
EPL_2425_EVERTON_WESTHAMUNITED,2024-25,VALIDATION,2025-03-15,West Ham United,Everton,1,1,DRAW,0,D,10,13,5,5,8,12,5,6,2,1,0,0,0,1
EPL_2425_IPSWICH_NOTTINGHAMFOREST,2024-25,VALIDATION,2025-03-15,Ipswich,Nottingham Forest,2,4,AWAY_WIN,1,L,11,11,4,6,4,13,6,3,1,1,0,0,-2,0
EPL_2425_IPSWICH_NOTTINGHAMFOREST,2024-25,VALIDATION,2025-03-15,Nottingham Forest,Ipswich,4,2,AWAY_WIN,0,W,11,11,6,4,13,4,3,6,1,1,0,0,2,3
EPL_2425_MANCHESTERCITY_BRIGHTONHOVEALBION,2024-25,VALIDATION,2025-03-15,Manchester City,Brighton & Hove Albion,2,2,DRAW,1,D,11,15,3,3,10,10,4,5,2,5,0,0,0,1
EPL_2425_MANCHESTERCITY_BRIGHTONHOVEALBION,2024-25,VALIDATION,2025-03-15,Brighton & Hove Albion,Manchester City,2,2,DRAW,0,D,15,11,3,3,10,10,5,4,5,2,0,0,0,1
EPL_2425_SOUTHAMPTON_WOLVERHAMPTONWANDERERS,2024-25,VALIDATION,2025-03-15,Southampton,Wolverhampton Wanderers,1,2,AWAY_WIN,1,L,10,5,3,3,12,13,5,1,0,0,0,0,-1,0
EPL_2425_SOUTHAMPTON_WOLVERHAMPTONWANDERERS,2024-25,VALIDATION,2025-03-15,Wolverhampton Wanderers,Southampton,2,1,AWAY_WIN,0,W,5,10,3,3,13,12,1,5,0,0,0,0,1,3
EPL_2425_ARSENAL_CHELSEA,2024-25,VALIDATION,2025-03-16,Arsenal,Chelsea,1,0,HOME_WIN,1,W,12,8,4,2,10,13,5,4,3,3,0,0,1,3
EPL_2425_ARSENAL_CHELSEA,2024-25,VALIDATION,2025-03-16,Chelsea,Arsenal,0,1,HOME_WIN,0,L,8,12,2,4,13,10,4,5,3,3,0,0,-1,0
EPL_2425_FULHAM_TOTTENHAMHOTSPUR,2024-25,VALIDATION,2025-03-16,Fulham,Tottenham Hotspur,2,0,HOME_WIN,1,W,13,12,4,4,13,10,6,5,0,0,0,0,2,3
EPL_2425_FULHAM_TOTTENHAMHOTSPUR,2024-25,VALIDATION,2025-03-16,Tottenham Hotspur,Fulham,0,2,HOME_WIN,0,L,12,13,4,4,10,13,5,6,0,0,0,0,-2,0
EPL_2425_LEICESTERCITY_MANCHESTERUNITED,2024-25,VALIDATION,2025-03-16,Leicester City,Manchester United,0,3,AWAY_WIN,1,L,11,18,3,5,6,6,6,4,2,0,0,0,-3,0
EPL_2425_LEICESTERCITY_MANCHESTERUNITED,2024-25,VALIDATION,2025-03-16,Manchester United,Leicester City,3,0,AWAY_WIN,0,W,18,11,5,3,6,6,4,6,0,2,0,0,3,3
EPL_2425_ARSENAL_FULHAM,2024-25,VALIDATION,2025-04-01,Arsenal,Fulham,2,1,HOME_WIN,1,W,17,9,4,3,2,10,5,4,1,2,0,0,1,3
EPL_2425_ARSENAL_FULHAM,2024-25,VALIDATION,2025-04-01,Fulham,Arsenal,1,2,HOME_WIN,0,L,9,17,3,4,10,2,4,5,2,1,0,0,-1,0
EPL_2425_NOTTINGHAMFOREST_MANCHESTERUNITED,2024-25,VALIDATION,2025-04-01,Nottingham Forest,Manchester United,1,0,HOME_WIN,1,W,8,23,2,6,5,12,3,10,1,3,0,0,1,3
EPL_2425_NOTTINGHAMFOREST_MANCHESTERUNITED,2024-25,VALIDATION,2025-04-01,Manchester United,Nottingham Forest,0,1,HOME_WIN,0,L,23,8,6,2,12,5,10,3,3,1,0,0,-1,0
EPL_2425_WOLVERHAMPTONWANDERERS_WESTHAMUNITED,2024-25,VALIDATION,2025-04-01,Wolverhampton Wanderers,West Ham United,1,0,HOME_WIN,1,W,9,10,2,1,16,12,1,2,4,2,0,0,1,3
EPL_2425_WOLVERHAMPTONWANDERERS_WESTHAMUNITED,2024-25,VALIDATION,2025-04-01,West Ham United,Wolverhampton Wanderers,0,1,HOME_WIN,0,L,10,9,1,2,12,16,2,1,2,4,0,0,-1,0
EPL_2425_BOURNEMOUTH_IPSWICH,2024-25,VALIDATION,2025-04-02,Bournemouth,Ipswich,1,2,AWAY_WIN,1,L,24,10,7,2,14,15,8,3,1,2,0,0,-1,0
EPL_2425_BOURNEMOUTH_IPSWICH,2024-25,VALIDATION,2025-04-02,Ipswich,Bournemouth,2,1,AWAY_WIN,0,W,10,24,2,7,15,14,3,8,2,1,0,0,1,3
EPL_2425_BRIGHTONHOVEALBION_ASTONVILLA,2024-25,VALIDATION,2025-04-02,Brighton & Hove Albion,Aston Villa,0,3,AWAY_WIN,1,L,11,8,4,5,16,11,4,0,1,3,0,0,-3,0
EPL_2425_BRIGHTONHOVEALBION_ASTONVILLA,2024-25,VALIDATION,2025-04-02,Aston Villa,Brighton & Hove Albion,3,0,AWAY_WIN,0,W,8,11,5,4,11,16,0,4,3,1,0,0,3,3
EPL_2425_LIVERPOOL_EVERTON,2024-25,VALIDATION,2025-04-02,Liverpool,Everton,1,0,HOME_WIN,1,W,17,5,3,0,7,11,11,5,2,2,0,0,1,3
EPL_2425_LIVERPOOL_EVERTON,2024-25,VALIDATION,2025-04-02,Everton,Liverpool,0,1,HOME_WIN,0,L,5,17,0,3,11,7,5,11,2,2,0,0,-1,0
EPL_2425_MANCHESTERCITY_LEICESTERCITY,2024-25,VALIDATION,2025-04-02,Manchester City,Leicester City,2,0,HOME_WIN,1,W,18,2,5,0,11,8,5,0,1,4,0,0,2,3
EPL_2425_MANCHESTERCITY_LEICESTERCITY,2024-25,VALIDATION,2025-04-02,Leicester City,Manchester City,0,2,HOME_WIN,0,L,2,18,0,5,8,11,0,5,4,1,0,0,-2,0
EPL_2425_NEWCASTLEUNITED_BRENTFORD,2024-25,VALIDATION,2025-04-02,Newcastle United,Brentford,2,1,HOME_WIN,1,W,21,12,4,3,12,12,4,5,1,1,0,0,1,3
EPL_2425_NEWCASTLEUNITED_BRENTFORD,2024-25,VALIDATION,2025-04-02,Brentford,Newcastle United,1,2,HOME_WIN,0,L,12,21,3,4,12,12,5,4,1,1,0,0,-1,0
EPL_2425_SOUTHAMPTON_CRYSTALPALACE,2024-25,VALIDATION,2025-04-02,Southampton,Crystal Palace,1,1,DRAW,1,D,8,9,2,3,14,9,2,2,2,1,0,0,0,1
EPL_2425_SOUTHAMPTON_CRYSTALPALACE,2024-25,VALIDATION,2025-04-02,Crystal Palace,Southampton,1,1,DRAW,0,D,9,8,3,2,9,14,2,2,1,2,0,0,0,1
EPL_2425_CHELSEA_TOTTENHAMHOTSPUR,2024-25,VALIDATION,2025-04-03,Chelsea,Tottenham Hotspur,1,0,HOME_WIN,1,W,11,8,5,2,7,16,4,6,5,5,0,0,1,3
EPL_2425_CHELSEA_TOTTENHAMHOTSPUR,2024-25,VALIDATION,2025-04-03,Tottenham Hotspur,Chelsea,0,1,HOME_WIN,0,L,8,11,2,5,16,7,6,4,5,5,0,0,-1,0
EPL_2425_ASTONVILLA_NOTTINGHAMFOREST,2024-25,VALIDATION,2025-04-05,Aston Villa,Nottingham Forest,2,1,HOME_WIN,1,W,17,19,8,3,7,15,4,4,2,2,0,0,1,3
EPL_2425_ASTONVILLA_NOTTINGHAMFOREST,2024-25,VALIDATION,2025-04-05,Nottingham Forest,Aston Villa,1,2,HOME_WIN,0,L,19,17,3,8,15,7,4,4,2,2,0,0,-1,0
EPL_2425_CRYSTALPALACE_BRIGHTONHOVEALBION,2024-25,VALIDATION,2025-04-05,Crystal Palace,Brighton & Hove Albion,2,1,HOME_WIN,1,W,8,11,3,5,12,13,2,4,0,1,2,1,1,3
EPL_2425_CRYSTALPALACE_BRIGHTONHOVEALBION,2024-25,VALIDATION,2025-04-05,Brighton & Hove Albion,Crystal Palace,1,2,HOME_WIN,0,L,11,8,5,3,13,12,4,2,1,0,1,2,-1,0
EPL_2425_EVERTON_ARSENAL,2024-25,VALIDATION,2025-04-05,Everton,Arsenal,1,1,DRAW,1,D,5,14,2,5,17,13,3,8,3,1,0,0,0,1
EPL_2425_EVERTON_ARSENAL,2024-25,VALIDATION,2025-04-05,Arsenal,Everton,1,1,DRAW,0,D,14,5,5,2,13,17,8,3,1,3,0,0,0,1
EPL_2425_IPSWICH_WOLVERHAMPTONWANDERERS,2024-25,VALIDATION,2025-04-05,Ipswich,Wolverhampton Wanderers,1,2,AWAY_WIN,1,L,6,22,2,7,12,16,4,8,2,2,0,0,-1,0
EPL_2425_IPSWICH_WOLVERHAMPTONWANDERERS,2024-25,VALIDATION,2025-04-05,Wolverhampton Wanderers,Ipswich,2,1,AWAY_WIN,0,W,22,6,7,2,16,12,8,4,2,2,0,0,1,3
EPL_2425_WESTHAMUNITED_BOURNEMOUTH,2024-25,VALIDATION,2025-04-05,West Ham United,Bournemouth,2,2,DRAW,1,D,9,11,3,4,13,13,4,7,2,2,0,0,0,1
EPL_2425_WESTHAMUNITED_BOURNEMOUTH,2024-25,VALIDATION,2025-04-05,Bournemouth,West Ham United,2,2,DRAW,0,D,11,9,4,3,13,13,7,4,2,2,0,0,0,1
EPL_2425_BRENTFORD_CHELSEA,2024-25,VALIDATION,2025-04-06,Brentford,Chelsea,0,0,DRAW,1,D,9,21,2,5,12,12,3,6,1,3,0,0,0,1
EPL_2425_BRENTFORD_CHELSEA,2024-25,VALIDATION,2025-04-06,Chelsea,Brentford,0,0,DRAW,0,D,21,9,5,2,12,12,6,3,3,1,0,0,0,1
EPL_2425_FULHAM_LIVERPOOL,2024-25,VALIDATION,2025-04-06,Fulham,Liverpool,3,2,HOME_WIN,1,W,12,14,6,6,10,9,4,4,3,0,0,0,1,3
EPL_2425_FULHAM_LIVERPOOL,2024-25,VALIDATION,2025-04-06,Liverpool,Fulham,2,3,HOME_WIN,0,L,14,12,6,6,9,10,4,4,0,3,0,0,-1,0
EPL_2425_MANCHESTERUNITED_MANCHESTERCITY,2024-25,VALIDATION,2025-04-06,Manchester United,Manchester City,0,0,DRAW,1,D,13,9,2,5,13,9,5,3,3,2,0,0,0,1
EPL_2425_MANCHESTERUNITED_MANCHESTERCITY,2024-25,VALIDATION,2025-04-06,Manchester City,Manchester United,0,0,DRAW,0,D,9,13,5,2,9,13,3,5,2,3,0,0,0,1
EPL_2425_TOTTENHAMHOTSPUR_SOUTHAMPTON,2024-25,VALIDATION,2025-04-06,Tottenham Hotspur,Southampton,3,1,HOME_WIN,1,W,13,12,8,4,16,20,4,1,1,1,0,0,2,3
EPL_2425_TOTTENHAMHOTSPUR_SOUTHAMPTON,2024-25,VALIDATION,2025-04-06,Southampton,Tottenham Hotspur,1,3,HOME_WIN,0,L,12,13,4,8,20,16,1,4,1,1,0,0,-2,0
EPL_2425_LEICESTERCITY_NEWCASTLEUNITED,2024-25,VALIDATION,2025-04-07,Leicester City,Newcastle United,0,3,AWAY_WIN,1,L,7,16,2,5,8,9,12,2,2,0,0,0,-3,0
EPL_2425_LEICESTERCITY_NEWCASTLEUNITED,2024-25,VALIDATION,2025-04-07,Newcastle United,Leicester City,3,0,AWAY_WIN,0,W,16,7,5,2,9,8,2,12,0,2,0,0,3,3
EPL_2425_ARSENAL_BRENTFORD,2024-25,VALIDATION,2025-04-12,Arsenal,Brentford,1,1,DRAW,1,D,14,3,3,2,7,9,13,5,1,3,0,0,0,1
EPL_2425_ARSENAL_BRENTFORD,2024-25,VALIDATION,2025-04-12,Brentford,Arsenal,1,1,DRAW,0,D,3,14,2,3,9,7,5,13,3,1,0,0,0,1
EPL_2425_BRIGHTONHOVEALBION_LEICESTERCITY,2024-25,VALIDATION,2025-04-12,Brighton & Hove Albion,Leicester City,2,2,DRAW,1,D,21,15,7,6,9,11,3,6,2,5,0,0,0,1
EPL_2425_BRIGHTONHOVEALBION_LEICESTERCITY,2024-25,VALIDATION,2025-04-12,Leicester City,Brighton & Hove Albion,2,2,DRAW,0,D,15,21,6,7,11,9,6,3,5,2,0,0,0,1
EPL_2425_MANCHESTERCITY_CRYSTALPALACE,2024-25,VALIDATION,2025-04-12,Manchester City,Crystal Palace,5,2,HOME_WIN,1,W,21,8,9,3,10,16,1,4,2,3,0,0,3,3
EPL_2425_MANCHESTERCITY_CRYSTALPALACE,2024-25,VALIDATION,2025-04-12,Crystal Palace,Manchester City,2,5,HOME_WIN,0,L,8,21,3,9,16,10,4,1,3,2,0,0,-3,0
EPL_2425_NOTTINGHAMFOREST_EVERTON,2024-25,VALIDATION,2025-04-12,Nottingham Forest,Everton,0,1,AWAY_WIN,1,L,10,13,5,5,9,13,1,7,0,3,0,0,-1,0
EPL_2425_NOTTINGHAMFOREST_EVERTON,2024-25,VALIDATION,2025-04-12,Everton,Nottingham Forest,1,0,AWAY_WIN,0,W,13,10,5,5,13,9,7,1,3,0,0,0,1,3
EPL_2425_SOUTHAMPTON_ASTONVILLA,2024-25,VALIDATION,2025-04-12,Southampton,Aston Villa,0,3,AWAY_WIN,1,L,7,25,2,10,11,4,2,14,3,1,0,0,-3,0
EPL_2425_SOUTHAMPTON_ASTONVILLA,2024-25,VALIDATION,2025-04-12,Aston Villa,Southampton,3,0,AWAY_WIN,0,W,25,7,10,2,4,11,14,2,1,3,0,0,3,3
EPL_2425_CHELSEA_IPSWICH,2024-25,VALIDATION,2025-04-13,Chelsea,Ipswich,2,2,DRAW,1,D,34,13,9,4,11,7,15,4,2,2,0,0,0,1
EPL_2425_CHELSEA_IPSWICH,2024-25,VALIDATION,2025-04-13,Ipswich,Chelsea,2,2,DRAW,0,D,13,34,4,9,7,11,4,15,2,2,0,0,0,1
EPL_2425_LIVERPOOL_WESTHAMUNITED,2024-25,VALIDATION,2025-04-13,Liverpool,West Ham United,2,1,HOME_WIN,1,W,15,11,6,4,15,8,10,3,0,2,0,0,1,3
EPL_2425_LIVERPOOL_WESTHAMUNITED,2024-25,VALIDATION,2025-04-13,West Ham United,Liverpool,1,2,HOME_WIN,0,L,11,15,4,6,8,15,3,10,2,0,0,0,-1,0
EPL_2425_NEWCASTLEUNITED_MANCHESTERUNITED,2024-25,VALIDATION,2025-04-13,Newcastle United,Manchester United,4,1,HOME_WIN,1,W,13,9,6,5,7,9,7,2,0,2,0,0,3,3
EPL_2425_NEWCASTLEUNITED_MANCHESTERUNITED,2024-25,VALIDATION,2025-04-13,Manchester United,Newcastle United,1,4,HOME_WIN,0,L,9,13,5,6,9,7,2,7,2,0,0,0,-3,0
EPL_2425_WOLVERHAMPTONWANDERERS_TOTTENHAMHOTSPUR,2024-25,VALIDATION,2025-04-13,Wolverhampton Wanderers,Tottenham Hotspur,4,2,HOME_WIN,1,W,13,11,5,4,12,15,1,4,1,2,0,0,2,3
EPL_2425_WOLVERHAMPTONWANDERERS_TOTTENHAMHOTSPUR,2024-25,VALIDATION,2025-04-13,Tottenham Hotspur,Wolverhampton Wanderers,2,4,HOME_WIN,0,L,11,13,4,5,15,12,4,1,2,1,0,0,-2,0
EPL_2425_BOURNEMOUTH_FULHAM,2024-25,VALIDATION,2025-04-14,Bournemouth,Fulham,1,0,HOME_WIN,1,W,12,12,3,7,11,10,6,9,3,2,0,0,1,3
EPL_2425_BOURNEMOUTH_FULHAM,2024-25,VALIDATION,2025-04-14,Fulham,Bournemouth,0,1,HOME_WIN,0,L,12,12,7,3,10,11,9,6,2,3,0,0,-1,0
EPL_2425_NEWCASTLEUNITED_CRYSTALPALACE,2024-25,VALIDATION,2025-04-16,Newcastle United,Crystal Palace,5,0,HOME_WIN,1,W,14,11,7,4,9,15,5,4,2,3,0,0,5,3
EPL_2425_NEWCASTLEUNITED_CRYSTALPALACE,2024-25,VALIDATION,2025-04-16,Crystal Palace,Newcastle United,0,5,HOME_WIN,0,L,11,14,4,7,15,9,4,5,3,2,0,0,-5,0
EPL_2425_ASTONVILLA_NEWCASTLEUNITED,2024-25,VALIDATION,2025-04-19,Aston Villa,Newcastle United,4,1,HOME_WIN,1,W,23,10,9,3,9,12,7,7,1,3,0,0,3,3
EPL_2425_ASTONVILLA_NEWCASTLEUNITED,2024-25,VALIDATION,2025-04-19,Newcastle United,Aston Villa,1,4,HOME_WIN,0,L,10,23,3,9,12,9,7,7,3,1,0,0,-3,0
EPL_2425_BRENTFORD_BRIGHTONHOVEALBION,2024-25,VALIDATION,2025-04-19,Brentford,Brighton & Hove Albion,4,2,HOME_WIN,1,W,16,12,8,3,7,11,4,8,3,3,0,1,2,3
EPL_2425_BRENTFORD_BRIGHTONHOVEALBION,2024-25,VALIDATION,2025-04-19,Brighton & Hove Albion,Brentford,2,4,HOME_WIN,0,L,12,16,3,8,11,7,8,4,3,3,1,0,-2,0
EPL_2425_CRYSTALPALACE_BOURNEMOUTH,2024-25,VALIDATION,2025-04-19,Crystal Palace,Bournemouth,0,0,DRAW,1,D,5,15,0,4,13,10,5,4,3,4,1,0,0,1
EPL_2425_CRYSTALPALACE_BOURNEMOUTH,2024-25,VALIDATION,2025-04-19,Bournemouth,Crystal Palace,0,0,DRAW,0,D,15,5,4,0,10,13,4,5,4,3,0,1,0,1
EPL_2425_EVERTON_MANCHESTERCITY,2024-25,VALIDATION,2025-04-19,Everton,Manchester City,0,2,AWAY_WIN,1,L,8,12,3,7,7,6,2,5,4,0,0,0,-2,0
EPL_2425_EVERTON_MANCHESTERCITY,2024-25,VALIDATION,2025-04-19,Manchester City,Everton,2,0,AWAY_WIN,0,W,12,8,7,3,6,7,5,2,0,4,0,0,2,3
EPL_2425_WESTHAMUNITED_SOUTHAMPTON,2024-25,VALIDATION,2025-04-19,West Ham United,Southampton,1,1,DRAW,1,D,12,15,4,4,14,13,2,5,2,1,0,0,0,1
EPL_2425_WESTHAMUNITED_SOUTHAMPTON,2024-25,VALIDATION,2025-04-19,Southampton,West Ham United,1,1,DRAW,0,D,15,12,4,4,13,14,5,2,1,2,0,0,0,1
EPL_2425_FULHAM_CHELSEA,2024-25,VALIDATION,2025-04-20,Fulham,Chelsea,1,2,AWAY_WIN,1,L,6,13,1,8,13,9,6,4,1,3,0,0,-1,0
EPL_2425_FULHAM_CHELSEA,2024-25,VALIDATION,2025-04-20,Chelsea,Fulham,2,1,AWAY_WIN,0,W,13,6,8,1,9,13,4,6,3,1,0,0,1,3
EPL_2425_IPSWICH_ARSENAL,2024-25,VALIDATION,2025-04-20,Ipswich,Arsenal,0,4,AWAY_WIN,1,L,4,24,0,7,10,7,0,12,0,0,1,0,-4,0
EPL_2425_IPSWICH_ARSENAL,2024-25,VALIDATION,2025-04-20,Arsenal,Ipswich,4,0,AWAY_WIN,0,W,24,4,7,0,7,10,12,0,0,0,0,1,4,3
EPL_2425_LEICESTERCITY_LIVERPOOL,2024-25,VALIDATION,2025-04-20,Leicester City,Liverpool,0,1,AWAY_WIN,1,L,5,28,0,10,11,7,1,13,1,2,0,0,-1,0
EPL_2425_LEICESTERCITY_LIVERPOOL,2024-25,VALIDATION,2025-04-20,Liverpool,Leicester City,1,0,AWAY_WIN,0,W,28,5,10,0,7,11,13,1,2,1,0,0,1,3
EPL_2425_MANCHESTERUNITED_WOLVERHAMPTONWANDERERS,2024-25,VALIDATION,2025-04-20,Manchester United,Wolverhampton Wanderers,0,1,AWAY_WIN,1,L,12,4,2,2,11,18,9,2,2,3,0,0,-1,0
EPL_2425_MANCHESTERUNITED_WOLVERHAMPTONWANDERERS,2024-25,VALIDATION,2025-04-20,Wolverhampton Wanderers,Manchester United,1,0,AWAY_WIN,0,W,4,12,2,2,18,11,2,9,3,2,0,0,1,3
EPL_2425_TOTTENHAMHOTSPUR_NOTTINGHAMFOREST,2024-25,VALIDATION,2025-04-21,Tottenham Hotspur,Nottingham Forest,1,2,AWAY_WIN,1,L,22,4,6,3,11,12,7,1,1,4,0,0,-1,0
EPL_2425_TOTTENHAMHOTSPUR_NOTTINGHAMFOREST,2024-25,VALIDATION,2025-04-21,Nottingham Forest,Tottenham Hotspur,2,1,AWAY_WIN,0,W,4,22,3,6,12,11,1,7,4,1,0,0,1,3
EPL_2425_MANCHESTERCITY_ASTONVILLA,2024-25,VALIDATION,2025-04-22,Manchester City,Aston Villa,2,1,HOME_WIN,1,W,14,7,6,3,9,10,10,2,3,3,0,0,1,3
EPL_2425_MANCHESTERCITY_ASTONVILLA,2024-25,VALIDATION,2025-04-22,Aston Villa,Manchester City,1,2,HOME_WIN,0,L,7,14,3,6,10,9,2,10,3,3,0,0,-1,0
EPL_2425_ARSENAL_CRYSTALPALACE,2024-25,VALIDATION,2025-04-23,Arsenal,Crystal Palace,2,2,DRAW,1,D,12,15,6,4,4,6,3,6,1,1,0,0,0,1
EPL_2425_ARSENAL_CRYSTALPALACE,2024-25,VALIDATION,2025-04-23,Crystal Palace,Arsenal,2,2,DRAW,0,D,15,12,4,6,6,4,6,3,1,1,0,0,0,1
EPL_2425_BRIGHTONHOVEALBION_WESTHAMUNITED,2024-25,VALIDATION,2025-04-26,Brighton & Hove Albion,West Ham United,3,2,HOME_WIN,1,W,16,12,9,4,7,9,8,1,1,1,0,0,1,3
EPL_2425_BRIGHTONHOVEALBION_WESTHAMUNITED,2024-25,VALIDATION,2025-04-26,West Ham United,Brighton & Hove Albion,2,3,HOME_WIN,0,L,12,16,4,9,9,7,1,8,1,1,0,0,-1,0
EPL_2425_CHELSEA_EVERTON,2024-25,VALIDATION,2025-04-26,Chelsea,Everton,1,0,HOME_WIN,1,W,10,6,7,3,11,11,10,2,0,0,0,0,1,3
EPL_2425_CHELSEA_EVERTON,2024-25,VALIDATION,2025-04-26,Everton,Chelsea,0,1,HOME_WIN,0,L,6,10,3,7,11,11,2,10,0,0,0,0,-1,0
EPL_2425_NEWCASTLEUNITED_IPSWICH,2024-25,VALIDATION,2025-04-26,Newcastle United,Ipswich,3,0,HOME_WIN,1,W,25,4,5,0,9,9,11,2,1,2,0,1,3,3
EPL_2425_NEWCASTLEUNITED_IPSWICH,2024-25,VALIDATION,2025-04-26,Ipswich,Newcastle United,0,3,HOME_WIN,0,L,4,25,0,5,9,9,2,11,2,1,1,0,-3,0
EPL_2425_SOUTHAMPTON_FULHAM,2024-25,VALIDATION,2025-04-26,Southampton,Fulham,1,2,AWAY_WIN,1,L,7,26,3,5,10,12,0,13,1,1,0,0,-1,0
EPL_2425_SOUTHAMPTON_FULHAM,2024-25,VALIDATION,2025-04-26,Fulham,Southampton,2,1,AWAY_WIN,0,W,26,7,5,3,12,10,13,0,1,1,0,0,1,3
EPL_2425_WOLVERHAMPTONWANDERERS_LEICESTERCITY,2024-25,VALIDATION,2025-04-26,Wolverhampton Wanderers,Leicester City,3,0,HOME_WIN,1,W,20,8,6,2,7,17,4,2,1,4,0,0,3,3
EPL_2425_WOLVERHAMPTONWANDERERS_LEICESTERCITY,2024-25,VALIDATION,2025-04-26,Leicester City,Wolverhampton Wanderers,0,3,HOME_WIN,0,L,8,20,2,6,17,7,2,4,4,1,0,0,-3,0
EPL_2425_BOURNEMOUTH_MANCHESTERUNITED,2024-25,VALIDATION,2025-04-27,Bournemouth,Manchester United,1,1,DRAW,1,D,8,25,1,6,11,12,5,10,4,2,1,0,0,1
EPL_2425_BOURNEMOUTH_MANCHESTERUNITED,2024-25,VALIDATION,2025-04-27,Manchester United,Bournemouth,1,1,DRAW,0,D,25,8,6,1,12,11,10,5,2,4,0,1,0,1
EPL_2425_LIVERPOOL_TOTTENHAMHOTSPUR,2024-25,VALIDATION,2025-04-27,Liverpool,Tottenham Hotspur,5,1,HOME_WIN,1,W,25,8,8,3,16,9,8,2,2,1,0,0,4,3
EPL_2425_LIVERPOOL_TOTTENHAMHOTSPUR,2024-25,VALIDATION,2025-04-27,Tottenham Hotspur,Liverpool,1,5,HOME_WIN,0,L,8,25,3,8,9,16,2,8,1,2,0,0,-4,0
EPL_2425_NOTTINGHAMFOREST_BRENTFORD,2024-25,VALIDATION,2025-05-01,Nottingham Forest,Brentford,0,2,AWAY_WIN,1,L,14,11,5,3,10,12,4,5,3,5,0,0,-2,0
EPL_2425_NOTTINGHAMFOREST_BRENTFORD,2024-25,VALIDATION,2025-05-01,Brentford,Nottingham Forest,2,0,AWAY_WIN,0,W,11,14,3,5,12,10,5,4,5,3,0,0,2,3
EPL_2425_MANCHESTERCITY_WOLVERHAMPTONWANDERERS,2024-25,VALIDATION,2025-05-02,Manchester City,Wolverhampton Wanderers,1,0,HOME_WIN,1,W,9,6,2,1,7,11,4,5,0,0,0,0,1,3
EPL_2425_MANCHESTERCITY_WOLVERHAMPTONWANDERERS,2024-25,VALIDATION,2025-05-02,Wolverhampton Wanderers,Manchester City,0,1,HOME_WIN,0,L,6,9,1,2,11,7,5,4,0,0,0,0,-1,0
EPL_2425_ARSENAL_BOURNEMOUTH,2024-25,VALIDATION,2025-05-03,Arsenal,Bournemouth,1,2,AWAY_WIN,1,L,13,9,4,2,7,16,2,3,0,2,0,0,-1,0
EPL_2425_ARSENAL_BOURNEMOUTH,2024-25,VALIDATION,2025-05-03,Bournemouth,Arsenal,2,1,AWAY_WIN,0,W,9,13,2,4,16,7,3,2,2,0,0,0,1,3
EPL_2425_ASTONVILLA_FULHAM,2024-25,VALIDATION,2025-05-03,Aston Villa,Fulham,1,0,HOME_WIN,1,W,10,11,3,3,6,17,5,3,0,5,0,0,1,3
EPL_2425_ASTONVILLA_FULHAM,2024-25,VALIDATION,2025-05-03,Fulham,Aston Villa,0,1,HOME_WIN,0,L,11,10,3,3,17,6,3,5,5,0,0,0,-1,0
EPL_2425_EVERTON_IPSWICH,2024-25,VALIDATION,2025-05-03,Everton,Ipswich,2,2,DRAW,1,D,8,12,3,5,12,15,3,3,4,4,0,0,0,1
EPL_2425_EVERTON_IPSWICH,2024-25,VALIDATION,2025-05-03,Ipswich,Everton,2,2,DRAW,0,D,12,8,5,3,15,12,3,3,4,4,0,0,0,1
EPL_2425_LEICESTERCITY_SOUTHAMPTON,2024-25,VALIDATION,2025-05-03,Leicester City,Southampton,2,0,HOME_WIN,1,W,14,8,4,2,12,13,7,7,1,3,0,0,2,3
EPL_2425_LEICESTERCITY_SOUTHAMPTON,2024-25,VALIDATION,2025-05-03,Southampton,Leicester City,0,2,HOME_WIN,0,L,8,14,2,4,13,12,7,7,3,1,0,0,-2,0
EPL_2425_BRENTFORD_MANCHESTERUNITED,2024-25,VALIDATION,2025-05-04,Brentford,Manchester United,4,3,HOME_WIN,1,W,12,14,6,5,8,10,7,4,0,2,0,0,1,3
EPL_2425_BRENTFORD_MANCHESTERUNITED,2024-25,VALIDATION,2025-05-04,Manchester United,Brentford,3,4,HOME_WIN,0,L,14,12,5,6,10,8,4,7,2,0,0,0,-1,0
EPL_2425_BRIGHTONHOVEALBION_NEWCASTLEUNITED,2024-25,VALIDATION,2025-05-04,Brighton & Hove Albion,Newcastle United,1,1,DRAW,1,D,5,13,2,5,15,10,1,4,2,1,0,0,0,1
EPL_2425_BRIGHTONHOVEALBION_NEWCASTLEUNITED,2024-25,VALIDATION,2025-05-04,Newcastle United,Brighton & Hove Albion,1,1,DRAW,0,D,13,5,5,2,10,15,4,1,1,2,0,0,0,1
EPL_2425_CHELSEA_LIVERPOOL,2024-25,VALIDATION,2025-05-04,Chelsea,Liverpool,3,1,HOME_WIN,1,W,17,11,7,2,10,11,3,6,2,2,0,0,2,3
EPL_2425_CHELSEA_LIVERPOOL,2024-25,VALIDATION,2025-05-04,Liverpool,Chelsea,1,3,HOME_WIN,0,L,11,17,2,7,11,10,6,3,2,2,0,0,-2,0
EPL_2425_WESTHAMUNITED_TOTTENHAMHOTSPUR,2024-25,VALIDATION,2025-05-04,West Ham United,Tottenham Hotspur,1,1,DRAW,1,D,11,7,2,2,18,15,1,3,2,2,0,0,0,1
EPL_2425_WESTHAMUNITED_TOTTENHAMHOTSPUR,2024-25,VALIDATION,2025-05-04,Tottenham Hotspur,West Ham United,1,1,DRAW,0,D,7,11,2,2,15,18,3,1,2,2,0,0,0,1
EPL_2425_CRYSTALPALACE_NOTTINGHAMFOREST,2024-25,VALIDATION,2025-05-05,Crystal Palace,Nottingham Forest,1,1,DRAW,1,D,20,12,3,4,9,15,7,4,3,8,0,0,0,1
EPL_2425_CRYSTALPALACE_NOTTINGHAMFOREST,2024-25,VALIDATION,2025-05-05,Nottingham Forest,Crystal Palace,1,1,DRAW,0,D,12,20,4,3,15,9,4,7,8,3,0,0,0,1
EPL_2425_BOURNEMOUTH_ASTONVILLA,2024-25,VALIDATION,2025-05-10,Bournemouth,Aston Villa,0,1,AWAY_WIN,1,L,10,6,4,3,19,12,10,0,4,3,0,1,-1,0
EPL_2425_BOURNEMOUTH_ASTONVILLA,2024-25,VALIDATION,2025-05-10,Aston Villa,Bournemouth,1,0,AWAY_WIN,0,W,6,10,3,4,12,19,0,10,3,4,1,0,1,3
EPL_2425_FULHAM_EVERTON,2024-25,VALIDATION,2025-05-10,Fulham,Everton,1,3,AWAY_WIN,1,L,18,11,6,7,15,9,5,5,1,0,0,0,-2,0
EPL_2425_FULHAM_EVERTON,2024-25,VALIDATION,2025-05-10,Everton,Fulham,3,1,AWAY_WIN,0,W,11,18,7,6,9,15,5,5,0,1,0,0,2,3
EPL_2425_IPSWICH_BRENTFORD,2024-25,VALIDATION,2025-05-10,Ipswich,Brentford,0,1,AWAY_WIN,1,L,11,15,4,5,6,12,5,6,2,4,0,0,-1,0
EPL_2425_IPSWICH_BRENTFORD,2024-25,VALIDATION,2025-05-10,Brentford,Ipswich,1,0,AWAY_WIN,0,W,15,11,5,4,12,6,6,5,4,2,0,0,1,3
EPL_2425_SOUTHAMPTON_MANCHESTERCITY,2024-25,VALIDATION,2025-05-10,Southampton,Manchester City,0,0,DRAW,1,D,2,26,0,5,9,8,1,15,2,0,0,0,0,1
EPL_2425_SOUTHAMPTON_MANCHESTERCITY,2024-25,VALIDATION,2025-05-10,Manchester City,Southampton,0,0,DRAW,0,D,26,2,5,0,8,9,15,1,0,2,0,0,0,1
EPL_2425_WOLVERHAMPTONWANDERERS_BRIGHTONHOVEALBION,2024-25,VALIDATION,2025-05-10,Wolverhampton Wanderers,Brighton & Hove Albion,0,2,AWAY_WIN,1,L,10,7,3,2,8,12,7,4,1,1,0,0,-2,0
EPL_2425_WOLVERHAMPTONWANDERERS_BRIGHTONHOVEALBION,2024-25,VALIDATION,2025-05-10,Brighton & Hove Albion,Wolverhampton Wanderers,2,0,AWAY_WIN,0,W,7,10,2,3,12,8,4,7,1,1,0,0,2,3
EPL_2425_LIVERPOOL_ARSENAL,2024-25,VALIDATION,2025-05-11,Liverpool,Arsenal,2,2,DRAW,1,D,14,15,5,7,13,10,3,1,1,1,0,1,0,1
EPL_2425_LIVERPOOL_ARSENAL,2024-25,VALIDATION,2025-05-11,Arsenal,Liverpool,2,2,DRAW,0,D,15,14,7,5,10,13,1,3,1,1,1,0,0,1
EPL_2425_MANCHESTERUNITED_WESTHAMUNITED,2024-25,VALIDATION,2025-05-11,Manchester United,West Ham United,0,2,AWAY_WIN,1,L,20,9,5,4,3,13,8,5,0,1,0,0,-2,0
EPL_2425_MANCHESTERUNITED_WESTHAMUNITED,2024-25,VALIDATION,2025-05-11,West Ham United,Manchester United,2,0,AWAY_WIN,0,W,9,20,4,5,13,3,5,8,1,0,0,0,2,3
EPL_2425_NEWCASTLEUNITED_CHELSEA,2024-25,VALIDATION,2025-05-11,Newcastle United,Chelsea,2,0,HOME_WIN,1,W,15,10,6,3,9,13,2,8,4,2,0,1,2,3
EPL_2425_NEWCASTLEUNITED_CHELSEA,2024-25,VALIDATION,2025-05-11,Chelsea,Newcastle United,0,2,HOME_WIN,0,L,10,15,3,6,13,9,8,2,2,4,1,0,-2,0
EPL_2425_NOTTINGHAMFOREST_LEICESTERCITY,2024-25,VALIDATION,2025-05-11,Nottingham Forest,Leicester City,2,2,DRAW,1,D,15,10,4,6,11,11,4,4,3,3,0,0,0,1
EPL_2425_NOTTINGHAMFOREST_LEICESTERCITY,2024-25,VALIDATION,2025-05-11,Leicester City,Nottingham Forest,2,2,DRAW,0,D,10,15,6,4,11,11,4,4,3,3,0,0,0,1
EPL_2425_TOTTENHAMHOTSPUR_CRYSTALPALACE,2024-25,VALIDATION,2025-05-11,Tottenham Hotspur,Crystal Palace,0,2,AWAY_WIN,1,L,8,23,1,10,12,10,4,8,1,1,0,0,-2,0
EPL_2425_TOTTENHAMHOTSPUR_CRYSTALPALACE,2024-25,VALIDATION,2025-05-11,Crystal Palace,Tottenham Hotspur,2,0,AWAY_WIN,0,W,23,8,10,1,10,12,8,4,1,1,0,0,2,3
EPL_2425_ASTONVILLA_TOTTENHAMHOTSPUR,2024-25,VALIDATION,2025-05-16,Aston Villa,Tottenham Hotspur,2,0,HOME_WIN,1,W,18,3,7,1,5,12,9,1,1,2,0,0,2,3
EPL_2425_ASTONVILLA_TOTTENHAMHOTSPUR,2024-25,VALIDATION,2025-05-16,Tottenham Hotspur,Aston Villa,0,2,HOME_WIN,0,L,3,18,1,7,12,5,1,9,2,1,0,0,-2,0
EPL_2425_CHELSEA_MANCHESTERUNITED,2024-25,VALIDATION,2025-05-16,Chelsea,Manchester United,1,0,HOME_WIN,1,W,11,4,3,1,10,14,7,2,1,6,0,0,1,3
EPL_2425_CHELSEA_MANCHESTERUNITED,2024-25,VALIDATION,2025-05-16,Manchester United,Chelsea,0,1,HOME_WIN,0,L,4,11,1,3,14,10,2,7,6,1,0,0,-1,0
EPL_2425_ARSENAL_NEWCASTLEUNITED,2024-25,VALIDATION,2025-05-18,Arsenal,Newcastle United,1,0,HOME_WIN,1,W,12,14,4,5,9,9,10,7,3,3,0,0,1,3
EPL_2425_ARSENAL_NEWCASTLEUNITED,2024-25,VALIDATION,2025-05-18,Newcastle United,Arsenal,0,1,HOME_WIN,0,L,14,12,5,4,9,9,7,10,3,3,0,0,-1,0
EPL_2425_BRENTFORD_FULHAM,2024-25,VALIDATION,2025-05-18,Brentford,Fulham,2,3,AWAY_WIN,1,L,11,16,6,7,12,8,5,3,4,4,0,0,-1,0
EPL_2425_BRENTFORD_FULHAM,2024-25,VALIDATION,2025-05-18,Fulham,Brentford,3,2,AWAY_WIN,0,W,16,11,7,6,8,12,3,5,4,4,0,0,1,3
EPL_2425_EVERTON_SOUTHAMPTON,2024-25,VALIDATION,2025-05-18,Everton,Southampton,2,0,HOME_WIN,1,W,13,6,5,2,6,10,4,5,1,1,0,0,2,3
EPL_2425_EVERTON_SOUTHAMPTON,2024-25,VALIDATION,2025-05-18,Southampton,Everton,0,2,HOME_WIN,0,L,6,13,2,5,10,6,5,4,1,1,0,0,-2,0
EPL_2425_LEICESTERCITY_IPSWICH,2024-25,VALIDATION,2025-05-18,Leicester City,Ipswich,2,0,HOME_WIN,1,W,9,20,3,2,15,12,2,2,1,0,0,0,2,3
EPL_2425_LEICESTERCITY_IPSWICH,2024-25,VALIDATION,2025-05-18,Ipswich,Leicester City,0,2,HOME_WIN,0,L,20,9,2,3,12,15,2,2,0,1,0,0,-2,0
EPL_2425_WESTHAMUNITED_NOTTINGHAMFOREST,2024-25,VALIDATION,2025-05-18,West Ham United,Nottingham Forest,1,2,AWAY_WIN,1,L,16,10,5,5,14,7,8,7,6,3,0,0,-1,0
EPL_2425_WESTHAMUNITED_NOTTINGHAMFOREST,2024-25,VALIDATION,2025-05-18,Nottingham Forest,West Ham United,2,1,AWAY_WIN,0,W,10,16,5,5,7,14,7,8,3,6,0,0,1,3
EPL_2425_BRIGHTONHOVEALBION_LIVERPOOL,2024-25,VALIDATION,2025-05-19,Brighton & Hove Albion,Liverpool,3,2,HOME_WIN,1,W,25,18,12,5,9,8,3,3,1,0,0,0,1,3
EPL_2425_BRIGHTONHOVEALBION_LIVERPOOL,2024-25,VALIDATION,2025-05-19,Liverpool,Brighton & Hove Albion,2,3,HOME_WIN,0,L,18,25,5,12,8,9,3,3,0,1,0,0,-1,0
EPL_2425_CRYSTALPALACE_WOLVERHAMPTONWANDERERS,2024-25,VALIDATION,2025-05-20,Crystal Palace,Wolverhampton Wanderers,4,2,HOME_WIN,1,W,14,12,10,3,14,8,0,10,1,2,0,0,2,3
EPL_2425_CRYSTALPALACE_WOLVERHAMPTONWANDERERS,2024-25,VALIDATION,2025-05-20,Wolverhampton Wanderers,Crystal Palace,2,4,HOME_WIN,0,L,12,14,3,10,8,14,10,0,2,1,0,0,-2,0
EPL_2425_MANCHESTERCITY_BOURNEMOUTH,2024-25,VALIDATION,2025-05-20,Manchester City,Bournemouth,3,1,HOME_WIN,1,W,12,8,5,2,7,13,3,1,1,3,1,1,2,3
EPL_2425_MANCHESTERCITY_BOURNEMOUTH,2024-25,VALIDATION,2025-05-20,Bournemouth,Manchester City,1,3,HOME_WIN,0,L,8,12,2,5,13,7,1,3,3,1,1,1,-2,0
EPL_2425_BOURNEMOUTH_LEICESTERCITY,2024-25,VALIDATION,2025-05-25,Bournemouth,Leicester City,2,0,HOME_WIN,1,W,20,3,7,0,19,16,6,1,0,2,0,0,2,3
EPL_2425_BOURNEMOUTH_LEICESTERCITY,2024-25,VALIDATION,2025-05-25,Leicester City,Bournemouth,0,2,HOME_WIN,0,L,3,20,0,7,16,19,1,6,2,0,0,0,-2,0
EPL_2425_FULHAM_MANCHESTERCITY,2024-25,VALIDATION,2025-05-25,Fulham,Manchester City,0,2,AWAY_WIN,1,L,13,20,3,5,11,5,1,6,0,0,0,0,-2,0
EPL_2425_FULHAM_MANCHESTERCITY,2024-25,VALIDATION,2025-05-25,Manchester City,Fulham,2,0,AWAY_WIN,0,W,20,13,5,3,5,11,6,1,0,0,0,0,2,3
EPL_2425_IPSWICH_WESTHAMUNITED,2024-25,VALIDATION,2025-05-25,Ipswich,West Ham United,1,3,AWAY_WIN,1,L,14,10,4,6,10,9,4,0,1,1,0,0,-2,0
EPL_2425_IPSWICH_WESTHAMUNITED,2024-25,VALIDATION,2025-05-25,West Ham United,Ipswich,3,1,AWAY_WIN,0,W,10,14,6,4,9,10,0,4,1,1,0,0,2,3
EPL_2425_LIVERPOOL_CRYSTALPALACE,2024-25,VALIDATION,2025-05-25,Liverpool,Crystal Palace,1,1,DRAW,1,D,14,8,3,5,7,10,11,0,1,0,1,0,0,1
EPL_2425_LIVERPOOL_CRYSTALPALACE,2024-25,VALIDATION,2025-05-25,Crystal Palace,Liverpool,1,1,DRAW,0,D,8,14,5,3,10,7,0,11,0,1,0,1,0,1
EPL_2425_MANCHESTERUNITED_ASTONVILLA,2024-25,VALIDATION,2025-05-25,Manchester United,Aston Villa,2,0,HOME_WIN,1,W,25,6,10,1,10,10,4,3,2,2,0,1,2,3
EPL_2425_MANCHESTERUNITED_ASTONVILLA,2024-25,VALIDATION,2025-05-25,Aston Villa,Manchester United,0,2,HOME_WIN,0,L,6,25,1,10,10,10,3,4,2,2,1,0,-2,0
EPL_2425_NEWCASTLEUNITED_EVERTON,2024-25,VALIDATION,2025-05-25,Newcastle United,Everton,0,1,AWAY_WIN,1,L,17,14,6,6,12,9,12,3,1,4,0,0,-1,0
EPL_2425_NEWCASTLEUNITED_EVERTON,2024-25,VALIDATION,2025-05-25,Everton,Newcastle United,1,0,AWAY_WIN,0,W,14,17,6,6,9,12,3,12,4,1,0,0,1,3
EPL_2425_NOTTINGHAMFOREST_CHELSEA,2024-25,VALIDATION,2025-05-25,Nottingham Forest,Chelsea,0,1,AWAY_WIN,1,L,10,6,2,2,10,11,7,4,2,2,0,0,-1,0
EPL_2425_NOTTINGHAMFOREST_CHELSEA,2024-25,VALIDATION,2025-05-25,Chelsea,Nottingham Forest,1,0,AWAY_WIN,0,W,6,10,2,2,11,10,4,7,2,2,0,0,1,3
EPL_2425_SOUTHAMPTON_ARSENAL,2024-25,VALIDATION,2025-05-25,Southampton,Arsenal,1,2,AWAY_WIN,1,L,7,23,2,8,7,8,5,8,0,0,0,0,-1,0
EPL_2425_SOUTHAMPTON_ARSENAL,2024-25,VALIDATION,2025-05-25,Arsenal,Southampton,2,1,AWAY_WIN,0,W,23,7,8,2,8,7,8,5,0,0,0,0,1,3
EPL_2425_TOTTENHAMHOTSPUR_BRIGHTONHOVEALBION,2024-25,VALIDATION,2025-05-25,Tottenham Hotspur,Brighton & Hove Albion,1,4,AWAY_WIN,1,L,4,23,2,8,13,8,2,11,3,1,0,0,-3,0
EPL_2425_TOTTENHAMHOTSPUR_BRIGHTONHOVEALBION,2024-25,VALIDATION,2025-05-25,Brighton & Hove Albion,Tottenham Hotspur,4,1,AWAY_WIN,0,W,23,4,8,2,8,13,11,2,1,3,0,0,3,3
EPL_2425_WOLVERHAMPTONWANDERERS_BRENTFORD,2024-25,VALIDATION,2025-05-25,Wolverhampton Wanderers,Brentford,1,1,DRAW,1,D,18,13,6,7,7,9,8,3,2,1,0,0,0,1
EPL_2425_WOLVERHAMPTONWANDERERS_BRENTFORD,2024-25,VALIDATION,2025-05-25,Brentford,Wolverhampton Wanderers,1,1,DRAW,0,D,13,18,7,6,9,7,3,8,1,2,0,0,0,1
EPL_2526_LIVERPOOL_BOURNEMOUTH,2025-26,TEST,2025-08-15,Liverpool,Bournemouth,4,2,HOME_WIN,1,W,19,10,10,3,7,10,6,7,1,2,0,0,2,3
EPL_2526_LIVERPOOL_BOURNEMOUTH,2025-26,TEST,2025-08-15,Bournemouth,Liverpool,2,4,HOME_WIN,0,L,10,19,3,10,10,7,7,6,2,1,0,0,-2,0
EPL_2526_ASTONVILLA_NEWCASTLEUNITED,2025-26,TEST,2025-08-16,Aston Villa,Newcastle United,0,0,DRAW,1,D,3,16,3,3,13,11,3,6,1,1,1,0,0,1
EPL_2526_ASTONVILLA_NEWCASTLEUNITED,2025-26,TEST,2025-08-16,Newcastle United,Aston Villa,0,0,DRAW,0,D,16,3,3,3,11,13,6,3,1,1,0,1,0,1
EPL_2526_BRIGHTONHOVEALBION_FULHAM,2025-26,TEST,2025-08-16,Brighton & Hove Albion,Fulham,1,1,DRAW,1,D,10,7,4,2,16,15,4,3,3,3,0,0,0,1
EPL_2526_BRIGHTONHOVEALBION_FULHAM,2025-26,TEST,2025-08-16,Fulham,Brighton & Hove Albion,1,1,DRAW,0,D,7,10,2,4,15,16,3,4,3,3,0,0,0,1
EPL_2526_SUNDERLAND_WESTHAMUNITED,2025-26,TEST,2025-08-16,Sunderland,West Ham United,3,0,HOME_WIN,1,W,10,12,5,4,8,10,5,7,0,1,0,0,3,3
EPL_2526_SUNDERLAND_WESTHAMUNITED,2025-26,TEST,2025-08-16,West Ham United,Sunderland,0,3,HOME_WIN,0,L,12,10,4,5,10,8,7,5,1,0,0,0,-3,0
EPL_2526_TOTTENHAMHOTSPUR_BURNLEY,2025-26,TEST,2025-08-16,Tottenham Hotspur,Burnley,3,0,HOME_WIN,1,W,16,14,6,4,14,8,6,5,0,0,0,0,3,3
EPL_2526_TOTTENHAMHOTSPUR_BURNLEY,2025-26,TEST,2025-08-16,Burnley,Tottenham Hotspur,0,3,HOME_WIN,0,L,14,16,4,6,8,14,5,6,0,0,0,0,-3,0
EPL_2526_WOLVERHAMPTONWANDERERS_MANCHESTERCITY,2025-26,TEST,2025-08-16,Wolverhampton Wanderers,Manchester City,0,4,AWAY_WIN,1,L,9,15,3,4,13,7,4,6,1,2,0,0,-4,0
EPL_2526_WOLVERHAMPTONWANDERERS_MANCHESTERCITY,2025-26,TEST,2025-08-16,Manchester City,Wolverhampton Wanderers,4,0,AWAY_WIN,0,W,15,9,4,3,7,13,6,4,2,1,0,0,4,3
EPL_2526_CHELSEA_CRYSTALPALACE,2025-26,TEST,2025-08-17,Chelsea,Crystal Palace,0,0,DRAW,1,D,19,12,3,4,10,12,11,2,2,3,0,0,0,1
EPL_2526_CHELSEA_CRYSTALPALACE,2025-26,TEST,2025-08-17,Crystal Palace,Chelsea,0,0,DRAW,0,D,12,19,4,3,12,10,2,11,3,2,0,0,0,1
EPL_2526_MANCHESTERUNITED_ARSENAL,2025-26,TEST,2025-08-17,Manchester United,Arsenal,0,1,AWAY_WIN,1,L,22,9,7,3,10,19,3,4,1,4,0,0,-1,0
EPL_2526_MANCHESTERUNITED_ARSENAL,2025-26,TEST,2025-08-17,Arsenal,Manchester United,1,0,AWAY_WIN,0,W,9,22,3,7,19,10,4,3,4,1,0,0,1,3
EPL_2526_NOTTINGHAMFOREST_BRENTFORD,2025-26,TEST,2025-08-17,Nottingham Forest,Brentford,3,1,HOME_WIN,1,W,11,10,5,3,7,15,5,5,1,2,0,0,2,3
EPL_2526_NOTTINGHAMFOREST_BRENTFORD,2025-26,TEST,2025-08-17,Brentford,Nottingham Forest,1,3,HOME_WIN,0,L,10,11,3,5,15,7,5,5,2,1,0,0,-2,0
EPL_2526_LEEDSUNITED_EVERTON,2025-26,TEST,2025-08-18,Leeds United,Everton,1,0,HOME_WIN,1,W,21,7,3,1,6,8,7,2,0,2,0,0,1,3
EPL_2526_LEEDSUNITED_EVERTON,2025-26,TEST,2025-08-18,Everton,Leeds United,0,1,HOME_WIN,0,L,7,21,1,3,8,6,2,7,2,0,0,0,-1,0
EPL_2526_WESTHAMUNITED_CHELSEA,2025-26,TEST,2025-08-22,West Ham United,Chelsea,1,5,AWAY_WIN,1,L,12,12,4,7,7,10,7,5,0,1,0,0,-4,0
EPL_2526_WESTHAMUNITED_CHELSEA,2025-26,TEST,2025-08-22,Chelsea,West Ham United,5,1,AWAY_WIN,0,W,12,12,7,4,10,7,5,7,1,0,0,0,4,3
EPL_2526_ARSENAL_LEEDSUNITED,2025-26,TEST,2025-08-23,Arsenal,Leeds United,5,0,HOME_WIN,1,W,18,3,5,1,8,11,2,2,0,2,0,0,5,3
EPL_2526_ARSENAL_LEEDSUNITED,2025-26,TEST,2025-08-23,Leeds United,Arsenal,0,5,HOME_WIN,0,L,3,18,1,5,11,8,2,2,2,0,0,0,-5,0
EPL_2526_BOURNEMOUTH_WOLVERHAMPTONWANDERERS,2025-26,TEST,2025-08-23,Bournemouth,Wolverhampton Wanderers,1,0,HOME_WIN,1,W,14,6,4,1,13,16,8,3,2,4,0,1,1,3
EPL_2526_BOURNEMOUTH_WOLVERHAMPTONWANDERERS,2025-26,TEST,2025-08-23,Wolverhampton Wanderers,Bournemouth,0,1,HOME_WIN,0,L,6,14,1,4,16,13,3,8,4,2,1,0,-1,0
EPL_2526_BRENTFORD_ASTONVILLA,2025-26,TEST,2025-08-23,Brentford,Aston Villa,1,0,HOME_WIN,1,W,9,17,2,2,11,9,2,9,1,2,0,0,1,3
EPL_2526_BRENTFORD_ASTONVILLA,2025-26,TEST,2025-08-23,Aston Villa,Brentford,0,1,HOME_WIN,0,L,17,9,2,2,9,11,9,2,2,1,0,0,-1,0
EPL_2526_BURNLEY_SUNDERLAND,2025-26,TEST,2025-08-23,Burnley,Sunderland,2,0,HOME_WIN,1,W,7,9,2,1,9,5,4,3,0,1,0,0,2,3
EPL_2526_BURNLEY_SUNDERLAND,2025-26,TEST,2025-08-23,Sunderland,Burnley,0,2,HOME_WIN,0,L,9,7,1,2,5,9,3,4,1,0,0,0,-2,0
EPL_2526_MANCHESTERCITY_TOTTENHAMHOTSPUR,2025-26,TEST,2025-08-23,Manchester City,Tottenham Hotspur,0,2,AWAY_WIN,1,L,10,12,4,5,7,12,7,2,1,4,0,0,-2,0
EPL_2526_MANCHESTERCITY_TOTTENHAMHOTSPUR,2025-26,TEST,2025-08-23,Tottenham Hotspur,Manchester City,2,0,AWAY_WIN,0,W,12,10,5,4,12,7,2,7,4,1,0,0,2,3
EPL_2526_CRYSTALPALACE_NOTTINGHAMFOREST,2025-26,TEST,2025-08-24,Crystal Palace,Nottingham Forest,1,1,DRAW,1,D,8,9,4,1,11,11,1,3,3,3,0,0,0,1
EPL_2526_CRYSTALPALACE_NOTTINGHAMFOREST,2025-26,TEST,2025-08-24,Nottingham Forest,Crystal Palace,1,1,DRAW,0,D,9,8,1,4,11,11,3,1,3,3,0,0,0,1
EPL_2526_EVERTON_BRIGHTONHOVEALBION,2025-26,TEST,2025-08-24,Everton,Brighton & Hove Albion,2,0,HOME_WIN,1,W,11,13,3,4,7,15,2,2,4,3,0,0,2,3
EPL_2526_EVERTON_BRIGHTONHOVEALBION,2025-26,TEST,2025-08-24,Brighton & Hove Albion,Everton,0,2,HOME_WIN,0,L,13,11,4,3,15,7,2,2,3,4,0,0,-2,0
EPL_2526_FULHAM_MANCHESTERUNITED,2025-26,TEST,2025-08-24,Fulham,Manchester United,1,1,DRAW,1,D,13,10,4,3,12,10,9,6,1,1,0,0,0,1
EPL_2526_FULHAM_MANCHESTERUNITED,2025-26,TEST,2025-08-24,Manchester United,Fulham,1,1,DRAW,0,D,10,13,3,4,10,12,6,9,1,1,0,0,0,1
EPL_2526_NEWCASTLEUNITED_LIVERPOOL,2025-26,TEST,2025-08-25,Newcastle United,Liverpool,2,3,AWAY_WIN,1,L,10,5,3,4,17,15,7,1,2,3,1,0,-1,0
EPL_2526_NEWCASTLEUNITED_LIVERPOOL,2025-26,TEST,2025-08-25,Liverpool,Newcastle United,3,2,AWAY_WIN,0,W,5,10,4,3,15,17,1,7,3,2,0,1,1,3
EPL_2526_CHELSEA_FULHAM,2025-26,TEST,2025-08-30,Chelsea,Fulham,2,0,HOME_WIN,1,W,13,11,6,3,11,17,6,4,2,2,0,0,2,3
EPL_2526_CHELSEA_FULHAM,2025-26,TEST,2025-08-30,Fulham,Chelsea,0,2,HOME_WIN,0,L,11,13,3,6,17,11,4,6,2,2,0,0,-2,0
EPL_2526_LEEDSUNITED_NEWCASTLEUNITED,2025-26,TEST,2025-08-30,Leeds United,Newcastle United,0,0,DRAW,1,D,10,8,1,2,10,15,5,5,1,1,0,0,0,1
EPL_2526_LEEDSUNITED_NEWCASTLEUNITED,2025-26,TEST,2025-08-30,Newcastle United,Leeds United,0,0,DRAW,0,D,8,10,2,1,15,10,5,5,1,1,0,0,0,1
EPL_2526_MANCHESTERUNITED_BURNLEY,2025-26,TEST,2025-08-30,Manchester United,Burnley,3,2,HOME_WIN,1,W,26,6,6,3,9,9,7,1,1,5,0,0,1,3
EPL_2526_MANCHESTERUNITED_BURNLEY,2025-26,TEST,2025-08-30,Burnley,Manchester United,2,3,HOME_WIN,0,L,6,26,3,6,9,9,1,7,5,1,0,0,-1,0
EPL_2526_SUNDERLAND_BRENTFORD,2025-26,TEST,2025-08-30,Sunderland,Brentford,2,1,HOME_WIN,1,W,12,7,3,4,11,12,3,4,3,2,0,0,1,3
EPL_2526_SUNDERLAND_BRENTFORD,2025-26,TEST,2025-08-30,Brentford,Sunderland,1,2,HOME_WIN,0,L,7,12,4,3,12,11,4,3,2,3,0,0,-1,0
EPL_2526_TOTTENHAMHOTSPUR_BOURNEMOUTH,2025-26,TEST,2025-08-30,Tottenham Hotspur,Bournemouth,0,1,AWAY_WIN,1,L,5,20,1,6,17,13,0,8,2,4,0,0,-1,0
EPL_2526_TOTTENHAMHOTSPUR_BOURNEMOUTH,2025-26,TEST,2025-08-30,Bournemouth,Tottenham Hotspur,1,0,AWAY_WIN,0,W,20,5,6,1,13,17,8,0,4,2,0,0,1,3
EPL_2526_WOLVERHAMPTONWANDERERS_EVERTON,2025-26,TEST,2025-08-30,Wolverhampton Wanderers,Everton,2,3,AWAY_WIN,1,L,12,10,4,4,15,10,2,2,0,1,0,0,-1,0
EPL_2526_WOLVERHAMPTONWANDERERS_EVERTON,2025-26,TEST,2025-08-30,Everton,Wolverhampton Wanderers,3,2,AWAY_WIN,0,W,10,12,4,4,10,15,2,2,1,0,0,0,1,3
EPL_2526_ASTONVILLA_CRYSTALPALACE,2025-26,TEST,2025-08-31,Aston Villa,Crystal Palace,0,3,AWAY_WIN,1,L,13,6,4,4,7,14,10,1,2,3,0,0,-3,0
EPL_2526_ASTONVILLA_CRYSTALPALACE,2025-26,TEST,2025-08-31,Crystal Palace,Aston Villa,3,0,AWAY_WIN,0,W,6,13,4,4,14,7,1,10,3,2,0,0,3,3
EPL_2526_BRIGHTONHOVEALBION_MANCHESTERCITY,2025-26,TEST,2025-08-31,Brighton & Hove Albion,Manchester City,2,1,HOME_WIN,1,W,12,12,7,3,16,14,3,2,2,2,0,0,1,3
EPL_2526_BRIGHTONHOVEALBION_MANCHESTERCITY,2025-26,TEST,2025-08-31,Manchester City,Brighton & Hove Albion,1,2,HOME_WIN,0,L,12,12,3,7,14,16,2,3,2,2,0,0,-1,0
EPL_2526_LIVERPOOL_ARSENAL,2025-26,TEST,2025-08-31,Liverpool,Arsenal,1,0,HOME_WIN,1,W,9,11,3,1,7,10,3,8,2,2,0,0,1,3
EPL_2526_LIVERPOOL_ARSENAL,2025-26,TEST,2025-08-31,Arsenal,Liverpool,0,1,HOME_WIN,0,L,11,9,1,3,10,7,8,3,2,2,0,0,-1,0
EPL_2526_NOTTINGHAMFOREST_WESTHAMUNITED,2025-26,TEST,2025-08-31,Nottingham Forest,West Ham United,0,3,AWAY_WIN,1,L,11,12,3,8,14,6,9,7,0,0,0,0,-3,0
EPL_2526_NOTTINGHAMFOREST_WESTHAMUNITED,2025-26,TEST,2025-08-31,West Ham United,Nottingham Forest,3,0,AWAY_WIN,0,W,12,11,8,3,6,14,7,9,0,0,0,0,3,3
EPL_2526_ARSENAL_NOTTINGHAMFOREST,2025-26,TEST,2025-09-13,Arsenal,Nottingham Forest,3,0,HOME_WIN,1,W,16,5,5,1,8,11,8,4,1,1,0,0,3,3
EPL_2526_ARSENAL_NOTTINGHAMFOREST,2025-26,TEST,2025-09-13,Nottingham Forest,Arsenal,0,3,HOME_WIN,0,L,5,16,1,5,11,8,4,8,1,1,0,0,-3,0
EPL_2526_BOURNEMOUTH_BRIGHTONHOVEALBION,2025-26,TEST,2025-09-13,Bournemouth,Brighton & Hove Albion,2,1,HOME_WIN,1,W,13,6,5,2,16,10,4,4,4,4,0,0,1,3
EPL_2526_BOURNEMOUTH_BRIGHTONHOVEALBION,2025-26,TEST,2025-09-13,Brighton & Hove Albion,Bournemouth,1,2,HOME_WIN,0,L,6,13,2,5,10,16,4,4,4,4,0,0,-1,0
EPL_2526_BRENTFORD_CHELSEA,2025-26,TEST,2025-09-13,Brentford,Chelsea,2,2,DRAW,1,D,7,16,4,6,13,9,5,6,3,2,0,0,0,1
EPL_2526_BRENTFORD_CHELSEA,2025-26,TEST,2025-09-13,Chelsea,Brentford,2,2,DRAW,0,D,16,7,6,4,9,13,6,5,2,3,0,0,0,1
EPL_2526_CRYSTALPALACE_SUNDERLAND,2025-26,TEST,2025-09-13,Crystal Palace,Sunderland,0,0,DRAW,1,D,14,6,6,0,10,8,5,3,1,1,0,0,0,1
EPL_2526_CRYSTALPALACE_SUNDERLAND,2025-26,TEST,2025-09-13,Sunderland,Crystal Palace,0,0,DRAW,0,D,6,14,0,6,8,10,3,5,1,1,0,0,0,1
EPL_2526_EVERTON_ASTONVILLA,2025-26,TEST,2025-09-13,Everton,Aston Villa,0,0,DRAW,1,D,20,7,2,1,17,15,10,3,3,3,0,0,0,1
EPL_2526_EVERTON_ASTONVILLA,2025-26,TEST,2025-09-13,Aston Villa,Everton,0,0,DRAW,0,D,7,20,1,2,15,17,3,10,3,3,0,0,0,1
EPL_2526_FULHAM_LEEDSUNITED,2025-26,TEST,2025-09-13,Fulham,Leeds United,1,0,HOME_WIN,1,W,5,10,3,3,20,15,3,3,1,2,0,0,1,3
EPL_2526_FULHAM_LEEDSUNITED,2025-26,TEST,2025-09-13,Leeds United,Fulham,0,1,HOME_WIN,0,L,10,5,3,3,15,20,3,3,2,1,0,0,-1,0
EPL_2526_NEWCASTLEUNITED_WOLVERHAMPTONWANDERERS,2025-26,TEST,2025-09-13,Newcastle United,Wolverhampton Wanderers,1,0,HOME_WIN,1,W,16,8,4,3,10,17,10,4,1,4,0,0,1,3
EPL_2526_NEWCASTLEUNITED_WOLVERHAMPTONWANDERERS,2025-26,TEST,2025-09-13,Wolverhampton Wanderers,Newcastle United,0,1,HOME_WIN,0,L,8,16,3,4,17,10,4,10,4,1,0,0,-1,0
EPL_2526_WESTHAMUNITED_TOTTENHAMHOTSPUR,2025-26,TEST,2025-09-13,West Ham United,Tottenham Hotspur,0,3,AWAY_WIN,1,L,7,14,4,5,8,7,2,13,0,1,1,0,-3,0
EPL_2526_WESTHAMUNITED_TOTTENHAMHOTSPUR,2025-26,TEST,2025-09-13,Tottenham Hotspur,West Ham United,3,0,AWAY_WIN,0,W,14,7,5,4,7,8,13,2,1,0,0,1,3,3
EPL_2526_BURNLEY_LIVERPOOL,2025-26,TEST,2025-09-14,Burnley,Liverpool,0,1,AWAY_WIN,1,L,3,27,0,4,9,9,1,13,0,2,0,0,-1,0
EPL_2526_BURNLEY_LIVERPOOL,2025-26,TEST,2025-09-14,Liverpool,Burnley,1,0,AWAY_WIN,0,W,27,3,4,0,9,9,13,1,2,0,0,0,1,3
EPL_2526_MANCHESTERCITY_MANCHESTERUNITED,2025-26,TEST,2025-09-14,Manchester City,Manchester United,3,0,HOME_WIN,1,W,13,12,6,2,8,8,2,4,0,0,0,0,3,3
EPL_2526_MANCHESTERCITY_MANCHESTERUNITED,2025-26,TEST,2025-09-14,Manchester United,Manchester City,0,3,HOME_WIN,0,L,12,13,2,6,8,8,4,2,0,0,0,0,-3,0
EPL_2526_BRIGHTONHOVEALBION_TOTTENHAMHOTSPUR,2025-26,TEST,2025-09-20,Brighton & Hove Albion,Tottenham Hotspur,2,2,DRAW,1,D,12,11,4,3,10,13,2,10,1,2,0,0,0,1
EPL_2526_BRIGHTONHOVEALBION_TOTTENHAMHOTSPUR,2025-26,TEST,2025-09-20,Tottenham Hotspur,Brighton & Hove Albion,2,2,DRAW,0,D,11,12,3,4,13,10,10,2,2,1,0,0,0,1
EPL_2526_BURNLEY_NOTTINGHAMFOREST,2025-26,TEST,2025-09-20,Burnley,Nottingham Forest,1,1,DRAW,1,D,12,17,5,8,12,11,4,5,1,1,0,0,0,1
EPL_2526_BURNLEY_NOTTINGHAMFOREST,2025-26,TEST,2025-09-20,Nottingham Forest,Burnley,1,1,DRAW,0,D,17,12,8,5,11,12,5,4,1,1,0,0,0,1
EPL_2526_FULHAM_BRENTFORD,2025-26,TEST,2025-09-20,Fulham,Brentford,3,1,HOME_WIN,1,W,14,8,3,3,11,13,2,10,4,1,0,0,2,3
EPL_2526_FULHAM_BRENTFORD,2025-26,TEST,2025-09-20,Brentford,Fulham,1,3,HOME_WIN,0,L,8,14,3,3,13,11,10,2,1,4,0,0,-2,0
EPL_2526_LIVERPOOL_EVERTON,2025-26,TEST,2025-09-20,Liverpool,Everton,2,1,HOME_WIN,1,W,11,9,3,2,11,10,5,4,2,3,0,0,1,3
EPL_2526_LIVERPOOL_EVERTON,2025-26,TEST,2025-09-20,Everton,Liverpool,1,2,HOME_WIN,0,L,9,11,2,3,10,11,4,5,3,2,0,0,-1,0
EPL_2526_MANCHESTERUNITED_CHELSEA,2025-26,TEST,2025-09-20,Manchester United,Chelsea,2,1,HOME_WIN,1,W,11,5,4,1,13,14,5,5,0,5,1,1,1,3
EPL_2526_MANCHESTERUNITED_CHELSEA,2025-26,TEST,2025-09-20,Chelsea,Manchester United,1,2,HOME_WIN,0,L,5,11,1,4,14,13,5,5,5,0,1,1,-1,0
EPL_2526_WESTHAMUNITED_CRYSTALPALACE,2025-26,TEST,2025-09-20,West Ham United,Crystal Palace,1,2,AWAY_WIN,1,L,8,18,3,3,15,5,8,8,3,3,0,0,-1,0
EPL_2526_WESTHAMUNITED_CRYSTALPALACE,2025-26,TEST,2025-09-20,Crystal Palace,West Ham United,2,1,AWAY_WIN,0,W,18,8,3,3,5,15,8,8,3,3,0,0,1,3
EPL_2526_WOLVERHAMPTONWANDERERS_LEEDSUNITED,2025-26,TEST,2025-09-20,Wolverhampton Wanderers,Leeds United,1,3,AWAY_WIN,1,L,16,6,6,4,11,9,4,0,1,1,0,0,-2,0
EPL_2526_WOLVERHAMPTONWANDERERS_LEEDSUNITED,2025-26,TEST,2025-09-20,Leeds United,Wolverhampton Wanderers,3,1,AWAY_WIN,0,W,6,16,4,6,9,11,0,4,1,1,0,0,2,3
EPL_2526_ARSENAL_MANCHESTERCITY,2025-26,TEST,2025-09-21,Arsenal,Manchester City,1,1,DRAW,1,D,12,5,3,3,11,10,11,2,1,2,0,0,0,1
EPL_2526_ARSENAL_MANCHESTERCITY,2025-26,TEST,2025-09-21,Manchester City,Arsenal,1,1,DRAW,0,D,5,12,3,3,10,11,2,11,2,1,0,0,0,1
EPL_2526_BOURNEMOUTH_NEWCASTLEUNITED,2025-26,TEST,2025-09-21,Bournemouth,Newcastle United,0,0,DRAW,1,D,11,4,2,1,7,10,5,2,2,1,0,0,0,1
EPL_2526_BOURNEMOUTH_NEWCASTLEUNITED,2025-26,TEST,2025-09-21,Newcastle United,Bournemouth,0,0,DRAW,0,D,4,11,1,2,10,7,2,5,1,2,0,0,0,1
EPL_2526_SUNDERLAND_ASTONVILLA,2025-26,TEST,2025-09-21,Sunderland,Aston Villa,1,1,DRAW,1,D,14,12,4,2,14,8,6,5,2,1,1,0,0,1
EPL_2526_SUNDERLAND_ASTONVILLA,2025-26,TEST,2025-09-21,Aston Villa,Sunderland,1,1,DRAW,0,D,12,14,2,4,8,14,5,6,1,2,0,1,0,1
EPL_2526_BRENTFORD_MANCHESTERUNITED,2025-26,TEST,2025-09-27,Brentford,Manchester United,3,1,HOME_WIN,1,W,10,14,8,6,14,10,4,2,2,2,0,0,2,3
EPL_2526_BRENTFORD_MANCHESTERUNITED,2025-26,TEST,2025-09-27,Manchester United,Brentford,1,3,HOME_WIN,0,L,14,10,6,8,10,14,2,4,2,2,0,0,-2,0
EPL_2526_CHELSEA_BRIGHTONHOVEALBION,2025-26,TEST,2025-09-27,Chelsea,Brighton & Hove Albion,1,3,AWAY_WIN,1,L,13,12,3,3,9,16,5,7,3,5,1,0,-2,0
EPL_2526_CHELSEA_BRIGHTONHOVEALBION,2025-26,TEST,2025-09-27,Brighton & Hove Albion,Chelsea,3,1,AWAY_WIN,0,W,12,13,3,3,16,9,7,5,5,3,0,1,2,3
EPL_2526_CRYSTALPALACE_LIVERPOOL,2025-26,TEST,2025-09-27,Crystal Palace,Liverpool,2,1,HOME_WIN,1,W,16,20,7,4,10,8,2,6,1,3,0,0,1,3
EPL_2526_CRYSTALPALACE_LIVERPOOL,2025-26,TEST,2025-09-27,Liverpool,Crystal Palace,1,2,HOME_WIN,0,L,20,16,4,7,8,10,6,2,3,1,0,0,-1,0
EPL_2526_LEEDSUNITED_BOURNEMOUTH,2025-26,TEST,2025-09-27,Leeds United,Bournemouth,2,2,DRAW,1,D,19,12,8,5,12,13,7,4,2,2,0,0,0,1
EPL_2526_LEEDSUNITED_BOURNEMOUTH,2025-26,TEST,2025-09-27,Bournemouth,Leeds United,2,2,DRAW,0,D,12,19,5,8,13,12,4,7,2,2,0,0,0,1
EPL_2526_MANCHESTERCITY_BURNLEY,2025-26,TEST,2025-09-27,Manchester City,Burnley,5,1,HOME_WIN,1,W,21,9,8,2,5,7,10,2,1,3,0,0,4,3
EPL_2526_MANCHESTERCITY_BURNLEY,2025-26,TEST,2025-09-27,Burnley,Manchester City,1,5,HOME_WIN,0,L,9,21,2,8,7,5,2,10,3,1,0,0,-4,0
EPL_2526_NOTTINGHAMFOREST_SUNDERLAND,2025-26,TEST,2025-09-27,Nottingham Forest,Sunderland,0,1,AWAY_WIN,1,L,22,11,6,3,11,6,7,4,4,2,0,0,-1,0
EPL_2526_NOTTINGHAMFOREST_SUNDERLAND,2025-26,TEST,2025-09-27,Sunderland,Nottingham Forest,1,0,AWAY_WIN,0,W,11,22,3,6,6,11,4,7,2,4,0,0,1,3
EPL_2526_TOTTENHAMHOTSPUR_WOLVERHAMPTONWANDERERS,2025-26,TEST,2025-09-27,Tottenham Hotspur,Wolverhampton Wanderers,1,1,DRAW,1,D,10,9,3,3,9,11,10,9,3,2,0,0,0,1
EPL_2526_TOTTENHAMHOTSPUR_WOLVERHAMPTONWANDERERS,2025-26,TEST,2025-09-27,Wolverhampton Wanderers,Tottenham Hotspur,1,1,DRAW,0,D,9,10,3,3,11,9,9,10,2,3,0,0,0,1
EPL_2526_ASTONVILLA_FULHAM,2025-26,TEST,2025-09-28,Aston Villa,Fulham,3,1,HOME_WIN,1,W,9,11,4,4,10,13,2,8,1,4,0,0,2,3
EPL_2526_ASTONVILLA_FULHAM,2025-26,TEST,2025-09-28,Fulham,Aston Villa,1,3,HOME_WIN,0,L,11,9,4,4,13,10,8,2,4,1,0,0,-2,0
EPL_2526_NEWCASTLEUNITED_ARSENAL,2025-26,TEST,2025-09-28,Newcastle United,Arsenal,1,2,AWAY_WIN,1,L,8,20,3,7,8,9,7,12,2,1,0,0,-1,0
EPL_2526_NEWCASTLEUNITED_ARSENAL,2025-26,TEST,2025-09-28,Arsenal,Newcastle United,2,1,AWAY_WIN,0,W,20,8,7,3,9,8,12,7,1,2,0,0,1,3
EPL_2526_EVERTON_WESTHAMUNITED,2025-26,TEST,2025-09-29,Everton,West Ham United,1,1,DRAW,1,D,12,14,6,3,7,16,3,5,3,4,0,0,0,1
EPL_2526_EVERTON_WESTHAMUNITED,2025-26,TEST,2025-09-29,West Ham United,Everton,1,1,DRAW,0,D,14,12,3,6,16,7,5,3,4,3,0,0,0,1
EPL_2526_BOURNEMOUTH_FULHAM,2025-26,TEST,2025-10-03,Bournemouth,Fulham,3,1,HOME_WIN,1,W,11,12,6,4,8,10,4,3,0,1,0,0,2,3
EPL_2526_BOURNEMOUTH_FULHAM,2025-26,TEST,2025-10-03,Fulham,Bournemouth,1,3,HOME_WIN,0,L,12,11,4,6,10,8,3,4,1,0,0,0,-2,0
EPL_2526_ARSENAL_WESTHAMUNITED,2025-26,TEST,2025-10-04,Arsenal,West Ham United,2,0,HOME_WIN,1,W,21,4,5,0,14,14,8,3,0,2,0,0,2,3
EPL_2526_ARSENAL_WESTHAMUNITED,2025-26,TEST,2025-10-04,West Ham United,Arsenal,0,2,HOME_WIN,0,L,4,21,0,5,14,14,3,8,2,0,0,0,-2,0
EPL_2526_CHELSEA_LIVERPOOL,2025-26,TEST,2025-10-04,Chelsea,Liverpool,2,1,HOME_WIN,1,W,12,12,6,2,9,8,7,2,0,2,0,0,1,3
EPL_2526_CHELSEA_LIVERPOOL,2025-26,TEST,2025-10-04,Liverpool,Chelsea,1,2,HOME_WIN,0,L,12,12,2,6,8,9,2,7,2,0,0,0,-1,0
EPL_2526_LEEDSUNITED_TOTTENHAMHOTSPUR,2025-26,TEST,2025-10-04,Leeds United,Tottenham Hotspur,1,2,AWAY_WIN,1,L,16,9,4,3,10,12,4,1,2,3,0,0,-1,0
EPL_2526_LEEDSUNITED_TOTTENHAMHOTSPUR,2025-26,TEST,2025-10-04,Tottenham Hotspur,Leeds United,2,1,AWAY_WIN,0,W,9,16,3,4,12,10,1,4,3,2,0,0,1,3
EPL_2526_MANCHESTERUNITED_SUNDERLAND,2025-26,TEST,2025-10-04,Manchester United,Sunderland,2,0,HOME_WIN,1,W,15,8,6,3,10,12,2,3,1,4,0,0,2,3
EPL_2526_MANCHESTERUNITED_SUNDERLAND,2025-26,TEST,2025-10-04,Sunderland,Manchester United,0,2,HOME_WIN,0,L,8,15,3,6,12,10,3,2,4,1,0,0,-2,0
EPL_2526_ASTONVILLA_BURNLEY,2025-26,TEST,2025-10-05,Aston Villa,Burnley,2,1,HOME_WIN,1,W,15,5,7,2,9,15,6,4,3,1,0,0,1,3
EPL_2526_ASTONVILLA_BURNLEY,2025-26,TEST,2025-10-05,Burnley,Aston Villa,1,2,HOME_WIN,0,L,5,15,2,7,15,9,4,6,1,3,0,0,-1,0
EPL_2526_BRENTFORD_MANCHESTERCITY,2025-26,TEST,2025-10-05,Brentford,Manchester City,0,1,AWAY_WIN,1,L,6,10,1,4,10,6,3,2,3,2,0,0,-1,0
EPL_2526_BRENTFORD_MANCHESTERCITY,2025-26,TEST,2025-10-05,Manchester City,Brentford,1,0,AWAY_WIN,0,W,10,6,4,1,6,10,2,3,2,3,0,0,1,3
EPL_2526_EVERTON_CRYSTALPALACE,2025-26,TEST,2025-10-05,Everton,Crystal Palace,2,1,HOME_WIN,1,W,14,15,7,8,13,16,2,4,2,3,0,0,1,3
EPL_2526_EVERTON_CRYSTALPALACE,2025-26,TEST,2025-10-05,Crystal Palace,Everton,1,2,HOME_WIN,0,L,15,14,8,7,16,13,4,2,3,2,0,0,-1,0
EPL_2526_NEWCASTLEUNITED_NOTTINGHAMFOREST,2025-26,TEST,2025-10-05,Newcastle United,Nottingham Forest,2,0,HOME_WIN,1,W,18,5,9,4,16,15,8,1,0,4,0,0,2,3
EPL_2526_NEWCASTLEUNITED_NOTTINGHAMFOREST,2025-26,TEST,2025-10-05,Nottingham Forest,Newcastle United,0,2,HOME_WIN,0,L,5,18,4,9,15,16,1,8,4,0,0,0,-2,0
EPL_2526_WOLVERHAMPTONWANDERERS_BRIGHTONHOVEALBION,2025-26,TEST,2025-10-05,Wolverhampton Wanderers,Brighton & Hove Albion,1,1,DRAW,1,D,6,17,3,6,13,9,2,8,2,4,0,0,0,1
EPL_2526_WOLVERHAMPTONWANDERERS_BRIGHTONHOVEALBION,2025-26,TEST,2025-10-05,Brighton & Hove Albion,Wolverhampton Wanderers,1,1,DRAW,0,D,17,6,6,3,9,13,8,2,4,2,0,0,0,1
EPL_2526_BRIGHTONHOVEALBION_NEWCASTLEUNITED,2025-26,TEST,2025-10-18,Brighton & Hove Albion,Newcastle United,2,1,HOME_WIN,1,W,13,16,5,3,9,9,8,4,0,1,0,0,1,3
EPL_2526_BRIGHTONHOVEALBION_NEWCASTLEUNITED,2025-26,TEST,2025-10-18,Newcastle United,Brighton & Hove Albion,1,2,HOME_WIN,0,L,16,13,3,5,9,9,4,8,1,0,0,0,-1,0
EPL_2526_BURNLEY_LEEDSUNITED,2025-26,TEST,2025-10-18,Burnley,Leeds United,2,0,HOME_WIN,1,W,4,19,3,4,10,7,1,5,2,1,0,0,2,3
EPL_2526_BURNLEY_LEEDSUNITED,2025-26,TEST,2025-10-18,Leeds United,Burnley,0,2,HOME_WIN,0,L,19,4,4,3,7,10,5,1,1,2,0,0,-2,0
EPL_2526_CRYSTALPALACE_BOURNEMOUTH,2025-26,TEST,2025-10-18,Crystal Palace,Bournemouth,3,3,DRAW,1,D,20,8,7,5,8,16,6,5,1,4,0,0,0,1
EPL_2526_CRYSTALPALACE_BOURNEMOUTH,2025-26,TEST,2025-10-18,Bournemouth,Crystal Palace,3,3,DRAW,0,D,8,20,5,7,16,8,5,6,4,1,0,0,0,1
EPL_2526_FULHAM_ARSENAL,2025-26,TEST,2025-10-18,Fulham,Arsenal,0,1,AWAY_WIN,1,L,9,16,0,5,11,4,6,10,0,0,0,0,-1,0
EPL_2526_FULHAM_ARSENAL,2025-26,TEST,2025-10-18,Arsenal,Fulham,1,0,AWAY_WIN,0,W,16,9,5,0,4,11,10,6,0,0,0,0,1,3
EPL_2526_MANCHESTERCITY_EVERTON,2025-26,TEST,2025-10-18,Manchester City,Everton,2,0,HOME_WIN,1,W,19,5,7,1,8,14,11,3,0,2,0,0,2,3
EPL_2526_MANCHESTERCITY_EVERTON,2025-26,TEST,2025-10-18,Everton,Manchester City,0,2,HOME_WIN,0,L,5,19,1,7,14,8,3,11,2,0,0,0,-2,0
EPL_2526_NOTTINGHAMFOREST_CHELSEA,2025-26,TEST,2025-10-18,Nottingham Forest,Chelsea,0,3,AWAY_WIN,1,L,12,17,2,6,13,16,5,2,2,2,0,1,-3,0
EPL_2526_NOTTINGHAMFOREST_CHELSEA,2025-26,TEST,2025-10-18,Chelsea,Nottingham Forest,3,0,AWAY_WIN,0,W,17,12,6,2,16,13,2,5,2,2,1,0,3,3
EPL_2526_SUNDERLAND_WOLVERHAMPTONWANDERERS,2025-26,TEST,2025-10-18,Sunderland,Wolverhampton Wanderers,2,0,HOME_WIN,1,W,8,16,2,3,5,12,3,2,0,0,0,0,2,3
EPL_2526_SUNDERLAND_WOLVERHAMPTONWANDERERS,2025-26,TEST,2025-10-18,Wolverhampton Wanderers,Sunderland,0,2,HOME_WIN,0,L,16,8,3,2,12,5,2,3,0,0,0,0,-2,0
EPL_2526_LIVERPOOL_MANCHESTERUNITED,2025-26,TEST,2025-10-19,Liverpool,Manchester United,1,2,AWAY_WIN,1,L,19,12,6,4,8,14,9,4,0,2,0,0,-1,0
EPL_2526_LIVERPOOL_MANCHESTERUNITED,2025-26,TEST,2025-10-19,Manchester United,Liverpool,2,1,AWAY_WIN,0,W,12,19,4,6,14,8,4,9,2,0,0,0,1,3
EPL_2526_TOTTENHAMHOTSPUR_ASTONVILLA,2025-26,TEST,2025-10-19,Tottenham Hotspur,Aston Villa,1,2,AWAY_WIN,1,L,9,8,3,2,11,7,6,6,2,0,0,0,-1,0
EPL_2526_TOTTENHAMHOTSPUR_ASTONVILLA,2025-26,TEST,2025-10-19,Aston Villa,Tottenham Hotspur,2,1,AWAY_WIN,0,W,8,9,2,3,7,11,6,6,0,2,0,0,1,3
EPL_2526_WESTHAMUNITED_BRENTFORD,2025-26,TEST,2025-10-20,West Ham United,Brentford,0,2,AWAY_WIN,1,L,7,22,1,7,10,10,6,10,1,1,0,0,-2,0
EPL_2526_WESTHAMUNITED_BRENTFORD,2025-26,TEST,2025-10-20,Brentford,West Ham United,2,0,AWAY_WIN,0,W,22,7,7,1,10,10,10,6,1,1,0,0,2,3
EPL_2526_LEEDSUNITED_WESTHAMUNITED,2025-26,TEST,2025-10-24,Leeds United,West Ham United,2,1,HOME_WIN,1,W,13,9,5,3,12,11,3,4,3,3,0,0,1,3
EPL_2526_LEEDSUNITED_WESTHAMUNITED,2025-26,TEST,2025-10-24,West Ham United,Leeds United,1,2,HOME_WIN,0,L,9,13,3,5,11,12,4,3,3,3,0,0,-1,0
EPL_2526_BRENTFORD_LIVERPOOL,2025-26,TEST,2025-10-25,Brentford,Liverpool,3,2,HOME_WIN,1,W,17,18,8,5,7,10,5,4,3,2,0,0,1,3
EPL_2526_BRENTFORD_LIVERPOOL,2025-26,TEST,2025-10-25,Liverpool,Brentford,2,3,HOME_WIN,0,L,18,17,5,8,10,7,4,5,2,3,0,0,-1,0
EPL_2526_CHELSEA_SUNDERLAND,2025-26,TEST,2025-10-25,Chelsea,Sunderland,1,2,AWAY_WIN,1,L,16,10,7,4,15,13,9,1,1,1,0,0,-1,0
EPL_2526_CHELSEA_SUNDERLAND,2025-26,TEST,2025-10-25,Sunderland,Chelsea,2,1,AWAY_WIN,0,W,10,16,4,7,13,15,1,9,1,1,0,0,1,3
EPL_2526_MANCHESTERUNITED_BRIGHTONHOVEALBION,2025-26,TEST,2025-10-25,Manchester United,Brighton & Hove Albion,4,2,HOME_WIN,1,W,13,17,9,5,4,13,1,6,2,2,0,0,2,3
EPL_2526_MANCHESTERUNITED_BRIGHTONHOVEALBION,2025-26,TEST,2025-10-25,Brighton & Hove Albion,Manchester United,2,4,HOME_WIN,0,L,17,13,5,9,13,4,6,1,2,2,0,0,-2,0
EPL_2526_NEWCASTLEUNITED_FULHAM,2025-26,TEST,2025-10-25,Newcastle United,Fulham,2,1,HOME_WIN,1,W,18,12,7,5,11,18,4,3,0,2,0,0,1,3
EPL_2526_NEWCASTLEUNITED_FULHAM,2025-26,TEST,2025-10-25,Fulham,Newcastle United,1,2,HOME_WIN,0,L,12,18,5,7,18,11,3,4,2,0,0,0,-1,0
EPL_2526_ARSENAL_CRYSTALPALACE,2025-26,TEST,2025-10-26,Arsenal,Crystal Palace,1,0,HOME_WIN,1,W,10,7,3,1,6,11,4,3,0,0,0,0,1,3
EPL_2526_ARSENAL_CRYSTALPALACE,2025-26,TEST,2025-10-26,Crystal Palace,Arsenal,0,1,HOME_WIN,0,L,7,10,1,3,11,6,3,4,0,0,0,0,-1,0
EPL_2526_ASTONVILLA_MANCHESTERCITY,2025-26,TEST,2025-10-26,Aston Villa,Manchester City,1,0,HOME_WIN,1,W,9,18,3,4,8,16,5,6,1,4,0,0,1,3
EPL_2526_ASTONVILLA_MANCHESTERCITY,2025-26,TEST,2025-10-26,Manchester City,Aston Villa,0,1,HOME_WIN,0,L,18,9,4,3,16,8,6,5,4,1,0,0,-1,0
EPL_2526_BOURNEMOUTH_NOTTINGHAMFOREST,2025-26,TEST,2025-10-26,Bournemouth,Nottingham Forest,2,0,HOME_WIN,1,W,13,8,5,4,17,7,6,4,3,1,0,0,2,3
EPL_2526_BOURNEMOUTH_NOTTINGHAMFOREST,2025-26,TEST,2025-10-26,Nottingham Forest,Bournemouth,0,2,HOME_WIN,0,L,8,13,4,5,7,17,4,6,1,3,0,0,-2,0
EPL_2526_EVERTON_TOTTENHAMHOTSPUR,2025-26,TEST,2025-10-26,Everton,Tottenham Hotspur,0,3,AWAY_WIN,1,L,12,7,2,4,9,8,9,8,2,0,0,0,-3,0
EPL_2526_EVERTON_TOTTENHAMHOTSPUR,2025-26,TEST,2025-10-26,Tottenham Hotspur,Everton,3,0,AWAY_WIN,0,W,7,12,4,2,8,9,8,9,0,2,0,0,3,3
EPL_2526_WOLVERHAMPTONWANDERERS_BURNLEY,2025-26,TEST,2025-10-26,Wolverhampton Wanderers,Burnley,2,3,AWAY_WIN,1,L,15,11,7,7,12,7,5,3,1,0,0,0,-1,0
EPL_2526_WOLVERHAMPTONWANDERERS_BURNLEY,2025-26,TEST,2025-10-26,Burnley,Wolverhampton Wanderers,3,2,AWAY_WIN,0,W,11,15,7,7,7,12,3,5,0,1,0,0,1,3
EPL_2526_BRIGHTONHOVEALBION_LEEDSUNITED,2025-26,TEST,2025-11-01,Brighton & Hove Albion,Leeds United,3,0,HOME_WIN,1,W,14,5,7,2,10,7,4,7,0,1,0,0,3,3
EPL_2526_BRIGHTONHOVEALBION_LEEDSUNITED,2025-26,TEST,2025-11-01,Leeds United,Brighton & Hove Albion,0,3,HOME_WIN,0,L,5,14,2,7,7,10,7,4,1,0,0,0,-3,0
EPL_2526_BURNLEY_ARSENAL,2025-26,TEST,2025-11-01,Burnley,Arsenal,0,2,AWAY_WIN,1,L,3,12,0,8,10,13,1,6,2,1,0,0,-2,0
EPL_2526_BURNLEY_ARSENAL,2025-26,TEST,2025-11-01,Arsenal,Burnley,2,0,AWAY_WIN,0,W,12,3,8,0,13,10,6,1,1,2,0,0,2,3
EPL_2526_CRYSTALPALACE_BRENTFORD,2025-26,TEST,2025-11-01,Crystal Palace,Brentford,2,0,HOME_WIN,1,W,9,6,2,2,7,11,6,5,0,3,0,0,2,3
EPL_2526_CRYSTALPALACE_BRENTFORD,2025-26,TEST,2025-11-01,Brentford,Crystal Palace,0,2,HOME_WIN,0,L,6,9,2,2,11,7,5,6,3,0,0,0,-2,0
EPL_2526_FULHAM_WOLVERHAMPTONWANDERERS,2025-26,TEST,2025-11-01,Fulham,Wolverhampton Wanderers,3,0,HOME_WIN,1,W,19,5,6,2,13,14,10,1,1,3,0,1,3,3
EPL_2526_FULHAM_WOLVERHAMPTONWANDERERS,2025-26,TEST,2025-11-01,Wolverhampton Wanderers,Fulham,0,3,HOME_WIN,0,L,5,19,2,6,14,13,1,10,3,1,1,0,-3,0
EPL_2526_LIVERPOOL_ASTONVILLA,2025-26,TEST,2025-11-01,Liverpool,Aston Villa,2,0,HOME_WIN,1,W,16,10,4,3,13,11,1,4,2,3,0,0,2,3
EPL_2526_LIVERPOOL_ASTONVILLA,2025-26,TEST,2025-11-01,Aston Villa,Liverpool,0,2,HOME_WIN,0,L,10,16,3,4,11,13,4,1,3,2,0,0,-2,0
EPL_2526_NOTTINGHAMFOREST_MANCHESTERUNITED,2025-26,TEST,2025-11-01,Nottingham Forest,Manchester United,2,2,DRAW,1,D,17,18,3,7,10,7,8,5,1,1,0,0,0,1
EPL_2526_NOTTINGHAMFOREST_MANCHESTERUNITED,2025-26,TEST,2025-11-01,Manchester United,Nottingham Forest,2,2,DRAW,0,D,18,17,7,3,7,10,5,8,1,1,0,0,0,1
EPL_2526_TOTTENHAMHOTSPUR_CHELSEA,2025-26,TEST,2025-11-01,Tottenham Hotspur,Chelsea,0,1,AWAY_WIN,1,L,3,15,1,9,14,12,6,5,4,2,0,0,-1,0
EPL_2526_TOTTENHAMHOTSPUR_CHELSEA,2025-26,TEST,2025-11-01,Chelsea,Tottenham Hotspur,1,0,AWAY_WIN,0,W,15,3,9,1,12,14,5,6,2,4,0,0,1,3
EPL_2526_MANCHESTERCITY_BOURNEMOUTH,2025-26,TEST,2025-11-02,Manchester City,Bournemouth,3,1,HOME_WIN,1,W,15,8,8,5,8,11,10,4,2,2,0,0,2,3
EPL_2526_MANCHESTERCITY_BOURNEMOUTH,2025-26,TEST,2025-11-02,Bournemouth,Manchester City,1,3,HOME_WIN,0,L,8,15,5,8,11,8,4,10,2,2,0,0,-2,0
EPL_2526_WESTHAMUNITED_NEWCASTLEUNITED,2025-26,TEST,2025-11-02,West Ham United,Newcastle United,3,1,HOME_WIN,1,W,15,12,9,4,5,10,7,6,1,2,0,0,2,3
EPL_2526_WESTHAMUNITED_NEWCASTLEUNITED,2025-26,TEST,2025-11-02,Newcastle United,West Ham United,1,3,HOME_WIN,0,L,12,15,4,9,10,5,6,7,2,1,0,0,-2,0
EPL_2526_SUNDERLAND_EVERTON,2025-26,TEST,2025-11-03,Sunderland,Everton,1,1,DRAW,1,D,17,8,3,2,10,12,4,1,3,2,0,0,0,1
EPL_2526_SUNDERLAND_EVERTON,2025-26,TEST,2025-11-03,Everton,Sunderland,1,1,DRAW,0,D,8,17,2,3,12,10,1,4,2,3,0,0,0,1
EPL_2526_CHELSEA_WOLVERHAMPTONWANDERERS,2025-26,TEST,2025-11-08,Chelsea,Wolverhampton Wanderers,3,0,HOME_WIN,1,W,20,3,8,0,12,14,10,1,1,2,0,0,3,3
EPL_2526_CHELSEA_WOLVERHAMPTONWANDERERS,2025-26,TEST,2025-11-08,Wolverhampton Wanderers,Chelsea,0,3,HOME_WIN,0,L,3,20,0,8,14,12,1,10,2,1,0,0,-3,0
EPL_2526_EVERTON_FULHAM,2025-26,TEST,2025-11-08,Everton,Fulham,2,0,HOME_WIN,1,W,14,8,5,4,11,14,7,5,2,2,0,0,2,3
EPL_2526_EVERTON_FULHAM,2025-26,TEST,2025-11-08,Fulham,Everton,0,2,HOME_WIN,0,L,8,14,4,5,14,11,5,7,2,2,0,0,-2,0
EPL_2526_SUNDERLAND_ARSENAL,2025-26,TEST,2025-11-08,Sunderland,Arsenal,2,2,DRAW,1,D,6,17,2,7,13,13,2,2,2,1,0,0,0,1
EPL_2526_SUNDERLAND_ARSENAL,2025-26,TEST,2025-11-08,Arsenal,Sunderland,2,2,DRAW,0,D,17,6,7,2,13,13,2,2,1,2,0,0,0,1
EPL_2526_TOTTENHAMHOTSPUR_MANCHESTERUNITED,2025-26,TEST,2025-11-08,Tottenham Hotspur,Manchester United,2,2,DRAW,1,D,10,5,4,2,10,8,5,3,5,1,0,0,0,1
EPL_2526_TOTTENHAMHOTSPUR_MANCHESTERUNITED,2025-26,TEST,2025-11-08,Manchester United,Tottenham Hotspur,2,2,DRAW,0,D,5,10,2,4,8,10,3,5,1,5,0,0,0,1
EPL_2526_WESTHAMUNITED_BURNLEY,2025-26,TEST,2025-11-08,West Ham United,Burnley,3,2,HOME_WIN,1,W,15,16,6,7,15,13,7,4,2,2,0,0,1,3
EPL_2526_WESTHAMUNITED_BURNLEY,2025-26,TEST,2025-11-08,Burnley,West Ham United,2,3,HOME_WIN,0,L,16,15,7,6,13,15,4,7,2,2,0,0,-1,0
EPL_2526_ASTONVILLA_BOURNEMOUTH,2025-26,TEST,2025-11-09,Aston Villa,Bournemouth,4,0,HOME_WIN,1,W,16,13,8,4,8,20,6,9,2,2,0,0,4,3
EPL_2526_ASTONVILLA_BOURNEMOUTH,2025-26,TEST,2025-11-09,Bournemouth,Aston Villa,0,4,HOME_WIN,0,L,13,16,4,8,20,8,9,6,2,2,0,0,-4,0
EPL_2526_BRENTFORD_NEWCASTLEUNITED,2025-26,TEST,2025-11-09,Brentford,Newcastle United,3,1,HOME_WIN,1,W,15,5,7,1,10,13,6,2,2,1,0,0,2,3
EPL_2526_BRENTFORD_NEWCASTLEUNITED,2025-26,TEST,2025-11-09,Newcastle United,Brentford,1,3,HOME_WIN,0,L,5,15,1,7,13,10,2,6,1,2,0,0,-2,0
EPL_2526_CRYSTALPALACE_BRIGHTONHOVEALBION,2025-26,TEST,2025-11-09,Crystal Palace,Brighton & Hove Albion,0,0,DRAW,1,D,10,7,2,3,10,12,4,8,1,4,0,0,0,1
EPL_2526_CRYSTALPALACE_BRIGHTONHOVEALBION,2025-26,TEST,2025-11-09,Brighton & Hove Albion,Crystal Palace,0,0,DRAW,0,D,7,10,3,2,12,10,8,4,4,1,0,0,0,1
EPL_2526_MANCHESTERCITY_LIVERPOOL,2025-26,TEST,2025-11-09,Manchester City,Liverpool,3,0,HOME_WIN,1,W,14,7,6,1,14,15,7,7,2,4,0,0,3,3
EPL_2526_MANCHESTERCITY_LIVERPOOL,2025-26,TEST,2025-11-09,Liverpool,Manchester City,0,3,HOME_WIN,0,L,7,14,1,6,15,14,7,7,4,2,0,0,-3,0
EPL_2526_NOTTINGHAMFOREST_LEEDSUNITED,2025-26,TEST,2025-11-09,Nottingham Forest,Leeds United,3,1,HOME_WIN,1,W,14,10,6,3,10,11,6,4,2,1,0,0,2,3
EPL_2526_NOTTINGHAMFOREST_LEEDSUNITED,2025-26,TEST,2025-11-09,Leeds United,Nottingham Forest,1,3,HOME_WIN,0,L,10,14,3,6,11,10,4,6,1,2,0,0,-2,0
EPL_2526_BOURNEMOUTH_WESTHAMUNITED,2025-26,TEST,2025-11-22,Bournemouth,West Ham United,2,2,DRAW,1,D,28,5,10,2,9,10,9,2,3,2,0,0,0,1
EPL_2526_BOURNEMOUTH_WESTHAMUNITED,2025-26,TEST,2025-11-22,West Ham United,Bournemouth,2,2,DRAW,0,D,5,28,2,10,10,9,2,9,2,3,0,0,0,1
EPL_2526_BRIGHTONHOVEALBION_BRENTFORD,2025-26,TEST,2025-11-22,Brighton & Hove Albion,Brentford,2,1,HOME_WIN,1,W,14,10,5,4,10,9,7,4,4,2,0,0,1,3
EPL_2526_BRIGHTONHOVEALBION_BRENTFORD,2025-26,TEST,2025-11-22,Brentford,Brighton & Hove Albion,1,2,HOME_WIN,0,L,10,14,4,5,9,10,4,7,2,4,0,0,-1,0
EPL_2526_BURNLEY_CHELSEA,2025-26,TEST,2025-11-22,Burnley,Chelsea,0,2,AWAY_WIN,1,L,8,15,2,5,13,8,1,9,2,3,0,0,-2,0
EPL_2526_BURNLEY_CHELSEA,2025-26,TEST,2025-11-22,Chelsea,Burnley,2,0,AWAY_WIN,0,W,15,8,5,2,8,13,9,1,3,2,0,0,2,3
EPL_2526_FULHAM_SUNDERLAND,2025-26,TEST,2025-11-22,Fulham,Sunderland,1,0,HOME_WIN,1,W,24,4,6,2,5,13,7,4,3,3,0,0,1,3
EPL_2526_FULHAM_SUNDERLAND,2025-26,TEST,2025-11-22,Sunderland,Fulham,0,1,HOME_WIN,0,L,4,24,2,6,13,5,4,7,3,3,0,0,-1,0
EPL_2526_LIVERPOOL_NOTTINGHAMFOREST,2025-26,TEST,2025-11-22,Liverpool,Nottingham Forest,0,3,AWAY_WIN,1,L,21,15,4,7,11,8,8,6,2,0,0,0,-3,0
EPL_2526_LIVERPOOL_NOTTINGHAMFOREST,2025-26,TEST,2025-11-22,Nottingham Forest,Liverpool,3,0,AWAY_WIN,0,W,15,21,7,4,8,11,6,8,0,2,0,0,3,3
EPL_2526_NEWCASTLEUNITED_MANCHESTERCITY,2025-26,TEST,2025-11-22,Newcastle United,Manchester City,2,1,HOME_WIN,1,W,9,17,5,4,13,8,5,9,1,3,0,0,1,3
EPL_2526_NEWCASTLEUNITED_MANCHESTERCITY,2025-26,TEST,2025-11-22,Manchester City,Newcastle United,1,2,HOME_WIN,0,L,17,9,4,5,8,13,9,5,3,1,0,0,-1,0
EPL_2526_WOLVERHAMPTONWANDERERS_CRYSTALPALACE,2025-26,TEST,2025-11-22,Wolverhampton Wanderers,Crystal Palace,0,2,AWAY_WIN,1,L,8,10,1,4,13,9,1,4,2,3,0,0,-2,0
EPL_2526_WOLVERHAMPTONWANDERERS_CRYSTALPALACE,2025-26,TEST,2025-11-22,Crystal Palace,Wolverhampton Wanderers,2,0,AWAY_WIN,0,W,10,8,4,1,9,13,4,1,3,2,0,0,2,3
EPL_2526_ARSENAL_TOTTENHAMHOTSPUR,2025-26,TEST,2025-11-23,Arsenal,Tottenham Hotspur,4,1,HOME_WIN,1,W,17,3,8,2,11,15,4,1,1,3,0,0,3,3
EPL_2526_ARSENAL_TOTTENHAMHOTSPUR,2025-26,TEST,2025-11-23,Tottenham Hotspur,Arsenal,1,4,HOME_WIN,0,L,3,17,2,8,15,11,1,4,3,1,0,0,-3,0
EPL_2526_LEEDSUNITED_ASTONVILLA,2025-26,TEST,2025-11-23,Leeds United,Aston Villa,1,2,AWAY_WIN,1,L,14,14,5,3,18,16,3,3,5,1,0,0,-1,0
EPL_2526_LEEDSUNITED_ASTONVILLA,2025-26,TEST,2025-11-23,Aston Villa,Leeds United,2,1,AWAY_WIN,0,W,14,14,3,5,16,18,3,3,1,5,0,0,1,3
EPL_2526_MANCHESTERUNITED_EVERTON,2025-26,TEST,2025-11-24,Manchester United,Everton,0,1,AWAY_WIN,1,L,25,3,6,1,12,9,9,1,2,0,0,1,-1,0
EPL_2526_MANCHESTERUNITED_EVERTON,2025-26,TEST,2025-11-24,Everton,Manchester United,1,0,AWAY_WIN,0,W,3,25,1,6,9,12,1,9,0,2,1,0,1,3
EPL_2526_BRENTFORD_BURNLEY,2025-26,TEST,2025-11-29,Brentford,Burnley,3,1,HOME_WIN,1,W,14,6,4,2,7,7,5,6,0,2,0,0,2,3
EPL_2526_BRENTFORD_BURNLEY,2025-26,TEST,2025-11-29,Burnley,Brentford,1,3,HOME_WIN,0,L,6,14,2,4,7,7,6,5,2,0,0,0,-2,0
EPL_2526_EVERTON_NEWCASTLEUNITED,2025-26,TEST,2025-11-29,Everton,Newcastle United,1,4,AWAY_WIN,1,L,10,13,2,8,4,6,8,7,0,0,0,0,-3,0
EPL_2526_EVERTON_NEWCASTLEUNITED,2025-26,TEST,2025-11-29,Newcastle United,Everton,4,1,AWAY_WIN,0,W,13,10,8,2,6,4,7,8,0,0,0,0,3,3
EPL_2526_MANCHESTERCITY_LEEDSUNITED,2025-26,TEST,2025-11-29,Manchester City,Leeds United,3,2,HOME_WIN,1,W,18,9,9,4,17,11,8,1,4,1,0,0,1,3
EPL_2526_MANCHESTERCITY_LEEDSUNITED,2025-26,TEST,2025-11-29,Leeds United,Manchester City,2,3,HOME_WIN,0,L,9,18,4,9,11,17,1,8,1,4,0,0,-1,0
EPL_2526_SUNDERLAND_BOURNEMOUTH,2025-26,TEST,2025-11-29,Sunderland,Bournemouth,3,2,HOME_WIN,1,W,12,18,6,6,14,13,6,3,5,5,0,1,1,3
EPL_2526_SUNDERLAND_BOURNEMOUTH,2025-26,TEST,2025-11-29,Bournemouth,Sunderland,2,3,HOME_WIN,0,L,18,12,6,6,13,14,3,6,5,5,1,0,-1,0
EPL_2526_TOTTENHAMHOTSPUR_FULHAM,2025-26,TEST,2025-11-29,Tottenham Hotspur,Fulham,1,2,AWAY_WIN,1,L,14,7,2,3,11,7,8,2,3,2,0,0,-1,0
EPL_2526_TOTTENHAMHOTSPUR_FULHAM,2025-26,TEST,2025-11-29,Fulham,Tottenham Hotspur,2,1,AWAY_WIN,0,W,7,14,3,2,7,11,2,8,2,3,0,0,1,3
EPL_2526_ASTONVILLA_WOLVERHAMPTONWANDERERS,2025-26,TEST,2025-11-30,Aston Villa,Wolverhampton Wanderers,1,0,HOME_WIN,1,W,16,9,6,4,13,21,7,3,0,4,0,0,1,3
EPL_2526_ASTONVILLA_WOLVERHAMPTONWANDERERS,2025-26,TEST,2025-11-30,Wolverhampton Wanderers,Aston Villa,0,1,HOME_WIN,0,L,9,16,4,6,21,13,3,7,4,0,0,0,-1,0
EPL_2526_CHELSEA_ARSENAL,2025-26,TEST,2025-11-30,Chelsea,Arsenal,1,1,DRAW,1,D,11,8,4,4,12,13,3,3,1,6,1,0,0,1
EPL_2526_CHELSEA_ARSENAL,2025-26,TEST,2025-11-30,Arsenal,Chelsea,1,1,DRAW,0,D,8,11,4,4,13,12,3,3,6,1,0,1,0,1
EPL_2526_CRYSTALPALACE_MANCHESTERUNITED,2025-26,TEST,2025-11-30,Crystal Palace,Manchester United,1,2,AWAY_WIN,1,L,14,14,3,6,14,14,4,4,3,2,0,0,-1,0
EPL_2526_CRYSTALPALACE_MANCHESTERUNITED,2025-26,TEST,2025-11-30,Manchester United,Crystal Palace,2,1,AWAY_WIN,0,W,14,14,6,3,14,14,4,4,2,3,0,0,1,3
EPL_2526_NOTTINGHAMFOREST_BRIGHTONHOVEALBION,2025-26,TEST,2025-11-30,Nottingham Forest,Brighton & Hove Albion,0,2,AWAY_WIN,1,L,19,17,3,6,11,10,9,2,0,1,0,0,-2,0
EPL_2526_NOTTINGHAMFOREST_BRIGHTONHOVEALBION,2025-26,TEST,2025-11-30,Brighton & Hove Albion,Nottingham Forest,2,0,AWAY_WIN,0,W,17,19,6,3,10,11,2,9,1,0,0,0,2,3
EPL_2526_WESTHAMUNITED_LIVERPOOL,2025-26,TEST,2025-11-30,West Ham United,Liverpool,0,2,AWAY_WIN,1,L,7,9,0,5,12,14,7,2,1,0,1,0,-2,0
EPL_2526_WESTHAMUNITED_LIVERPOOL,2025-26,TEST,2025-11-30,Liverpool,West Ham United,2,0,AWAY_WIN,0,W,9,7,5,0,14,12,2,7,0,1,0,1,2,3
EPL_2526_BOURNEMOUTH_EVERTON,2025-26,TEST,2025-12-02,Bournemouth,Everton,0,1,AWAY_WIN,1,L,5,13,2,3,14,14,1,6,3,3,0,0,-1,0
EPL_2526_BOURNEMOUTH_EVERTON,2025-26,TEST,2025-12-02,Everton,Bournemouth,1,0,AWAY_WIN,0,W,13,5,3,2,14,14,6,1,3,3,0,0,1,3
EPL_2526_FULHAM_MANCHESTERCITY,2025-26,TEST,2025-12-02,Fulham,Manchester City,4,5,AWAY_WIN,1,L,12,11,6,4,9,7,7,2,0,1,0,0,-1,0
EPL_2526_FULHAM_MANCHESTERCITY,2025-26,TEST,2025-12-02,Manchester City,Fulham,5,4,AWAY_WIN,0,W,11,12,4,6,7,9,2,7,1,0,0,0,1,3
EPL_2526_NEWCASTLEUNITED_TOTTENHAMHOTSPUR,2025-26,TEST,2025-12-02,Newcastle United,Tottenham Hotspur,2,2,DRAW,1,D,19,8,7,2,5,12,11,8,0,3,0,0,0,1
EPL_2526_NEWCASTLEUNITED_TOTTENHAMHOTSPUR,2025-26,TEST,2025-12-02,Tottenham Hotspur,Newcastle United,2,2,DRAW,0,D,8,19,2,7,12,5,8,11,3,0,0,0,0,1
EPL_2526_ARSENAL_BRENTFORD,2025-26,TEST,2025-12-03,Arsenal,Brentford,2,0,HOME_WIN,1,W,15,6,7,1,7,9,4,8,0,1,0,0,2,3
EPL_2526_ARSENAL_BRENTFORD,2025-26,TEST,2025-12-03,Brentford,Arsenal,0,2,HOME_WIN,0,L,6,15,1,7,9,7,8,4,1,0,0,0,-2,0
EPL_2526_BRIGHTONHOVEALBION_ASTONVILLA,2025-26,TEST,2025-12-03,Brighton & Hove Albion,Aston Villa,3,4,AWAY_WIN,1,L,16,14,7,10,10,9,5,6,2,2,0,0,-1,0
EPL_2526_BRIGHTONHOVEALBION_ASTONVILLA,2025-26,TEST,2025-12-03,Aston Villa,Brighton & Hove Albion,4,3,AWAY_WIN,0,W,14,16,10,7,9,10,6,5,2,2,0,0,1,3
EPL_2526_BURNLEY_CRYSTALPALACE,2025-26,TEST,2025-12-03,Burnley,Crystal Palace,0,1,AWAY_WIN,1,L,11,3,4,3,9,8,3,4,0,0,0,0,-1,0
EPL_2526_BURNLEY_CRYSTALPALACE,2025-26,TEST,2025-12-03,Crystal Palace,Burnley,1,0,AWAY_WIN,0,W,3,11,3,4,8,9,4,3,0,0,0,0,1,3
EPL_2526_LEEDSUNITED_CHELSEA,2025-26,TEST,2025-12-03,Leeds United,Chelsea,3,1,HOME_WIN,1,W,17,14,5,2,10,13,4,2,1,1,0,0,2,3
EPL_2526_LEEDSUNITED_CHELSEA,2025-26,TEST,2025-12-03,Chelsea,Leeds United,1,3,HOME_WIN,0,L,14,17,2,5,13,10,2,4,1,1,0,0,-2,0
EPL_2526_LIVERPOOL_SUNDERLAND,2025-26,TEST,2025-12-03,Liverpool,Sunderland,1,1,DRAW,1,D,23,9,4,6,10,5,7,3,1,1,0,0,0,1
EPL_2526_LIVERPOOL_SUNDERLAND,2025-26,TEST,2025-12-03,Sunderland,Liverpool,1,1,DRAW,0,D,9,23,6,4,5,10,3,7,1,1,0,0,0,1
EPL_2526_WOLVERHAMPTONWANDERERS_NOTTINGHAMFOREST,2025-26,TEST,2025-12-03,Wolverhampton Wanderers,Nottingham Forest,0,1,AWAY_WIN,1,L,5,10,1,3,19,11,3,9,2,2,0,0,-1,0
EPL_2526_WOLVERHAMPTONWANDERERS_NOTTINGHAMFOREST,2025-26,TEST,2025-12-03,Nottingham Forest,Wolverhampton Wanderers,1,0,AWAY_WIN,0,W,10,5,3,1,11,19,9,3,2,2,0,0,1,3
EPL_2526_MANCHESTERUNITED_WESTHAMUNITED,2025-26,TEST,2025-12-04,Manchester United,West Ham United,1,1,DRAW,1,D,17,11,4,3,13,9,6,6,2,2,0,0,0,1
EPL_2526_MANCHESTERUNITED_WESTHAMUNITED,2025-26,TEST,2025-12-04,West Ham United,Manchester United,1,1,DRAW,0,D,11,17,3,4,9,13,6,6,2,2,0,0,0,1
EPL_2526_ASTONVILLA_ARSENAL,2025-26,TEST,2025-12-06,Aston Villa,Arsenal,2,1,HOME_WIN,1,W,15,15,6,9,10,8,3,3,0,2,0,0,1,3
EPL_2526_ASTONVILLA_ARSENAL,2025-26,TEST,2025-12-06,Arsenal,Aston Villa,1,2,HOME_WIN,0,L,15,15,9,6,8,10,3,3,2,0,0,0,-1,0
EPL_2526_BOURNEMOUTH_CHELSEA,2025-26,TEST,2025-12-06,Bournemouth,Chelsea,0,0,DRAW,1,D,13,11,5,4,15,13,5,0,0,2,0,0,0,1
EPL_2526_BOURNEMOUTH_CHELSEA,2025-26,TEST,2025-12-06,Chelsea,Bournemouth,0,0,DRAW,0,D,11,13,4,5,13,15,0,5,2,0,0,0,0,1
EPL_2526_EVERTON_NOTTINGHAMFOREST,2025-26,TEST,2025-12-06,Everton,Nottingham Forest,3,0,HOME_WIN,1,W,11,7,5,3,17,15,6,3,4,3,0,0,3,3
EPL_2526_EVERTON_NOTTINGHAMFOREST,2025-26,TEST,2025-12-06,Nottingham Forest,Everton,0,3,HOME_WIN,0,L,7,11,3,5,15,17,3,6,3,4,0,0,-3,0
EPL_2526_LEEDSUNITED_LIVERPOOL,2025-26,TEST,2025-12-06,Leeds United,Liverpool,3,3,DRAW,1,D,12,16,5,7,14,14,5,4,3,3,0,0,0,1
EPL_2526_LEEDSUNITED_LIVERPOOL,2025-26,TEST,2025-12-06,Liverpool,Leeds United,3,3,DRAW,0,D,16,12,7,5,14,14,4,5,3,3,0,0,0,1
EPL_2526_MANCHESTERCITY_SUNDERLAND,2025-26,TEST,2025-12-06,Manchester City,Sunderland,3,0,HOME_WIN,1,W,18,8,6,1,9,10,6,5,1,0,0,1,3,3
EPL_2526_MANCHESTERCITY_SUNDERLAND,2025-26,TEST,2025-12-06,Sunderland,Manchester City,0,3,HOME_WIN,0,L,8,18,1,6,10,9,5,6,0,1,1,0,-3,0
EPL_2526_NEWCASTLEUNITED_BURNLEY,2025-26,TEST,2025-12-06,Newcastle United,Burnley,2,1,HOME_WIN,1,W,17,9,7,3,9,11,9,9,2,2,0,1,1,3
EPL_2526_NEWCASTLEUNITED_BURNLEY,2025-26,TEST,2025-12-06,Burnley,Newcastle United,1,2,HOME_WIN,0,L,9,17,3,7,11,9,9,9,2,2,1,0,-1,0
EPL_2526_TOTTENHAMHOTSPUR_BRENTFORD,2025-26,TEST,2025-12-06,Tottenham Hotspur,Brentford,2,0,HOME_WIN,1,W,15,4,7,1,8,9,7,6,3,4,0,0,2,3
EPL_2526_TOTTENHAMHOTSPUR_BRENTFORD,2025-26,TEST,2025-12-06,Brentford,Tottenham Hotspur,0,2,HOME_WIN,0,L,4,15,1,7,9,8,6,7,4,3,0,0,-2,0
EPL_2526_BRIGHTONHOVEALBION_WESTHAMUNITED,2025-26,TEST,2025-12-07,Brighton & Hove Albion,West Ham United,1,1,DRAW,1,D,22,14,4,5,12,8,10,6,2,2,0,0,0,1
EPL_2526_BRIGHTONHOVEALBION_WESTHAMUNITED,2025-26,TEST,2025-12-07,West Ham United,Brighton & Hove Albion,1,1,DRAW,0,D,14,22,5,4,8,12,6,10,2,2,0,0,0,1
EPL_2526_FULHAM_CRYSTALPALACE,2025-26,TEST,2025-12-07,Fulham,Crystal Palace,1,2,AWAY_WIN,1,L,12,11,4,5,5,8,6,4,0,0,0,0,-1,0
EPL_2526_FULHAM_CRYSTALPALACE,2025-26,TEST,2025-12-07,Crystal Palace,Fulham,2,1,AWAY_WIN,0,W,11,12,5,4,8,5,4,6,0,0,0,0,1,3
EPL_2526_WOLVERHAMPTONWANDERERS_MANCHESTERUNITED,2025-26,TEST,2025-12-08,Wolverhampton Wanderers,Manchester United,1,4,AWAY_WIN,1,L,8,27,2,10,17,12,1,9,3,2,0,0,-3,0
EPL_2526_WOLVERHAMPTONWANDERERS_MANCHESTERUNITED,2025-26,TEST,2025-12-08,Manchester United,Wolverhampton Wanderers,4,1,AWAY_WIN,0,W,27,8,10,2,12,17,9,1,2,3,0,0,3,3
EPL_2526_ARSENAL_WOLVERHAMPTONWANDERERS,2025-26,TEST,2025-12-13,Arsenal,Wolverhampton Wanderers,2,1,HOME_WIN,1,W,16,3,2,2,7,15,8,0,0,4,0,0,1,3
EPL_2526_ARSENAL_WOLVERHAMPTONWANDERERS,2025-26,TEST,2025-12-13,Wolverhampton Wanderers,Arsenal,1,2,HOME_WIN,0,L,3,16,2,2,15,7,0,8,4,0,0,0,-1,0
EPL_2526_BURNLEY_FULHAM,2025-26,TEST,2025-12-13,Burnley,Fulham,2,3,AWAY_WIN,1,L,16,6,8,4,8,8,10,4,1,2,0,0,-1,0
EPL_2526_BURNLEY_FULHAM,2025-26,TEST,2025-12-13,Fulham,Burnley,3,2,AWAY_WIN,0,W,6,16,4,8,8,8,4,10,2,1,0,0,1,3
EPL_2526_CHELSEA_EVERTON,2025-26,TEST,2025-12-13,Chelsea,Everton,2,0,HOME_WIN,1,W,17,11,5,2,13,11,4,7,1,0,0,0,2,3
EPL_2526_CHELSEA_EVERTON,2025-26,TEST,2025-12-13,Everton,Chelsea,0,2,HOME_WIN,0,L,11,17,2,5,11,13,7,4,0,1,0,0,-2,0
EPL_2526_LIVERPOOL_BRIGHTONHOVEALBION,2025-26,TEST,2025-12-13,Liverpool,Brighton & Hove Albion,2,0,HOME_WIN,1,W,18,14,4,1,8,15,2,2,1,2,0,0,2,3
EPL_2526_LIVERPOOL_BRIGHTONHOVEALBION,2025-26,TEST,2025-12-13,Brighton & Hove Albion,Liverpool,0,2,HOME_WIN,0,L,14,18,1,4,15,8,2,2,2,1,0,0,-2,0
EPL_2526_BRENTFORD_LEEDSUNITED,2025-26,TEST,2025-12-14,Brentford,Leeds United,1,1,DRAW,1,D,7,18,2,4,8,9,0,3,0,0,0,0,0,1
EPL_2526_BRENTFORD_LEEDSUNITED,2025-26,TEST,2025-12-14,Leeds United,Brentford,1,1,DRAW,0,D,18,7,4,2,9,8,3,0,0,0,0,0,0,1
EPL_2526_CRYSTALPALACE_MANCHESTERCITY,2025-26,TEST,2025-12-14,Crystal Palace,Manchester City,0,3,AWAY_WIN,1,L,16,7,4,6,9,6,2,2,2,0,0,0,-3,0
EPL_2526_CRYSTALPALACE_MANCHESTERCITY,2025-26,TEST,2025-12-14,Manchester City,Crystal Palace,3,0,AWAY_WIN,0,W,7,16,6,4,6,9,2,2,0,2,0,0,3,3
EPL_2526_NOTTINGHAMFOREST_TOTTENHAMHOTSPUR,2025-26,TEST,2025-12-14,Nottingham Forest,Tottenham Hotspur,3,0,HOME_WIN,1,W,15,6,6,1,9,13,3,3,1,3,0,0,3,3
EPL_2526_NOTTINGHAMFOREST_TOTTENHAMHOTSPUR,2025-26,TEST,2025-12-14,Tottenham Hotspur,Nottingham Forest,0,3,HOME_WIN,0,L,6,15,1,6,13,9,3,3,3,1,0,0,-3,0
EPL_2526_SUNDERLAND_NEWCASTLEUNITED,2025-26,TEST,2025-12-14,Sunderland,Newcastle United,1,0,HOME_WIN,1,W,5,6,1,2,10,10,3,6,5,4,0,0,1,3
EPL_2526_SUNDERLAND_NEWCASTLEUNITED,2025-26,TEST,2025-12-14,Newcastle United,Sunderland,0,1,HOME_WIN,0,L,6,5,2,1,10,10,6,3,4,5,0,0,-1,0
EPL_2526_WESTHAMUNITED_ASTONVILLA,2025-26,TEST,2025-12-14,West Ham United,Aston Villa,2,3,AWAY_WIN,1,L,10,7,3,4,18,13,5,3,1,2,0,0,-1,0
EPL_2526_WESTHAMUNITED_ASTONVILLA,2025-26,TEST,2025-12-14,Aston Villa,West Ham United,3,2,AWAY_WIN,0,W,7,10,4,3,13,18,3,5,2,1,0,0,1,3
EPL_2526_MANCHESTERUNITED_BOURNEMOUTH,2025-26,TEST,2025-12-15,Manchester United,Bournemouth,4,4,DRAW,1,D,25,14,9,9,15,12,5,4,2,3,0,0,0,1
EPL_2526_MANCHESTERUNITED_BOURNEMOUTH,2025-26,TEST,2025-12-15,Bournemouth,Manchester United,4,4,DRAW,0,D,14,25,9,9,12,15,4,5,3,2,0,0,0,1
EPL_2526_BOURNEMOUTH_BURNLEY,2025-26,TEST,2025-12-20,Bournemouth,Burnley,1,1,DRAW,1,D,16,4,1,1,11,11,5,3,1,1,0,0,0,1
EPL_2526_BOURNEMOUTH_BURNLEY,2025-26,TEST,2025-12-20,Burnley,Bournemouth,1,1,DRAW,0,D,4,16,1,1,11,11,3,5,1,1,0,0,0,1
EPL_2526_BRIGHTONHOVEALBION_SUNDERLAND,2025-26,TEST,2025-12-20,Brighton & Hove Albion,Sunderland,0,0,DRAW,1,D,16,14,4,6,11,15,3,4,2,2,0,0,0,1
EPL_2526_BRIGHTONHOVEALBION_SUNDERLAND,2025-26,TEST,2025-12-20,Sunderland,Brighton & Hove Albion,0,0,DRAW,0,D,14,16,6,4,15,11,4,3,2,2,0,0,0,1
EPL_2526_EVERTON_ARSENAL,2025-26,TEST,2025-12-20,Everton,Arsenal,0,1,AWAY_WIN,1,L,5,13,1,2,4,5,2,3,2,2,0,0,-1,0
EPL_2526_EVERTON_ARSENAL,2025-26,TEST,2025-12-20,Arsenal,Everton,1,0,AWAY_WIN,0,W,13,5,2,1,5,4,3,2,2,2,0,0,1,3
EPL_2526_LEEDSUNITED_CRYSTALPALACE,2025-26,TEST,2025-12-20,Leeds United,Crystal Palace,4,1,HOME_WIN,1,W,20,9,8,3,5,10,9,5,1,3,0,0,3,3
EPL_2526_LEEDSUNITED_CRYSTALPALACE,2025-26,TEST,2025-12-20,Crystal Palace,Leeds United,1,4,HOME_WIN,0,L,9,20,3,8,10,5,5,9,3,1,0,0,-3,0
EPL_2526_MANCHESTERCITY_WESTHAMUNITED,2025-26,TEST,2025-12-20,Manchester City,West Ham United,3,0,HOME_WIN,1,W,17,7,8,3,16,10,6,0,1,1,0,0,3,3
EPL_2526_MANCHESTERCITY_WESTHAMUNITED,2025-26,TEST,2025-12-20,West Ham United,Manchester City,0,3,HOME_WIN,0,L,7,17,3,8,10,16,0,6,1,1,0,0,-3,0
EPL_2526_NEWCASTLEUNITED_CHELSEA,2025-26,TEST,2025-12-20,Newcastle United,Chelsea,2,2,DRAW,1,D,11,13,5,4,13,14,6,4,3,6,0,0,0,1
EPL_2526_NEWCASTLEUNITED_CHELSEA,2025-26,TEST,2025-12-20,Chelsea,Newcastle United,2,2,DRAW,0,D,13,11,4,5,14,13,4,6,6,3,0,0,0,1
EPL_2526_TOTTENHAMHOTSPUR_LIVERPOOL,2025-26,TEST,2025-12-20,Tottenham Hotspur,Liverpool,1,2,AWAY_WIN,1,L,15,8,4,4,9,7,2,6,3,3,2,0,-1,0
EPL_2526_TOTTENHAMHOTSPUR_LIVERPOOL,2025-26,TEST,2025-12-20,Liverpool,Tottenham Hotspur,2,1,AWAY_WIN,0,W,8,15,4,4,7,9,6,2,3,3,0,2,1,3
EPL_2526_WOLVERHAMPTONWANDERERS_BRENTFORD,2025-26,TEST,2025-12-20,Wolverhampton Wanderers,Brentford,0,2,AWAY_WIN,1,L,9,7,2,6,12,15,3,4,2,4,0,0,-2,0
EPL_2526_WOLVERHAMPTONWANDERERS_BRENTFORD,2025-26,TEST,2025-12-20,Brentford,Wolverhampton Wanderers,2,0,AWAY_WIN,0,W,7,9,6,2,15,12,4,3,4,2,0,0,2,3
EPL_2526_ASTONVILLA_MANCHESTERUNITED,2025-26,TEST,2025-12-21,Aston Villa,Manchester United,2,1,HOME_WIN,1,W,12,15,4,6,11,14,5,5,1,2,0,0,1,3
EPL_2526_ASTONVILLA_MANCHESTERUNITED,2025-26,TEST,2025-12-21,Manchester United,Aston Villa,1,2,HOME_WIN,0,L,15,12,6,4,14,11,5,5,2,1,0,0,-1,0
EPL_2526_FULHAM_NOTTINGHAMFOREST,2025-26,TEST,2025-12-22,Fulham,Nottingham Forest,1,0,HOME_WIN,1,W,11,12,1,2,5,9,1,5,5,4,0,0,1,3
EPL_2526_FULHAM_NOTTINGHAMFOREST,2025-26,TEST,2025-12-22,Nottingham Forest,Fulham,0,1,HOME_WIN,0,L,12,11,2,1,9,5,5,1,4,5,0,0,-1,0
EPL_2526_MANCHESTERUNITED_NEWCASTLEUNITED,2025-26,TEST,2025-12-26,Manchester United,Newcastle United,1,0,HOME_WIN,1,W,10,16,4,3,9,5,2,11,2,1,0,0,1,3
EPL_2526_MANCHESTERUNITED_NEWCASTLEUNITED,2025-26,TEST,2025-12-26,Newcastle United,Manchester United,0,1,HOME_WIN,0,L,16,10,3,4,5,9,11,2,1,2,0,0,-1,0
EPL_2526_ARSENAL_BRIGHTONHOVEALBION,2025-26,TEST,2025-12-27,Arsenal,Brighton & Hove Albion,2,1,HOME_WIN,1,W,24,8,6,3,7,13,7,2,2,3,0,0,1,3
EPL_2526_ARSENAL_BRIGHTONHOVEALBION,2025-26,TEST,2025-12-27,Brighton & Hove Albion,Arsenal,1,2,HOME_WIN,0,L,8,24,3,6,13,7,2,7,3,2,0,0,-1,0
EPL_2526_BRENTFORD_BOURNEMOUTH,2025-26,TEST,2025-12-27,Brentford,Bournemouth,4,1,HOME_WIN,1,W,15,20,7,10,9,8,2,15,2,2,0,0,3,3
EPL_2526_BRENTFORD_BOURNEMOUTH,2025-26,TEST,2025-12-27,Bournemouth,Brentford,1,4,HOME_WIN,0,L,20,15,10,7,8,9,15,2,2,2,0,0,-3,0
EPL_2526_BURNLEY_EVERTON,2025-26,TEST,2025-12-27,Burnley,Everton,0,0,DRAW,1,D,16,15,0,6,8,8,6,5,0,2,0,0,0,1
EPL_2526_BURNLEY_EVERTON,2025-26,TEST,2025-12-27,Everton,Burnley,0,0,DRAW,0,D,15,16,6,0,8,8,5,6,2,0,0,0,0,1
EPL_2526_CHELSEA_ASTONVILLA,2025-26,TEST,2025-12-27,Chelsea,Aston Villa,1,2,AWAY_WIN,1,L,14,11,3,8,16,8,6,7,5,3,0,0,-1,0
EPL_2526_CHELSEA_ASTONVILLA,2025-26,TEST,2025-12-27,Aston Villa,Chelsea,2,1,AWAY_WIN,0,W,11,14,8,3,8,16,7,6,3,5,0,0,1,3
EPL_2526_LIVERPOOL_WOLVERHAMPTONWANDERERS,2025-26,TEST,2025-12-27,Liverpool,Wolverhampton Wanderers,2,1,HOME_WIN,1,W,14,9,4,4,5,13,6,4,0,1,0,0,1,3
EPL_2526_LIVERPOOL_WOLVERHAMPTONWANDERERS,2025-26,TEST,2025-12-27,Wolverhampton Wanderers,Liverpool,1,2,HOME_WIN,0,L,9,14,4,4,13,5,4,6,1,0,0,0,-1,0
EPL_2526_NOTTINGHAMFOREST_MANCHESTERCITY,2025-26,TEST,2025-12-27,Nottingham Forest,Manchester City,1,2,AWAY_WIN,1,L,7,16,2,5,5,13,5,5,1,2,0,0,-1,0
EPL_2526_NOTTINGHAMFOREST_MANCHESTERCITY,2025-26,TEST,2025-12-27,Manchester City,Nottingham Forest,2,1,AWAY_WIN,0,W,16,7,5,2,13,5,5,5,2,1,0,0,1,3
EPL_2526_WESTHAMUNITED_FULHAM,2025-26,TEST,2025-12-27,West Ham United,Fulham,0,1,AWAY_WIN,1,L,11,15,2,4,8,8,5,4,1,3,0,0,-1,0
EPL_2526_WESTHAMUNITED_FULHAM,2025-26,TEST,2025-12-27,Fulham,West Ham United,1,0,AWAY_WIN,0,W,15,11,4,2,8,8,4,5,3,1,0,0,1,3
EPL_2526_CRYSTALPALACE_TOTTENHAMHOTSPUR,2025-26,TEST,2025-12-28,Crystal Palace,Tottenham Hotspur,0,1,AWAY_WIN,1,L,15,8,2,4,7,5,3,2,3,2,0,0,-1,0
EPL_2526_CRYSTALPALACE_TOTTENHAMHOTSPUR,2025-26,TEST,2025-12-28,Tottenham Hotspur,Crystal Palace,1,0,AWAY_WIN,0,W,8,15,4,2,5,7,2,3,2,3,0,0,1,3
EPL_2526_SUNDERLAND_LEEDSUNITED,2025-26,TEST,2025-12-28,Sunderland,Leeds United,1,1,DRAW,1,D,8,17,3,6,7,9,3,9,1,0,0,0,0,1
EPL_2526_SUNDERLAND_LEEDSUNITED,2025-26,TEST,2025-12-28,Leeds United,Sunderland,1,1,DRAW,0,D,17,8,6,3,9,7,9,3,0,1,0,0,0,1
EPL_2526_ARSENAL_ASTONVILLA,2025-26,TEST,2025-12-30,Arsenal,Aston Villa,4,1,HOME_WIN,1,W,22,11,7,3,18,9,3,3,2,3,0,0,3,3
EPL_2526_ARSENAL_ASTONVILLA,2025-26,TEST,2025-12-30,Aston Villa,Arsenal,1,4,HOME_WIN,0,L,11,22,3,7,9,18,3,3,3,2,0,0,-3,0
EPL_2526_BURNLEY_NEWCASTLEUNITED,2025-26,TEST,2025-12-30,Burnley,Newcastle United,1,3,AWAY_WIN,1,L,15,20,4,9,9,3,3,4,2,1,0,0,-2,0
EPL_2526_BURNLEY_NEWCASTLEUNITED,2025-26,TEST,2025-12-30,Newcastle United,Burnley,3,1,AWAY_WIN,0,W,20,15,9,4,3,9,4,3,1,2,0,0,2,3
EPL_2526_CHELSEA_BOURNEMOUTH,2025-26,TEST,2025-12-30,Chelsea,Bournemouth,2,2,DRAW,1,D,17,17,3,6,5,12,12,3,1,1,0,0,0,1
EPL_2526_CHELSEA_BOURNEMOUTH,2025-26,TEST,2025-12-30,Bournemouth,Chelsea,2,2,DRAW,0,D,17,17,6,3,12,5,3,12,1,1,0,0,0,1
EPL_2526_MANCHESTERUNITED_WOLVERHAMPTONWANDERERS,2025-26,TEST,2025-12-30,Manchester United,Wolverhampton Wanderers,1,1,DRAW,1,D,15,11,6,4,9,12,8,4,0,2,0,0,0,1
EPL_2526_MANCHESTERUNITED_WOLVERHAMPTONWANDERERS,2025-26,TEST,2025-12-30,Wolverhampton Wanderers,Manchester United,1,1,DRAW,0,D,11,15,4,6,12,9,4,8,2,0,0,0,0,1
EPL_2526_NOTTINGHAMFOREST_EVERTON,2025-26,TEST,2025-12-30,Nottingham Forest,Everton,0,2,AWAY_WIN,1,L,21,11,6,3,11,9,9,2,1,0,0,0,-2,0
EPL_2526_NOTTINGHAMFOREST_EVERTON,2025-26,TEST,2025-12-30,Everton,Nottingham Forest,2,0,AWAY_WIN,0,W,11,21,3,6,9,11,2,9,0,1,0,0,2,3
EPL_2526_WESTHAMUNITED_BRIGHTONHOVEALBION,2025-26,TEST,2025-12-30,West Ham United,Brighton & Hove Albion,2,2,DRAW,1,D,10,16,4,6,11,18,5,5,3,5,0,0,0,1
EPL_2526_WESTHAMUNITED_BRIGHTONHOVEALBION,2025-26,TEST,2025-12-30,Brighton & Hove Albion,West Ham United,2,2,DRAW,0,D,16,10,6,4,18,11,5,5,5,3,0,0,0,1
EPL_2526_BRENTFORD_TOTTENHAMHOTSPUR,2025-26,TEST,2026-01-01,Brentford,Tottenham Hotspur,0,0,DRAW,1,D,7,9,2,3,8,10,3,1,1,2,0,0,0,1
EPL_2526_BRENTFORD_TOTTENHAMHOTSPUR,2025-26,TEST,2026-01-01,Tottenham Hotspur,Brentford,0,0,DRAW,0,D,9,7,3,2,10,8,1,3,2,1,0,0,0,1
EPL_2526_CRYSTALPALACE_FULHAM,2025-26,TEST,2026-01-01,Crystal Palace,Fulham,1,1,DRAW,1,D,11,17,2,5,7,10,6,3,0,5,0,0,0,1
EPL_2526_CRYSTALPALACE_FULHAM,2025-26,TEST,2026-01-01,Fulham,Crystal Palace,1,1,DRAW,0,D,17,11,5,2,10,7,3,6,5,0,0,0,0,1
EPL_2526_LIVERPOOL_LEEDSUNITED,2025-26,TEST,2026-01-01,Liverpool,Leeds United,0,0,DRAW,1,D,19,4,4,2,10,8,8,3,0,2,0,0,0,1
EPL_2526_LIVERPOOL_LEEDSUNITED,2025-26,TEST,2026-01-01,Leeds United,Liverpool,0,0,DRAW,0,D,4,19,2,4,8,10,3,8,2,0,0,0,0,1
EPL_2526_SUNDERLAND_MANCHESTERCITY,2025-26,TEST,2026-01-01,Sunderland,Manchester City,0,0,DRAW,1,D,10,14,4,4,9,6,3,5,1,1,0,0,0,1
EPL_2526_SUNDERLAND_MANCHESTERCITY,2025-26,TEST,2026-01-01,Manchester City,Sunderland,0,0,DRAW,0,D,14,10,4,4,6,9,5,3,1,1,0,0,0,1
EPL_2526_ASTONVILLA_NOTTINGHAMFOREST,2025-26,TEST,2026-01-03,Aston Villa,Nottingham Forest,3,1,HOME_WIN,1,W,11,10,4,5,10,20,4,4,1,2,0,0,2,3
EPL_2526_ASTONVILLA_NOTTINGHAMFOREST,2025-26,TEST,2026-01-03,Nottingham Forest,Aston Villa,1,3,HOME_WIN,0,L,10,11,5,4,20,10,4,4,2,1,0,0,-2,0
EPL_2526_BOURNEMOUTH_ARSENAL,2025-26,TEST,2026-01-03,Bournemouth,Arsenal,2,3,AWAY_WIN,1,L,15,12,3,5,13,8,7,5,3,1,0,0,-1,0
EPL_2526_BOURNEMOUTH_ARSENAL,2025-26,TEST,2026-01-03,Arsenal,Bournemouth,3,2,AWAY_WIN,0,W,12,15,5,3,8,13,5,7,1,3,0,0,1,3
EPL_2526_BRIGHTONHOVEALBION_BURNLEY,2025-26,TEST,2026-01-03,Brighton & Hove Albion,Burnley,2,0,HOME_WIN,1,W,15,5,4,3,7,17,4,4,0,4,0,0,2,3
EPL_2526_BRIGHTONHOVEALBION_BURNLEY,2025-26,TEST,2026-01-03,Burnley,Brighton & Hove Albion,0,2,HOME_WIN,0,L,5,15,3,4,17,7,4,4,4,0,0,0,-2,0
EPL_2526_WOLVERHAMPTONWANDERERS_WESTHAMUNITED,2025-26,TEST,2026-01-03,Wolverhampton Wanderers,West Ham United,3,0,HOME_WIN,1,W,11,6,8,0,11,10,6,7,1,0,0,0,3,3
EPL_2526_WOLVERHAMPTONWANDERERS_WESTHAMUNITED,2025-26,TEST,2026-01-03,West Ham United,Wolverhampton Wanderers,0,3,HOME_WIN,0,L,6,11,0,8,10,11,7,6,0,1,0,0,-3,0
EPL_2526_EVERTON_BRENTFORD,2025-26,TEST,2026-01-04,Everton,Brentford,2,4,AWAY_WIN,1,L,14,11,6,7,9,8,4,5,0,2,0,0,-2,0
EPL_2526_EVERTON_BRENTFORD,2025-26,TEST,2026-01-04,Brentford,Everton,4,2,AWAY_WIN,0,W,11,14,7,6,8,9,5,4,2,0,0,0,2,3
EPL_2526_FULHAM_LIVERPOOL,2025-26,TEST,2026-01-04,Fulham,Liverpool,2,2,DRAW,1,D,8,10,2,2,11,4,3,8,1,1,0,0,0,1
EPL_2526_FULHAM_LIVERPOOL,2025-26,TEST,2026-01-04,Liverpool,Fulham,2,2,DRAW,0,D,10,8,2,2,4,11,8,3,1,1,0,0,0,1
EPL_2526_LEEDSUNITED_MANCHESTERUNITED,2025-26,TEST,2026-01-04,Leeds United,Manchester United,1,1,DRAW,1,D,11,15,3,2,9,9,6,4,0,1,0,0,0,1
EPL_2526_LEEDSUNITED_MANCHESTERUNITED,2025-26,TEST,2026-01-04,Manchester United,Leeds United,1,1,DRAW,0,D,15,11,2,3,9,9,4,6,1,0,0,0,0,1
EPL_2526_MANCHESTERCITY_CHELSEA,2025-26,TEST,2026-01-04,Manchester City,Chelsea,1,1,DRAW,1,D,14,8,3,3,12,14,8,2,3,3,0,0,0,1
EPL_2526_MANCHESTERCITY_CHELSEA,2025-26,TEST,2026-01-04,Chelsea,Manchester City,1,1,DRAW,0,D,8,14,3,3,14,12,2,8,3,3,0,0,0,1
EPL_2526_NEWCASTLEUNITED_CRYSTALPALACE,2025-26,TEST,2026-01-04,Newcastle United,Crystal Palace,2,0,HOME_WIN,1,W,12,11,7,1,5,12,8,6,1,3,0,0,2,3
EPL_2526_NEWCASTLEUNITED_CRYSTALPALACE,2025-26,TEST,2026-01-04,Crystal Palace,Newcastle United,0,2,HOME_WIN,0,L,11,12,1,7,12,5,6,8,3,1,0,0,-2,0
EPL_2526_TOTTENHAMHOTSPUR_SUNDERLAND,2025-26,TEST,2026-01-04,Tottenham Hotspur,Sunderland,1,1,DRAW,1,D,13,10,5,3,10,6,3,5,2,3,0,0,0,1
EPL_2526_TOTTENHAMHOTSPUR_SUNDERLAND,2025-26,TEST,2026-01-04,Sunderland,Tottenham Hotspur,1,1,DRAW,0,D,10,13,3,5,6,10,5,3,3,2,0,0,0,1
EPL_2526_WESTHAMUNITED_NOTTINGHAMFOREST,2025-26,TEST,2026-01-06,West Ham United,Nottingham Forest,1,2,AWAY_WIN,1,L,14,13,3,5,15,9,6,5,3,0,0,0,-1,0
EPL_2526_WESTHAMUNITED_NOTTINGHAMFOREST,2025-26,TEST,2026-01-06,Nottingham Forest,West Ham United,2,1,AWAY_WIN,0,W,13,14,5,3,9,15,5,6,0,3,0,0,1,3
EPL_2526_BOURNEMOUTH_TOTTENHAMHOTSPUR,2025-26,TEST,2026-01-07,Bournemouth,Tottenham Hotspur,3,2,HOME_WIN,1,W,11,16,3,4,19,10,3,7,3,3,0,0,1,3
EPL_2526_BOURNEMOUTH_TOTTENHAMHOTSPUR,2025-26,TEST,2026-01-07,Tottenham Hotspur,Bournemouth,2,3,HOME_WIN,0,L,16,11,4,3,10,19,7,3,3,3,0,0,-1,0
EPL_2526_BRENTFORD_SUNDERLAND,2025-26,TEST,2026-01-07,Brentford,Sunderland,3,0,HOME_WIN,1,W,18,11,6,3,13,13,7,4,2,1,0,0,3,3
EPL_2526_BRENTFORD_SUNDERLAND,2025-26,TEST,2026-01-07,Sunderland,Brentford,0,3,HOME_WIN,0,L,11,18,3,6,13,13,4,7,1,2,0,0,-3,0
EPL_2526_BURNLEY_MANCHESTERUNITED,2025-26,TEST,2026-01-07,Burnley,Manchester United,2,2,DRAW,1,D,7,30,1,10,9,8,2,6,2,0,0,0,0,1
EPL_2526_BURNLEY_MANCHESTERUNITED,2025-26,TEST,2026-01-07,Manchester United,Burnley,2,2,DRAW,0,D,30,7,10,1,8,9,6,2,0,2,0,0,0,1
EPL_2526_CRYSTALPALACE_ASTONVILLA,2025-26,TEST,2026-01-07,Crystal Palace,Aston Villa,0,0,DRAW,1,D,11,15,5,3,8,3,3,5,2,0,0,0,0,1
EPL_2526_CRYSTALPALACE_ASTONVILLA,2025-26,TEST,2026-01-07,Aston Villa,Crystal Palace,0,0,DRAW,0,D,15,11,3,5,3,8,5,3,0,2,0,0,0,1
EPL_2526_EVERTON_WOLVERHAMPTONWANDERERS,2025-26,TEST,2026-01-07,Everton,Wolverhampton Wanderers,1,1,DRAW,1,D,13,13,2,4,13,15,2,7,1,3,2,0,0,1
EPL_2526_EVERTON_WOLVERHAMPTONWANDERERS,2025-26,TEST,2026-01-07,Wolverhampton Wanderers,Everton,1,1,DRAW,0,D,13,13,4,2,15,13,7,2,3,1,0,2,0,1
EPL_2526_FULHAM_CHELSEA,2025-26,TEST,2026-01-07,Fulham,Chelsea,2,1,HOME_WIN,1,W,16,14,5,6,11,6,2,11,3,3,0,1,1,3
EPL_2526_FULHAM_CHELSEA,2025-26,TEST,2026-01-07,Chelsea,Fulham,1,2,HOME_WIN,0,L,14,16,6,5,6,11,11,2,3,3,1,0,-1,0
EPL_2526_MANCHESTERCITY_BRIGHTONHOVEALBION,2025-26,TEST,2026-01-07,Manchester City,Brighton & Hove Albion,1,1,DRAW,1,D,22,6,6,3,6,16,6,2,1,6,0,0,0,1
EPL_2526_MANCHESTERCITY_BRIGHTONHOVEALBION,2025-26,TEST,2026-01-07,Brighton & Hove Albion,Manchester City,1,1,DRAW,0,D,6,22,3,6,16,6,2,6,6,1,0,0,0,1
EPL_2526_NEWCASTLEUNITED_LEEDSUNITED,2025-26,TEST,2026-01-07,Newcastle United,Leeds United,4,3,HOME_WIN,1,W,18,14,8,6,11,10,8,4,3,2,0,0,1,3
EPL_2526_NEWCASTLEUNITED_LEEDSUNITED,2025-26,TEST,2026-01-07,Leeds United,Newcastle United,3,4,HOME_WIN,0,L,14,18,6,8,10,11,4,8,2,3,0,0,-1,0
EPL_2526_ARSENAL_LIVERPOOL,2025-26,TEST,2026-01-08,Arsenal,Liverpool,0,0,DRAW,1,D,9,8,4,0,10,9,3,0,2,2,0,0,0,1
EPL_2526_ARSENAL_LIVERPOOL,2025-26,TEST,2026-01-08,Liverpool,Arsenal,0,0,DRAW,0,D,8,9,0,4,9,10,0,3,2,2,0,0,0,1
EPL_2526_CHELSEA_BRENTFORD,2025-26,TEST,2026-01-17,Chelsea,Brentford,2,0,HOME_WIN,1,W,6,15,2,5,7,10,3,9,3,2,0,0,2,3
EPL_2526_CHELSEA_BRENTFORD,2025-26,TEST,2026-01-17,Brentford,Chelsea,0,2,HOME_WIN,0,L,15,6,5,2,10,7,9,3,2,3,0,0,-2,0
EPL_2526_LEEDSUNITED_FULHAM,2025-26,TEST,2026-01-17,Leeds United,Fulham,1,0,HOME_WIN,1,W,14,8,5,1,6,11,7,3,1,5,0,0,1,3
EPL_2526_LEEDSUNITED_FULHAM,2025-26,TEST,2026-01-17,Fulham,Leeds United,0,1,HOME_WIN,0,L,8,14,1,5,11,6,3,7,5,1,0,0,-1,0
EPL_2526_LIVERPOOL_BURNLEY,2025-26,TEST,2026-01-17,Liverpool,Burnley,1,1,DRAW,1,D,32,7,11,1,8,10,9,1,1,2,0,0,0,1
EPL_2526_LIVERPOOL_BURNLEY,2025-26,TEST,2026-01-17,Burnley,Liverpool,1,1,DRAW,0,D,7,32,1,11,10,8,1,9,2,1,0,0,0,1
EPL_2526_MANCHESTERUNITED_MANCHESTERCITY,2025-26,TEST,2026-01-17,Manchester United,Manchester City,2,0,HOME_WIN,1,W,11,7,7,1,13,8,1,6,2,3,0,0,2,3
EPL_2526_MANCHESTERUNITED_MANCHESTERCITY,2025-26,TEST,2026-01-17,Manchester City,Manchester United,0,2,HOME_WIN,0,L,7,11,1,7,8,13,6,1,3,2,0,0,-2,0
EPL_2526_NOTTINGHAMFOREST_ARSENAL,2025-26,TEST,2026-01-17,Nottingham Forest,Arsenal,0,0,DRAW,1,D,6,15,0,3,8,14,4,9,1,1,0,0,0,1
EPL_2526_NOTTINGHAMFOREST_ARSENAL,2025-26,TEST,2026-01-17,Arsenal,Nottingham Forest,0,0,DRAW,0,D,15,6,3,0,14,8,9,4,1,1,0,0,0,1
EPL_2526_SUNDERLAND_CRYSTALPALACE,2025-26,TEST,2026-01-17,Sunderland,Crystal Palace,2,1,HOME_WIN,1,W,13,6,7,2,8,15,3,4,3,3,0,0,1,3
EPL_2526_SUNDERLAND_CRYSTALPALACE,2025-26,TEST,2026-01-17,Crystal Palace,Sunderland,1,2,HOME_WIN,0,L,6,13,2,7,15,8,4,3,3,3,0,0,-1,0
EPL_2526_TOTTENHAMHOTSPUR_WESTHAMUNITED,2025-26,TEST,2026-01-17,Tottenham Hotspur,West Ham United,1,2,AWAY_WIN,1,L,21,17,6,4,12,17,11,5,5,3,0,0,-1,0
EPL_2526_TOTTENHAMHOTSPUR_WESTHAMUNITED,2025-26,TEST,2026-01-17,West Ham United,Tottenham Hotspur,2,1,AWAY_WIN,0,W,17,21,4,6,17,12,5,11,3,5,0,0,1,3
EPL_2526_ASTONVILLA_EVERTON,2025-26,TEST,2026-01-18,Aston Villa,Everton,0,1,AWAY_WIN,1,L,18,9,5,3,15,13,6,4,1,2,0,0,-1,0
EPL_2526_ASTONVILLA_EVERTON,2025-26,TEST,2026-01-18,Everton,Aston Villa,1,0,AWAY_WIN,0,W,9,18,3,5,13,15,4,6,2,1,0,0,1,3
EPL_2526_WOLVERHAMPTONWANDERERS_NEWCASTLEUNITED,2025-26,TEST,2026-01-18,Wolverhampton Wanderers,Newcastle United,0,0,DRAW,1,D,6,12,2,2,14,8,4,7,2,2,0,0,0,1
EPL_2526_WOLVERHAMPTONWANDERERS_NEWCASTLEUNITED,2025-26,TEST,2026-01-18,Newcastle United,Wolverhampton Wanderers,0,0,DRAW,0,D,12,6,2,2,8,14,7,4,2,2,0,0,0,1
EPL_2526_BRIGHTONHOVEALBION_BOURNEMOUTH,2025-26,TEST,2026-01-19,Brighton & Hove Albion,Bournemouth,1,1,DRAW,1,D,17,11,5,2,7,6,11,6,2,3,0,0,0,1
EPL_2526_BRIGHTONHOVEALBION_BOURNEMOUTH,2025-26,TEST,2026-01-19,Bournemouth,Brighton & Hove Albion,1,1,DRAW,0,D,11,17,2,5,6,7,6,11,3,2,0,0,0,1
EPL_2526_BOURNEMOUTH_LIVERPOOL,2025-26,TEST,2026-01-24,Bournemouth,Liverpool,3,2,HOME_WIN,1,W,12,14,5,4,7,7,3,11,1,1,0,0,1,3
EPL_2526_BOURNEMOUTH_LIVERPOOL,2025-26,TEST,2026-01-24,Liverpool,Bournemouth,2,3,HOME_WIN,0,L,14,12,4,5,7,7,11,3,1,1,0,0,-1,0
EPL_2526_BURNLEY_TOTTENHAMHOTSPUR,2025-26,TEST,2026-01-24,Burnley,Tottenham Hotspur,2,2,DRAW,1,D,9,18,4,11,8,9,1,3,1,0,0,0,0,1
EPL_2526_BURNLEY_TOTTENHAMHOTSPUR,2025-26,TEST,2026-01-24,Tottenham Hotspur,Burnley,2,2,DRAW,0,D,18,9,11,4,9,8,3,1,0,1,0,0,0,1
EPL_2526_FULHAM_BRIGHTONHOVEALBION,2025-26,TEST,2026-01-24,Fulham,Brighton & Hove Albion,2,1,HOME_WIN,1,W,12,13,4,5,10,6,6,6,1,1,0,0,1,3
EPL_2526_FULHAM_BRIGHTONHOVEALBION,2025-26,TEST,2026-01-24,Brighton & Hove Albion,Fulham,1,2,HOME_WIN,0,L,13,12,5,4,6,10,6,6,1,1,0,0,-1,0
EPL_2526_MANCHESTERCITY_WOLVERHAMPTONWANDERERS,2025-26,TEST,2026-01-24,Manchester City,Wolverhampton Wanderers,2,0,HOME_WIN,1,W,11,11,4,1,16,14,4,6,1,3,0,0,2,3
EPL_2526_MANCHESTERCITY_WOLVERHAMPTONWANDERERS,2025-26,TEST,2026-01-24,Wolverhampton Wanderers,Manchester City,0,2,HOME_WIN,0,L,11,11,1,4,14,16,6,4,3,1,0,0,-2,0
EPL_2526_WESTHAMUNITED_SUNDERLAND,2025-26,TEST,2026-01-24,West Ham United,Sunderland,3,1,HOME_WIN,1,W,13,7,5,2,9,16,3,3,2,4,0,0,2,3
EPL_2526_WESTHAMUNITED_SUNDERLAND,2025-26,TEST,2026-01-24,Sunderland,West Ham United,1,3,HOME_WIN,0,L,7,13,2,5,16,9,3,3,4,2,0,0,-2,0
EPL_2526_ARSENAL_MANCHESTERUNITED,2025-26,TEST,2026-01-25,Arsenal,Manchester United,2,3,AWAY_WIN,1,L,15,10,4,3,11,9,9,2,2,0,0,0,-1,0
EPL_2526_ARSENAL_MANCHESTERUNITED,2025-26,TEST,2026-01-25,Manchester United,Arsenal,3,2,AWAY_WIN,0,W,10,15,3,4,9,11,2,9,0,2,0,0,1,3
EPL_2526_BRENTFORD_NOTTINGHAMFOREST,2025-26,TEST,2026-01-25,Brentford,Nottingham Forest,0,2,AWAY_WIN,1,L,10,7,1,2,11,10,6,5,1,0,0,0,-2,0
EPL_2526_BRENTFORD_NOTTINGHAMFOREST,2025-26,TEST,2026-01-25,Nottingham Forest,Brentford,2,0,AWAY_WIN,0,W,7,10,2,1,10,11,5,6,0,1,0,0,2,3
EPL_2526_CRYSTALPALACE_CHELSEA,2025-26,TEST,2026-01-25,Crystal Palace,Chelsea,1,3,AWAY_WIN,1,L,13,10,7,6,11,10,4,5,2,2,1,0,-2,0
EPL_2526_CRYSTALPALACE_CHELSEA,2025-26,TEST,2026-01-25,Chelsea,Crystal Palace,3,1,AWAY_WIN,0,W,10,13,6,7,10,11,5,4,2,2,0,1,2,3
EPL_2526_NEWCASTLEUNITED_ASTONVILLA,2025-26,TEST,2026-01-25,Newcastle United,Aston Villa,0,2,AWAY_WIN,1,L,15,14,4,8,7,12,6,5,1,2,0,0,-2,0
EPL_2526_NEWCASTLEUNITED_ASTONVILLA,2025-26,TEST,2026-01-25,Aston Villa,Newcastle United,2,0,AWAY_WIN,0,W,14,15,8,4,12,7,5,6,2,1,0,0,2,3
EPL_2526_EVERTON_LEEDSUNITED,2025-26,TEST,2026-01-26,Everton,Leeds United,1,1,DRAW,1,D,10,14,3,4,9,13,4,4,0,3,0,0,0,1
EPL_2526_EVERTON_LEEDSUNITED,2025-26,TEST,2026-01-26,Leeds United,Everton,1,1,DRAW,0,D,14,10,4,3,13,9,4,4,3,0,0,0,0,1
EPL_2526_BRIGHTONHOVEALBION_EVERTON,2025-26,TEST,2026-01-31,Brighton & Hove Albion,Everton,1,1,DRAW,1,D,11,7,2,4,13,14,5,2,1,2,0,0,0,1
EPL_2526_BRIGHTONHOVEALBION_EVERTON,2025-26,TEST,2026-01-31,Everton,Brighton & Hove Albion,1,1,DRAW,0,D,7,11,4,2,14,13,2,5,2,1,0,0,0,1
EPL_2526_CHELSEA_WESTHAMUNITED,2025-26,TEST,2026-01-31,Chelsea,West Ham United,3,2,HOME_WIN,1,W,14,11,6,6,11,13,9,3,3,2,0,1,1,3
EPL_2526_CHELSEA_WESTHAMUNITED,2025-26,TEST,2026-01-31,West Ham United,Chelsea,2,3,HOME_WIN,0,L,11,14,6,6,13,11,3,9,2,3,1,0,-1,0
EPL_2526_LEEDSUNITED_ARSENAL,2025-26,TEST,2026-01-31,Leeds United,Arsenal,0,4,AWAY_WIN,1,L,3,14,1,8,10,7,4,12,1,1,0,0,-4,0
EPL_2526_LEEDSUNITED_ARSENAL,2025-26,TEST,2026-01-31,Arsenal,Leeds United,4,0,AWAY_WIN,0,W,14,3,8,1,7,10,12,4,1,1,0,0,4,3
EPL_2526_LIVERPOOL_NEWCASTLEUNITED,2025-26,TEST,2026-01-31,Liverpool,Newcastle United,4,1,HOME_WIN,1,W,17,8,7,2,11,7,7,11,1,3,0,0,3,3
EPL_2526_LIVERPOOL_NEWCASTLEUNITED,2025-26,TEST,2026-01-31,Newcastle United,Liverpool,1,4,HOME_WIN,0,L,8,17,2,7,7,11,11,7,3,1,0,0,-3,0
EPL_2526_WOLVERHAMPTONWANDERERS_BOURNEMOUTH,2025-26,TEST,2026-01-31,Wolverhampton Wanderers,Bournemouth,0,2,AWAY_WIN,1,L,17,9,7,4,11,15,5,6,3,3,0,0,-2,0
EPL_2526_WOLVERHAMPTONWANDERERS_BOURNEMOUTH,2025-26,TEST,2026-01-31,Bournemouth,Wolverhampton Wanderers,2,0,AWAY_WIN,0,W,9,17,4,7,15,11,6,5,3,3,0,0,2,3
EPL_2526_ASTONVILLA_BRENTFORD,2025-26,TEST,2026-02-01,Aston Villa,Brentford,0,1,AWAY_WIN,1,L,27,6,5,2,8,8,12,1,0,3,0,0,-1,0
EPL_2526_ASTONVILLA_BRENTFORD,2025-26,TEST,2026-02-01,Brentford,Aston Villa,1,0,AWAY_WIN,0,W,6,27,2,5,8,8,1,12,3,0,0,0,1,3
EPL_2526_MANCHESTERUNITED_FULHAM,2025-26,TEST,2026-02-01,Manchester United,Fulham,3,2,HOME_WIN,1,W,13,14,6,6,6,9,3,7,2,1,0,0,1,3
EPL_2526_MANCHESTERUNITED_FULHAM,2025-26,TEST,2026-02-01,Fulham,Manchester United,2,3,HOME_WIN,0,L,14,13,6,6,9,6,7,3,1,2,0,0,-1,0
EPL_2526_NOTTINGHAMFOREST_CRYSTALPALACE,2025-26,TEST,2026-02-01,Nottingham Forest,Crystal Palace,1,1,DRAW,1,D,9,14,1,3,4,12,5,7,1,3,0,0,0,1
EPL_2526_NOTTINGHAMFOREST_CRYSTALPALACE,2025-26,TEST,2026-02-01,Crystal Palace,Nottingham Forest,1,1,DRAW,0,D,14,9,3,1,12,4,7,5,3,1,0,0,0,1
EPL_2526_TOTTENHAMHOTSPUR_MANCHESTERCITY,2025-26,TEST,2026-02-01,Tottenham Hotspur,Manchester City,2,2,DRAW,1,D,12,15,6,3,15,12,3,4,3,3,0,0,0,1
EPL_2526_TOTTENHAMHOTSPUR_MANCHESTERCITY,2025-26,TEST,2026-02-01,Manchester City,Tottenham Hotspur,2,2,DRAW,0,D,15,12,3,6,12,15,4,3,3,3,0,0,0,1
EPL_2526_SUNDERLAND_BURNLEY,2025-26,TEST,2026-02-02,Sunderland,Burnley,3,0,HOME_WIN,1,W,14,5,5,0,12,10,1,2,1,4,0,0,3,3
EPL_2526_SUNDERLAND_BURNLEY,2025-26,TEST,2026-02-02,Burnley,Sunderland,0,3,HOME_WIN,0,L,5,14,0,5,10,12,2,1,4,1,0,0,-3,0
EPL_2526_LEEDSUNITED_NOTTINGHAMFOREST,2025-26,TEST,2026-02-06,Leeds United,Nottingham Forest,3,1,HOME_WIN,1,W,14,16,5,6,9,12,5,10,1,1,0,0,2,3
EPL_2526_LEEDSUNITED_NOTTINGHAMFOREST,2025-26,TEST,2026-02-06,Nottingham Forest,Leeds United,1,3,HOME_WIN,0,L,16,14,6,5,12,9,10,5,1,1,0,0,-2,0
EPL_2526_ARSENAL_SUNDERLAND,2025-26,TEST,2026-02-07,Arsenal,Sunderland,3,0,HOME_WIN,1,W,16,5,5,3,11,8,5,2,1,2,0,0,3,3
EPL_2526_ARSENAL_SUNDERLAND,2025-26,TEST,2026-02-07,Sunderland,Arsenal,0,3,HOME_WIN,0,L,5,16,3,5,8,11,2,5,2,1,0,0,-3,0
EPL_2526_BOURNEMOUTH_ASTONVILLA,2025-26,TEST,2026-02-07,Bournemouth,Aston Villa,1,1,DRAW,1,D,20,7,9,4,4,11,11,4,1,1,0,0,0,1
EPL_2526_BOURNEMOUTH_ASTONVILLA,2025-26,TEST,2026-02-07,Aston Villa,Bournemouth,1,1,DRAW,0,D,7,20,4,9,11,4,4,11,1,1,0,0,0,1
EPL_2526_BURNLEY_WESTHAMUNITED,2025-26,TEST,2026-02-07,Burnley,West Ham United,0,2,AWAY_WIN,1,L,18,6,5,4,11,10,5,2,3,1,0,0,-2,0
EPL_2526_BURNLEY_WESTHAMUNITED,2025-26,TEST,2026-02-07,West Ham United,Burnley,2,0,AWAY_WIN,0,W,6,18,4,5,10,11,2,5,1,3,0,0,2,3
EPL_2526_FULHAM_EVERTON,2025-26,TEST,2026-02-07,Fulham,Everton,1,2,AWAY_WIN,1,L,13,16,3,3,11,12,6,6,1,5,0,0,-1,0
EPL_2526_FULHAM_EVERTON,2025-26,TEST,2026-02-07,Everton,Fulham,2,1,AWAY_WIN,0,W,16,13,3,3,12,11,6,6,5,1,0,0,1,3
EPL_2526_MANCHESTERUNITED_TOTTENHAMHOTSPUR,2025-26,TEST,2026-02-07,Manchester United,Tottenham Hotspur,2,0,HOME_WIN,1,W,23,7,10,1,12,11,7,0,1,2,0,1,2,3
EPL_2526_MANCHESTERUNITED_TOTTENHAMHOTSPUR,2025-26,TEST,2026-02-07,Tottenham Hotspur,Manchester United,0,2,HOME_WIN,0,L,7,23,1,10,11,12,0,7,2,1,1,0,-2,0
EPL_2526_NEWCASTLEUNITED_BRENTFORD,2025-26,TEST,2026-02-07,Newcastle United,Brentford,2,3,AWAY_WIN,1,L,16,11,4,5,14,18,9,3,2,2,0,0,-1,0
EPL_2526_NEWCASTLEUNITED_BRENTFORD,2025-26,TEST,2026-02-07,Brentford,Newcastle United,3,2,AWAY_WIN,0,W,11,16,5,4,18,14,3,9,2,2,0,0,1,3
EPL_2526_WOLVERHAMPTONWANDERERS_CHELSEA,2025-26,TEST,2026-02-07,Wolverhampton Wanderers,Chelsea,1,3,AWAY_WIN,1,L,11,15,3,6,9,10,3,4,1,1,0,0,-2,0
EPL_2526_WOLVERHAMPTONWANDERERS_CHELSEA,2025-26,TEST,2026-02-07,Chelsea,Wolverhampton Wanderers,3,1,AWAY_WIN,0,W,15,11,6,3,10,9,4,3,1,1,0,0,2,3
EPL_2526_BRIGHTONHOVEALBION_CRYSTALPALACE,2025-26,TEST,2026-02-08,Brighton & Hove Albion,Crystal Palace,0,1,AWAY_WIN,1,L,7,7,2,4,12,9,3,4,1,3,0,0,-1,0
EPL_2526_BRIGHTONHOVEALBION_CRYSTALPALACE,2025-26,TEST,2026-02-08,Crystal Palace,Brighton & Hove Albion,1,0,AWAY_WIN,0,W,7,7,4,2,9,12,4,3,3,1,0,0,1,3
EPL_2526_LIVERPOOL_MANCHESTERCITY,2025-26,TEST,2026-02-08,Liverpool,Manchester City,1,2,AWAY_WIN,1,L,15,17,4,7,13,16,5,4,2,4,1,0,-1,0
EPL_2526_LIVERPOOL_MANCHESTERCITY,2025-26,TEST,2026-02-08,Manchester City,Liverpool,2,1,AWAY_WIN,0,W,17,15,7,4,16,13,4,5,4,2,0,1,1,3
EPL_2526_CHELSEA_LEEDSUNITED,2025-26,TEST,2026-02-10,Chelsea,Leeds United,2,2,DRAW,1,D,19,4,4,2,9,13,4,1,4,4,0,0,0,1
EPL_2526_CHELSEA_LEEDSUNITED,2025-26,TEST,2026-02-10,Leeds United,Chelsea,2,2,DRAW,0,D,4,19,2,4,13,9,1,4,4,4,0,0,0,1
EPL_2526_EVERTON_BOURNEMOUTH,2025-26,TEST,2026-02-10,Everton,Bournemouth,1,2,AWAY_WIN,1,L,16,11,6,4,14,15,7,2,1,3,1,0,-1,0
EPL_2526_EVERTON_BOURNEMOUTH,2025-26,TEST,2026-02-10,Bournemouth,Everton,2,1,AWAY_WIN,0,W,11,16,4,6,15,14,2,7,3,1,0,1,1,3
EPL_2526_TOTTENHAMHOTSPUR_NEWCASTLEUNITED,2025-26,TEST,2026-02-10,Tottenham Hotspur,Newcastle United,1,2,AWAY_WIN,1,L,16,21,2,5,15,11,2,12,3,2,0,0,-1,0
EPL_2526_TOTTENHAMHOTSPUR_NEWCASTLEUNITED,2025-26,TEST,2026-02-10,Newcastle United,Tottenham Hotspur,2,1,AWAY_WIN,0,W,21,16,5,2,11,15,12,2,2,3,0,0,1,3
EPL_2526_WESTHAMUNITED_MANCHESTERUNITED,2025-26,TEST,2026-02-10,West Ham United,Manchester United,1,1,DRAW,1,D,7,9,3,3,10,4,5,3,1,1,0,0,0,1
EPL_2526_WESTHAMUNITED_MANCHESTERUNITED,2025-26,TEST,2026-02-10,Manchester United,West Ham United,1,1,DRAW,0,D,9,7,3,3,4,10,3,5,1,1,0,0,0,1
EPL_2526_ASTONVILLA_BRIGHTONHOVEALBION,2025-26,TEST,2026-02-11,Aston Villa,Brighton & Hove Albion,1,0,HOME_WIN,1,W,15,9,1,3,9,15,7,5,2,3,0,0,1,3
EPL_2526_ASTONVILLA_BRIGHTONHOVEALBION,2025-26,TEST,2026-02-11,Brighton & Hove Albion,Aston Villa,0,1,HOME_WIN,0,L,9,15,3,1,15,9,5,7,3,2,0,0,-1,0
EPL_2526_CRYSTALPALACE_BURNLEY,2025-26,TEST,2026-02-11,Crystal Palace,Burnley,2,3,AWAY_WIN,1,L,21,8,3,3,11,8,8,2,2,1,0,0,-1,0
EPL_2526_CRYSTALPALACE_BURNLEY,2025-26,TEST,2026-02-11,Burnley,Crystal Palace,3,2,AWAY_WIN,0,W,8,21,3,3,8,11,2,8,1,2,0,0,1,3
EPL_2526_MANCHESTERCITY_FULHAM,2025-26,TEST,2026-02-11,Manchester City,Fulham,3,0,HOME_WIN,1,W,13,14,5,3,8,10,4,4,3,1,0,0,3,3
EPL_2526_MANCHESTERCITY_FULHAM,2025-26,TEST,2026-02-11,Fulham,Manchester City,0,3,HOME_WIN,0,L,14,13,3,5,10,8,4,4,1,3,0,0,-3,0
EPL_2526_NOTTINGHAMFOREST_WOLVERHAMPTONWANDERERS,2025-26,TEST,2026-02-11,Nottingham Forest,Wolverhampton Wanderers,0,0,DRAW,1,D,35,7,10,3,12,13,8,2,0,2,0,0,0,1
EPL_2526_NOTTINGHAMFOREST_WOLVERHAMPTONWANDERERS,2025-26,TEST,2026-02-11,Wolverhampton Wanderers,Nottingham Forest,0,0,DRAW,0,D,7,35,3,10,13,12,2,8,2,0,0,0,0,1
EPL_2526_SUNDERLAND_LIVERPOOL,2025-26,TEST,2026-02-11,Sunderland,Liverpool,0,1,AWAY_WIN,1,L,11,23,2,3,8,10,3,11,1,0,0,0,-1,0
EPL_2526_SUNDERLAND_LIVERPOOL,2025-26,TEST,2026-02-11,Liverpool,Sunderland,1,0,AWAY_WIN,0,W,23,11,3,2,10,8,11,3,0,1,0,0,1,3
EPL_2526_BRENTFORD_ARSENAL,2025-26,TEST,2026-02-12,Brentford,Arsenal,1,1,DRAW,1,D,12,7,3,2,12,11,6,4,3,2,0,0,0,1
EPL_2526_BRENTFORD_ARSENAL,2025-26,TEST,2026-02-12,Arsenal,Brentford,1,1,DRAW,0,D,7,12,2,3,11,12,4,6,2,3,0,0,0,1
EPL_2526_WOLVERHAMPTONWANDERERS_ARSENAL,2025-26,TEST,2026-02-18,Wolverhampton Wanderers,Arsenal,2,2,DRAW,1,D,5,10,2,4,6,8,1,3,2,1,0,0,0,1
EPL_2526_WOLVERHAMPTONWANDERERS_ARSENAL,2025-26,TEST,2026-02-18,Arsenal,Wolverhampton Wanderers,2,2,DRAW,0,D,10,5,4,2,8,6,3,1,1,2,0,0,0,1
EPL_2526_ASTONVILLA_LEEDSUNITED,2025-26,TEST,2026-02-21,Aston Villa,Leeds United,1,1,DRAW,1,D,16,14,4,4,11,16,7,2,1,4,0,0,0,1
EPL_2526_ASTONVILLA_LEEDSUNITED,2025-26,TEST,2026-02-21,Leeds United,Aston Villa,1,1,DRAW,0,D,14,16,4,4,16,11,2,7,4,1,0,0,0,1
EPL_2526_BRENTFORD_BRIGHTONHOVEALBION,2025-26,TEST,2026-02-21,Brentford,Brighton & Hove Albion,0,2,AWAY_WIN,1,L,13,11,3,7,9,14,6,4,1,2,0,0,-2,0
EPL_2526_BRENTFORD_BRIGHTONHOVEALBION,2025-26,TEST,2026-02-21,Brighton & Hove Albion,Brentford,2,0,AWAY_WIN,0,W,11,13,7,3,14,9,4,6,2,1,0,0,2,3
EPL_2526_CHELSEA_BURNLEY,2025-26,TEST,2026-02-21,Chelsea,Burnley,1,1,DRAW,1,D,12,12,2,4,13,11,9,5,2,2,1,0,0,1
EPL_2526_CHELSEA_BURNLEY,2025-26,TEST,2026-02-21,Burnley,Chelsea,1,1,DRAW,0,D,12,12,4,2,11,13,5,9,2,2,0,1,0,1
EPL_2526_MANCHESTERCITY_NEWCASTLEUNITED,2025-26,TEST,2026-02-21,Manchester City,Newcastle United,2,1,HOME_WIN,1,W,15,13,7,7,12,13,5,5,2,5,0,0,1,3
EPL_2526_MANCHESTERCITY_NEWCASTLEUNITED,2025-26,TEST,2026-02-21,Newcastle United,Manchester City,1,2,HOME_WIN,0,L,13,15,7,7,13,12,5,5,5,2,0,0,-1,0
EPL_2526_WESTHAMUNITED_BOURNEMOUTH,2025-26,TEST,2026-02-21,West Ham United,Bournemouth,0,0,DRAW,1,D,20,10,3,5,10,11,9,5,1,1,0,0,0,1
EPL_2526_WESTHAMUNITED_BOURNEMOUTH,2025-26,TEST,2026-02-21,Bournemouth,West Ham United,0,0,DRAW,0,D,10,20,5,3,11,10,5,9,1,1,0,0,0,1
EPL_2526_CRYSTALPALACE_WOLVERHAMPTONWANDERERS,2025-26,TEST,2026-02-22,Crystal Palace,Wolverhampton Wanderers,1,0,HOME_WIN,1,W,14,12,3,7,19,13,7,3,5,1,0,1,1,3
EPL_2526_CRYSTALPALACE_WOLVERHAMPTONWANDERERS,2025-26,TEST,2026-02-22,Wolverhampton Wanderers,Crystal Palace,0,1,HOME_WIN,0,L,12,14,7,3,13,19,3,7,1,5,1,0,-1,0
EPL_2526_NOTTINGHAMFOREST_LIVERPOOL,2025-26,TEST,2026-02-22,Nottingham Forest,Liverpool,0,1,AWAY_WIN,1,L,18,10,2,4,13,9,7,2,2,0,0,0,-1,0
EPL_2526_NOTTINGHAMFOREST_LIVERPOOL,2025-26,TEST,2026-02-22,Liverpool,Nottingham Forest,1,0,AWAY_WIN,0,W,10,18,4,2,9,13,2,7,0,2,0,0,1,3
EPL_2526_SUNDERLAND_FULHAM,2025-26,TEST,2026-02-22,Sunderland,Fulham,1,3,AWAY_WIN,1,L,12,12,2,4,6,13,6,4,1,1,0,0,-2,0
EPL_2526_SUNDERLAND_FULHAM,2025-26,TEST,2026-02-22,Fulham,Sunderland,3,1,AWAY_WIN,0,W,12,12,4,2,13,6,4,6,1,1,0,0,2,3
EPL_2526_TOTTENHAMHOTSPUR_ARSENAL,2025-26,TEST,2026-02-22,Tottenham Hotspur,Arsenal,1,4,AWAY_WIN,1,L,6,20,5,7,17,11,2,5,2,1,0,0,-3,0
EPL_2526_TOTTENHAMHOTSPUR_ARSENAL,2025-26,TEST,2026-02-22,Arsenal,Tottenham Hotspur,4,1,AWAY_WIN,0,W,20,6,7,5,11,17,5,2,1,2,0,0,3,3
EPL_2526_EVERTON_MANCHESTERUNITED,2025-26,TEST,2026-02-23,Everton,Manchester United,0,1,AWAY_WIN,1,L,12,11,4,3,12,7,10,1,2,3,0,0,-1,0
EPL_2526_EVERTON_MANCHESTERUNITED,2025-26,TEST,2026-02-23,Manchester United,Everton,1,0,AWAY_WIN,0,W,11,12,3,4,7,12,1,10,3,2,0,0,1,3
EPL_2526_WOLVERHAMPTONWANDERERS_ASTONVILLA,2025-26,TEST,2026-02-27,Wolverhampton Wanderers,Aston Villa,2,0,HOME_WIN,1,W,9,14,2,5,13,19,0,5,3,3,0,0,2,3
EPL_2526_WOLVERHAMPTONWANDERERS_ASTONVILLA,2025-26,TEST,2026-02-27,Aston Villa,Wolverhampton Wanderers,0,2,HOME_WIN,0,L,14,9,5,2,19,13,5,0,3,3,0,0,-2,0
EPL_2526_BOURNEMOUTH_SUNDERLAND,2025-26,TEST,2026-02-28,Bournemouth,Sunderland,1,1,DRAW,1,D,21,8,5,4,15,12,7,3,4,2,0,0,0,1
EPL_2526_BOURNEMOUTH_SUNDERLAND,2025-26,TEST,2026-02-28,Sunderland,Bournemouth,1,1,DRAW,0,D,8,21,4,5,12,15,3,7,2,4,0,0,0,1
EPL_2526_BURNLEY_BRENTFORD,2025-26,TEST,2026-02-28,Burnley,Brentford,3,4,AWAY_WIN,1,L,12,16,3,7,9,9,4,8,2,2,0,0,-1,0
EPL_2526_BURNLEY_BRENTFORD,2025-26,TEST,2026-02-28,Brentford,Burnley,4,3,AWAY_WIN,0,W,16,12,7,3,9,9,8,4,2,2,0,0,1,3
EPL_2526_LEEDSUNITED_MANCHESTERCITY,2025-26,TEST,2026-02-28,Leeds United,Manchester City,0,1,AWAY_WIN,1,L,14,14,2,5,10,8,5,3,0,3,0,0,-1,0
EPL_2526_LEEDSUNITED_MANCHESTERCITY,2025-26,TEST,2026-02-28,Manchester City,Leeds United,1,0,AWAY_WIN,0,W,14,14,5,2,8,10,3,5,3,0,0,0,1,3
EPL_2526_LIVERPOOL_WESTHAMUNITED,2025-26,TEST,2026-02-28,Liverpool,West Ham United,5,2,HOME_WIN,1,W,18,11,7,4,12,11,10,5,2,2,0,0,3,3
EPL_2526_LIVERPOOL_WESTHAMUNITED,2025-26,TEST,2026-02-28,West Ham United,Liverpool,2,5,HOME_WIN,0,L,11,18,4,7,11,12,5,10,2,2,0,0,-3,0
EPL_2526_NEWCASTLEUNITED_EVERTON,2025-26,TEST,2026-02-28,Newcastle United,Everton,2,3,AWAY_WIN,1,L,17,9,7,5,15,7,7,2,2,3,0,0,-1,0
EPL_2526_NEWCASTLEUNITED_EVERTON,2025-26,TEST,2026-02-28,Everton,Newcastle United,3,2,AWAY_WIN,0,W,9,17,5,7,7,15,2,7,3,2,0,0,1,3
EPL_2526_ARSENAL_CHELSEA,2025-26,TEST,2026-03-01,Arsenal,Chelsea,2,1,HOME_WIN,1,W,12,9,5,3,11,14,5,10,1,3,0,1,1,3
EPL_2526_ARSENAL_CHELSEA,2025-26,TEST,2026-03-01,Chelsea,Arsenal,1,2,HOME_WIN,0,L,9,12,3,5,14,11,10,5,3,1,1,0,-1,0
EPL_2526_BRIGHTONHOVEALBION_NOTTINGHAMFOREST,2025-26,TEST,2026-03-01,Brighton & Hove Albion,Nottingham Forest,2,1,HOME_WIN,1,W,14,13,7,4,12,13,4,4,3,1,0,0,1,3
EPL_2526_BRIGHTONHOVEALBION_NOTTINGHAMFOREST,2025-26,TEST,2026-03-01,Nottingham Forest,Brighton & Hove Albion,1,2,HOME_WIN,0,L,13,14,4,7,13,12,4,4,1,3,0,0,-1,0
EPL_2526_FULHAM_TOTTENHAMHOTSPUR,2025-26,TEST,2026-03-01,Fulham,Tottenham Hotspur,2,1,HOME_WIN,1,W,18,13,4,1,11,14,5,8,3,3,0,0,1,3
EPL_2526_FULHAM_TOTTENHAMHOTSPUR,2025-26,TEST,2026-03-01,Tottenham Hotspur,Fulham,1,2,HOME_WIN,0,L,13,18,1,4,14,11,8,5,3,3,0,0,-1,0
EPL_2526_MANCHESTERUNITED_CRYSTALPALACE,2025-26,TEST,2026-03-01,Manchester United,Crystal Palace,2,1,HOME_WIN,1,W,20,8,11,3,13,12,7,1,2,2,0,1,1,3
EPL_2526_MANCHESTERUNITED_CRYSTALPALACE,2025-26,TEST,2026-03-01,Crystal Palace,Manchester United,1,2,HOME_WIN,0,L,8,20,3,11,12,13,1,7,2,2,1,0,-1,0
EPL_2526_BOURNEMOUTH_BRENTFORD,2025-26,TEST,2026-03-03,Bournemouth,Brentford,0,0,DRAW,1,D,13,5,2,2,9,10,4,3,2,1,0,0,0,1
EPL_2526_BOURNEMOUTH_BRENTFORD,2025-26,TEST,2026-03-03,Brentford,Bournemouth,0,0,DRAW,0,D,5,13,2,2,10,9,3,4,1,2,0,0,0,1
EPL_2526_EVERTON_BURNLEY,2025-26,TEST,2026-03-03,Everton,Burnley,2,0,HOME_WIN,1,W,14,5,5,2,10,12,6,3,0,1,0,0,2,3
EPL_2526_EVERTON_BURNLEY,2025-26,TEST,2026-03-03,Burnley,Everton,0,2,HOME_WIN,0,L,5,14,2,5,12,10,3,6,1,0,0,0,-2,0
EPL_2526_LEEDSUNITED_SUNDERLAND,2025-26,TEST,2026-03-03,Leeds United,Sunderland,0,1,AWAY_WIN,1,L,18,3,4,1,15,19,9,2,1,3,0,0,-1,0
EPL_2526_LEEDSUNITED_SUNDERLAND,2025-26,TEST,2026-03-03,Sunderland,Leeds United,1,0,AWAY_WIN,0,W,3,18,1,4,19,15,2,9,3,1,0,0,1,3
EPL_2526_WOLVERHAMPTONWANDERERS_LIVERPOOL,2025-26,TEST,2026-03-03,Wolverhampton Wanderers,Liverpool,2,1,HOME_WIN,1,W,4,19,3,7,10,13,2,11,2,1,0,0,1,3
EPL_2526_WOLVERHAMPTONWANDERERS_LIVERPOOL,2025-26,TEST,2026-03-03,Liverpool,Wolverhampton Wanderers,1,2,HOME_WIN,0,L,19,4,7,3,13,10,11,2,1,2,0,0,-1,0
EPL_2526_ASTONVILLA_CHELSEA,2025-26,TEST,2026-03-04,Aston Villa,Chelsea,1,4,AWAY_WIN,1,L,9,15,4,8,10,9,3,8,3,2,0,0,-3,0
EPL_2526_ASTONVILLA_CHELSEA,2025-26,TEST,2026-03-04,Chelsea,Aston Villa,4,1,AWAY_WIN,0,W,15,9,8,4,9,10,8,3,2,3,0,0,3,3
EPL_2526_BRIGHTONHOVEALBION_ARSENAL,2025-26,TEST,2026-03-04,Brighton & Hove Albion,Arsenal,0,1,AWAY_WIN,1,L,11,7,3,2,14,12,4,3,4,1,0,0,-1,0
EPL_2526_BRIGHTONHOVEALBION_ARSENAL,2025-26,TEST,2026-03-04,Arsenal,Brighton & Hove Albion,1,0,AWAY_WIN,0,W,7,11,2,3,12,14,3,4,1,4,0,0,1,3
EPL_2526_FULHAM_WESTHAMUNITED,2025-26,TEST,2026-03-04,Fulham,West Ham United,0,1,AWAY_WIN,1,L,13,9,5,3,14,12,7,5,2,4,0,0,-1,0
EPL_2526_FULHAM_WESTHAMUNITED,2025-26,TEST,2026-03-04,West Ham United,Fulham,1,0,AWAY_WIN,0,W,9,13,3,5,12,14,5,7,4,2,0,0,1,3
EPL_2526_MANCHESTERCITY_NOTTINGHAMFOREST,2025-26,TEST,2026-03-04,Manchester City,Nottingham Forest,2,2,DRAW,1,D,21,9,7,4,10,6,6,1,0,4,0,0,0,1
EPL_2526_MANCHESTERCITY_NOTTINGHAMFOREST,2025-26,TEST,2026-03-04,Nottingham Forest,Manchester City,2,2,DRAW,0,D,9,21,4,7,6,10,1,6,4,0,0,0,0,1
EPL_2526_NEWCASTLEUNITED_MANCHESTERUNITED,2025-26,TEST,2026-03-04,Newcastle United,Manchester United,2,1,HOME_WIN,1,W,12,14,5,5,15,16,2,4,2,3,1,0,1,3
EPL_2526_NEWCASTLEUNITED_MANCHESTERUNITED,2025-26,TEST,2026-03-04,Manchester United,Newcastle United,1,2,HOME_WIN,0,L,14,12,5,5,16,15,4,2,3,2,0,1,-1,0
EPL_2526_TOTTENHAMHOTSPUR_CRYSTALPALACE,2025-26,TEST,2026-03-05,Tottenham Hotspur,Crystal Palace,1,3,AWAY_WIN,1,L,12,9,4,4,14,14,6,3,3,2,0,0,-2,0
EPL_2526_TOTTENHAMHOTSPUR_CRYSTALPALACE,2025-26,TEST,2026-03-05,Crystal Palace,Tottenham Hotspur,3,1,AWAY_WIN,0,W,9,12,4,4,14,14,3,6,2,3,0,0,2,3
EPL_2526_ARSENAL_EVERTON,2025-26,TEST,2026-03-14,Arsenal,Everton,2,0,HOME_WIN,1,W,25,9,7,3,11,12,8,3,0,0,0,0,2,3
EPL_2526_ARSENAL_EVERTON,2025-26,TEST,2026-03-14,Everton,Arsenal,0,2,HOME_WIN,0,L,9,25,3,7,12,11,3,8,0,0,0,0,-2,0
EPL_2526_BURNLEY_BOURNEMOUTH,2025-26,TEST,2026-03-14,Burnley,Bournemouth,0,0,DRAW,1,D,15,22,2,3,11,5,5,8,1,0,0,0,0,1
EPL_2526_BURNLEY_BOURNEMOUTH,2025-26,TEST,2026-03-14,Bournemouth,Burnley,0,0,DRAW,0,D,22,15,3,2,5,11,8,5,0,1,0,0,0,1
EPL_2526_CHELSEA_NEWCASTLEUNITED,2025-26,TEST,2026-03-14,Chelsea,Newcastle United,0,1,AWAY_WIN,1,L,22,7,3,5,9,10,8,1,2,2,0,0,-1,0
EPL_2526_CHELSEA_NEWCASTLEUNITED,2025-26,TEST,2026-03-14,Newcastle United,Chelsea,1,0,AWAY_WIN,0,W,7,22,5,3,10,9,1,8,2,2,0,0,1,3
EPL_2526_SUNDERLAND_BRIGHTONHOVEALBION,2025-26,TEST,2026-03-14,Sunderland,Brighton & Hove Albion,0,1,AWAY_WIN,1,L,14,12,4,4,7,12,7,3,1,2,0,0,-1,0
EPL_2526_SUNDERLAND_BRIGHTONHOVEALBION,2025-26,TEST,2026-03-14,Brighton & Hove Albion,Sunderland,1,0,AWAY_WIN,0,W,12,14,4,4,12,7,3,7,2,1,0,0,1,3
EPL_2526_WESTHAMUNITED_MANCHESTERCITY,2025-26,TEST,2026-03-14,West Ham United,Manchester City,1,1,DRAW,1,D,1,24,1,6,14,5,1,15,2,2,0,0,0,1
EPL_2526_WESTHAMUNITED_MANCHESTERCITY,2025-26,TEST,2026-03-14,Manchester City,West Ham United,1,1,DRAW,0,D,24,1,6,1,5,14,15,1,2,2,0,0,0,1
EPL_2526_CRYSTALPALACE_LEEDSUNITED,2025-26,TEST,2026-03-15,Crystal Palace,Leeds United,0,0,DRAW,1,D,12,10,0,3,12,11,8,3,2,1,0,1,0,1
EPL_2526_CRYSTALPALACE_LEEDSUNITED,2025-26,TEST,2026-03-15,Leeds United,Crystal Palace,0,0,DRAW,0,D,10,12,3,0,11,12,3,8,1,2,1,0,0,1
EPL_2526_LIVERPOOL_TOTTENHAMHOTSPUR,2025-26,TEST,2026-03-15,Liverpool,Tottenham Hotspur,1,1,DRAW,1,D,17,13,4,7,8,13,3,4,0,0,0,0,0,1
EPL_2526_LIVERPOOL_TOTTENHAMHOTSPUR,2025-26,TEST,2026-03-15,Tottenham Hotspur,Liverpool,1,1,DRAW,0,D,13,17,7,4,13,8,4,3,0,0,0,0,0,1
EPL_2526_MANCHESTERUNITED_ASTONVILLA,2025-26,TEST,2026-03-15,Manchester United,Aston Villa,3,1,HOME_WIN,1,W,16,9,6,2,10,5,6,6,3,2,0,0,2,3
EPL_2526_MANCHESTERUNITED_ASTONVILLA,2025-26,TEST,2026-03-15,Aston Villa,Manchester United,1,3,HOME_WIN,0,L,9,16,2,6,5,10,6,6,2,3,0,0,-2,0
EPL_2526_NOTTINGHAMFOREST_FULHAM,2025-26,TEST,2026-03-15,Nottingham Forest,Fulham,0,0,DRAW,1,D,11,5,2,0,8,10,5,4,2,3,0,0,0,1
EPL_2526_NOTTINGHAMFOREST_FULHAM,2025-26,TEST,2026-03-15,Fulham,Nottingham Forest,0,0,DRAW,0,D,5,11,0,2,10,8,4,5,3,2,0,0,0,1
EPL_2526_BRENTFORD_WOLVERHAMPTONWANDERERS,2025-26,TEST,2026-03-16,Brentford,Wolverhampton Wanderers,2,2,DRAW,1,D,10,13,3,4,12,10,1,5,2,4,0,0,0,1
EPL_2526_BRENTFORD_WOLVERHAMPTONWANDERERS,2025-26,TEST,2026-03-16,Wolverhampton Wanderers,Brentford,2,2,DRAW,0,D,13,10,4,3,10,12,5,1,4,2,0,0,0,1
EPL_2526_BOURNEMOUTH_MANCHESTERUNITED,2025-26,TEST,2026-03-20,Bournemouth,Manchester United,2,2,DRAW,1,D,16,14,5,5,10,9,6,8,2,2,0,1,0,1
EPL_2526_BOURNEMOUTH_MANCHESTERUNITED,2025-26,TEST,2026-03-20,Manchester United,Bournemouth,2,2,DRAW,0,D,14,16,5,5,9,10,8,6,2,2,1,0,0,1
EPL_2526_BRIGHTONHOVEALBION_LIVERPOOL,2025-26,TEST,2026-03-21,Brighton & Hove Albion,Liverpool,2,1,HOME_WIN,1,W,16,12,7,5,11,11,4,8,5,5,0,0,1,3
EPL_2526_BRIGHTONHOVEALBION_LIVERPOOL,2025-26,TEST,2026-03-21,Liverpool,Brighton & Hove Albion,1,2,HOME_WIN,0,L,12,16,5,7,11,11,8,4,5,5,0,0,-1,0
EPL_2526_EVERTON_CHELSEA,2025-26,TEST,2026-03-21,Everton,Chelsea,3,0,HOME_WIN,1,W,10,12,9,4,6,7,3,9,0,2,0,0,3,3
EPL_2526_EVERTON_CHELSEA,2025-26,TEST,2026-03-21,Chelsea,Everton,0,3,HOME_WIN,0,L,12,10,4,9,7,6,9,3,2,0,0,0,-3,0
EPL_2526_FULHAM_BURNLEY,2025-26,TEST,2026-03-21,Fulham,Burnley,3,1,HOME_WIN,1,W,22,9,6,5,6,9,6,6,2,2,0,1,2,3
EPL_2526_FULHAM_BURNLEY,2025-26,TEST,2026-03-21,Burnley,Fulham,1,3,HOME_WIN,0,L,9,22,5,6,9,6,6,6,2,2,1,0,-2,0
EPL_2526_LEEDSUNITED_BRENTFORD,2025-26,TEST,2026-03-21,Leeds United,Brentford,0,0,DRAW,1,D,14,6,4,2,6,9,6,2,2,0,0,0,0,1
EPL_2526_LEEDSUNITED_BRENTFORD,2025-26,TEST,2026-03-21,Brentford,Leeds United,0,0,DRAW,0,D,6,14,2,4,9,6,2,6,0,2,0,0,0,1
EPL_2526_ASTONVILLA_WESTHAMUNITED,2025-26,TEST,2026-03-22,Aston Villa,West Ham United,2,0,HOME_WIN,1,W,23,9,7,1,3,7,6,6,0,1,0,0,2,3
EPL_2526_ASTONVILLA_WESTHAMUNITED,2025-26,TEST,2026-03-22,West Ham United,Aston Villa,0,2,HOME_WIN,0,L,9,23,1,7,7,3,6,6,1,0,0,0,-2,0
EPL_2526_NEWCASTLEUNITED_SUNDERLAND,2025-26,TEST,2026-03-22,Newcastle United,Sunderland,1,2,AWAY_WIN,1,L,16,17,4,7,8,19,9,5,1,6,0,0,-1,0
EPL_2526_NEWCASTLEUNITED_SUNDERLAND,2025-26,TEST,2026-03-22,Sunderland,Newcastle United,2,1,AWAY_WIN,0,W,17,16,7,4,19,8,5,9,6,1,0,0,1,3
EPL_2526_TOTTENHAMHOTSPUR_NOTTINGHAMFOREST,2025-26,TEST,2026-03-22,Tottenham Hotspur,Nottingham Forest,0,3,AWAY_WIN,1,L,14,8,3,7,13,13,13,3,1,2,0,0,-3,0
EPL_2526_TOTTENHAMHOTSPUR_NOTTINGHAMFOREST,2025-26,TEST,2026-03-22,Nottingham Forest,Tottenham Hotspur,3,0,AWAY_WIN,0,W,8,14,7,3,13,13,3,13,2,1,0,0,3,3
EPL_2526_WESTHAMUNITED_WOLVERHAMPTONWANDERERS,2025-26,TEST,2026-04-10,West Ham United,Wolverhampton Wanderers,4,0,HOME_WIN,1,W,18,14,7,3,11,7,5,2,2,2,0,0,4,3
EPL_2526_WESTHAMUNITED_WOLVERHAMPTONWANDERERS,2025-26,TEST,2026-04-10,Wolverhampton Wanderers,West Ham United,0,4,HOME_WIN,0,L,14,18,3,7,7,11,2,5,2,2,0,0,-4,0
EPL_2526_ARSENAL_BOURNEMOUTH,2025-26,TEST,2026-04-11,Arsenal,Bournemouth,1,2,AWAY_WIN,1,L,15,8,3,3,12,18,10,1,1,3,0,0,-1,0
EPL_2526_ARSENAL_BOURNEMOUTH,2025-26,TEST,2026-04-11,Bournemouth,Arsenal,2,1,AWAY_WIN,0,W,8,15,3,3,18,12,1,10,3,1,0,0,1,3
EPL_2526_BRENTFORD_EVERTON,2025-26,TEST,2026-04-11,Brentford,Everton,2,2,DRAW,1,D,17,14,4,7,6,7,2,3,0,2,0,0,0,1
EPL_2526_BRENTFORD_EVERTON,2025-26,TEST,2026-04-11,Everton,Brentford,2,2,DRAW,0,D,14,17,7,4,7,6,3,2,2,0,0,0,0,1
EPL_2526_BURNLEY_BRIGHTONHOVEALBION,2025-26,TEST,2026-04-11,Burnley,Brighton & Hove Albion,0,2,AWAY_WIN,1,L,10,13,5,6,7,11,8,2,2,1,0,0,-2,0
EPL_2526_BURNLEY_BRIGHTONHOVEALBION,2025-26,TEST,2026-04-11,Brighton & Hove Albion,Burnley,2,0,AWAY_WIN,0,W,13,10,6,5,11,7,2,8,1,2,0,0,2,3
EPL_2526_LIVERPOOL_FULHAM,2025-26,TEST,2026-04-11,Liverpool,Fulham,2,0,HOME_WIN,1,W,18,19,5,4,10,4,6,9,0,0,0,0,2,3
EPL_2526_LIVERPOOL_FULHAM,2025-26,TEST,2026-04-11,Fulham,Liverpool,0,2,HOME_WIN,0,L,19,18,4,5,4,10,9,6,0,0,0,0,-2,0
EPL_2526_CHELSEA_MANCHESTERCITY,2025-26,TEST,2026-04-12,Chelsea,Manchester City,0,3,AWAY_WIN,1,L,12,18,3,8,10,14,4,12,3,1,0,0,-3,0
EPL_2526_CHELSEA_MANCHESTERCITY,2025-26,TEST,2026-04-12,Manchester City,Chelsea,3,0,AWAY_WIN,0,W,18,12,8,3,14,10,12,4,1,3,0,0,3,3
EPL_2526_CRYSTALPALACE_NEWCASTLEUNITED,2025-26,TEST,2026-04-12,Crystal Palace,Newcastle United,2,1,HOME_WIN,1,W,11,7,5,3,17,12,2,4,0,3,0,0,1,3
EPL_2526_CRYSTALPALACE_NEWCASTLEUNITED,2025-26,TEST,2026-04-12,Newcastle United,Crystal Palace,1,2,HOME_WIN,0,L,7,11,3,5,12,17,4,2,3,0,0,0,-1,0
EPL_2526_NOTTINGHAMFOREST_ASTONVILLA,2025-26,TEST,2026-04-12,Nottingham Forest,Aston Villa,1,1,DRAW,1,D,15,12,4,5,15,10,7,3,2,2,0,0,0,1
EPL_2526_NOTTINGHAMFOREST_ASTONVILLA,2025-26,TEST,2026-04-12,Aston Villa,Nottingham Forest,1,1,DRAW,0,D,12,15,5,4,10,15,3,7,2,2,0,0,0,1
EPL_2526_SUNDERLAND_TOTTENHAMHOTSPUR,2025-26,TEST,2026-04-12,Sunderland,Tottenham Hotspur,1,0,HOME_WIN,1,W,13,11,2,7,14,15,2,6,3,3,0,0,1,3
EPL_2526_SUNDERLAND_TOTTENHAMHOTSPUR,2025-26,TEST,2026-04-12,Tottenham Hotspur,Sunderland,0,1,HOME_WIN,0,L,11,13,7,2,15,14,6,2,3,3,0,0,-1,0
EPL_2526_MANCHESTERUNITED_LEEDSUNITED,2025-26,TEST,2026-04-13,Manchester United,Leeds United,1,2,AWAY_WIN,1,L,20,15,9,6,12,15,11,4,3,2,1,0,-1,0
EPL_2526_MANCHESTERUNITED_LEEDSUNITED,2025-26,TEST,2026-04-13,Leeds United,Manchester United,2,1,AWAY_WIN,0,W,15,20,6,9,15,12,4,11,2,3,0,1,1,3
EPL_2526_BRENTFORD_FULHAM,2025-26,TEST,2026-04-18,Brentford,Fulham,0,0,DRAW,1,D,13,11,4,0,8,13,9,3,0,1,0,0,0,1
EPL_2526_BRENTFORD_FULHAM,2025-26,TEST,2026-04-18,Fulham,Brentford,0,0,DRAW,0,D,11,13,0,4,13,8,3,9,1,0,0,0,0,1
EPL_2526_CHELSEA_MANCHESTERUNITED,2025-26,TEST,2026-04-18,Chelsea,Manchester United,0,1,AWAY_WIN,1,L,21,4,3,1,12,13,7,1,1,3,0,0,-1,0
EPL_2526_CHELSEA_MANCHESTERUNITED,2025-26,TEST,2026-04-18,Manchester United,Chelsea,1,0,AWAY_WIN,0,W,4,21,1,3,13,12,1,7,3,1,0,0,1,3
EPL_2526_LEEDSUNITED_WOLVERHAMPTONWANDERERS,2025-26,TEST,2026-04-18,Leeds United,Wolverhampton Wanderers,3,0,HOME_WIN,1,W,17,7,6,2,9,17,5,6,2,1,0,0,3,3
EPL_2526_LEEDSUNITED_WOLVERHAMPTONWANDERERS,2025-26,TEST,2026-04-18,Wolverhampton Wanderers,Leeds United,0,3,HOME_WIN,0,L,7,17,2,6,17,9,6,5,1,2,0,0,-3,0
EPL_2526_NEWCASTLEUNITED_BOURNEMOUTH,2025-26,TEST,2026-04-18,Newcastle United,Bournemouth,1,2,AWAY_WIN,1,L,12,12,3,3,11,12,2,3,2,4,0,0,-1,0
EPL_2526_NEWCASTLEUNITED_BOURNEMOUTH,2025-26,TEST,2026-04-18,Bournemouth,Newcastle United,2,1,AWAY_WIN,0,W,12,12,3,3,12,11,3,2,4,2,0,0,1,3
EPL_2526_TOTTENHAMHOTSPUR_BRIGHTONHOVEALBION,2025-26,TEST,2026-04-18,Tottenham Hotspur,Brighton & Hove Albion,2,2,DRAW,1,D,13,10,6,3,14,14,7,5,3,1,0,0,0,1
EPL_2526_TOTTENHAMHOTSPUR_BRIGHTONHOVEALBION,2025-26,TEST,2026-04-18,Brighton & Hove Albion,Tottenham Hotspur,2,2,DRAW,0,D,10,13,3,6,14,14,5,7,1,3,0,0,0,1
EPL_2526_ASTONVILLA_SUNDERLAND,2025-26,TEST,2026-04-19,Aston Villa,Sunderland,4,3,HOME_WIN,1,W,15,10,7,7,11,11,4,5,1,3,0,0,1,3
EPL_2526_ASTONVILLA_SUNDERLAND,2025-26,TEST,2026-04-19,Sunderland,Aston Villa,3,4,HOME_WIN,0,L,10,15,7,7,11,11,5,4,3,1,0,0,-1,0
EPL_2526_EVERTON_LIVERPOOL,2025-26,TEST,2026-04-19,Everton,Liverpool,1,2,AWAY_WIN,1,L,10,14,4,6,8,12,1,6,2,0,0,0,-1,0
EPL_2526_EVERTON_LIVERPOOL,2025-26,TEST,2026-04-19,Liverpool,Everton,2,1,AWAY_WIN,0,W,14,10,6,4,12,8,6,1,0,2,0,0,1,3
EPL_2526_MANCHESTERCITY_ARSENAL,2025-26,TEST,2026-04-19,Manchester City,Arsenal,2,1,HOME_WIN,1,W,15,9,5,3,5,12,8,5,2,2,0,0,1,3
EPL_2526_MANCHESTERCITY_ARSENAL,2025-26,TEST,2026-04-19,Arsenal,Manchester City,1,2,HOME_WIN,0,L,9,15,3,5,12,5,5,8,2,2,0,0,-1,0
EPL_2526_NOTTINGHAMFOREST_BURNLEY,2025-26,TEST,2026-04-19,Nottingham Forest,Burnley,4,1,HOME_WIN,1,W,10,4,4,3,8,12,4,4,0,2,0,0,3,3
EPL_2526_NOTTINGHAMFOREST_BURNLEY,2025-26,TEST,2026-04-19,Burnley,Nottingham Forest,1,4,HOME_WIN,0,L,4,10,3,4,12,8,4,4,2,0,0,0,-3,0
EPL_2526_CRYSTALPALACE_WESTHAMUNITED,2025-26,TEST,2026-04-20,Crystal Palace,West Ham United,0,0,DRAW,1,D,9,9,1,4,13,12,4,6,2,1,0,0,0,1
EPL_2526_CRYSTALPALACE_WESTHAMUNITED,2025-26,TEST,2026-04-20,West Ham United,Crystal Palace,0,0,DRAW,0,D,9,9,4,1,12,13,6,4,1,2,0,0,0,1
EPL_2526_BRIGHTONHOVEALBION_CHELSEA,2025-26,TEST,2026-04-21,Brighton & Hove Albion,Chelsea,3,0,HOME_WIN,1,W,15,6,9,0,15,6,6,5,1,1,0,0,3,3
EPL_2526_BRIGHTONHOVEALBION_CHELSEA,2025-26,TEST,2026-04-21,Chelsea,Brighton & Hove Albion,0,3,HOME_WIN,0,L,6,15,0,9,6,15,5,6,1,1,0,0,-3,0
EPL_2526_BOURNEMOUTH_LEEDSUNITED,2025-26,TEST,2026-04-22,Bournemouth,Leeds United,2,2,DRAW,1,D,17,10,7,3,6,10,12,1,3,0,0,0,0,1
EPL_2526_BOURNEMOUTH_LEEDSUNITED,2025-26,TEST,2026-04-22,Leeds United,Bournemouth,2,2,DRAW,0,D,10,17,3,7,10,6,1,12,0,3,0,0,0,1
EPL_2526_BURNLEY_MANCHESTERCITY,2025-26,TEST,2026-04-22,Burnley,Manchester City,0,1,AWAY_WIN,1,L,9,28,1,9,10,12,3,11,0,0,0,0,-1,0
EPL_2526_BURNLEY_MANCHESTERCITY,2025-26,TEST,2026-04-22,Manchester City,Burnley,1,0,AWAY_WIN,0,W,28,9,9,1,12,10,11,3,0,0,0,0,1,3
EPL_2526_SUNDERLAND_NOTTINGHAMFOREST,2025-26,TEST,2026-04-24,Sunderland,Nottingham Forest,0,5,AWAY_WIN,1,L,14,10,4,6,13,15,3,6,2,5,0,0,-5,0
EPL_2526_SUNDERLAND_NOTTINGHAMFOREST,2025-26,TEST,2026-04-24,Nottingham Forest,Sunderland,5,0,AWAY_WIN,0,W,10,14,6,4,15,13,6,3,5,2,0,0,5,3
EPL_2526_ARSENAL_NEWCASTLEUNITED,2025-26,TEST,2026-04-25,Arsenal,Newcastle United,1,0,HOME_WIN,1,W,11,13,4,3,13,10,7,2,2,2,0,0,1,3
EPL_2526_ARSENAL_NEWCASTLEUNITED,2025-26,TEST,2026-04-25,Newcastle United,Arsenal,0,1,HOME_WIN,0,L,13,11,3,4,10,13,2,7,2,2,0,0,-1,0
EPL_2526_FULHAM_ASTONVILLA,2025-26,TEST,2026-04-25,Fulham,Aston Villa,1,0,HOME_WIN,1,W,13,10,6,1,14,12,2,5,2,2,0,0,1,3
EPL_2526_FULHAM_ASTONVILLA,2025-26,TEST,2026-04-25,Aston Villa,Fulham,0,1,HOME_WIN,0,L,10,13,1,6,12,14,5,2,2,2,0,0,-1,0
EPL_2526_LIVERPOOL_CRYSTALPALACE,2025-26,TEST,2026-04-25,Liverpool,Crystal Palace,3,1,HOME_WIN,1,W,9,14,3,7,10,10,5,8,1,3,0,0,2,3
EPL_2526_LIVERPOOL_CRYSTALPALACE,2025-26,TEST,2026-04-25,Crystal Palace,Liverpool,1,3,HOME_WIN,0,L,14,9,7,3,10,10,8,5,3,1,0,0,-2,0
EPL_2526_WESTHAMUNITED_EVERTON,2025-26,TEST,2026-04-25,West Ham United,Everton,2,1,HOME_WIN,1,W,10,11,3,3,9,11,3,4,3,4,0,0,1,3
EPL_2526_WESTHAMUNITED_EVERTON,2025-26,TEST,2026-04-25,Everton,West Ham United,1,2,HOME_WIN,0,L,11,10,3,3,11,9,4,3,4,3,0,0,-1,0
EPL_2526_WOLVERHAMPTONWANDERERS_TOTTENHAMHOTSPUR,2025-26,TEST,2026-04-25,Wolverhampton Wanderers,Tottenham Hotspur,0,1,AWAY_WIN,1,L,11,11,2,2,8,14,5,5,3,4,0,0,-1,0
EPL_2526_WOLVERHAMPTONWANDERERS_TOTTENHAMHOTSPUR,2025-26,TEST,2026-04-25,Tottenham Hotspur,Wolverhampton Wanderers,1,0,AWAY_WIN,0,W,11,11,2,2,14,8,5,5,4,3,0,0,1,3
EPL_2526_MANCHESTERUNITED_BRENTFORD,2025-26,TEST,2026-04-27,Manchester United,Brentford,2,1,HOME_WIN,1,W,11,12,6,4,6,9,7,8,2,4,0,0,1,3
EPL_2526_MANCHESTERUNITED_BRENTFORD,2025-26,TEST,2026-04-27,Brentford,Manchester United,1,2,HOME_WIN,0,L,12,11,4,6,9,6,8,7,4,2,0,0,-1,0
EPL_2526_LEEDSUNITED_BURNLEY,2025-26,TEST,2026-05-01,Leeds United,Burnley,3,1,HOME_WIN,1,W,18,9,8,3,12,11,5,0,4,3,0,0,2,3
EPL_2526_LEEDSUNITED_BURNLEY,2025-26,TEST,2026-05-01,Burnley,Leeds United,1,3,HOME_WIN,0,L,9,18,3,8,11,12,0,5,3,4,0,0,-2,0
EPL_2526_ARSENAL_FULHAM,2025-26,TEST,2026-05-02,Arsenal,Fulham,3,0,HOME_WIN,1,W,18,10,9,1,7,12,3,4,0,1,0,0,3,3
EPL_2526_ARSENAL_FULHAM,2025-26,TEST,2026-05-02,Fulham,Arsenal,0,3,HOME_WIN,0,L,10,18,1,9,12,7,4,3,1,0,0,0,-3,0
EPL_2526_BRENTFORD_WESTHAMUNITED,2025-26,TEST,2026-05-02,Brentford,West Ham United,3,0,HOME_WIN,1,W,14,13,6,4,8,12,2,6,1,3,0,0,3,3
EPL_2526_BRENTFORD_WESTHAMUNITED,2025-26,TEST,2026-05-02,West Ham United,Brentford,0,3,HOME_WIN,0,L,13,14,4,6,12,8,6,2,3,1,0,0,-3,0
EPL_2526_NEWCASTLEUNITED_BRIGHTONHOVEALBION,2025-26,TEST,2026-05-02,Newcastle United,Brighton & Hove Albion,3,1,HOME_WIN,1,W,13,13,6,4,10,12,2,10,3,3,0,0,2,3
EPL_2526_NEWCASTLEUNITED_BRIGHTONHOVEALBION,2025-26,TEST,2026-05-02,Brighton & Hove Albion,Newcastle United,1,3,HOME_WIN,0,L,13,13,4,6,12,10,10,2,3,3,0,0,-2,0
EPL_2526_WOLVERHAMPTONWANDERERS_SUNDERLAND,2025-26,TEST,2026-05-02,Wolverhampton Wanderers,Sunderland,1,1,DRAW,1,D,20,10,7,2,11,11,6,3,0,4,0,1,0,1
EPL_2526_WOLVERHAMPTONWANDERERS_SUNDERLAND,2025-26,TEST,2026-05-02,Sunderland,Wolverhampton Wanderers,1,1,DRAW,0,D,10,20,2,7,11,11,3,6,4,0,1,0,0,1
EPL_2526_ASTONVILLA_TOTTENHAMHOTSPUR,2025-26,TEST,2026-05-03,Aston Villa,Tottenham Hotspur,1,2,AWAY_WIN,1,L,5,10,1,5,12,12,5,5,2,5,0,0,-1,0
EPL_2526_ASTONVILLA_TOTTENHAMHOTSPUR,2025-26,TEST,2026-05-03,Tottenham Hotspur,Aston Villa,2,1,AWAY_WIN,0,W,10,5,5,1,12,12,5,5,5,2,0,0,1,3
EPL_2526_BOURNEMOUTH_CRYSTALPALACE,2025-26,TEST,2026-05-03,Bournemouth,Crystal Palace,3,0,HOME_WIN,1,W,16,7,5,1,10,11,7,1,0,2,0,0,3,3
EPL_2526_BOURNEMOUTH_CRYSTALPALACE,2025-26,TEST,2026-05-03,Crystal Palace,Bournemouth,0,3,HOME_WIN,0,L,7,16,1,5,11,10,1,7,2,0,0,0,-3,0
EPL_2526_MANCHESTERUNITED_LIVERPOOL,2025-26,TEST,2026-05-03,Manchester United,Liverpool,3,2,HOME_WIN,1,W,18,13,6,5,12,11,3,2,2,2,0,0,1,3
EPL_2526_MANCHESTERUNITED_LIVERPOOL,2025-26,TEST,2026-05-03,Liverpool,Manchester United,2,3,HOME_WIN,0,L,13,18,5,6,11,12,2,3,2,2,0,0,-1,0
EPL_2526_CHELSEA_NOTTINGHAMFOREST,2025-26,TEST,2026-05-04,Chelsea,Nottingham Forest,1,3,AWAY_WIN,1,L,21,6,5,4,12,10,10,1,3,1,0,0,-2,0
EPL_2526_CHELSEA_NOTTINGHAMFOREST,2025-26,TEST,2026-05-04,Nottingham Forest,Chelsea,3,1,AWAY_WIN,0,W,6,21,4,5,10,12,1,10,1,3,0,0,2,3
EPL_2526_EVERTON_MANCHESTERCITY,2025-26,TEST,2026-05-04,Everton,Manchester City,3,3,DRAW,1,D,14,21,6,4,15,5,5,9,4,1,0,0,0,1
EPL_2526_EVERTON_MANCHESTERCITY,2025-26,TEST,2026-05-04,Manchester City,Everton,3,3,DRAW,0,D,21,14,4,6,5,15,9,5,1,4,0,0,0,1
EPL_2526_BRIGHTONHOVEALBION_WOLVERHAMPTONWANDERERS,2025-26,TEST,2026-05-09,Brighton & Hove Albion,Wolverhampton Wanderers,3,0,HOME_WIN,1,W,14,5,6,1,9,11,7,1,1,2,0,0,3,3
EPL_2526_BRIGHTONHOVEALBION_WOLVERHAMPTONWANDERERS,2025-26,TEST,2026-05-09,Wolverhampton Wanderers,Brighton & Hove Albion,0,3,HOME_WIN,0,L,5,14,1,6,11,9,1,7,2,1,0,0,-3,0
EPL_2526_FULHAM_BOURNEMOUTH,2025-26,TEST,2026-05-09,Fulham,Bournemouth,0,1,AWAY_WIN,1,L,14,10,2,5,12,21,11,2,4,2,1,1,-1,0
EPL_2526_FULHAM_BOURNEMOUTH,2025-26,TEST,2026-05-09,Bournemouth,Fulham,1,0,AWAY_WIN,0,W,10,14,5,2,21,12,2,11,2,4,1,1,1,3
EPL_2526_LIVERPOOL_CHELSEA,2025-26,TEST,2026-05-09,Liverpool,Chelsea,1,1,DRAW,1,D,8,6,3,3,17,17,5,2,2,4,0,0,0,1
EPL_2526_LIVERPOOL_CHELSEA,2025-26,TEST,2026-05-09,Chelsea,Liverpool,1,1,DRAW,0,D,6,8,3,3,17,17,2,5,4,2,0,0,0,1
EPL_2526_MANCHESTERCITY_BRENTFORD,2025-26,TEST,2026-05-09,Manchester City,Brentford,3,0,HOME_WIN,1,W,25,4,10,2,8,14,10,2,4,2,0,0,3,3
EPL_2526_MANCHESTERCITY_BRENTFORD,2025-26,TEST,2026-05-09,Brentford,Manchester City,0,3,HOME_WIN,0,L,4,25,2,10,14,8,2,10,2,4,0,0,-3,0
EPL_2526_SUNDERLAND_MANCHESTERUNITED,2025-26,TEST,2026-05-09,Sunderland,Manchester United,0,0,DRAW,1,D,15,11,4,1,12,12,7,8,0,3,0,0,0,1
EPL_2526_SUNDERLAND_MANCHESTERUNITED,2025-26,TEST,2026-05-09,Manchester United,Sunderland,0,0,DRAW,0,D,11,15,1,4,12,12,8,7,3,0,0,0,0,1
EPL_2526_BURNLEY_ASTONVILLA,2025-26,TEST,2026-05-10,Burnley,Aston Villa,2,2,DRAW,1,D,15,18,6,7,18,8,2,8,1,1,0,0,0,1
EPL_2526_BURNLEY_ASTONVILLA,2025-26,TEST,2026-05-10,Aston Villa,Burnley,2,2,DRAW,0,D,18,15,7,6,8,18,8,2,1,1,0,0,0,1
EPL_2526_CRYSTALPALACE_EVERTON,2025-26,TEST,2026-05-10,Crystal Palace,Everton,2,2,DRAW,1,D,21,13,8,6,5,13,5,10,0,2,0,0,0,1
EPL_2526_CRYSTALPALACE_EVERTON,2025-26,TEST,2026-05-10,Everton,Crystal Palace,2,2,DRAW,0,D,13,21,6,8,13,5,10,5,2,0,0,0,0,1
EPL_2526_NOTTINGHAMFOREST_NEWCASTLEUNITED,2025-26,TEST,2026-05-10,Nottingham Forest,Newcastle United,1,1,DRAW,1,D,17,16,6,6,16,11,2,1,2,0,0,0,0,1
EPL_2526_NOTTINGHAMFOREST_NEWCASTLEUNITED,2025-26,TEST,2026-05-10,Newcastle United,Nottingham Forest,1,1,DRAW,0,D,16,17,6,6,11,16,1,2,0,2,0,0,0,1
EPL_2526_WESTHAMUNITED_ARSENAL,2025-26,TEST,2026-05-10,West Ham United,Arsenal,0,1,AWAY_WIN,1,L,9,15,3,4,14,12,4,3,3,4,0,0,-1,0
EPL_2526_WESTHAMUNITED_ARSENAL,2025-26,TEST,2026-05-10,Arsenal,West Ham United,1,0,AWAY_WIN,0,W,15,9,4,3,12,14,3,4,4,3,0,0,1,3
EPL_2526_TOTTENHAMHOTSPUR_LEEDSUNITED,2025-26,TEST,2026-05-11,Tottenham Hotspur,Leeds United,1,1,DRAW,1,D,16,11,3,4,12,7,14,2,3,1,0,0,0,1
EPL_2526_TOTTENHAMHOTSPUR_LEEDSUNITED,2025-26,TEST,2026-05-11,Leeds United,Tottenham Hotspur,1,1,DRAW,0,D,11,16,4,3,7,12,2,14,1,3,0,0,0,1
EPL_2526_MANCHESTERCITY_CRYSTALPALACE,2025-26,TEST,2026-05-13,Manchester City,Crystal Palace,3,0,HOME_WIN,1,W,15,6,4,2,10,7,9,4,0,2,0,0,3,3
EPL_2526_MANCHESTERCITY_CRYSTALPALACE,2025-26,TEST,2026-05-13,Crystal Palace,Manchester City,0,3,HOME_WIN,0,L,6,15,2,4,7,10,4,9,2,0,0,0,-3,0
EPL_2526_ASTONVILLA_LIVERPOOL,2025-26,TEST,2026-05-15,Aston Villa,Liverpool,4,2,HOME_WIN,1,W,14,16,9,5,12,9,4,9,3,1,0,0,2,3
EPL_2526_ASTONVILLA_LIVERPOOL,2025-26,TEST,2026-05-15,Liverpool,Aston Villa,2,4,HOME_WIN,0,L,16,14,5,9,9,12,9,4,1,3,0,0,-2,0
EPL_2526_BRENTFORD_CRYSTALPALACE,2025-26,TEST,2026-05-17,Brentford,Crystal Palace,2,2,DRAW,1,D,14,16,3,5,7,5,9,4,1,3,0,0,0,1
EPL_2526_BRENTFORD_CRYSTALPALACE,2025-26,TEST,2026-05-17,Crystal Palace,Brentford,2,2,DRAW,0,D,16,14,5,3,5,7,4,9,3,1,0,0,0,1
EPL_2526_EVERTON_SUNDERLAND,2025-26,TEST,2026-05-17,Everton,Sunderland,1,3,AWAY_WIN,1,L,10,7,4,3,14,9,3,2,3,0,0,0,-2,0
EPL_2526_EVERTON_SUNDERLAND,2025-26,TEST,2026-05-17,Sunderland,Everton,3,1,AWAY_WIN,0,W,7,10,3,4,9,14,2,3,0,3,0,0,2,3
EPL_2526_LEEDSUNITED_BRIGHTONHOVEALBION,2025-26,TEST,2026-05-17,Leeds United,Brighton & Hove Albion,1,0,HOME_WIN,1,W,7,19,1,8,9,7,7,8,1,0,0,0,1,3
EPL_2526_LEEDSUNITED_BRIGHTONHOVEALBION,2025-26,TEST,2026-05-17,Brighton & Hove Albion,Leeds United,0,1,HOME_WIN,0,L,19,7,8,1,7,9,8,7,0,1,0,0,-1,0
EPL_2526_MANCHESTERUNITED_NOTTINGHAMFOREST,2025-26,TEST,2026-05-17,Manchester United,Nottingham Forest,3,2,HOME_WIN,1,W,29,11,8,4,11,5,7,6,2,1,0,0,1,3
EPL_2526_MANCHESTERUNITED_NOTTINGHAMFOREST,2025-26,TEST,2026-05-17,Nottingham Forest,Manchester United,2,3,HOME_WIN,0,L,11,29,4,8,5,11,6,7,1,2,0,0,-1,0
EPL_2526_NEWCASTLEUNITED_WESTHAMUNITED,2025-26,TEST,2026-05-17,Newcastle United,West Ham United,3,1,HOME_WIN,1,W,15,15,7,8,8,11,9,1,1,3,0,0,2,3
EPL_2526_NEWCASTLEUNITED_WESTHAMUNITED,2025-26,TEST,2026-05-17,West Ham United,Newcastle United,1,3,HOME_WIN,0,L,15,15,8,7,11,8,1,9,3,1,0,0,-2,0
EPL_2526_WOLVERHAMPTONWANDERERS_FULHAM,2025-26,TEST,2026-05-17,Wolverhampton Wanderers,Fulham,1,1,DRAW,1,D,11,13,3,5,20,8,3,6,1,0,0,0,0,1
EPL_2526_WOLVERHAMPTONWANDERERS_FULHAM,2025-26,TEST,2026-05-17,Fulham,Wolverhampton Wanderers,1,1,DRAW,0,D,13,11,5,3,8,20,6,3,0,1,0,0,0,1
EPL_2526_ARSENAL_BURNLEY,2025-26,TEST,2026-05-18,Arsenal,Burnley,1,0,HOME_WIN,1,W,13,5,3,0,7,16,3,3,1,3,0,0,1,3
EPL_2526_ARSENAL_BURNLEY,2025-26,TEST,2026-05-18,Burnley,Arsenal,0,1,HOME_WIN,0,L,5,13,0,3,16,7,3,3,3,1,0,0,-1,0
EPL_2526_BOURNEMOUTH_MANCHESTERCITY,2025-26,TEST,2026-05-19,Bournemouth,Manchester City,1,1,DRAW,1,D,10,14,2,5,16,7,7,6,4,2,0,0,0,1
EPL_2526_BOURNEMOUTH_MANCHESTERCITY,2025-26,TEST,2026-05-19,Manchester City,Bournemouth,1,1,DRAW,0,D,14,10,5,2,7,16,6,7,2,4,0,0,0,1
EPL_2526_CHELSEA_TOTTENHAMHOTSPUR,2025-26,TEST,2026-05-19,Chelsea,Tottenham Hotspur,2,1,HOME_WIN,1,W,9,9,4,3,11,18,3,4,4,3,0,0,1,3
EPL_2526_CHELSEA_TOTTENHAMHOTSPUR,2025-26,TEST,2026-05-19,Tottenham Hotspur,Chelsea,1,2,HOME_WIN,0,L,9,9,3,4,18,11,4,3,3,4,0,0,-1,0
EPL_2526_BRIGHTONHOVEALBION_MANCHESTERUNITED,2025-26,TEST,2026-05-24,Brighton & Hove Albion,Manchester United,0,3,AWAY_WIN,1,L,13,11,2,7,11,8,0,3,0,1,0,0,-3,0
EPL_2526_BRIGHTONHOVEALBION_MANCHESTERUNITED,2025-26,TEST,2026-05-24,Manchester United,Brighton & Hove Albion,3,0,AWAY_WIN,0,W,11,13,7,2,8,11,3,0,1,0,0,0,3,3
EPL_2526_BURNLEY_WOLVERHAMPTONWANDERERS,2025-26,TEST,2026-05-24,Burnley,Wolverhampton Wanderers,1,1,DRAW,1,D,16,16,8,4,10,11,7,7,2,2,0,0,0,1
EPL_2526_BURNLEY_WOLVERHAMPTONWANDERERS,2025-26,TEST,2026-05-24,Wolverhampton Wanderers,Burnley,1,1,DRAW,0,D,16,16,4,8,11,10,7,7,2,2,0,0,0,1
EPL_2526_CRYSTALPALACE_ARSENAL,2025-26,TEST,2026-05-24,Crystal Palace,Arsenal,1,2,AWAY_WIN,1,L,8,17,3,7,9,12,3,4,0,1,0,0,-1,0
EPL_2526_CRYSTALPALACE_ARSENAL,2025-26,TEST,2026-05-24,Arsenal,Crystal Palace,2,1,AWAY_WIN,0,W,17,8,7,3,12,9,4,3,1,0,0,0,1,3
EPL_2526_FULHAM_NEWCASTLEUNITED,2025-26,TEST,2026-05-24,Fulham,Newcastle United,2,0,HOME_WIN,1,W,21,7,6,2,13,6,6,6,2,2,0,0,2,3
EPL_2526_FULHAM_NEWCASTLEUNITED,2025-26,TEST,2026-05-24,Newcastle United,Fulham,0,2,HOME_WIN,0,L,7,21,2,6,6,13,6,6,2,2,0,0,-2,0
EPL_2526_LIVERPOOL_BRENTFORD,2025-26,TEST,2026-05-24,Liverpool,Brentford,1,1,DRAW,1,D,24,11,8,2,9,9,14,2,2,3,0,0,0,1
EPL_2526_LIVERPOOL_BRENTFORD,2025-26,TEST,2026-05-24,Brentford,Liverpool,1,1,DRAW,0,D,11,24,2,8,9,9,2,14,3,2,0,0,0,1
EPL_2526_MANCHESTERCITY_ASTONVILLA,2025-26,TEST,2026-05-24,Manchester City,Aston Villa,1,2,AWAY_WIN,1,L,16,12,3,5,8,4,9,4,1,0,0,0,-1,0
EPL_2526_MANCHESTERCITY_ASTONVILLA,2025-26,TEST,2026-05-24,Aston Villa,Manchester City,2,1,AWAY_WIN,0,W,12,16,5,3,4,8,4,9,0,1,0,0,1,3
EPL_2526_NOTTINGHAMFOREST_BOURNEMOUTH,2025-26,TEST,2026-05-24,Nottingham Forest,Bournemouth,1,1,DRAW,1,D,15,17,5,4,11,7,6,3,1,1,0,0,0,1
EPL_2526_NOTTINGHAMFOREST_BOURNEMOUTH,2025-26,TEST,2026-05-24,Bournemouth,Nottingham Forest,1,1,DRAW,0,D,17,15,4,5,7,11,3,6,1,1,0,0,0,1
EPL_2526_SUNDERLAND_CHELSEA,2025-26,TEST,2026-05-24,Sunderland,Chelsea,2,1,HOME_WIN,1,W,20,10,2,1,15,18,7,7,3,2,0,0,1,3
EPL_2526_SUNDERLAND_CHELSEA,2025-26,TEST,2026-05-24,Chelsea,Sunderland,1,2,HOME_WIN,0,L,10,20,1,2,18,15,7,7,2,3,0,0,-1,0
EPL_2526_TOTTENHAMHOTSPUR_EVERTON,2025-26,TEST,2026-05-24,Tottenham Hotspur,Everton,1,0,HOME_WIN,1,W,21,8,6,3,15,12,6,2,5,3,0,1,1,3
EPL_2526_TOTTENHAMHOTSPUR_EVERTON,2025-26,TEST,2026-05-24,Everton,Tottenham Hotspur,0,1,HOME_WIN,0,L,8,21,3,6,12,15,2,6,3,5,1,0,-1,0
EPL_2526_WESTHAMUNITED_LEEDSUNITED,2025-26,TEST,2026-05-24,West Ham United,Leeds United,3,0,HOME_WIN,1,W,16,13,9,3,11,14,6,4,0,3,0,0,3,3
EPL_2526_WESTHAMUNITED_LEEDSUNITED,2025-26,TEST,2026-05-24,Leeds United,West Ham United,0,3,HOME_WIN,0,L,13,16,3,9,14,11,4,6,3,0,0,0,-3,0
